tanggal,id_produk,nama_produk,kategori_produk,harga_satuan,stok_awal,stok_akhir,jumlah_terjual,total_penjualan,diskon_persen,promo_aktif,biaya_promosi,kanal_penjualan,hari_dalam_minggu,akhir_pekan,bulan,musim_ramadan_lebaran,cuaca,jumlah_pengunjung,rating_produk
2024-01-01,P001,Paket nasi lauk,makanan_minuman,17000,31,12,19,323000,0,0,0,online,Monday,0,1,0,hujan_ringan,70,4.6
2024-01-01,P002,Minuman kopi susu,makanan_minuman,15500,47,23,24,372000,0,0,0,online,Monday,0,1,0,hujan_ringan,70,4.3
2024-01-01,P003,Snack kemasan lokal,makanan_minuman,9000,46,7,39,351000,0,0,0,online,Monday,0,1,0,hujan_ringan,70,4.3
2024-01-01,P004,Kaos basic,fashion,70000,15,6,9,598500,5,1,31500,online,Monday,0,1,0,hujan_ringan,70,4.4
2024-01-01,P005,Hijab polos,fashion,41000,17,2,15,615000,0,0,0,offline,Monday,0,1,0,hujan_ringan,70,4.6
2024-01-01,P006,Sandal harian,fashion,55000,13,10,3,165000,0,0,0,campuran,Monday,0,1,0,hujan_ringan,70,4.1
2024-01-01,P007,Sabun cuci literan,kebutuhan_rumah,17000,28,7,21,357000,0,0,0,online,Monday,0,1,0,hujan_ringan,70,4.4
2024-01-01,P008,Beras 5 kg,kebutuhan_rumah,68000,16,4,12,816000,0,0,0,online,Monday,0,1,0,hujan_ringan,70,4.7
2024-01-01,P009,Minyak goreng 1 liter,kebutuhan_rumah,18500,41,19,22,407000,0,0,0,offline,Monday,0,1,0,hujan_ringan,70,4.2
2024-01-01,P010,Aksesori ponsel,aksesoris,25500,30,5,25,605600,5,1,31900,offline,Monday,0,1,0,hujan_ringan,70,4.0
2024-01-01,P011,Buket mini,kerajinan,44500,9,2,7,311500,0,0,0,offline,Monday,0,1,0,hujan_ringan,70,4.6
2024-01-01,P012,Paket hampers,kerajinan,90000,6,0,6,540000,0,0,0,offline,Monday,0,1,0,hujan_ringan,70,4.5
2024-01-02,P001,Paket nasi lauk,makanan_minuman,17500,33,1,32,560000,0,0,0,online,Tuesday,0,1,0,berawan,70,4.5
2024-01-02,P002,Minuman kopi susu,makanan_minuman,15000,41,11,30,450000,0,0,0,online,Tuesday,0,1,0,berawan,70,4.6
2024-01-02,P003,Snack kemasan lokal,makanan_minuman,9500,50,8,42,399000,0,0,0,offline,Tuesday,0,1,0,berawan,70,4.3
2024-01-02,P004,Kaos basic,fashion,65500,23,10,13,681200,20,1,170300,online,Tuesday,0,1,0,berawan,70,4.4
2024-01-02,P005,Hijab polos,fashion,42500,17,4,13,552500,0,0,0,online,Tuesday,0,1,0,berawan,70,4.5
2024-01-02,P006,Sandal harian,fashion,54500,12,3,9,490500,0,0,0,campuran,Tuesday,0,1,0,berawan,70,4.0
2024-01-02,P007,Sabun cuci literan,kebutuhan_rumah,17500,34,0,34,595000,0,0,0,campuran,Tuesday,0,1,0,berawan,70,4.2
2024-01-02,P008,Beras 5 kg,kebutuhan_rumah,73000,20,0,20,1460000,0,0,0,campuran,Tuesday,0,1,0,berawan,70,4.6
2024-01-02,P009,Minyak goreng 1 liter,kebutuhan_rumah,20000,38,12,26,520000,0,0,0,online,Tuesday,0,1,0,berawan,70,4.5
2024-01-02,P010,Aksesori ponsel,aksesoris,24000,21,9,12,288000,0,0,0,offline,Tuesday,0,1,0,berawan,70,4.0
2024-01-02,P011,Buket mini,kerajinan,43500,9,5,4,174000,0,0,0,online,Tuesday,0,1,0,berawan,70,4.9
2024-01-02,P012,Paket hampers,kerajinan,95000,10,2,8,684000,10,1,76000,offline,Tuesday,0,1,0,berawan,70,4.6
2024-01-03,P001,Paket nasi lauk,makanan_minuman,17500,51,16,35,612500,0,0,0,offline,Wednesday,0,1,0,berawan,102,4.3
2024-01-03,P002,Minuman kopi susu,makanan_minuman,16000,80,12,68,979200,10,1,108800,campuran,Wednesday,0,1,0,berawan,102,4.3
2024-01-03,P003,Snack kemasan lokal,makanan_minuman,9000,71,0,71,607000,5,1,32000,campuran,Wednesday,0,1,0,berawan,102,4.1
2024-01-03,P004,Kaos basic,fashion,65000,12,2,10,650000,0,0,0,offline,Wednesday,0,1,0,berawan,102,4.1
2024-01-03,P005,Hijab polos,fashion,46500,21,3,18,837000,0,0,0,campuran,Wednesday,0,1,0,berawan,102,4.8
2024-01-03,P006,Sandal harian,fashion,56500,15,11,4,226000,0,0,0,offline,Wednesday,0,1,0,berawan,102,4.1
2024-01-03,P007,Sabun cuci literan,kebutuhan_rumah,17000,57,22,35,535500,10,1,59500,online,Wednesday,0,1,0,berawan,102,4.1
2024-01-03,P008,Beras 5 kg,kebutuhan_rumah,77500,38,19,19,1398900,5,1,73600,offline,Wednesday,0,1,0,berawan,102,4.4
2024-01-03,P009,Minyak goreng 1 liter,kebutuhan_rumah,19500,32,0,32,624000,0,0,0,offline,Wednesday,0,1,0,berawan,102,4.4
2024-01-03,P010,Aksesori ponsel,aksesoris,26500,22,0,22,524700,10,1,58300,online,Wednesday,0,1,0,berawan,102,4.0
2024-01-03,P011,Buket mini,kerajinan,47500,13,3,10,427500,10,1,47500,offline,Wednesday,0,1,0,berawan,102,4.7
2024-01-03,P012,Paket hampers,kerajinan,99500,10,1,9,895500,0,0,0,offline,Wednesday,0,1,0,berawan,102,4.4
2024-01-04,P001,Paket nasi lauk,makanan_minuman,19000,48,10,38,722000,0,0,0,offline,Thursday,0,1,0,hujan_ringan,82,4.3
2024-01-04,P002,Minuman kopi susu,makanan_minuman,15500,40,0,40,620000,0,0,0,online,Thursday,0,1,0,hujan_ringan,82,4.2
2024-01-04,P003,Snack kemasan lokal,makanan_minuman,9500,92,39,53,453200,10,1,50400,offline,Thursday,0,1,0,hujan_ringan,82,4.2
2024-01-04,P004,Kaos basic,fashion,60500,12,5,7,423500,0,0,0,online,Thursday,0,1,0,hujan_ringan,82,4.3
2024-01-04,P005,Hijab polos,fashion,40500,20,11,9,364500,0,0,0,offline,Thursday,0,1,0,hujan_ringan,82,4.6
2024-01-04,P006,Sandal harian,fashion,58000,10,0,10,580000,0,0,0,offline,Thursday,0,1,0,hujan_ringan,82,4.1
2024-01-04,P007,Sabun cuci literan,kebutuhan_rumah,16500,29,5,24,396000,0,0,0,campuran,Thursday,0,1,0,hujan_ringan,82,4.3
2024-01-04,P008,Beras 5 kg,kebutuhan_rumah,66000,19,9,10,660000,0,0,0,offline,Thursday,0,1,0,hujan_ringan,82,4.7
2024-01-04,P009,Minyak goreng 1 liter,kebutuhan_rumah,19000,39,9,30,570000,0,0,0,online,Thursday,0,1,0,hujan_ringan,82,4.3
2024-01-04,P010,Aksesori ponsel,aksesoris,24500,40,29,11,229100,15,1,40400,offline,Thursday,0,1,0,hujan_ringan,82,4.1
2024-01-04,P011,Buket mini,kerajinan,42500,7,0,7,297500,0,0,0,campuran,Thursday,0,1,0,hujan_ringan,82,4.9
2024-01-04,P012,Paket hampers,kerajinan,93000,6,1,5,465000,0,0,0,campuran,Thursday,0,1,0,hujan_ringan,82,4.4
2024-01-05,P001,Paket nasi lauk,makanan_minuman,17500,52,10,42,735000,0,0,0,offline,Friday,0,1,0,cerah,100,4.5
2024-01-05,P002,Minuman kopi susu,makanan_minuman,14000,113,60,53,630700,15,1,111300,offline,Friday,0,1,0,cerah,100,4.5
2024-01-05,P003,Snack kemasan lokal,makanan_minuman,9000,78,33,45,405000,0,0,0,offline,Friday,0,1,0,cerah,100,4.2
2024-01-05,P004,Kaos basic,fashion,63000,13,0,13,819000,0,0,0,offline,Friday,0,1,0,cerah,100,4.2
2024-01-05,P005,Hijab polos,fashion,43500,20,4,16,696000,0,0,0,online,Friday,0,1,0,cerah,100,4.5
2024-01-05,P006,Sandal harian,fashion,54500,18,8,10,545000,0,0,0,offline,Friday,0,1,0,cerah,100,4.5
2024-01-05,P007,Sabun cuci literan,kebutuhan_rumah,17000,44,18,26,442000,0,0,0,online,Friday,0,1,0,cerah,100,4.1
2024-01-05,P008,Beras 5 kg,kebutuhan_rumah,73500,31,22,9,661500,0,0,0,campuran,Friday,0,1,0,cerah,100,4.7
2024-01-05,P009,Minyak goreng 1 liter,kebutuhan_rumah,18000,46,16,30,540000,0,0,0,offline,Friday,0,1,0,cerah,100,4.3
2024-01-05,P010,Aksesori ponsel,aksesoris,27000,50,23,27,692600,5,1,36400,campuran,Friday,0,1,0,cerah,100,3.8
2024-01-05,P011,Buket mini,kerajinan,45000,14,4,10,450000,0,0,0,online,Friday,0,1,0,cerah,100,4.9
2024-01-05,P012,Paket hampers,kerajinan,100000,9,6,3,300000,0,0,0,offline,Friday,0,1,0,cerah,100,4.7
2024-01-06,P001,Paket nasi lauk,makanan_minuman,17000,68,14,54,918000,0,0,0,offline,Saturday,1,1,0,berawan,146,4.5
2024-01-06,P002,Minuman kopi susu,makanan_minuman,14500,99,45,54,783000,0,0,0,offline,Saturday,1,1,0,berawan,146,4.5
2024-01-06,P003,Snack kemasan lokal,makanan_minuman,9000,111,33,78,702000,0,0,0,campuran,Saturday,1,1,0,berawan,146,4.0
2024-01-06,P004,Kaos basic,fashion,63000,22,1,21,1323000,0,0,0,online,Saturday,1,1,0,berawan,146,4.2
2024-01-06,P005,Hijab polos,fashion,42000,31,9,22,924000,0,0,0,offline,Saturday,1,1,0,berawan,146,4.3
2024-01-06,P006,Sandal harian,fashion,55500,21,2,19,1001800,5,1,52700,online,Saturday,1,1,0,berawan,146,4.1
2024-01-06,P007,Sabun cuci literan,kebutuhan_rumah,16500,53,9,44,726000,0,0,0,online,Saturday,1,1,0,berawan,146,4.5
2024-01-06,P008,Beras 5 kg,kebutuhan_rumah,72500,38,15,23,1667500,0,0,0,online,Saturday,1,1,0,berawan,146,4.5
2024-01-06,P009,Minyak goreng 1 liter,kebutuhan_rumah,18500,116,52,64,1124800,5,1,59200,campuran,Saturday,1,1,0,berawan,146,4.6
2024-01-06,P010,Aksesori ponsel,aksesoris,25500,54,35,19,484500,0,0,0,campuran,Saturday,1,1,0,berawan,146,4.0
2024-01-06,P011,Buket mini,kerajinan,43500,17,0,17,739500,0,0,0,campuran,Saturday,1,1,0,berawan,146,4.6
2024-01-06,P012,Paket hampers,kerajinan,95000,16,5,11,1045000,0,0,0,campuran,Saturday,1,1,0,berawan,146,4.6
2024-01-07,P001,Paket nasi lauk,makanan_minuman,18500,81,45,36,632700,5,1,33300,online,Sunday,1,1,0,hujan_deras,85,4.5
2024-01-07,P002,Minuman kopi susu,makanan_minuman,14500,45,6,39,565500,0,0,0,campuran,Sunday,1,1,0,hujan_deras,85,4.7
2024-01-07,P003,Snack kemasan lokal,makanan_minuman,9000,96,38,58,495900,5,1,26100,offline,Sunday,1,1,0,hujan_deras,85,4.4
2024-01-07,P004,Kaos basic,fashion,65000,15,7,8,520000,0,0,0,campuran,Sunday,1,1,0,hujan_deras,85,4.4
2024-01-07,P005,Hijab polos,fashion,43000,21,10,11,473000,0,0,0,online,Sunday,1,1,0,hujan_deras,85,4.6
2024-01-07,P006,Sandal harian,fashion,56000,21,5,16,761600,15,1,134400,offline,Sunday,1,1,0,hujan_deras,85,4.2
2024-01-07,P007,Sabun cuci literan,kebutuhan_rumah,16500,33,9,24,396000,0,0,0,online,Sunday,1,1,0,hujan_deras,85,4.1
2024-01-07,P008,Beras 5 kg,kebutuhan_rumah,71500,22,1,21,1501500,0,0,0,online,Sunday,1,1,0,hujan_deras,85,4.5
2024-01-07,P009,Minyak goreng 1 liter,kebutuhan_rumah,19000,68,44,24,433200,5,1,22800,offline,Sunday,1,1,0,hujan_deras,85,4.4
2024-01-07,P010,Aksesori ponsel,aksesoris,25500,37,13,24,550800,10,1,61200,offline,Sunday,1,1,0,hujan_deras,85,4.1
2024-01-07,P011,Buket mini,kerajinan,44500,9,0,9,400500,0,0,0,offline,Sunday,1,1,0,hujan_deras,85,4.7
2024-01-07,P012,Paket hampers,kerajinan,91500,9,7,2,183000,0,0,0,offline,Sunday,1,1,0,hujan_deras,85,4.6
2024-01-08,P001,Paket nasi lauk,makanan_minuman,18500,87,38,49,861200,5,1,45300,online,Monday,0,1,0,cerah,113,4.5
2024-01-08,P002,Minuman kopi susu,makanan_minuman,15500,57,10,47,728500,0,0,0,online,Monday,0,1,0,cerah,113,4.4
2024-01-08,P003,Snack kemasan lokal,makanan_minuman,9500,85,31,54,513000,0,0,0,online,Monday,0,1,0,cerah,113,4.3
2024-01-08,P004,Kaos basic,fashion,66500,20,14,6,399000,0,0,0,offline,Monday,0,1,0,cerah,113,4.0
2024-01-08,P005,Hijab polos,fashion,44500,42,23,19,803200,5,1,42300,online,Monday,0,1,0,cerah,113,4.7
2024-01-08,P006,Sandal harian,fashion,56000,21,7,14,744800,5,1,39200,online,Monday,0,1,0,cerah,113,4.1
2024-01-08,P007,Sabun cuci literan,kebutuhan_rumah,16500,41,17,24,396000,0,0,0,online,Monday,0,1,0,cerah,113,3.9
2024-01-08,P008,Beras 5 kg,kebutuhan_rumah,74500,36,11,25,1676200,10,1,186200,offline,Monday,0,1,0,cerah,113,4.7
2024-01-08,P009,Minyak goreng 1 liter,kebutuhan_rumah,19500,45,15,30,585000,0,0,0,online,Monday,0,1,0,cerah,113,4.3
2024-01-08,P010,Aksesori ponsel,aksesoris,24500,35,15,20,490000,0,0,0,offline,Monday,0,1,0,cerah,113,4.0
2024-01-08,P011,Buket mini,kerajinan,47500,11,0,11,522500,0,0,0,offline,Monday,0,1,0,cerah,113,5.0
2024-01-08,P012,Paket hampers,kerajinan,101000,15,4,11,888800,20,1,222200,offline,Monday,0,1,0,cerah,113,4.7
2024-01-09,P001,Paket nasi lauk,makanan_minuman,17000,40,6,34,578000,0,0,0,offline,Tuesday,0,1,0,hujan_ringan,58,4.6
2024-01-09,P002,Minuman kopi susu,makanan_minuman,14500,42,15,27,391500,0,0,0,online,Tuesday,0,1,0,hujan_ringan,58,4.4
2024-01-09,P003,Snack kemasan lokal,makanan_minuman,9000,63,9,54,486000,0,0,0,campuran,Tuesday,0,1,0,hujan_ringan,58,4.2
2024-01-09,P004,Kaos basic,fashion,59500,9,1,8,476000,0,0,0,online,Tuesday,0,1,0,hujan_ringan,58,4.1
2024-01-09,P005,Hijab polos,fashion,42000,26,5,21,882000,0,0,0,campuran,Tuesday,0,1,0,hujan_ringan,58,4.5
2024-01-09,P006,Sandal harian,fashion,53500,19,8,11,559100,5,1,29400,campuran,Tuesday,0,1,0,hujan_ringan,58,4.2
2024-01-09,P007,Sabun cuci literan,kebutuhan_rumah,16500,38,19,19,313500,0,0,0,campuran,Tuesday,0,1,0,hujan_ringan,58,4.2
2024-01-09,P008,Beras 5 kg,kebutuhan_rumah,70500,19,7,12,846000,0,0,0,campuran,Tuesday,0,1,0,hujan_ringan,58,4.7
2024-01-09,P009,Minyak goreng 1 liter,kebutuhan_rumah,19000,37,20,17,323000,0,0,0,offline,Tuesday,0,1,0,hujan_ringan,58,4.2
2024-01-09,P010,Aksesori ponsel,aksesoris,26000,23,11,12,312000,0,0,0,offline,Tuesday,0,1,0,hujan_ringan,58,4.2
2024-01-09,P011,Buket mini,kerajinan,45500,4,0,4,182000,0,0,0,online,Tuesday,0,1,0,hujan_ringan,58,4.9
2024-01-09,P012,Paket hampers,kerajinan,95000,7,3,4,380000,0,0,0,online,Tuesday,0,1,0,hujan_ringan,58,4.4
2024-01-10,P001,Paket nasi lauk,makanan_minuman,18000,48,18,30,540000,0,0,0,offline,Wednesday,0,1,0,berawan,84,4.4
2024-01-10,P002,Minuman kopi susu,makanan_minuman,15000,40,7,33,495000,0,0,0,online,Wednesday,0,1,0,berawan,84,4.2
2024-01-10,P003,Snack kemasan lokal,makanan_minuman,9000,67,28,39,351000,0,0,0,online,Wednesday,0,1,0,berawan,84,4.2
2024-01-10,P004,Kaos basic,fashion,68500,19,7,12,822000,0,0,0,offline,Wednesday,0,1,0,berawan,84,4.4
2024-01-10,P005,Hijab polos,fashion,42500,16,6,10,425000,0,0,0,online,Wednesday,0,1,0,berawan,84,4.3
2024-01-10,P006,Sandal harian,fashion,55000,12,2,10,550000,0,0,0,online,Wednesday,0,1,0,berawan,84,4.3
2024-01-10,P007,Sabun cuci literan,kebutuhan_rumah,16500,42,18,24,396000,0,0,0,offline,Wednesday,0,1,0,berawan,84,4.3
2024-01-10,P008,Beras 5 kg,kebutuhan_rumah,73500,20,4,16,1176000,0,0,0,campuran,Wednesday,0,1,0,berawan,84,4.6
2024-01-10,P009,Minyak goreng 1 liter,kebutuhan_rumah,18500,46,14,32,592000,0,0,0,offline,Wednesday,0,1,0,berawan,84,4.4
2024-01-10,P010,Aksesori ponsel,aksesoris,26500,27,12,15,397500,0,0,0,offline,Wednesday,0,1,0,berawan,84,4.1
2024-01-10,P011,Buket mini,kerajinan,44500,14,10,4,178000,0,0,0,offline,Wednesday,0,1,0,berawan,84,4.7
2024-01-10,P012,Paket hampers,kerajinan,94000,6,0,6,564000,0,0,0,offline,Wednesday,0,1,0,berawan,84,4.6
2024-01-11,P001,Paket nasi lauk,makanan_minuman,17000,31,10,21,357000,0,0,0,online,Thursday,0,1,0,hujan_ringan,86,4.4
2024-01-11,P002,Minuman kopi susu,makanan_minuman,15000,42,20,22,330000,0,0,0,online,Thursday,0,1,0,hujan_ringan,86,4.5
2024-01-11,P003,Snack kemasan lokal,makanan_minuman,9000,61,22,39,351000,0,0,0,online,Thursday,0,1,0,hujan_ringan,86,4.3
2024-01-11,P004,Kaos basic,fashion,68000,17,7,10,680000,0,0,0,campuran,Thursday,0,1,0,hujan_ringan,86,4.3
2024-01-11,P005,Hijab polos,fashion,41500,22,16,6,249000,0,0,0,offline,Thursday,0,1,0,hujan_ringan,86,4.5
2024-01-11,P006,Sandal harian,fashion,54500,13,3,10,545000,0,0,0,campuran,Thursday,0,1,0,hujan_ringan,86,4.1
2024-01-11,P007,Sabun cuci literan,kebutuhan_rumah,18000,24,4,20,360000,0,0,0,campuran,Thursday,0,1,0,hujan_ringan,86,4.2
2024-01-11,P008,Beras 5 kg,kebutuhan_rumah,74500,30,18,12,849300,5,1,44700,offline,Thursday,0,1,0,hujan_ringan,86,4.7
2024-01-11,P009,Minyak goreng 1 liter,kebutuhan_rumah,20000,25,3,22,440000,0,0,0,campuran,Thursday,0,1,0,hujan_ringan,86,4.3
2024-01-11,P010,Aksesori ponsel,aksesoris,24000,20,3,17,408000,0,0,0,online,Thursday,0,1,0,hujan_ringan,86,4.0
2024-01-11,P011,Buket mini,kerajinan,42500,11,4,7,297500,0,0,0,campuran,Thursday,0,1,0,hujan_ringan,86,4.5
2024-01-11,P012,Paket hampers,kerajinan,97000,7,3,4,388000,0,0,0,online,Thursday,0,1,0,hujan_ringan,86,4.9
2024-01-12,P001,Paket nasi lauk,makanan_minuman,17000,51,22,29,493000,0,0,0,offline,Friday,0,1,0,cerah,89,4.4
2024-01-12,P002,Minuman kopi susu,makanan_minuman,14500,85,49,36,522000,0,0,0,offline,Friday,0,1,0,cerah,89,4.3
2024-01-12,P003,Snack kemasan lokal,makanan_minuman,8000,65,21,44,352000,0,0,0,campuran,Friday,0,1,0,cerah,89,4.0
2024-01-12,P004,Kaos basic,fashion,68000,20,9,11,748000,0,0,0,campuran,Friday,0,1,0,cerah,89,4.2
2024-01-12,P005,Hijab polos,fashion,41000,23,5,18,738000,0,0,0,campuran,Friday,0,1,0,cerah,89,4.2
2024-01-12,P006,Sandal harian,fashion,53500,15,7,8,428000,0,0,0,offline,Friday,0,1,0,cerah,89,4.3
2024-01-12,P007,Sabun cuci literan,kebutuhan_rumah,18000,35,11,24,432000,0,0,0,online,Friday,0,1,0,cerah,89,4.1
2024-01-12,P008,Beras 5 kg,kebutuhan_rumah,68000,27,11,16,1088000,0,0,0,offline,Friday,0,1,0,cerah,89,4.6
2024-01-12,P009,Minyak goreng 1 liter,kebutuhan_rumah,19500,46,25,21,409500,0,0,0,offline,Friday,0,1,0,cerah,89,4.5
2024-01-12,P010,Aksesori ponsel,aksesoris,24500,31,14,17,416500,0,0,0,offline,Friday,0,1,0,cerah,89,4.1
2024-01-12,P011,Buket mini,kerajinan,47500,15,11,4,190000,0,0,0,online,Friday,0,1,0,cerah,89,4.9
2024-01-12,P012,Paket hampers,kerajinan,99000,6,4,2,198000,0,0,0,offline,Friday,0,1,0,cerah,89,4.6
2024-01-13,P001,Paket nasi lauk,makanan_minuman,18000,62,13,49,882000,0,0,0,online,Saturday,1,1,0,berawan,129,4.5
2024-01-13,P002,Minuman kopi susu,makanan_minuman,14500,76,13,63,913500,0,0,0,campuran,Saturday,1,1,0,berawan,129,4.1
2024-01-13,P003,Snack kemasan lokal,makanan_minuman,9000,54,0,54,486000,0,0,0,online,Saturday,1,1,0,berawan,129,3.8
2024-01-13,P004,Kaos basic,fashion,67000,20,8,12,804000,0,0,0,offline,Saturday,1,1,0,berawan,129,4.6
2024-01-13,P005,Hijab polos,fashion,43500,38,7,31,1213600,10,1,134800,online,Saturday,1,1,0,berawan,129,4.3
2024-01-13,P006,Sandal harian,fashion,52000,27,13,14,655200,10,1,72800,online,Saturday,1,1,0,berawan,129,3.9
2024-01-13,P007,Sabun cuci literan,kebutuhan_rumah,17000,74,47,27,459000,0,0,0,offline,Saturday,1,1,0,berawan,129,4.6
2024-01-13,P008,Beras 5 kg,kebutuhan_rumah,73000,33,2,31,2263000,0,0,0,offline,Saturday,1,1,0,berawan,129,4.5
2024-01-13,P009,Minyak goreng 1 liter,kebutuhan_rumah,19000,77,24,53,1007000,0,0,0,campuran,Saturday,1,1,0,berawan,129,4.5
2024-01-13,P010,Aksesori ponsel,aksesoris,24500,38,10,28,686000,0,0,0,offline,Saturday,1,1,0,berawan,129,3.9
2024-01-13,P011,Buket mini,kerajinan,44500,29,0,29,1032400,20,1,258100,offline,Saturday,1,1,0,berawan,129,4.9
2024-01-13,P012,Paket hampers,kerajinan,98000,15,2,13,1274000,0,0,0,campuran,Saturday,1,1,0,berawan,129,4.4
2024-01-14,P001,Paket nasi lauk,makanan_minuman,17500,60,29,31,542500,0,0,0,online,Sunday,1,1,0,hujan_ringan,104,4.6
2024-01-14,P002,Minuman kopi susu,makanan_minuman,15000,67,35,32,480000,0,0,0,offline,Sunday,1,1,0,hujan_ringan,104,4.5
2024-01-14,P003,Snack kemasan lokal,makanan_minuman,9000,81,25,56,504000,0,0,0,online,Sunday,1,1,0,hujan_ringan,104,4.0
2024-01-14,P004,Kaos basic,fashion,63000,26,15,11,693000,0,0,0,offline,Sunday,1,1,0,hujan_ringan,104,4.3
2024-01-14,P005,Hijab polos,fashion,40500,40,21,19,731000,5,1,38500,online,Sunday,1,1,0,hujan_ringan,104,4.6
2024-01-14,P006,Sandal harian,fashion,53500,12,1,11,588500,0,0,0,offline,Sunday,1,1,0,hujan_ringan,104,4.0
2024-01-14,P007,Sabun cuci literan,kebutuhan_rumah,17500,38,20,18,315000,0,0,0,online,Sunday,1,1,0,hujan_ringan,104,4.4
2024-01-14,P008,Beras 5 kg,kebutuhan_rumah,78000,32,9,23,1794000,0,0,0,offline,Sunday,1,1,0,hujan_ringan,104,4.6
2024-01-14,P009,Minyak goreng 1 liter,kebutuhan_rumah,18500,60,26,34,629000,0,0,0,online,Sunday,1,1,0,hujan_ringan,104,4.4
2024-01-14,P010,Aksesori ponsel,aksesoris,26000,27,9,18,468000,0,0,0,online,Sunday,1,1,0,hujan_ringan,104,4.1
2024-01-14,P011,Buket mini,kerajinan,43000,10,1,9,387000,0,0,0,online,Sunday,1,1,0,hujan_ringan,104,5.0
2024-01-14,P012,Paket hampers,kerajinan,95500,10,5,5,477500,0,0,0,online,Sunday,1,1,0,hujan_ringan,104,4.5
2024-01-15,P001,Paket nasi lauk,makanan_minuman,17500,58,18,40,700000,0,0,0,offline,Monday,0,1,0,cerah,93,4.3
2024-01-15,P002,Minuman kopi susu,makanan_minuman,15500,65,25,40,620000,0,0,0,offline,Monday,0,1,0,cerah,93,4.1
2024-01-15,P003,Snack kemasan lokal,makanan_minuman,9000,75,28,47,423000,0,0,0,offline,Monday,0,1,0,cerah,93,3.9
2024-01-15,P004,Kaos basic,fashion,63500,24,10,14,889000,0,0,0,campuran,Monday,0,1,0,cerah,93,4.1
2024-01-15,P005,Hijab polos,fashion,41500,26,8,18,747000,0,0,0,campuran,Monday,0,1,0,cerah,93,4.5
2024-01-15,P006,Sandal harian,fashion,56000,15,1,14,784000,0,0,0,online,Monday,0,1,0,cerah,93,4.0
2024-01-15,P007,Sabun cuci literan,kebutuhan_rumah,16000,38,0,38,608000,0,0,0,offline,Monday,0,1,0,cerah,93,4.0
2024-01-15,P008,Beras 5 kg,kebutuhan_rumah,74000,26,16,10,740000,0,0,0,offline,Monday,0,1,0,cerah,93,4.4
2024-01-15,P009,Minyak goreng 1 liter,kebutuhan_rumah,18000,49,19,30,540000,0,0,0,offline,Monday,0,1,0,cerah,93,4.4
2024-01-15,P010,Aksesori ponsel,aksesoris,25000,26,8,18,450000,0,0,0,campuran,Monday,0,1,0,cerah,93,4.2
2024-01-15,P011,Buket mini,kerajinan,47000,13,6,7,329000,0,0,0,offline,Monday,0,1,0,cerah,93,4.5
2024-01-15,P012,Paket hampers,kerajinan,92500,9,3,6,555000,0,0,0,online,Monday,0,1,0,cerah,93,4.8
2024-01-16,P001,Paket nasi lauk,makanan_minuman,18000,54,12,42,756000,0,0,0,offline,Tuesday,0,1,0,cerah,98,4.5
2024-01-16,P002,Minuman kopi susu,makanan_minuman,14500,70,34,36,522000,0,0,0,offline,Tuesday,0,1,0,cerah,98,4.4
2024-01-16,P003,Snack kemasan lokal,makanan_minuman,9000,114,39,75,641200,5,1,33800,online,Tuesday,0,1,0,cerah,98,3.8
2024-01-16,P004,Kaos basic,fashion,67500,14,1,13,877500,0,0,0,offline,Tuesday,0,1,0,cerah,98,4.3
2024-01-16,P005,Hijab polos,fashion,39500,34,9,25,987500,0,0,0,campuran,Tuesday,0,1,0,cerah,98,4.3
2024-01-16,P006,Sandal harian,fashion,54000,16,2,14,756000,0,0,0,online,Tuesday,0,1,0,cerah,98,4.1
2024-01-16,P007,Sabun cuci literan,kebutuhan_rumah,17000,56,29,27,459000,0,0,0,offline,Tuesday,0,1,0,cerah,98,4.2
2024-01-16,P008,Beras 5 kg,kebutuhan_rumah,68000,25,12,13,884000,0,0,0,offline,Tuesday,0,1,0,cerah,98,4.4
2024-01-16,P009,Minyak goreng 1 liter,kebutuhan_rumah,18500,42,18,24,444000,0,0,0,online,Tuesday,0,1,0,cerah,98,4.3
2024-01-16,P010,Aksesori ponsel,aksesoris,25500,28,0,28,714000,0,0,0,offline,Tuesday,0,1,0,cerah,98,3.8
2024-01-16,P011,Buket mini,kerajinan,45500,10,2,8,364000,0,0,0,online,Tuesday,0,1,0,cerah,98,4.7
2024-01-16,P012,Paket hampers,kerajinan,96000,11,2,9,864000,0,0,0,offline,Tuesday,0,1,0,cerah,98,4.4
2024-01-17,P001,Paket nasi lauk,makanan_minuman,18000,68,14,54,777600,20,1,194400,offline,Wednesday,0,1,0,cerah,83,4.5
2024-01-17,P002,Minuman kopi susu,makanan_minuman,15000,42,7,35,525000,0,0,0,online,Wednesday,0,1,0,cerah,83,4.2
2024-01-17,P003,Snack kemasan lokal,makanan_minuman,9000,75,29,46,414000,0,0,0,campuran,Wednesday,0,1,0,cerah,83,4.0
2024-01-17,P004,Kaos basic,fashion,63500,20,10,10,635000,0,0,0,campuran,Wednesday,0,1,0,cerah,83,4.2
2024-01-17,P005,Hijab polos,fashion,41000,29,12,17,697000,0,0,0,offline,Wednesday,0,1,0,cerah,83,4.8
2024-01-17,P006,Sandal harian,fashion,52500,13,1,12,630000,0,0,0,offline,Wednesday,0,1,0,cerah,83,3.9
2024-01-17,P007,Sabun cuci literan,kebutuhan_rumah,17500,35,4,31,542500,0,0,0,offline,Wednesday,0,1,0,cerah,83,4.2
2024-01-17,P008,Beras 5 kg,kebutuhan_rumah,68500,33,16,17,1164500,0,0,0,campuran,Wednesday,0,1,0,cerah,83,4.4
2024-01-17,P009,Minyak goreng 1 liter,kebutuhan_rumah,19000,27,0,27,513000,0,0,0,offline,Wednesday,0,1,0,cerah,83,4.6
2024-01-17,P010,Aksesori ponsel,aksesoris,25500,34,22,12,306000,0,0,0,offline,Wednesday,0,1,0,cerah,83,4.0
2024-01-17,P011,Buket mini,kerajinan,44500,11,3,8,356000,0,0,0,online,Wednesday,0,1,0,cerah,83,4.8
2024-01-17,P012,Paket hampers,kerajinan,98000,7,0,7,686000,0,0,0,campuran,Wednesday,0,1,0,cerah,83,4.3
2024-01-18,P001,Paket nasi lauk,makanan_minuman,18500,49,25,24,444000,0,0,0,campuran,Thursday,0,1,0,hujan_deras,91,4.6
2024-01-18,P002,Minuman kopi susu,makanan_minuman,15000,39,8,31,465000,0,0,0,online,Thursday,0,1,0,hujan_deras,91,4.3
2024-01-18,P003,Snack kemasan lokal,makanan_minuman,8500,55,0,55,444100,5,1,23400,campuran,Thursday,0,1,0,hujan_deras,91,4.1
2024-01-18,P004,Kaos basic,fashion,65500,12,9,3,196500,0,0,0,offline,Thursday,0,1,0,hujan_deras,91,4.5
2024-01-18,P005,Hijab polos,fashion,40500,32,9,23,838400,10,1,93200,offline,Thursday,0,1,0,hujan_deras,91,4.5
2024-01-18,P006,Sandal harian,fashion,54000,8,2,6,324000,0,0,0,online,Thursday,0,1,0,hujan_deras,91,4.3
2024-01-18,P007,Sabun cuci literan,kebutuhan_rumah,16000,32,10,22,352000,0,0,0,offline,Thursday,0,1,0,hujan_deras,91,4.0
2024-01-18,P008,Beras 5 kg,kebutuhan_rumah,70000,14,6,8,560000,0,0,0,offline,Thursday,0,1,0,hujan_deras,91,4.5
2024-01-18,P009,Minyak goreng 1 liter,kebutuhan_rumah,18500,28,0,28,518000,0,0,0,offline,Thursday,0,1,0,hujan_deras,91,4.5
2024-01-18,P010,Aksesori ponsel,aksesoris,25000,38,12,26,552500,15,1,97500,campuran,Thursday,0,1,0,hujan_deras,91,3.9
2024-01-18,P011,Buket mini,kerajinan,42500,8,0,8,340000,0,0,0,offline,Thursday,0,1,0,hujan_deras,91,4.6
2024-01-18,P012,Paket hampers,kerajinan,90500,8,3,5,452500,0,0,0,online,Thursday,0,1,0,hujan_deras,91,4.4
2024-01-19,P001,Paket nasi lauk,makanan_minuman,17500,68,30,38,598500,10,1,66500,offline,Friday,0,1,0,hujan_deras,68,4.2
2024-01-19,P002,Minuman kopi susu,makanan_minuman,14500,44,8,36,522000,0,0,0,online,Friday,0,1,0,hujan_deras,68,4.3
2024-01-19,P003,Snack kemasan lokal,makanan_minuman,9000,43,11,32,288000,0,0,0,online,Friday,0,1,0,hujan_deras,68,4.2
2024-01-19,P004,Kaos basic,fashion,64500,15,6,9,522400,10,1,58000,offline,Friday,0,1,0,hujan_deras,68,4.0
2024-01-19,P005,Hijab polos,fashion,42500,20,7,13,524900,5,1,27600,offline,Friday,0,1,0,hujan_deras,68,4.4
2024-01-19,P006,Sandal harian,fashion,53500,11,1,10,481500,10,1,53500,offline,Friday,0,1,0,hujan_deras,68,4.0
2024-01-19,P007,Sabun cuci literan,kebutuhan_rumah,16000,34,10,24,384000,0,0,0,offline,Friday,0,1,0,hujan_deras,68,4.0
2024-01-19,P008,Beras 5 kg,kebutuhan_rumah,72000,18,7,11,792000,0,0,0,online,Friday,0,1,0,hujan_deras,68,4.2
2024-01-19,P009,Minyak goreng 1 liter,kebutuhan_rumah,20000,26,10,16,320000,0,0,0,online,Friday,0,1,0,hujan_deras,68,4.4
2024-01-19,P010,Aksesori ponsel,aksesoris,26000,15,6,9,234000,0,0,0,online,Friday,0,1,0,hujan_deras,68,4.1
2024-01-19,P011,Buket mini,kerajinan,43000,7,3,4,172000,0,0,0,online,Friday,0,1,0,hujan_deras,68,4.5
2024-01-19,P012,Paket hampers,kerajinan,95000,8,0,8,722000,5,1,38000,online,Friday,0,1,0,hujan_deras,68,4.6
2024-01-20,P001,Paket nasi lauk,makanan_minuman,18000,48,13,35,630000,0,0,0,offline,Saturday,1,1,0,hujan_ringan,116,4.5
2024-01-20,P002,Minuman kopi susu,makanan_minuman,14000,85,33,52,691600,5,1,36400,offline,Saturday,1,1,0,hujan_ringan,116,4.2
2024-01-20,P003,Snack kemasan lokal,makanan_minuman,9000,94,31,63,567000,0,0,0,campuran,Saturday,1,1,0,hujan_ringan,116,4.3
2024-01-20,P004,Kaos basic,fashion,65500,25,7,18,1179000,0,0,0,campuran,Saturday,1,1,0,hujan_ringan,116,4.2
2024-01-20,P005,Hijab polos,fashion,44000,39,17,22,822800,15,1,145200,campuran,Saturday,1,1,0,hujan_ringan,116,4.6
2024-01-20,P006,Sandal harian,fashion,56000,24,2,22,1108800,10,1,123200,offline,Saturday,1,1,0,hujan_ringan,116,4.1
2024-01-20,P007,Sabun cuci literan,kebutuhan_rumah,17000,43,15,28,476000,0,0,0,offline,Saturday,1,1,0,hujan_ringan,116,4.2
2024-01-20,P008,Beras 5 kg,kebutuhan_rumah,73000,29,8,21,1533000,0,0,0,online,Saturday,1,1,0,hujan_ringan,116,4.6
2024-01-20,P009,Minyak goreng 1 liter,kebutuhan_rumah,19000,69,31,38,613700,15,1,108300,online,Saturday,1,1,0,hujan_ringan,116,4.3
2024-01-20,P010,Aksesori ponsel,aksesoris,24500,59,26,33,727600,10,1,80800,campuran,Saturday,1,1,0,hujan_ringan,116,3.9
2024-01-20,P011,Buket mini,kerajinan,46000,18,6,12,552000,0,0,0,campuran,Saturday,1,1,0,hujan_ringan,116,4.6
2024-01-20,P012,Paket hampers,kerajinan,97000,20,15,5,460800,5,1,24200,campuran,Saturday,1,1,0,hujan_ringan,116,4.3
2024-01-21,P001,Paket nasi lauk,makanan_minuman,18000,40,0,40,720000,0,0,0,offline,Sunday,1,1,0,hujan_deras,92,4.6
2024-01-21,P002,Minuman kopi susu,makanan_minuman,16000,73,36,37,562400,5,1,29600,online,Sunday,1,1,0,hujan_deras,92,4.7
2024-01-21,P003,Snack kemasan lokal,makanan_minuman,8500,58,18,40,340000,0,0,0,offline,Sunday,1,1,0,hujan_deras,92,3.9
2024-01-21,P004,Kaos basic,fashion,63000,21,3,18,1020600,10,1,113400,offline,Sunday,1,1,0,hujan_deras,92,4.4
2024-01-21,P005,Hijab polos,fashion,41500,23,17,6,249000,0,0,0,online,Sunday,1,1,0,hujan_deras,92,4.6
2024-01-21,P006,Sandal harian,fashion,58500,11,0,11,643500,0,0,0,offline,Sunday,1,1,0,hujan_deras,92,4.4
2024-01-21,P007,Sabun cuci literan,kebutuhan_rumah,16500,31,2,29,478500,0,0,0,offline,Sunday,1,1,0,hujan_deras,92,4.0
2024-01-21,P008,Beras 5 kg,kebutuhan_rumah,69500,23,6,17,1181500,0,0,0,campuran,Sunday,1,1,0,hujan_deras,92,4.7
2024-01-21,P009,Minyak goreng 1 liter,kebutuhan_rumah,19000,73,34,39,666900,10,1,74100,offline,Sunday,1,1,0,hujan_deras,92,4.6
2024-01-21,P010,Aksesori ponsel,aksesoris,25000,31,21,10,250000,0,0,0,online,Sunday,1,1,0,hujan_deras,92,4.0
2024-01-21,P011,Buket mini,kerajinan,46000,12,7,5,230000,0,0,0,offline,Sunday,1,1,0,hujan_deras,92,4.7
2024-01-21,P012,Paket hampers,kerajinan,101500,7,1,6,609000,0,0,0,offline,Sunday,1,1,0,hujan_deras,92,4.7
2024-01-22,P001,Paket nasi lauk,makanan_minuman,19000,67,16,51,920600,5,1,48400,offline,Monday,0,1,0,berawan,108,4.9
2024-01-22,P002,Minuman kopi susu,makanan_minuman,15000,56,9,47,705000,0,0,0,offline,Monday,0,1,0,berawan,108,4.3
2024-01-22,P003,Snack kemasan lokal,makanan_minuman,9500,80,20,60,570000,0,0,0,campuran,Monday,0,1,0,berawan,108,4.4
2024-01-22,P004,Kaos basic,fashion,66000,15,6,9,594000,0,0,0,online,Monday,0,1,0,berawan,108,4.3
2024-01-22,P005,Hijab polos,fashion,43500,24,10,14,609000,0,0,0,offline,Monday,0,1,0,berawan,108,4.2
2024-01-22,P006,Sandal harian,fashion,57000,12,9,3,171000,0,0,0,offline,Monday,0,1,0,berawan,108,4.1
2024-01-22,P007,Sabun cuci literan,kebutuhan_rumah,17500,47,19,28,490000,0,0,0,offline,Monday,0,1,0,berawan,108,3.9
2024-01-22,P008,Beras 5 kg,kebutuhan_rumah,71500,32,15,17,1094000,10,1,121600,campuran,Monday,0,1,0,berawan,108,4.7
2024-01-22,P009,Minyak goreng 1 liter,kebutuhan_rumah,19000,42,13,29,551000,0,0,0,campuran,Monday,0,1,0,berawan,108,4.4
2024-01-22,P010,Aksesori ponsel,aksesoris,26500,27,7,20,530000,0,0,0,campuran,Monday,0,1,0,berawan,108,4.4
2024-01-22,P011,Buket mini,kerajinan,43500,19,13,6,248000,5,1,13000,online,Monday,0,1,0,berawan,108,4.7
2024-01-22,P012,Paket hampers,kerajinan,96500,11,0,11,902300,15,1,159200,online,Monday,0,1,0,berawan,108,4.6
2024-01-23,P001,Paket nasi lauk,makanan_minuman,18500,57,12,45,749200,10,1,83200,online,Tuesday,0,1,0,berawan,78,4.4
2024-01-23,P002,Minuman kopi susu,makanan_minuman,14500,37,8,29,420500,0,0,0,online,Tuesday,0,1,0,berawan,78,4.0
2024-01-23,P003,Snack kemasan lokal,makanan_minuman,9500,46,0,46,437000,0,0,0,offline,Tuesday,0,1,0,berawan,78,4.4
2024-01-23,P004,Kaos basic,fashion,66500,9,1,8,532000,0,0,0,offline,Tuesday,0,1,0,berawan,78,4.6
2024-01-23,P005,Hijab polos,fashion,42000,33,6,27,1077300,5,1,56700,campuran,Tuesday,0,1,0,berawan,78,4.2
2024-01-23,P006,Sandal harian,fashion,57000,13,3,10,570000,0,0,0,offline,Tuesday,0,1,0,berawan,78,4.0
2024-01-23,P007,Sabun cuci literan,kebutuhan_rumah,17000,43,16,27,459000,0,0,0,campuran,Tuesday,0,1,0,berawan,78,3.9
2024-01-23,P008,Beras 5 kg,kebutuhan_rumah,71500,25,4,21,1426400,5,1,75100,campuran,Tuesday,0,1,0,berawan,78,4.5
2024-01-23,P009,Minyak goreng 1 liter,kebutuhan_rumah,19000,38,17,21,399000,0,0,0,offline,Tuesday,0,1,0,berawan,78,4.5
2024-01-23,P010,Aksesori ponsel,aksesoris,23000,27,7,20,460000,0,0,0,online,Tuesday,0,1,0,berawan,78,4.3
2024-01-23,P011,Buket mini,kerajinan,45000,13,4,9,405000,0,0,0,campuran,Tuesday,0,1,0,berawan,78,4.6
2024-01-23,P012,Paket hampers,kerajinan,94500,5,3,2,189000,0,0,0,online,Tuesday,0,1,0,berawan,78,4.6
2024-01-24,P001,Paket nasi lauk,makanan_minuman,19000,50,18,32,608000,0,0,0,online,Wednesday,0,1,0,berawan,101,4.4
2024-01-24,P002,Minuman kopi susu,makanan_minuman,15000,86,24,62,837000,10,1,93000,campuran,Wednesday,0,1,0,berawan,101,4.4
2024-01-24,P003,Snack kemasan lokal,makanan_minuman,9000,68,14,54,486000,0,0,0,offline,Wednesday,0,1,0,berawan,101,4.3
2024-01-24,P004,Kaos basic,fashion,64000,28,14,14,806400,10,1,89600,offline,Wednesday,0,1,0,berawan,101,4.3
2024-01-24,P005,Hijab polos,fashion,40500,21,12,9,364500,0,0,0,offline,Wednesday,0,1,0,berawan,101,4.6
2024-01-24,P006,Sandal harian,fashion,54500,16,7,9,490500,0,0,0,offline,Wednesday,0,1,0,berawan,101,4.2
2024-01-24,P007,Sabun cuci literan,kebutuhan_rumah,17500,46,21,25,437500,0,0,0,online,Wednesday,0,1,0,berawan,101,4.3
2024-01-24,P008,Beras 5 kg,kebutuhan_rumah,77500,24,10,14,1085000,0,0,0,offline,Wednesday,0,1,0,berawan,101,4.6
2024-01-24,P009,Minyak goreng 1 liter,kebutuhan_rumah,18500,54,19,35,647500,0,0,0,offline,Wednesday,0,1,0,berawan,101,4.5
2024-01-24,P010,Aksesori ponsel,aksesoris,25500,31,8,23,586500,0,0,0,online,Wednesday,0,1,0,berawan,101,4.0
2024-01-24,P011,Buket mini,kerajinan,48500,15,4,11,533500,0,0,0,campuran,Wednesday,0,1,0,berawan,101,4.6
2024-01-24,P012,Paket hampers,kerajinan,98000,8,0,8,784000,0,0,0,campuran,Wednesday,0,1,0,berawan,101,4.5
2024-01-25,P001,Paket nasi lauk,makanan_minuman,19000,45,19,26,494000,0,0,0,offline,Thursday,0,1,0,hujan_deras,77,4.5
2024-01-25,P002,Minuman kopi susu,makanan_minuman,15000,50,15,35,525000,0,0,0,offline,Thursday,0,1,0,hujan_deras,77,4.6
2024-01-25,P003,Snack kemasan lokal,makanan_minuman,9000,85,37,48,410400,5,1,21600,campuran,Thursday,0,1,0,hujan_deras,77,4.1
2024-01-25,P004,Kaos basic,fashion,68500,12,3,9,616500,0,0,0,campuran,Thursday,0,1,0,hujan_deras,77,4.2
2024-01-25,P005,Hijab polos,fashion,40500,17,8,9,364500,0,0,0,campuran,Thursday,0,1,0,hujan_deras,77,4.4
2024-01-25,P006,Sandal harian,fashion,55000,14,3,11,574800,5,1,30200,campuran,Thursday,0,1,0,hujan_deras,77,4.0
2024-01-25,P007,Sabun cuci literan,kebutuhan_rumah,17000,36,16,20,340000,0,0,0,offline,Thursday,0,1,0,hujan_deras,77,4.3
2024-01-25,P008,Beras 5 kg,kebutuhan_rumah,74500,16,8,8,596000,0,0,0,campuran,Thursday,0,1,0,hujan_deras,77,4.3
2024-01-25,P009,Minyak goreng 1 liter,kebutuhan_rumah,18000,34,1,33,564300,5,1,29700,online,Thursday,0,1,0,hujan_deras,77,4.5
2024-01-25,P010,Aksesori ponsel,aksesoris,24000,22,11,11,264000,0,0,0,online,Thursday,0,1,0,hujan_deras,77,4.2
2024-01-25,P011,Buket mini,kerajinan,45500,4,0,4,182000,0,0,0,online,Thursday,0,1,0,hujan_deras,77,4.7
2024-01-25,P012,Paket hampers,kerajinan,95500,7,4,3,286500,0,0,0,offline,Thursday,0,1,0,hujan_deras,77,4.6
2024-01-26,P001,Paket nasi lauk,makanan_minuman,19000,34,0,34,646000,0,0,0,offline,Friday,0,1,0,hujan_ringan,80,4.5
2024-01-26,P002,Minuman kopi susu,makanan_minuman,15000,64,34,30,450000,0,0,0,online,Friday,0,1,0,hujan_ringan,80,4.5
2024-01-26,P003,Snack kemasan lokal,makanan_minuman,9500,93,49,44,397100,5,1,20900,offline,Friday,0,1,0,hujan_ringan,80,4.3
2024-01-26,P004,Kaos basic,fashion,65500,20,9,11,684500,5,1,36000,online,Friday,0,1,0,hujan_ringan,80,4.3
2024-01-26,P005,Hijab polos,fashion,41000,15,0,15,615000,0,0,0,offline,Friday,0,1,0,hujan_ringan,80,4.4
2024-01-26,P006,Sandal harian,fashion,58500,12,5,7,409500,0,0,0,online,Friday,0,1,0,hujan_ringan,80,4.0
2024-01-26,P007,Sabun cuci literan,kebutuhan_rumah,18000,30,7,23,414000,0,0,0,offline,Friday,0,1,0,hujan_ringan,80,4.3
2024-01-26,P008,Beras 5 kg,kebutuhan_rumah,72000,17,1,16,1152000,0,0,0,offline,Friday,0,1,0,hujan_ringan,80,4.6
2024-01-26,P009,Minyak goreng 1 liter,kebutuhan_rumah,19500,38,17,21,409500,0,0,0,online,Friday,0,1,0,hujan_ringan,80,4.5
2024-01-26,P010,Aksesori ponsel,aksesoris,26000,29,0,29,678600,10,1,75400,offline,Friday,0,1,0,hujan_ringan,80,4.3
2024-01-26,P011,Buket mini,kerajinan,43000,10,7,3,129000,0,0,0,offline,Friday,0,1,0,hujan_ringan,80,4.6
2024-01-26,P012,Paket hampers,kerajinan,98000,8,5,3,264600,10,1,29400,offline,Friday,0,1,0,hujan_ringan,80,4.6
2024-01-27,P001,Paket nasi lauk,makanan_minuman,17500,74,39,35,612500,0,0,0,campuran,Saturday,1,1,0,hujan_deras,128,4.6
2024-01-27,P002,Minuman kopi susu,makanan_minuman,15000,86,42,44,660000,0,0,0,campuran,Saturday,1,1,0,hujan_deras,128,4.6
2024-01-27,P003,Snack kemasan lokal,makanan_minuman,8500,96,27,69,498500,15,1,88000,online,Saturday,1,1,0,hujan_deras,128,4.3
2024-01-27,P004,Kaos basic,fashion,65500,24,11,13,808900,5,1,42600,campuran,Saturday,1,1,0,hujan_deras,128,4.2
2024-01-27,P005,Hijab polos,fashion,41000,36,18,18,738000,0,0,0,online,Saturday,1,1,0,hujan_deras,128,4.6
2024-01-27,P006,Sandal harian,fashion,56000,12,2,10,560000,0,0,0,campuran,Saturday,1,1,0,hujan_deras,128,3.8
2024-01-27,P007,Sabun cuci literan,kebutuhan_rumah,16500,59,19,40,528000,20,1,132000,offline,Saturday,1,1,0,hujan_deras,128,4.3
2024-01-27,P008,Beras 5 kg,kebutuhan_rumah,72000,28,7,21,1512000,0,0,0,campuran,Saturday,1,1,0,hujan_deras,128,4.5
2024-01-27,P009,Minyak goreng 1 liter,kebutuhan_rumah,19500,48,25,23,448500,0,0,0,offline,Saturday,1,1,0,hujan_deras,128,4.4
2024-01-27,P010,Aksesori ponsel,aksesoris,24500,25,9,16,392000,0,0,0,offline,Saturday,1,1,0,hujan_deras,128,3.9
2024-01-27,P011,Buket mini,kerajinan,43000,21,6,15,548200,15,1,96800,online,Saturday,1,1,0,hujan_deras,128,4.7
2024-01-27,P012,Paket hampers,kerajinan,101500,12,10,2,203000,0,0,0,offline,Saturday,1,1,0,hujan_deras,128,4.5
2024-01-28,P001,Paket nasi lauk,makanan_minuman,18500,96,39,57,1054500,0,0,0,campuran,Sunday,1,1,0,cerah,122,4.5
2024-01-28,P002,Minuman kopi susu,makanan_minuman,15500,116,38,78,967200,20,1,241800,offline,Sunday,1,1,0,cerah,122,4.6
2024-01-28,P003,Snack kemasan lokal,makanan_minuman,9500,114,47,67,636500,0,0,0,online,Sunday,1,1,0,cerah,122,4.2
2024-01-28,P004,Kaos basic,fashion,66000,25,2,23,1518000,0,0,0,online,Sunday,1,1,0,cerah,122,4.4
2024-01-28,P005,Hijab polos,fashion,39000,38,11,27,1000400,5,1,52600,online,Sunday,1,1,0,cerah,122,4.5
2024-01-28,P006,Sandal harian,fashion,55000,21,15,6,330000,0,0,0,online,Sunday,1,1,0,cerah,122,3.9
2024-01-28,P007,Sabun cuci literan,kebutuhan_rumah,18000,54,25,29,522000,0,0,0,online,Sunday,1,1,0,cerah,122,4.2
2024-01-28,P008,Beras 5 kg,kebutuhan_rumah,73000,32,12,20,1460000,0,0,0,campuran,Sunday,1,1,0,cerah,122,4.8
2024-01-28,P009,Minyak goreng 1 liter,kebutuhan_rumah,18000,70,30,40,720000,0,0,0,campuran,Sunday,1,1,0,cerah,122,4.4
2024-01-28,P010,Aksesori ponsel,aksesoris,26500,42,17,25,662500,0,0,0,offline,Sunday,1,1,0,cerah,122,3.9
2024-01-28,P011,Buket mini,kerajinan,44500,33,11,22,881100,10,1,97900,offline,Sunday,1,1,0,cerah,122,4.5
2024-01-28,P012,Paket hampers,kerajinan,88500,16,8,8,708000,0,0,0,offline,Sunday,1,1,0,cerah,122,4.8
2024-01-29,P001,Paket nasi lauk,makanan_minuman,18500,26,8,18,333000,0,0,0,online,Monday,0,1,0,hujan_deras,45,4.4
2024-01-29,P002,Minuman kopi susu,makanan_minuman,14500,39,12,27,391500,0,0,0,offline,Monday,0,1,0,hujan_deras,45,4.2
2024-01-29,P003,Snack kemasan lokal,makanan_minuman,9000,45,20,25,225000,0,0,0,offline,Monday,0,1,0,hujan_deras,45,4.2
2024-01-29,P004,Kaos basic,fashion,63000,9,5,4,252000,0,0,0,online,Monday,0,1,0,hujan_deras,45,4.5
2024-01-29,P005,Hijab polos,fashion,40500,15,6,9,364500,0,0,0,offline,Monday,0,1,0,hujan_deras,45,4.4
2024-01-29,P006,Sandal harian,fashion,60000,14,3,11,594000,10,1,66000,campuran,Monday,0,1,0,hujan_deras,45,4.1
2024-01-29,P007,Sabun cuci literan,kebutuhan_rumah,17500,23,9,14,245000,0,0,0,offline,Monday,0,1,0,hujan_deras,45,4.1
2024-01-29,P008,Beras 5 kg,kebutuhan_rumah,69000,12,6,6,414000,0,0,0,offline,Monday,0,1,0,hujan_deras,45,4.4
2024-01-29,P009,Minyak goreng 1 liter,kebutuhan_rumah,20500,28,9,19,389500,0,0,0,online,Monday,0,1,0,hujan_deras,45,4.5
2024-01-29,P010,Aksesori ponsel,aksesoris,25000,21,12,9,225000,0,0,0,offline,Monday,0,1,0,hujan_deras,45,3.9
2024-01-29,P011,Buket mini,kerajinan,46000,10,7,3,131100,5,1,6900,online,Monday,0,1,0,hujan_deras,45,4.5
2024-01-29,P012,Paket hampers,kerajinan,97500,6,0,6,585000,0,0,0,offline,Monday,0,1,0,hujan_deras,45,4.6
2024-01-30,P001,Paket nasi lauk,makanan_minuman,18500,91,55,36,632700,5,1,33300,online,Tuesday,0,1,0,cerah,95,4.4
2024-01-30,P002,Minuman kopi susu,makanan_minuman,15000,98,36,62,883500,5,1,46500,offline,Tuesday,0,1,0,cerah,95,4.4
2024-01-30,P003,Snack kemasan lokal,makanan_minuman,9000,67,23,44,396000,0,0,0,online,Tuesday,0,1,0,cerah,95,4.6
2024-01-30,P004,Kaos basic,fashion,63500,17,0,17,1079500,0,0,0,offline,Tuesday,0,1,0,cerah,95,4.4
2024-01-30,P005,Hijab polos,fashion,40500,26,10,16,648000,0,0,0,campuran,Tuesday,0,1,0,cerah,95,4.7
2024-01-30,P006,Sandal harian,fashion,55000,19,10,9,495000,0,0,0,campuran,Tuesday,0,1,0,cerah,95,4.2
2024-01-30,P007,Sabun cuci literan,kebutuhan_rumah,16500,47,32,15,247500,0,0,0,offline,Tuesday,0,1,0,cerah,95,4.1
2024-01-30,P008,Beras 5 kg,kebutuhan_rumah,68500,29,6,23,1418000,10,1,157600,offline,Tuesday,0,1,0,cerah,95,4.8
2024-01-30,P009,Minyak goreng 1 liter,kebutuhan_rumah,20000,50,19,31,620000,0,0,0,campuran,Tuesday,0,1,0,cerah,95,4.3
2024-01-30,P010,Aksesori ponsel,aksesoris,24500,44,14,30,698200,5,1,36800,offline,Tuesday,0,1,0,cerah,95,3.8
2024-01-30,P011,Buket mini,kerajinan,43000,16,7,9,387000,0,0,0,offline,Tuesday,0,1,0,cerah,95,4.8
2024-01-30,P012,Paket hampers,kerajinan,91500,14,7,7,608500,5,1,32000,online,Tuesday,0,1,0,cerah,95,4.6
2024-01-31,P001,Paket nasi lauk,makanan_minuman,17000,75,34,41,697000,0,0,0,campuran,Wednesday,0,1,0,cerah,109,4.5
2024-01-31,P002,Minuman kopi susu,makanan_minuman,15000,78,36,42,630000,0,0,0,campuran,Wednesday,0,1,0,cerah,109,4.3
2024-01-31,P003,Snack kemasan lokal,makanan_minuman,8500,94,40,54,459000,0,0,0,campuran,Wednesday,0,1,0,cerah,109,4.3
2024-01-31,P004,Kaos basic,fashion,63000,29,9,20,1134000,10,1,126000,online,Wednesday,0,1,0,cerah,109,4.2
2024-01-31,P005,Hijab polos,fashion,39000,33,8,25,926200,5,1,48800,offline,Wednesday,0,1,0,cerah,109,4.6
2024-01-31,P006,Sandal harian,fashion,53500,19,7,12,642000,0,0,0,offline,Wednesday,0,1,0,cerah,109,4.0
2024-01-31,P007,Sabun cuci literan,kebutuhan_rumah,17000,38,3,35,595000,0,0,0,online,Wednesday,0,1,0,cerah,109,4.3
2024-01-31,P008,Beras 5 kg,kebutuhan_rumah,71000,23,2,21,1491000,0,0,0,online,Wednesday,0,1,0,cerah,109,4.7
2024-01-31,P009,Minyak goreng 1 liter,kebutuhan_rumah,19500,60,30,30,585000,0,0,0,campuran,Wednesday,0,1,0,cerah,109,4.3
2024-01-31,P010,Aksesori ponsel,aksesoris,25000,34,4,30,750000,0,0,0,offline,Wednesday,0,1,0,cerah,109,3.8
2024-01-31,P011,Buket mini,kerajinan,46000,15,5,10,460000,0,0,0,online,Wednesday,0,1,0,cerah,109,4.7
2024-01-31,P012,Paket hampers,kerajinan,89500,10,4,6,537000,0,0,0,offline,Wednesday,0,1,0,cerah,109,4.7
2024-02-01,P001,Paket nasi lauk,makanan_minuman,17500,60,30,30,525000,0,0,0,campuran,Thursday,0,2,0,cerah,103,4.3
2024-02-01,P002,Minuman kopi susu,makanan_minuman,14000,68,32,36,504000,0,0,0,offline,Thursday,0,2,0,cerah,103,4.2
2024-02-01,P003,Snack kemasan lokal,makanan_minuman,9000,78,32,46,414000,0,0,0,offline,Thursday,0,2,0,cerah,103,4.0
2024-02-01,P004,Kaos basic,fashion,63500,20,3,17,1079500,0,0,0,offline,Thursday,0,2,0,cerah,103,4.3
2024-02-01,P005,Hijab polos,fashion,42000,31,10,21,882000,0,0,0,campuran,Thursday,0,2,0,cerah,103,4.3
2024-02-01,P006,Sandal harian,fashion,53000,18,8,10,530000,0,0,0,offline,Thursday,0,2,0,cerah,103,4.1
2024-02-01,P007,Sabun cuci literan,kebutuhan_rumah,17000,51,23,28,476000,0,0,0,campuran,Thursday,0,2,0,cerah,103,4.0
2024-02-01,P008,Beras 5 kg,kebutuhan_rumah,76000,22,9,13,988000,0,0,0,online,Thursday,0,2,0,cerah,103,4.6
2024-02-01,P009,Minyak goreng 1 liter,kebutuhan_rumah,19000,38,8,30,570000,0,0,0,online,Thursday,0,2,0,cerah,103,4.4
2024-02-01,P010,Aksesori ponsel,aksesoris,26000,31,9,22,572000,0,0,0,offline,Thursday,0,2,0,cerah,103,3.9
2024-02-01,P011,Buket mini,kerajinan,45500,23,3,20,910000,0,0,0,campuran,Thursday,0,2,0,cerah,103,4.5
2024-02-01,P012,Paket hampers,kerajinan,95500,12,6,6,573000,0,0,0,online,Thursday,0,2,0,cerah,103,4.5
2024-02-02,P001,Paket nasi lauk,makanan_minuman,19000,77,38,39,666900,10,1,74100,offline,Friday,0,2,0,berawan,87,4.5
2024-02-02,P002,Minuman kopi susu,makanan_minuman,15500,64,29,35,542500,0,0,0,campuran,Friday,0,2,0,berawan,87,4.2
2024-02-02,P003,Snack kemasan lokal,makanan_minuman,9500,51,0,51,484500,0,0,0,campuran,Friday,0,2,0,berawan,87,4.0
2024-02-02,P004,Kaos basic,fashion,66500,12,0,12,798000,0,0,0,offline,Friday,0,2,0,berawan,87,4.3
2024-02-02,P005,Hijab polos,fashion,41500,24,5,19,788500,0,0,0,online,Friday,0,2,0,berawan,87,4.6
2024-02-02,P006,Sandal harian,fashion,54500,12,2,10,545000,0,0,0,campuran,Friday,0,2,0,berawan,87,4.1
2024-02-02,P007,Sabun cuci literan,kebutuhan_rumah,17500,41,20,21,367500,0,0,0,offline,Friday,0,2,0,berawan,87,4.3
2024-02-02,P008,Beras 5 kg,kebutuhan_rumah,76000,18,8,10,760000,0,0,0,offline,Friday,0,2,0,berawan,87,4.4
2024-02-02,P009,Minyak goreng 1 liter,kebutuhan_rumah,18500,46,9,37,684500,0,0,0,offline,Friday,0,2,0,berawan,87,4.5
2024-02-02,P010,Aksesori ponsel,aksesoris,24500,41,21,20,441000,10,1,49000,offline,Friday,0,2,0,berawan,87,3.9
2024-02-02,P011,Buket mini,kerajinan,43000,11,0,11,473000,0,0,0,online,Friday,0,2,0,berawan,87,4.7
2024-02-02,P012,Paket hampers,kerajinan,96500,9,0,9,868500,0,0,0,offline,Friday,0,2,0,berawan,87,4.8
2024-02-03,P001,Paket nasi lauk,makanan_minuman,18500,46,0,46,851000,0,0,0,offline,Saturday,1,2,0,hujan_ringan,124,4.5
2024-02-03,P002,Minuman kopi susu,makanan_minuman,15500,109,43,66,869600,15,1,153400,offline,Saturday,1,2,0,hujan_ringan,124,4.6
2024-02-03,P003,Snack kemasan lokal,makanan_minuman,8500,96,46,50,425000,0,0,0,offline,Saturday,1,2,0,hujan_ringan,124,4.3
2024-02-03,P004,Kaos basic,fashion,63500,23,0,23,1314400,10,1,146000,campuran,Saturday,1,2,0,hujan_ringan,124,4.4
2024-02-03,P005,Hijab polos,fashion,42500,54,26,28,1130500,5,1,59500,offline,Saturday,1,2,0,hujan_ringan,124,4.4
2024-02-03,P006,Sandal harian,fashion,57500,26,16,10,575000,0,0,0,campuran,Saturday,1,2,0,hujan_ringan,124,4.5
2024-02-03,P007,Sabun cuci literan,kebutuhan_rumah,18000,68,32,36,583200,10,1,64800,online,Saturday,1,2,0,hujan_ringan,124,4.4
2024-02-03,P008,Beras 5 kg,kebutuhan_rumah,68000,31,14,17,1156000,0,0,0,offline,Saturday,1,2,0,hujan_ringan,124,4.7
2024-02-03,P009,Minyak goreng 1 liter,kebutuhan_rumah,18500,35,1,34,629000,0,0,0,offline,Saturday,1,2,0,hujan_ringan,124,4.3
2024-02-03,P010,Aksesori ponsel,aksesoris,24500,40,6,34,791400,5,1,41600,online,Saturday,1,2,0,hujan_ringan,124,4.2
2024-02-03,P011,Buket mini,kerajinan,44500,15,3,12,534000,0,0,0,online,Saturday,1,2,0,hujan_ringan,124,4.7
2024-02-03,P012,Paket hampers,kerajinan,100500,14,1,13,1306500,0,0,0,offline,Saturday,1,2,0,hujan_ringan,124,4.9
2024-02-04,P001,Paket nasi lauk,makanan_minuman,17500,67,26,41,717500,0,0,0,offline,Sunday,1,2,0,hujan_ringan,117,4.5
2024-02-04,P002,Minuman kopi susu,makanan_minuman,15000,78,19,59,885000,0,0,0,offline,Sunday,1,2,0,hujan_ringan,117,4.1
2024-02-04,P003,Snack kemasan lokal,makanan_minuman,8500,95,32,63,535500,0,0,0,offline,Sunday,1,2,0,hujan_ringan,117,4.1
2024-02-04,P004,Kaos basic,fashion,64000,15,1,14,896000,0,0,0,online,Sunday,1,2,0,hujan_ringan,117,4.4
2024-02-04,P005,Hijab polos,fashion,43000,26,0,26,1118000,0,0,0,online,Sunday,1,2,0,hujan_ringan,117,4.7
2024-02-04,P006,Sandal harian,fashion,54500,15,0,15,817500,0,0,0,offline,Sunday,1,2,0,hujan_ringan,117,4.0
2024-02-04,P007,Sabun cuci literan,kebutuhan_rumah,17500,43,21,22,385000,0,0,0,offline,Sunday,1,2,0,hujan_ringan,117,4.2
2024-02-04,P008,Beras 5 kg,kebutuhan_rumah,73500,27,12,15,1102500,0,0,0,campuran,Sunday,1,2,0,hujan_ringan,117,4.7
2024-02-04,P009,Minyak goreng 1 liter,kebutuhan_rumah,19500,74,31,43,754600,10,1,83800,online,Sunday,1,2,0,hujan_ringan,117,4.6
2024-02-04,P010,Aksesori ponsel,aksesoris,25000,45,9,36,810000,10,1,90000,offline,Sunday,1,2,0,hujan_ringan,117,3.9
2024-02-04,P011,Buket mini,kerajinan,44000,24,11,13,572000,0,0,0,online,Sunday,1,2,0,hujan_ringan,117,4.5
2024-02-04,P012,Paket hampers,kerajinan,97000,20,12,8,776000,0,0,0,online,Sunday,1,2,0,hujan_ringan,117,4.6
2024-02-05,P001,Paket nasi lauk,makanan_minuman,17000,38,13,25,425000,0,0,0,online,Monday,0,2,0,hujan_ringan,82,4.6
2024-02-05,P002,Minuman kopi susu,makanan_minuman,15500,49,20,29,449500,0,0,0,online,Monday,0,2,0,hujan_ringan,82,4.3
2024-02-05,P003,Snack kemasan lokal,makanan_minuman,9000,70,18,52,468000,0,0,0,offline,Monday,0,2,0,hujan_ringan,82,4.3
2024-02-05,P004,Kaos basic,fashion,66000,9,4,5,330000,0,0,0,online,Monday,0,2,0,hujan_ringan,82,4.6
2024-02-05,P005,Hijab polos,fashion,41500,30,16,14,522900,10,1,58100,online,Monday,0,2,0,hujan_ringan,82,4.4
2024-02-05,P006,Sandal harian,fashion,57000,6,2,4,228000,0,0,0,online,Monday,0,2,0,hujan_ringan,82,4.1
2024-02-05,P007,Sabun cuci literan,kebutuhan_rumah,17500,25,0,25,437500,0,0,0,online,Monday,0,2,0,hujan_ringan,82,4.4
2024-02-05,P008,Beras 5 kg,kebutuhan_rumah,75000,15,6,9,675000,0,0,0,online,Monday,0,2,0,hujan_ringan,82,4.6
2024-02-05,P009,Minyak goreng 1 liter,kebutuhan_rumah,19000,26,0,26,494000,0,0,0,online,Monday,0,2,0,hujan_ringan,82,4.4
2024-02-05,P010,Aksesori ponsel,aksesoris,25000,25,10,15,375000,0,0,0,online,Monday,0,2,0,hujan_ringan,82,4.0
2024-02-05,P011,Buket mini,kerajinan,41500,21,7,14,522900,10,1,58100,offline,Monday,0,2,0,hujan_ringan,82,4.6
2024-02-05,P012,Paket hampers,kerajinan,90500,10,1,9,814500,0,0,0,offline,Monday,0,2,0,hujan_ringan,82,4.3
2024-02-06,P001,Paket nasi lauk,makanan_minuman,18000,43,14,29,495900,5,1,26100,offline,Tuesday,0,2,0,hujan_deras,79,4.3
2024-02-06,P002,Minuman kopi susu,makanan_minuman,14500,45,5,40,580000,0,0,0,offline,Tuesday,0,2,0,hujan_deras,79,4.3
2024-02-06,P003,Snack kemasan lokal,makanan_minuman,9500,44,19,25,237500,0,0,0,offline,Tuesday,0,2,0,hujan_deras,79,4.1
2024-02-06,P004,Kaos basic,fashion,62000,10,5,5,279000,10,1,31000,online,Tuesday,0,2,0,hujan_deras,79,4.1
2024-02-06,P005,Hijab polos,fashion,41000,20,13,7,287000,0,0,0,campuran,Tuesday,0,2,0,hujan_deras,79,4.3
2024-02-06,P006,Sandal harian,fashion,52000,12,3,9,444600,5,1,23400,offline,Tuesday,0,2,0,hujan_deras,79,4.1
2024-02-06,P007,Sabun cuci literan,kebutuhan_rumah,17000,24,4,20,340000,0,0,0,campuran,Tuesday,0,2,0,hujan_deras,79,4.3
2024-02-06,P008,Beras 5 kg,kebutuhan_rumah,70000,17,0,17,1071000,10,1,119000,offline,Tuesday,0,2,0,hujan_deras,79,4.8
2024-02-06,P009,Minyak goreng 1 liter,kebutuhan_rumah,20000,29,12,17,340000,0,0,0,online,Tuesday,0,2,0,hujan_deras,79,4.4
2024-02-06,P010,Aksesori ponsel,aksesoris,25000,24,6,18,450000,0,0,0,offline,Tuesday,0,2,0,hujan_deras,79,4.2
2024-02-06,P011,Buket mini,kerajinan,45000,12,0,12,540000,0,0,0,campuran,Tuesday,0,2,0,hujan_deras,79,4.6
2024-02-06,P012,Paket hampers,kerajinan,91500,8,1,7,640500,0,0,0,campuran,Tuesday,0,2,0,hujan_deras,79,4.6
2024-02-07,P001,Paket nasi lauk,makanan_minuman,18000,43,12,31,558000,0,0,0,offline,Wednesday,0,2,0,hujan_ringan,95,4.4
2024-02-07,P002,Minuman kopi susu,makanan_minuman,15500,44,10,34,527000,0,0,0,offline,Wednesday,0,2,0,hujan_ringan,95,4.4
2024-02-07,P003,Snack kemasan lokal,makanan_minuman,9000,72,38,34,306000,0,0,0,offline,Wednesday,0,2,0,hujan_ringan,95,4.3
2024-02-07,P004,Kaos basic,fashion,68500,12,1,11,753500,0,0,0,online,Wednesday,0,2,0,hujan_ringan,95,4.3
2024-02-07,P005,Hijab polos,fashion,42500,18,0,18,765000,0,0,0,campuran,Wednesday,0,2,0,hujan_ringan,95,4.4
2024-02-07,P006,Sandal harian,fashion,54500,15,4,11,599500,0,0,0,campuran,Wednesday,0,2,0,hujan_ringan,95,4.1
2024-02-07,P007,Sabun cuci literan,kebutuhan_rumah,17000,29,9,20,340000,0,0,0,online,Wednesday,0,2,0,hujan_ringan,95,4.2
2024-02-07,P008,Beras 5 kg,kebutuhan_rumah,73000,16,5,11,803000,0,0,0,offline,Wednesday,0,2,0,hujan_ringan,95,4.7
2024-02-07,P009,Minyak goreng 1 liter,kebutuhan_rumah,19000,34,21,13,247000,0,0,0,online,Wednesday,0,2,0,hujan_ringan,95,4.3
2024-02-07,P010,Aksesori ponsel,aksesoris,24500,26,7,19,465500,0,0,0,offline,Wednesday,0,2,0,hujan_ringan,95,4.0
2024-02-07,P011,Buket mini,kerajinan,47000,11,0,11,517000,0,0,0,online,Wednesday,0,2,0,hujan_ringan,95,4.7
2024-02-07,P012,Paket hampers,kerajinan,89000,17,3,14,1121400,10,1,124600,offline,Wednesday,0,2,0,hujan_ringan,95,4.6
2024-02-08,P001,Paket nasi lauk,makanan_minuman,18000,64,36,28,504000,0,0,0,offline,Thursday,0,2,0,cerah,104,4.7
2024-02-08,P002,Minuman kopi susu,makanan_minuman,15500,58,23,35,542500,0,0,0,offline,Thursday,0,2,0,cerah,104,4.3
2024-02-08,P003,Snack kemasan lokal,makanan_minuman,9000,68,14,54,486000,0,0,0,offline,Thursday,0,2,0,cerah,104,4.1
2024-02-08,P004,Kaos basic,fashion,65000,21,13,8,520000,0,0,0,offline,Thursday,0,2,0,cerah,104,4.2
2024-02-08,P005,Hijab polos,fashion,42500,26,0,26,1105000,0,0,0,offline,Thursday,0,2,0,cerah,104,4.7
2024-02-08,P006,Sandal harian,fashion,55500,15,0,15,832500,0,0,0,offline,Thursday,0,2,0,cerah,104,4.1
2024-02-08,P007,Sabun cuci literan,kebutuhan_rumah,16000,47,13,34,544000,0,0,0,campuran,Thursday,0,2,0,cerah,104,3.9
2024-02-08,P008,Beras 5 kg,kebutuhan_rumah,70000,30,13,17,1130500,5,1,59500,campuran,Thursday,0,2,0,cerah,104,4.8
2024-02-08,P009,Minyak goreng 1 liter,kebutuhan_rumah,18000,62,29,33,564300,5,1,29700,online,Thursday,0,2,0,cerah,104,4.2
2024-02-08,P010,Aksesori ponsel,aksesoris,26000,35,15,20,520000,0,0,0,offline,Thursday,0,2,0,cerah,104,3.8
2024-02-08,P011,Buket mini,kerajinan,45500,12,2,10,455000,0,0,0,offline,Thursday,0,2,0,cerah,104,4.7
2024-02-08,P012,Paket hampers,kerajinan,95000,13,7,6,570000,0,0,0,online,Thursday,0,2,0,cerah,104,4.4
2024-02-09,P001,Paket nasi lauk,makanan_minuman,16500,46,15,31,511500,0,0,0,offline,Friday,0,2,0,hujan_ringan,73,4.6
2024-02-09,P002,Minuman kopi susu,makanan_minuman,15000,48,16,32,480000,0,0,0,offline,Friday,0,2,0,hujan_ringan,73,4.3
2024-02-09,P003,Snack kemasan lokal,makanan_minuman,9000,52,11,41,369000,0,0,0,online,Friday,0,2,0,hujan_ringan,73,4.4
2024-02-09,P004,Kaos basic,fashion,69000,13,5,8,552000,0,0,0,campuran,Friday,0,2,0,hujan_ringan,73,4.4
2024-02-09,P005,Hijab polos,fashion,44000,34,24,10,374000,15,1,66000,offline,Friday,0,2,0,hujan_ringan,73,4.5
2024-02-09,P006,Sandal harian,fashion,55000,11,2,9,495000,0,0,0,campuran,Friday,0,2,0,hujan_ringan,73,4.2
2024-02-09,P007,Sabun cuci literan,kebutuhan_rumah,17500,24,0,24,420000,0,0,0,campuran,Friday,0,2,0,hujan_ringan,73,4.1
2024-02-09,P008,Beras 5 kg,kebutuhan_rumah,71000,21,8,13,923000,0,0,0,campuran,Friday,0,2,0,hujan_ringan,73,4.5
2024-02-09,P009,Minyak goreng 1 liter,kebutuhan_rumah,19000,26,3,23,437000,0,0,0,offline,Friday,0,2,0,hujan_ringan,73,4.7
2024-02-09,P010,Aksesori ponsel,aksesoris,25500,25,10,15,382500,0,0,0,campuran,Friday,0,2,0,hujan_ringan,73,4.2
2024-02-09,P011,Buket mini,kerajinan,44500,15,2,13,578500,0,0,0,campuran,Friday,0,2,0,hujan_ringan,73,4.6
2024-02-09,P012,Paket hampers,kerajinan,93500,7,0,7,654500,0,0,0,online,Friday,0,2,0,hujan_ringan,73,4.5
2024-02-10,P001,Paket nasi lauk,makanan_minuman,18000,73,30,43,774000,0,0,0,offline,Saturday,1,2,0,berawan,119,4.1
2024-02-10,P002,Minuman kopi susu,makanan_minuman,15000,129,54,75,1068800,5,1,56200,campuran,Saturday,1,2,0,berawan,119,4.3
2024-02-10,P003,Snack kemasan lokal,makanan_minuman,8500,140,59,81,619600,10,1,68800,offline,Saturday,1,2,0,berawan,119,4.4
2024-02-10,P004,Kaos basic,fashion,61000,34,16,18,1098000,0,0,0,campuran,Saturday,1,2,0,berawan,119,4.5
2024-02-10,P005,Hijab polos,fashion,42000,30,16,14,588000,0,0,0,offline,Saturday,1,2,0,berawan,119,4.5
2024-02-10,P006,Sandal harian,fashion,55500,15,1,14,777000,0,0,0,online,Saturday,1,2,0,berawan,119,3.9
2024-02-10,P007,Sabun cuci literan,kebutuhan_rumah,16500,82,37,45,668200,10,1,74200,offline,Saturday,1,2,0,berawan,119,4.5
2024-02-10,P008,Beras 5 kg,kebutuhan_rumah,70500,24,3,21,1406500,5,1,74000,offline,Saturday,1,2,0,berawan,119,4.7
2024-02-10,P009,Minyak goreng 1 liter,kebutuhan_rumah,18000,66,33,33,594000,0,0,0,online,Saturday,1,2,0,berawan,119,4.3
2024-02-10,P010,Aksesori ponsel,aksesoris,25500,52,18,34,737000,15,1,130000,offline,Saturday,1,2,0,berawan,119,4.0
2024-02-10,P011,Buket mini,kerajinan,47500,26,11,15,712500,0,0,0,campuran,Saturday,1,2,0,berawan,119,4.6
2024-02-10,P012,Paket hampers,kerajinan,95000,17,3,14,1330000,0,0,0,campuran,Saturday,1,2,0,berawan,119,4.6
2024-02-11,P001,Paket nasi lauk,makanan_minuman,17500,109,30,79,1175100,15,1,207400,offline,Sunday,1,2,0,berawan,120,4.7
2024-02-11,P002,Minuman kopi susu,makanan_minuman,14500,79,32,47,681500,0,0,0,offline,Sunday,1,2,0,berawan,120,4.4
2024-02-11,P003,Snack kemasan lokal,makanan_minuman,9500,119,45,74,703000,0,0,0,campuran,Sunday,1,2,0,berawan,120,4.0
2024-02-11,P004,Kaos basic,fashion,62000,25,8,17,1054000,0,0,0,campuran,Sunday,1,2,0,berawan,120,4.1
2024-02-11,P005,Hijab polos,fashion,42500,48,35,13,552500,0,0,0,campuran,Sunday,1,2,0,berawan,120,4.6
2024-02-11,P006,Sandal harian,fashion,55500,13,3,10,555000,0,0,0,offline,Sunday,1,2,0,berawan,120,4.1
2024-02-11,P007,Sabun cuci literan,kebutuhan_rumah,18000,71,20,51,826200,10,1,91800,offline,Sunday,1,2,0,berawan,120,4.0
2024-02-11,P008,Beras 5 kg,kebutuhan_rumah,70500,42,8,34,2157300,10,1,239700,campuran,Sunday,1,2,0,berawan,120,4.7
2024-02-11,P009,Minyak goreng 1 liter,kebutuhan_rumah,18500,65,32,33,610500,0,0,0,offline,Sunday,1,2,0,berawan,120,4.4
2024-02-11,P010,Aksesori ponsel,aksesoris,25500,39,19,20,510000,0,0,0,campuran,Sunday,1,2,0,berawan,120,3.9
2024-02-11,P011,Buket mini,kerajinan,44000,30,10,20,880000,0,0,0,campuran,Sunday,1,2,0,berawan,120,4.7
2024-02-11,P012,Paket hampers,kerajinan,95000,14,4,10,950000,0,0,0,online,Sunday,1,2,0,berawan,120,4.7
2024-02-12,P001,Paket nasi lauk,makanan_minuman,17500,65,23,42,735000,0,0,0,offline,Monday,0,2,0,cerah,127,4.2
2024-02-12,P002,Minuman kopi susu,makanan_minuman,14000,77,40,37,518000,0,0,0,online,Monday,0,2,0,cerah,127,4.3
2024-02-12,P003,Snack kemasan lokal,makanan_minuman,8500,72,21,51,433500,0,0,0,offline,Monday,0,2,0,cerah,127,4.2
2024-02-12,P004,Kaos basic,fashion,65000,22,2,20,1300000,0,0,0,offline,Monday,0,2,0,cerah,127,4.3
2024-02-12,P005,Hijab polos,fashion,40500,48,22,26,947700,10,1,105300,campuran,Monday,0,2,0,cerah,127,4.7
2024-02-12,P006,Sandal harian,fashion,55500,15,5,10,555000,0,0,0,offline,Monday,0,2,0,cerah,127,4.1
2024-02-12,P007,Sabun cuci literan,kebutuhan_rumah,17000,46,31,15,255000,0,0,0,offline,Monday,0,2,0,cerah,127,4.0
2024-02-12,P008,Beras 5 kg,kebutuhan_rumah,72500,16,6,10,725000,0,0,0,offline,Monday,0,2,0,cerah,127,4.6
2024-02-12,P009,Minyak goreng 1 liter,kebutuhan_rumah,18500,63,35,28,518000,0,0,0,campuran,Monday,0,2,0,cerah,127,4.5
2024-02-12,P010,Aksesori ponsel,aksesoris,25500,37,10,27,688500,0,0,0,offline,Monday,0,2,0,cerah,127,4.1
2024-02-12,P011,Buket mini,kerajinan,44500,22,13,9,400500,0,0,0,offline,Monday,0,2,0,cerah,127,4.7
2024-02-12,P012,Paket hampers,kerajinan,96500,23,9,14,1148400,15,1,202600,campuran,Monday,0,2,0,cerah,127,4.7
2024-02-13,P001,Paket nasi lauk,makanan_minuman,17500,42,19,23,402500,0,0,0,offline,Tuesday,0,2,0,hujan_deras,79,4.5
2024-02-13,P002,Minuman kopi susu,makanan_minuman,15000,42,17,25,375000,0,0,0,online,Tuesday,0,2,0,hujan_deras,79,4.3
2024-02-13,P003,Snack kemasan lokal,makanan_minuman,9000,48,18,30,270000,0,0,0,offline,Tuesday,0,2,0,hujan_deras,79,4.3
2024-02-13,P004,Kaos basic,fashion,66000,16,8,8,528000,0,0,0,campuran,Tuesday,0,2,0,hujan_deras,79,4.1
2024-02-13,P005,Hijab polos,fashion,45000,15,6,9,405000,0,0,0,offline,Tuesday,0,2,0,hujan_deras,79,4.3
2024-02-13,P006,Sandal harian,fashion,53000,10,5,5,265000,0,0,0,online,Tuesday,0,2,0,hujan_deras,79,4.0
2024-02-13,P007,Sabun cuci literan,kebutuhan_rumah,16000,21,9,12,192000,0,0,0,online,Tuesday,0,2,0,hujan_deras,79,4.0
2024-02-13,P008,Beras 5 kg,kebutuhan_rumah,71000,15,0,15,1065000,0,0,0,campuran,Tuesday,0,2,0,hujan_deras,79,4.6
2024-02-13,P009,Minyak goreng 1 liter,kebutuhan_rumah,18500,28,8,20,370000,0,0,0,online,Tuesday,0,2,0,hujan_deras,79,4.5
2024-02-13,P010,Aksesori ponsel,aksesoris,25000,19,7,12,300000,0,0,0,online,Tuesday,0,2,0,hujan_deras,79,3.9
2024-02-13,P011,Buket mini,kerajinan,44500,13,2,11,489500,0,0,0,offline,Tuesday,0,2,0,hujan_deras,79,4.7
2024-02-13,P012,Paket hampers,kerajinan,97500,7,2,5,487500,0,0,0,offline,Tuesday,0,2,0,hujan_deras,79,4.5
2024-02-14,P001,Paket nasi lauk,makanan_minuman,18500,39,15,24,444000,0,0,0,online,Wednesday,0,2,0,hujan_ringan,64,4.5
2024-02-14,P002,Minuman kopi susu,makanan_minuman,15000,55,25,30,450000,0,0,0,offline,Wednesday,0,2,0,hujan_ringan,64,4.3
2024-02-14,P003,Snack kemasan lokal,makanan_minuman,9000,61,27,34,306000,0,0,0,offline,Wednesday,0,2,0,hujan_ringan,64,4.1
2024-02-14,P004,Kaos basic,fashion,63500,17,11,6,381000,0,0,0,campuran,Wednesday,0,2,0,hujan_ringan,64,3.9
2024-02-14,P005,Hijab polos,fashion,42500,33,16,17,614100,15,1,108400,offline,Wednesday,0,2,0,hujan_ringan,64,4.5
2024-02-14,P006,Sandal harian,fashion,54500,16,9,7,381500,0,0,0,offline,Wednesday,0,2,0,hujan_ringan,64,4.1
2024-02-14,P007,Sabun cuci literan,kebutuhan_rumah,17000,34,11,23,391000,0,0,0,campuran,Wednesday,0,2,0,hujan_ringan,64,4.0
2024-02-14,P008,Beras 5 kg,kebutuhan_rumah,72500,17,9,8,580000,0,0,0,offline,Wednesday,0,2,0,hujan_ringan,64,4.5
2024-02-14,P009,Minyak goreng 1 liter,kebutuhan_rumah,18500,27,9,18,333000,0,0,0,online,Wednesday,0,2,0,hujan_ringan,64,4.4
2024-02-14,P010,Aksesori ponsel,aksesoris,25500,17,0,17,433500,0,0,0,online,Wednesday,0,2,0,hujan_ringan,64,4.2
2024-02-14,P011,Buket mini,kerajinan,48000,14,2,12,576000,0,0,0,campuran,Wednesday,0,2,0,hujan_ringan,64,4.5
2024-02-14,P012,Paket hampers,kerajinan,97000,7,0,7,679000,0,0,0,offline,Wednesday,0,2,0,hujan_ringan,64,4.6
2024-02-15,P001,Paket nasi lauk,makanan_minuman,17000,68,31,37,629000,0,0,0,offline,Thursday,0,2,0,berawan,94,4.5
2024-02-15,P002,Minuman kopi susu,makanan_minuman,15000,65,30,35,525000,0,0,0,campuran,Thursday,0,2,0,berawan,94,4.7
2024-02-15,P003,Snack kemasan lokal,makanan_minuman,8500,65,19,46,391000,0,0,0,offline,Thursday,0,2,0,berawan,94,4.1
2024-02-15,P004,Kaos basic,fashion,68000,10,0,10,680000,0,0,0,online,Thursday,0,2,0,berawan,94,4.1
2024-02-15,P005,Hijab polos,fashion,42000,27,14,13,546000,0,0,0,offline,Thursday,0,2,0,berawan,94,4.4
2024-02-15,P006,Sandal harian,fashion,54500,19,9,10,545000,0,0,0,offline,Thursday,0,2,0,berawan,94,4.0
2024-02-15,P007,Sabun cuci literan,kebutuhan_rumah,17000,49,22,27,459000,0,0,0,offline,Thursday,0,2,0,berawan,94,4.0
2024-02-15,P008,Beras 5 kg,kebutuhan_rumah,74500,21,7,14,1043000,0,0,0,offline,Thursday,0,2,0,berawan,94,4.5
2024-02-15,P009,Minyak goreng 1 liter,kebutuhan_rumah,19000,43,13,30,570000,0,0,0,offline,Thursday,0,2,0,berawan,94,4.6
2024-02-15,P010,Aksesori ponsel,aksesoris,25500,22,0,22,561000,0,0,0,offline,Thursday,0,2,0,berawan,94,3.9
2024-02-15,P011,Buket mini,kerajinan,47000,16,1,15,705000,0,0,0,online,Thursday,0,2,0,berawan,94,4.7
2024-02-15,P012,Paket hampers,kerajinan,102000,13,10,3,306000,0,0,0,online,Thursday,0,2,0,berawan,94,4.5
2024-02-16,P001,Paket nasi lauk,makanan_minuman,18000,41,0,41,738000,0,0,0,offline,Friday,0,2,0,cerah,107,4.6
2024-02-16,P002,Minuman kopi susu,makanan_minuman,14500,70,18,52,716300,5,1,37700,offline,Friday,0,2,0,cerah,107,4.4
2024-02-16,P003,Snack kemasan lokal,makanan_minuman,9000,66,25,41,369000,0,0,0,offline,Friday,0,2,0,cerah,107,4.1
2024-02-16,P004,Kaos basic,fashion,61000,19,11,8,488000,0,0,0,online,Friday,0,2,0,cerah,107,4.2
2024-02-16,P005,Hijab polos,fashion,45000,42,23,19,726800,15,1,128200,online,Friday,0,2,0,cerah,107,4.6
2024-02-16,P006,Sandal harian,fashion,55000,11,3,8,440000,0,0,0,offline,Friday,0,2,0,cerah,107,4.1
2024-02-16,P007,Sabun cuci literan,kebutuhan_rumah,16500,34,11,23,379500,0,0,0,online,Friday,0,2,0,cerah,107,4.1
2024-02-16,P008,Beras 5 kg,kebutuhan_rumah,71000,20,6,14,994000,0,0,0,campuran,Friday,0,2,0,cerah,107,4.6
2024-02-16,P009,Minyak goreng 1 liter,kebutuhan_rumah,17000,43,10,33,561000,0,0,0,offline,Friday,0,2,0,cerah,107,4.5
2024-02-16,P010,Aksesori ponsel,aksesoris,25500,30,9,21,535500,0,0,0,online,Friday,0,2,0,cerah,107,3.8
2024-02-16,P011,Buket mini,kerajinan,45500,17,8,9,409500,0,0,0,offline,Friday,0,2,0,cerah,107,4.7
2024-02-16,P012,Paket hampers,kerajinan,96500,16,8,8,772000,0,0,0,offline,Friday,0,2,0,cerah,107,4.4
2024-02-17,P001,Paket nasi lauk,makanan_minuman,18500,65,12,53,980500,0,0,0,offline,Saturday,1,2,0,cerah,146,4.5
2024-02-17,P002,Minuman kopi susu,makanan_minuman,14500,106,20,86,1184600,5,1,62400,offline,Saturday,1,2,0,cerah,146,4.6
2024-02-17,P003,Snack kemasan lokal,makanan_minuman,9000,72,0,72,648000,0,0,0,campuran,Saturday,1,2,0,cerah,146,4.3
2024-02-17,P004,Kaos basic,fashion,68000,36,15,21,1285200,10,1,142800,offline,Saturday,1,2,0,cerah,146,4.4
2024-02-17,P005,Hijab polos,fashion,40500,43,16,27,1093500,0,0,0,campuran,Saturday,1,2,0,cerah,146,4.2
2024-02-17,P006,Sandal harian,fashion,56500,17,2,15,847500,0,0,0,online,Saturday,1,2,0,cerah,146,4.2
2024-02-17,P007,Sabun cuci literan,kebutuhan_rumah,17000,81,28,53,856000,5,1,45000,offline,Saturday,1,2,0,cerah,146,4.2
2024-02-17,P008,Beras 5 kg,kebutuhan_rumah,69500,45,14,31,1939000,10,1,215400,offline,Saturday,1,2,0,cerah,146,4.3
2024-02-17,P009,Minyak goreng 1 liter,kebutuhan_rumah,20000,54,17,37,740000,0,0,0,online,Saturday,1,2,0,cerah,146,4.4
2024-02-17,P010,Aksesori ponsel,aksesoris,25500,41,11,30,765000,0,0,0,offline,Saturday,1,2,0,cerah,146,4.0
2024-02-17,P011,Buket mini,kerajinan,43500,36,1,35,1294100,15,1,228400,offline,Saturday,1,2,0,cerah,146,4.5
2024-02-17,P012,Paket hampers,kerajinan,94000,23,16,7,658000,0,0,0,offline,Saturday,1,2,0,cerah,146,4.4
2024-02-18,P001,Paket nasi lauk,makanan_minuman,18000,75,25,50,900000,0,0,0,offline,Sunday,1,2,0,cerah,162,4.5
2024-02-18,P002,Minuman kopi susu,makanan_minuman,15000,99,43,56,840000,0,0,0,offline,Sunday,1,2,0,cerah,162,4.5
2024-02-18,P003,Snack kemasan lokal,makanan_minuman,9000,130,60,70,630000,0,0,0,offline,Sunday,1,2,0,cerah,162,4.2
2024-02-18,P004,Kaos basic,fashion,68500,29,12,17,1164500,0,0,0,offline,Sunday,1,2,0,cerah,162,4.3
2024-02-18,P005,Hijab polos,fashion,42000,35,7,28,1176000,0,0,0,campuran,Sunday,1,2,0,cerah,162,4.6
2024-02-18,P006,Sandal harian,fashion,56000,22,9,13,728000,0,0,0,online,Sunday,1,2,0,cerah,162,4.3
2024-02-18,P007,Sabun cuci literan,kebutuhan_rumah,18000,60,7,53,954000,0,0,0,campuran,Sunday,1,2,0,cerah,162,4.4
2024-02-18,P008,Beras 5 kg,kebutuhan_rumah,75500,42,23,19,1434500,0,0,0,campuran,Sunday,1,2,0,cerah,162,4.7
2024-02-18,P009,Minyak goreng 1 liter,kebutuhan_rumah,19000,58,19,39,741000,0,0,0,campuran,Sunday,1,2,0,cerah,162,4.3
2024-02-18,P010,Aksesori ponsel,aksesoris,24000,54,17,37,888000,0,0,0,online,Sunday,1,2,0,cerah,162,4.0
2024-02-18,P011,Buket mini,kerajinan,48000,31,18,13,624000,0,0,0,campuran,Sunday,1,2,0,cerah,162,4.4
2024-02-18,P012,Paket hampers,kerajinan,94500,20,10,10,945000,0,0,0,offline,Sunday,1,2,0,cerah,162,4.7
2024-02-19,P001,Paket nasi lauk,makanan_minuman,18000,57,13,44,792000,0,0,0,offline,Monday,0,2,0,berawan,105,4.7
2024-02-19,P002,Minuman kopi susu,makanan_minuman,14500,94,41,53,691600,10,1,76800,campuran,Monday,0,2,0,berawan,105,4.3
2024-02-19,P003,Snack kemasan lokal,makanan_minuman,9000,55,14,41,369000,0,0,0,offline,Monday,0,2,0,berawan,105,4.0
2024-02-19,P004,Kaos basic,fashion,64000,14,6,8,512000,0,0,0,online,Monday,0,2,0,berawan,105,4.2
2024-02-19,P005,Hijab polos,fashion,43000,25,8,17,731000,0,0,0,online,Monday,0,2,0,berawan,105,4.6
2024-02-19,P006,Sandal harian,fashion,55000,16,0,16,880000,0,0,0,campuran,Monday,0,2,0,berawan,105,4.0
2024-02-19,P007,Sabun cuci literan,kebutuhan_rumah,17000,36,10,26,442000,0,0,0,campuran,Monday,0,2,0,berawan,105,4.3
2024-02-19,P008,Beras 5 kg,kebutuhan_rumah,80000,23,8,15,1200000,0,0,0,offline,Monday,0,2,0,berawan,105,4.6
2024-02-19,P009,Minyak goreng 1 liter,kebutuhan_rumah,20000,46,16,30,600000,0,0,0,offline,Monday,0,2,0,berawan,105,4.2
2024-02-19,P010,Aksesori ponsel,aksesoris,25500,38,17,21,535500,0,0,0,campuran,Monday,0,2,0,berawan,105,3.9
2024-02-19,P011,Buket mini,kerajinan,42000,23,11,12,504000,0,0,0,campuran,Monday,0,2,0,berawan,105,4.9
2024-02-19,P012,Paket hampers,kerajinan,93000,9,1,8,744000,0,0,0,offline,Monday,0,2,0,berawan,105,4.7
2024-02-20,P001,Paket nasi lauk,makanan_minuman,18500,38,16,22,407000,0,0,0,online,Tuesday,0,2,0,berawan,84,4.5
2024-02-20,P002,Minuman kopi susu,makanan_minuman,15000,69,26,43,645000,0,0,0,campuran,Tuesday,0,2,0,berawan,84,4.7
2024-02-20,P003,Snack kemasan lokal,makanan_minuman,9500,73,23,50,475000,0,0,0,offline,Tuesday,0,2,0,berawan,84,4.3
2024-02-20,P004,Kaos basic,fashion,66500,29,4,25,1579400,5,1,83100,campuran,Tuesday,0,2,0,berawan,84,4.4
2024-02-20,P005,Hijab polos,fashion,41000,21,6,15,615000,0,0,0,online,Tuesday,0,2,0,berawan,84,4.4
2024-02-20,P006,Sandal harian,fashion,55500,13,9,4,222000,0,0,0,online,Tuesday,0,2,0,berawan,84,4.2
2024-02-20,P007,Sabun cuci literan,kebutuhan_rumah,17000,59,31,28,404600,15,1,71400,campuran,Tuesday,0,2,0,berawan,84,4.1
2024-02-20,P008,Beras 5 kg,kebutuhan_rumah,73500,19,10,9,661500,0,0,0,offline,Tuesday,0,2,0,berawan,84,4.7
2024-02-20,P009,Minyak goreng 1 liter,kebutuhan_rumah,19000,44,21,23,437000,0,0,0,offline,Tuesday,0,2,0,berawan,84,4.3
2024-02-20,P010,Aksesori ponsel,aksesoris,25000,36,20,16,400000,0,0,0,offline,Tuesday,0,2,0,berawan,84,4.3
2024-02-20,P011,Buket mini,kerajinan,45000,24,14,10,450000,0,0,0,campuran,Tuesday,0,2,0,berawan,84,4.7
2024-02-20,P012,Paket hampers,kerajinan,98000,10,3,7,686000,0,0,0,online,Tuesday,0,2,0,berawan,84,4.7
2024-02-21,P001,Paket nasi lauk,makanan_minuman,17500,52,15,37,647500,0,0,0,offline,Wednesday,0,2,0,berawan,111,4.3
2024-02-21,P002,Minuman kopi susu,makanan_minuman,15500,65,19,46,713000,0,0,0,offline,Wednesday,0,2,0,berawan,111,4.6
2024-02-21,P003,Snack kemasan lokal,makanan_minuman,8500,74,30,44,374000,0,0,0,offline,Wednesday,0,2,0,berawan,111,4.0
2024-02-21,P004,Kaos basic,fashion,67000,28,12,16,857600,20,1,214400,online,Wednesday,0,2,0,berawan,111,4.5
2024-02-21,P005,Hijab polos,fashion,43500,21,14,7,304500,0,0,0,online,Wednesday,0,2,0,berawan,111,4.3
2024-02-21,P006,Sandal harian,fashion,56500,15,2,13,734500,0,0,0,campuran,Wednesday,0,2,0,berawan,111,4.3
2024-02-21,P007,Sabun cuci literan,kebutuhan_rumah,17000,31,10,21,357000,0,0,0,offline,Wednesday,0,2,0,berawan,111,4.1
2024-02-21,P008,Beras 5 kg,kebutuhan_rumah,73000,25,10,15,1095000,0,0,0,campuran,Wednesday,0,2,0,berawan,111,4.7
2024-02-21,P009,Minyak goreng 1 liter,kebutuhan_rumah,18000,60,17,43,619200,20,1,154800,online,Wednesday,0,2,0,berawan,111,4.4
2024-02-21,P010,Aksesori ponsel,aksesoris,24000,25,9,16,384000,0,0,0,online,Wednesday,0,2,0,berawan,111,4.2
2024-02-21,P011,Buket mini,kerajinan,46000,19,5,14,644000,0,0,0,campuran,Wednesday,0,2,0,berawan,111,4.6
2024-02-21,P012,Paket hampers,kerajinan,100000,12,5,7,700000,0,0,0,online,Wednesday,0,2,0,berawan,111,4.7
2024-02-22,P001,Paket nasi lauk,makanan_minuman,18000,61,30,31,558000,0,0,0,online,Thursday,0,2,0,cerah,88,4.8
2024-02-22,P002,Minuman kopi susu,makanan_minuman,15000,54,0,54,729000,10,1,81000,offline,Thursday,0,2,0,cerah,88,4.3
2024-02-22,P003,Snack kemasan lokal,makanan_minuman,9000,67,32,35,315000,0,0,0,offline,Thursday,0,2,0,cerah,88,4.1
2024-02-22,P004,Kaos basic,fashion,64000,12,3,9,576000,0,0,0,online,Thursday,0,2,0,cerah,88,4.4
2024-02-22,P005,Hijab polos,fashion,44000,16,8,8,352000,0,0,0,online,Thursday,0,2,0,cerah,88,4.4
2024-02-22,P006,Sandal harian,fashion,56500,12,5,7,395500,0,0,0,offline,Thursday,0,2,0,cerah,88,4.1
2024-02-22,P007,Sabun cuci literan,kebutuhan_rumah,17000,50,16,34,549100,5,1,28900,online,Thursday,0,2,0,cerah,88,4.1
2024-02-22,P008,Beras 5 kg,kebutuhan_rumah,69000,21,1,20,1380000,0,0,0,offline,Thursday,0,2,0,cerah,88,4.4
2024-02-22,P009,Minyak goreng 1 liter,kebutuhan_rumah,20000,48,27,21,420000,0,0,0,offline,Thursday,0,2,0,cerah,88,4.5
2024-02-22,P010,Aksesori ponsel,aksesoris,25000,43,15,28,665000,5,1,35000,offline,Thursday,0,2,0,cerah,88,3.9
2024-02-22,P011,Buket mini,kerajinan,45500,23,17,6,273000,0,0,0,online,Thursday,0,2,0,cerah,88,4.7
2024-02-22,P012,Paket hampers,kerajinan,94000,9,2,7,658000,0,0,0,offline,Thursday,0,2,0,cerah,88,4.7
2024-02-23,P001,Paket nasi lauk,makanan_minuman,18500,49,14,35,550400,15,1,97100,offline,Friday,0,2,0,hujan_deras,59,4.6
2024-02-23,P002,Minuman kopi susu,makanan_minuman,15000,35,2,33,495000,0,0,0,offline,Friday,0,2,0,hujan_deras,59,4.7
2024-02-23,P003,Snack kemasan lokal,makanan_minuman,9000,43,11,32,288000,0,0,0,online,Friday,0,2,0,hujan_deras,59,4.2
2024-02-23,P004,Kaos basic,fashion,67000,9,2,7,469000,0,0,0,online,Friday,0,2,0,hujan_deras,59,4.7
2024-02-23,P005,Hijab polos,fashion,41500,27,6,21,784400,10,1,87200,offline,Friday,0,2,0,hujan_deras,59,4.6
2024-02-23,P006,Sandal harian,fashion,58500,6,0,6,351000,0,0,0,offline,Friday,0,2,0,hujan_deras,59,4.2
2024-02-23,P007,Sabun cuci literan,kebutuhan_rumah,17500,29,9,20,350000,0,0,0,online,Friday,0,2,0,hujan_deras,59,4.0
2024-02-23,P008,Beras 5 kg,kebutuhan_rumah,68500,17,4,13,890500,0,0,0,campuran,Friday,0,2,0,hujan_deras,59,4.6
2024-02-23,P009,Minyak goreng 1 liter,kebutuhan_rumah,19000,39,13,26,419900,15,1,74100,online,Friday,0,2,0,hujan_deras,59,4.4
2024-02-23,P010,Aksesori ponsel,aksesoris,25500,21,4,17,433500,0,0,0,campuran,Friday,0,2,0,hujan_deras,59,3.9
2024-02-23,P011,Buket mini,kerajinan,44500,14,2,12,453900,15,1,80100,online,Friday,0,2,0,hujan_deras,59,4.7
2024-02-23,P012,Paket hampers,kerajinan,101500,7,2,5,507500,0,0,0,offline,Friday,0,2,0,hujan_deras,59,4.5
2024-02-24,P001,Paket nasi lauk,makanan_minuman,18500,89,44,45,832500,0,0,0,online,Saturday,1,2,0,berawan,125,4.4
2024-02-24,P002,Minuman kopi susu,makanan_minuman,15500,82,36,46,713000,0,0,0,online,Saturday,1,2,0,berawan,125,4.4
2024-02-24,P003,Snack kemasan lokal,makanan_minuman,9000,78,27,51,459000,0,0,0,online,Saturday,1,2,0,berawan,125,4.3
2024-02-24,P004,Kaos basic,fashion,64500,26,8,18,1161000,0,0,0,campuran,Saturday,1,2,0,berawan,125,4.4
2024-02-24,P005,Hijab polos,fashion,42500,34,1,33,1262200,10,1,140200,offline,Saturday,1,2,0,berawan,125,4.3
2024-02-24,P006,Sandal harian,fashion,57500,20,9,11,632500,0,0,0,offline,Saturday,1,2,0,berawan,125,4.2
2024-02-24,P007,Sabun cuci literan,kebutuhan_rumah,17500,79,40,39,614200,10,1,68200,online,Saturday,1,2,0,berawan,125,4.3
2024-02-24,P008,Beras 5 kg,kebutuhan_rumah,68000,28,11,17,1156000,0,0,0,campuran,Saturday,1,2,0,berawan,125,4.6
2024-02-24,P009,Minyak goreng 1 liter,kebutuhan_rumah,19000,68,27,41,623200,20,1,155800,online,Saturday,1,2,0,berawan,125,4.5
2024-02-24,P010,Aksesori ponsel,aksesoris,25000,55,17,38,807500,15,1,142500,offline,Saturday,1,2,0,berawan,125,4.0
2024-02-24,P011,Buket mini,kerajinan,45000,28,18,10,450000,0,0,0,offline,Saturday,1,2,0,berawan,125,4.7
2024-02-24,P012,Paket hampers,kerajinan,94000,20,5,15,1269000,10,1,141000,campuran,Saturday,1,2,0,berawan,125,4.6
2024-02-25,P001,Paket nasi lauk,makanan_minuman,19000,75,25,50,950000,0,0,0,offline,Sunday,1,2,0,hujan_ringan,124,4.7
2024-02-25,P002,Minuman kopi susu,makanan_minuman,15000,104,45,59,840800,5,1,44200,offline,Sunday,1,2,0,hujan_ringan,124,4.3
2024-02-25,P003,Snack kemasan lokal,makanan_minuman,9500,75,16,59,560500,0,0,0,online,Sunday,1,2,0,hujan_ringan,124,4.2
2024-02-25,P004,Kaos basic,fashion,66000,32,14,18,1069200,10,1,118800,offline,Sunday,1,2,0,hujan_ringan,124,4.2
2024-02-25,P005,Hijab polos,fashion,42500,29,9,20,850000,0,0,0,online,Sunday,1,2,0,hujan_ringan,124,4.5
2024-02-25,P006,Sandal harian,fashion,57000,36,16,20,1026000,10,1,114000,offline,Sunday,1,2,0,hujan_ringan,124,3.9
2024-02-25,P007,Sabun cuci literan,kebutuhan_rumah,16500,45,20,25,412500,0,0,0,offline,Sunday,1,2,0,hujan_ringan,124,4.0
2024-02-25,P008,Beras 5 kg,kebutuhan_rumah,73000,40,21,19,1248300,10,1,138700,online,Sunday,1,2,0,hujan_ringan,124,4.8
2024-02-25,P009,Minyak goreng 1 liter,kebutuhan_rumah,19500,85,24,61,1130000,5,1,59500,campuran,Sunday,1,2,0,hujan_ringan,124,4.4
2024-02-25,P010,Aksesori ponsel,aksesoris,26000,48,23,25,650000,0,0,0,campuran,Sunday,1,2,0,hujan_ringan,124,3.9
2024-02-25,P011,Buket mini,kerajinan,44500,33,12,21,887800,5,1,46700,online,Sunday,1,2,0,hujan_ringan,124,4.7
2024-02-25,P012,Paket hampers,kerajinan,98500,14,1,13,1280500,0,0,0,offline,Sunday,1,2,0,hujan_ringan,124,4.9
2024-02-26,P001,Paket nasi lauk,makanan_minuman,18000,68,33,35,630000,0,0,0,campuran,Monday,0,2,0,cerah,99,4.6
2024-02-26,P002,Minuman kopi susu,makanan_minuman,14500,104,38,66,813400,15,1,143600,campuran,Monday,0,2,0,cerah,99,4.4
2024-02-26,P003,Snack kemasan lokal,makanan_minuman,9000,93,50,43,387000,0,0,0,offline,Monday,0,2,0,cerah,99,4.3
2024-02-26,P004,Kaos basic,fashion,65000,29,12,17,994500,10,1,110500,campuran,Monday,0,2,0,cerah,99,4.3
2024-02-26,P005,Hijab polos,fashion,40000,23,7,16,640000,0,0,0,campuran,Monday,0,2,0,cerah,99,4.6
2024-02-26,P006,Sandal harian,fashion,53500,21,5,16,813200,5,1,42800,offline,Monday,0,2,0,cerah,99,3.9
2024-02-26,P007,Sabun cuci literan,kebutuhan_rumah,17000,44,27,17,289000,0,0,0,offline,Monday,0,2,0,cerah,99,4.3
2024-02-26,P008,Beras 5 kg,kebutuhan_rumah,67500,25,18,7,472500,0,0,0,offline,Monday,0,2,0,cerah,99,5.0
2024-02-26,P009,Minyak goreng 1 liter,kebutuhan_rumah,18000,53,18,35,630000,0,0,0,campuran,Monday,0,2,0,cerah,99,4.3
2024-02-26,P010,Aksesori ponsel,aksesoris,26000,32,16,16,416000,0,0,0,campuran,Monday,0,2,0,cerah,99,4.2
2024-02-26,P011,Buket mini,kerajinan,47500,27,7,20,902500,5,1,47500,offline,Monday,0,2,0,cerah,99,4.7
2024-02-26,P012,Paket hampers,kerajinan,93500,12,7,5,467500,0,0,0,offline,Monday,0,2,0,cerah,99,4.7
2024-02-27,P001,Paket nasi lauk,makanan_minuman,18000,49,20,29,522000,0,0,0,online,Tuesday,0,2,0,cerah,110,4.4
2024-02-27,P002,Minuman kopi susu,makanan_minuman,16000,67,23,44,704000,0,0,0,offline,Tuesday,0,2,0,cerah,110,4.4
2024-02-27,P003,Snack kemasan lokal,makanan_minuman,8000,99,35,64,512000,0,0,0,campuran,Tuesday,0,2,0,cerah,110,4.2
2024-02-27,P004,Kaos basic,fashion,66500,20,6,14,931000,0,0,0,offline,Tuesday,0,2,0,cerah,110,4.1
2024-02-27,P005,Hijab polos,fashion,42000,22,3,19,798000,0,0,0,campuran,Tuesday,0,2,0,cerah,110,4.6
2024-02-27,P006,Sandal harian,fashion,55000,14,1,13,715000,0,0,0,offline,Tuesday,0,2,0,cerah,110,4.3
2024-02-27,P007,Sabun cuci literan,kebutuhan_rumah,16500,39,9,30,495000,0,0,0,offline,Tuesday,0,2,0,cerah,110,4.3
2024-02-27,P008,Beras 5 kg,kebutuhan_rumah,68500,18,0,18,1233000,0,0,0,offline,Tuesday,0,2,0,cerah,110,4.7
2024-02-27,P009,Minyak goreng 1 liter,kebutuhan_rumah,19000,40,17,23,437000,0,0,0,offline,Tuesday,0,2,0,cerah,110,4.7
2024-02-27,P010,Aksesori ponsel,aksesoris,25500,33,19,14,357000,0,0,0,online,Tuesday,0,2,0,cerah,110,4.0
2024-02-27,P011,Buket mini,kerajinan,43500,20,4,16,696000,0,0,0,offline,Tuesday,0,2,0,cerah,110,4.8
2024-02-27,P012,Paket hampers,kerajinan,97000,15,8,7,679000,0,0,0,offline,Tuesday,0,2,0,cerah,110,4.9
2024-02-28,P001,Paket nasi lauk,makanan_minuman,16500,68,32,36,594000,0,0,0,campuran,Wednesday,0,2,0,berawan,123,4.3
2024-02-28,P002,Minuman kopi susu,makanan_minuman,16000,51,11,40,640000,0,0,0,online,Wednesday,0,2,0,berawan,123,4.3
2024-02-28,P003,Snack kemasan lokal,makanan_minuman,9500,87,41,46,437000,0,0,0,offline,Wednesday,0,2,0,berawan,123,4.1
2024-02-28,P004,Kaos basic,fashion,65500,18,5,13,851500,0,0,0,offline,Wednesday,0,2,0,berawan,123,4.5
2024-02-28,P005,Hijab polos,fashion,41500,30,8,22,913000,0,0,0,campuran,Wednesday,0,2,0,berawan,123,4.7
2024-02-28,P006,Sandal harian,fashion,54000,31,19,12,550800,15,1,97200,offline,Wednesday,0,2,0,berawan,123,4.1
2024-02-28,P007,Sabun cuci literan,kebutuhan_rumah,17500,68,26,42,661500,10,1,73500,offline,Wednesday,0,2,0,berawan,123,4.2
2024-02-28,P008,Beras 5 kg,kebutuhan_rumah,72000,24,7,17,1040400,15,1,183600,online,Wednesday,0,2,0,berawan,123,4.8
2024-02-28,P009,Minyak goreng 1 liter,kebutuhan_rumah,20500,48,14,34,697000,0,0,0,campuran,Wednesday,0,2,0,berawan,123,4.1
2024-02-28,P010,Aksesori ponsel,aksesoris,24500,26,4,22,539000,0,0,0,online,Wednesday,0,2,0,berawan,123,4.0
2024-02-28,P011,Buket mini,kerajinan,42500,18,10,8,340000,0,0,0,offline,Wednesday,0,2,0,berawan,123,4.7
2024-02-28,P012,Paket hampers,kerajinan,97000,13,5,8,776000,0,0,0,online,Wednesday,0,2,0,berawan,123,4.5
2024-02-29,P001,Paket nasi lauk,makanan_minuman,18500,26,7,19,351500,0,0,0,offline,Thursday,0,2,0,hujan_ringan,48,4.3
2024-02-29,P002,Minuman kopi susu,makanan_minuman,16000,46,11,35,560000,0,0,0,campuran,Thursday,0,2,0,hujan_ringan,48,4.5
2024-02-29,P003,Snack kemasan lokal,makanan_minuman,9000,66,33,33,297000,0,0,0,campuran,Thursday,0,2,0,hujan_ringan,48,4.1
2024-02-29,P004,Kaos basic,fashion,68500,9,2,7,479500,0,0,0,online,Thursday,0,2,0,hujan_ringan,48,4.2
2024-02-29,P005,Hijab polos,fashion,42500,18,10,8,340000,0,0,0,online,Thursday,0,2,0,hujan_ringan,48,4.4
2024-02-29,P006,Sandal harian,fashion,55000,11,6,5,275000,0,0,0,online,Thursday,0,2,0,hujan_ringan,48,4.1
2024-02-29,P007,Sabun cuci literan,kebutuhan_rumah,18000,26,5,21,378000,0,0,0,offline,Thursday,0,2,0,hujan_ringan,48,4.0
2024-02-29,P008,Beras 5 kg,kebutuhan_rumah,75000,14,7,7,525000,0,0,0,offline,Thursday,0,2,0,hujan_ringan,48,4.6
2024-02-29,P009,Minyak goreng 1 liter,kebutuhan_rumah,18500,35,14,21,388500,0,0,0,campuran,Thursday,0,2,0,hujan_ringan,48,4.4
2024-02-29,P010,Aksesori ponsel,aksesoris,24500,24,6,18,441000,0,0,0,offline,Thursday,0,2,0,hujan_ringan,48,4.0
2024-02-29,P011,Buket mini,kerajinan,45000,15,5,10,427500,5,1,22500,online,Thursday,0,2,0,hujan_ringan,48,4.8
2024-02-29,P012,Paket hampers,kerajinan,94500,10,1,9,850500,0,0,0,offline,Thursday,0,2,0,hujan_ringan,48,4.5
2024-03-01,P001,Paket nasi lauk,makanan_minuman,18000,35,6,29,522000,0,0,0,online,Friday,0,3,0,hujan_ringan,73,4.3
2024-03-01,P002,Minuman kopi susu,makanan_minuman,14500,56,23,33,478500,0,0,0,online,Friday,0,3,0,hujan_ringan,73,4.2
2024-03-01,P003,Snack kemasan lokal,makanan_minuman,8500,78,32,46,391000,0,0,0,offline,Friday,0,3,0,hujan_ringan,73,4.4
2024-03-01,P004,Kaos basic,fashion,68000,12,1,11,748000,0,0,0,online,Friday,0,3,0,hujan_ringan,73,4.7
2024-03-01,P005,Hijab polos,fashion,43500,18,2,16,696000,0,0,0,online,Friday,0,3,0,hujan_ringan,73,4.5
2024-03-01,P006,Sandal harian,fashion,51500,13,7,6,309000,0,0,0,offline,Friday,0,3,0,hujan_ringan,73,4.0
2024-03-01,P007,Sabun cuci literan,kebutuhan_rumah,17000,37,11,26,442000,0,0,0,campuran,Friday,0,3,0,hujan_ringan,73,4.1
2024-03-01,P008,Beras 5 kg,kebutuhan_rumah,76000,14,7,7,532000,0,0,0,online,Friday,0,3,0,hujan_ringan,73,4.6
2024-03-01,P009,Minyak goreng 1 liter,kebutuhan_rumah,18500,43,11,32,562400,5,1,29600,campuran,Friday,0,3,0,hujan_ringan,73,4.7
2024-03-01,P010,Aksesori ponsel,aksesoris,24500,23,8,15,367500,0,0,0,online,Friday,0,3,0,hujan_ringan,73,3.9
2024-03-01,P011,Buket mini,kerajinan,46000,18,12,6,248400,10,1,27600,online,Friday,0,3,0,hujan_ringan,73,4.7
2024-03-01,P012,Paket hampers,kerajinan,99000,5,0,5,495000,0,0,0,offline,Friday,0,3,0,hujan_ringan,73,4.5
2024-03-02,P001,Paket nasi lauk,makanan_minuman,18000,54,4,50,900000,0,0,0,campuran,Saturday,1,3,0,hujan_ringan,129,4.5
2024-03-02,P002,Minuman kopi susu,makanan_minuman,15000,82,25,57,855000,0,0,0,offline,Saturday,1,3,0,hujan_ringan,129,4.4
2024-03-02,P003,Snack kemasan lokal,makanan_minuman,8500,108,55,53,450500,0,0,0,offline,Saturday,1,3,0,hujan_ringan,129,4.2
2024-03-02,P004,Kaos basic,fashion,65500,33,18,15,933400,5,1,49100,offline,Saturday,1,3,0,hujan_ringan,129,4.3
2024-03-02,P005,Hijab polos,fashion,42000,39,21,18,756000,0,0,0,offline,Saturday,1,3,0,hujan_ringan,129,4.6
2024-03-02,P006,Sandal harian,fashion,55000,24,4,20,935000,15,1,165000,offline,Saturday,1,3,0,hujan_ringan,129,4.3
2024-03-02,P007,Sabun cuci literan,kebutuhan_rumah,17500,43,14,29,507500,0,0,0,online,Saturday,1,3,0,hujan_ringan,129,4.2
2024-03-02,P008,Beras 5 kg,kebutuhan_rumah,72500,42,10,32,2088000,10,1,232000,campuran,Saturday,1,3,0,hujan_ringan,129,4.5
2024-03-02,P009,Minyak goreng 1 liter,kebutuhan_rumah,18500,49,6,43,795500,0,0,0,offline,Saturday,1,3,0,hujan_ringan,129,4.3
2024-03-02,P010,Aksesori ponsel,aksesoris,24500,34,13,21,514500,0,0,0,online,Saturday,1,3,0,hujan_ringan,129,3.9
2024-03-02,P011,Buket mini,kerajinan,43500,16,8,8,348000,0,0,0,offline,Saturday,1,3,0,hujan_ringan,129,4.8
2024-03-02,P012,Paket hampers,kerajinan,100000,16,9,7,700000,0,0,0,offline,Saturday,1,3,0,hujan_ringan,129,4.5
2024-03-03,P001,Paket nasi lauk,makanan_minuman,17500,61,14,47,822500,0,0,0,campuran,Sunday,1,3,0,hujan_ringan,115,4.7
2024-03-03,P002,Minuman kopi susu,makanan_minuman,15500,124,53,71,935400,15,1,165100,campuran,Sunday,1,3,0,hujan_ringan,115,4.4
2024-03-03,P003,Snack kemasan lokal,makanan_minuman,9500,64,20,44,418000,0,0,0,offline,Sunday,1,3,0,hujan_ringan,115,4.0
2024-03-03,P004,Kaos basic,fashion,66500,28,6,22,1316700,10,1,146300,online,Sunday,1,3,0,hujan_ringan,115,4.3
2024-03-03,P005,Hijab polos,fashion,38000,28,4,24,912000,0,0,0,campuran,Sunday,1,3,0,hujan_ringan,115,4.5
2024-03-03,P006,Sandal harian,fashion,55000,19,9,10,550000,0,0,0,offline,Sunday,1,3,0,hujan_ringan,115,4.1
2024-03-03,P007,Sabun cuci literan,kebutuhan_rumah,17500,38,7,31,542500,0,0,0,online,Sunday,1,3,0,hujan_ringan,115,4.4
2024-03-03,P008,Beras 5 kg,kebutuhan_rumah,72000,27,17,10,720000,0,0,0,offline,Sunday,1,3,0,hujan_ringan,115,4.7
2024-03-03,P009,Minyak goreng 1 liter,kebutuhan_rumah,19000,48,20,28,532000,0,0,0,online,Sunday,1,3,0,hujan_ringan,115,4.3
2024-03-03,P010,Aksesori ponsel,aksesoris,26500,39,14,25,662500,0,0,0,offline,Sunday,1,3,0,hujan_ringan,115,4.0
2024-03-03,P011,Buket mini,kerajinan,46500,13,1,12,558000,0,0,0,online,Sunday,1,3,0,hujan_ringan,115,4.8
2024-03-03,P012,Paket hampers,kerajinan,98500,9,0,9,886500,0,0,0,online,Sunday,1,3,0,hujan_ringan,115,4.7
2024-03-04,P001,Paket nasi lauk,makanan_minuman,18000,47,16,31,558000,0,0,0,offline,Monday,0,3,0,berawan,88,4.5
2024-03-04,P002,Minuman kopi susu,makanan_minuman,14500,58,27,31,449500,0,0,0,offline,Monday,0,3,0,berawan,88,4.3
2024-03-04,P003,Snack kemasan lokal,makanan_minuman,8500,79,16,63,428400,20,1,107100,online,Monday,0,3,0,berawan,88,4.4
2024-03-04,P004,Kaos basic,fashion,70500,7,0,7,493500,0,0,0,online,Monday,0,3,0,berawan,88,4.2
2024-03-04,P005,Hijab polos,fashion,43000,40,17,23,939600,5,1,49400,offline,Monday,0,3,0,berawan,88,4.5
2024-03-04,P006,Sandal harian,fashion,53000,18,11,7,371000,0,0,0,offline,Monday,0,3,0,berawan,88,4.0
2024-03-04,P007,Sabun cuci literan,kebutuhan_rumah,16500,42,22,20,330000,0,0,0,online,Monday,0,3,0,berawan,88,4.0
2024-03-04,P008,Beras 5 kg,kebutuhan_rumah,71000,22,15,7,497000,0,0,0,offline,Monday,0,3,0,berawan,88,4.5
2024-03-04,P009,Minyak goreng 1 liter,kebutuhan_rumah,18500,36,9,27,499500,0,0,0,campuran,Monday,0,3,0,berawan,88,4.1
2024-03-04,P010,Aksesori ponsel,aksesoris,26000,23,10,13,338000,0,0,0,online,Monday,0,3,0,berawan,88,3.7
2024-03-04,P011,Buket mini,kerajinan,48000,8,0,8,384000,0,0,0,offline,Monday,0,3,0,berawan,88,4.7
2024-03-04,P012,Paket hampers,kerajinan,95000,7,3,4,380000,0,0,0,online,Monday,0,3,0,berawan,88,4.7
2024-03-05,P001,Paket nasi lauk,makanan_minuman,18500,41,10,31,573500,0,0,0,online,Tuesday,0,3,0,berawan,78,4.4
2024-03-05,P002,Minuman kopi susu,makanan_minuman,15000,70,35,35,525000,0,0,0,offline,Tuesday,0,3,0,berawan,78,4.7
2024-03-05,P003,Snack kemasan lokal,makanan_minuman,8500,87,49,38,323000,0,0,0,campuran,Tuesday,0,3,0,berawan,78,4.0
2024-03-05,P004,Kaos basic,fashion,62500,11,0,11,687500,0,0,0,offline,Tuesday,0,3,0,berawan,78,4.2
2024-03-05,P005,Hijab polos,fashion,42500,19,4,15,637500,0,0,0,offline,Tuesday,0,3,0,berawan,78,4.8
2024-03-05,P006,Sandal harian,fashion,52000,19,2,17,884000,0,0,0,campuran,Tuesday,0,3,0,berawan,78,4.1
2024-03-05,P007,Sabun cuci literan,kebutuhan_rumah,16500,40,21,19,313500,0,0,0,offline,Tuesday,0,3,0,berawan,78,4.1
2024-03-05,P008,Beras 5 kg,kebutuhan_rumah,72500,17,13,4,290000,0,0,0,online,Tuesday,0,3,0,berawan,78,4.6
2024-03-05,P009,Minyak goreng 1 liter,kebutuhan_rumah,18500,48,22,26,481000,0,0,0,online,Tuesday,0,3,0,berawan,78,4.6
2024-03-05,P010,Aksesori ponsel,aksesoris,24500,19,2,17,416500,0,0,0,online,Tuesday,0,3,0,berawan,78,4.1
2024-03-05,P011,Buket mini,kerajinan,45000,12,10,2,90000,0,0,0,offline,Tuesday,0,3,0,berawan,78,5.0
2024-03-05,P012,Paket hampers,kerajinan,95000,9,3,6,570000,0,0,0,campuran,Tuesday,0,3,0,berawan,78,4.6
2024-03-06,P001,Paket nasi lauk,makanan_minuman,18000,41,14,27,486000,0,0,0,campuran,Wednesday,0,3,0,hujan_ringan,85,4.6
2024-03-06,P002,Minuman kopi susu,makanan_minuman,16000,50,8,42,672000,0,0,0,offline,Wednesday,0,3,0,hujan_ringan,85,4.3
2024-03-06,P003,Snack kemasan lokal,makanan_minuman,9500,90,35,55,496400,5,1,26100,campuran,Wednesday,0,3,0,hujan_ringan,85,4.2
2024-03-06,P004,Kaos basic,fashion,63000,13,6,7,441000,0,0,0,offline,Wednesday,0,3,0,hujan_ringan,85,4.3
2024-03-06,P005,Hijab polos,fashion,40500,30,10,20,769500,5,1,40500,campuran,Wednesday,0,3,0,hujan_ringan,85,4.5
2024-03-06,P006,Sandal harian,fashion,54500,10,0,10,545000,0,0,0,offline,Wednesday,0,3,0,hujan_ringan,85,4.0
2024-03-06,P007,Sabun cuci literan,kebutuhan_rumah,16000,25,2,23,368000,0,0,0,online,Wednesday,0,3,0,hujan_ringan,85,4.2
2024-03-06,P008,Beras 5 kg,kebutuhan_rumah,68500,17,7,10,685000,0,0,0,offline,Wednesday,0,3,0,hujan_ringan,85,4.5
2024-03-06,P009,Minyak goreng 1 liter,kebutuhan_rumah,19000,37,9,28,505400,5,1,26600,offline,Wednesday,0,3,0,hujan_ringan,85,4.4
2024-03-06,P010,Aksesori ponsel,aksesoris,24500,21,0,21,514500,0,0,0,online,Wednesday,0,3,0,hujan_ringan,85,3.9
2024-03-06,P011,Buket mini,kerajinan,45500,10,0,10,455000,0,0,0,online,Wednesday,0,3,0,hujan_ringan,85,4.6
2024-03-06,P012,Paket hampers,kerajinan,94500,4,0,4,378000,0,0,0,online,Wednesday,0,3,0,hujan_ringan,85,4.4
2024-03-07,P001,Paket nasi lauk,makanan_minuman,17500,41,12,29,507500,0,0,0,online,Thursday,0,3,0,hujan_ringan,100,4.8
2024-03-07,P002,Minuman kopi susu,makanan_minuman,14500,56,15,41,594500,0,0,0,campuran,Thursday,0,3,0,hujan_ringan,100,4.5
2024-03-07,P003,Snack kemasan lokal,makanan_minuman,9000,57,18,39,351000,0,0,0,campuran,Thursday,0,3,0,hujan_ringan,100,4.2
2024-03-07,P004,Kaos basic,fashion,67500,12,7,5,337500,0,0,0,online,Thursday,0,3,0,hujan_ringan,100,4.3
2024-03-07,P005,Hijab polos,fashion,39500,15,3,12,474000,0,0,0,online,Thursday,0,3,0,hujan_ringan,100,4.3
2024-03-07,P006,Sandal harian,fashion,54000,12,2,10,540000,0,0,0,online,Thursday,0,3,0,hujan_ringan,100,4.3
2024-03-07,P007,Sabun cuci literan,kebutuhan_rumah,17000,36,20,16,272000,0,0,0,offline,Thursday,0,3,0,hujan_ringan,100,4.2
2024-03-07,P008,Beras 5 kg,kebutuhan_rumah,69000,18,13,5,345000,0,0,0,online,Thursday,0,3,0,hujan_ringan,100,4.4
2024-03-07,P009,Minyak goreng 1 liter,kebutuhan_rumah,17500,49,24,25,437500,0,0,0,offline,Thursday,0,3,0,hujan_ringan,100,4.5
2024-03-07,P010,Aksesori ponsel,aksesoris,25500,46,26,20,484500,5,1,25500,offline,Thursday,0,3,0,hujan_ringan,100,4.1
2024-03-07,P011,Buket mini,kerajinan,44000,13,0,13,572000,0,0,0,online,Thursday,0,3,0,hujan_ringan,100,4.7
2024-03-07,P012,Paket hampers,kerajinan,97000,7,1,6,582000,0,0,0,online,Thursday,0,3,0,hujan_ringan,100,4.6
2024-03-08,P001,Paket nasi lauk,makanan_minuman,17500,29,0,29,507500,0,0,0,online,Friday,0,3,0,hujan_ringan,76,4.5
2024-03-08,P002,Minuman kopi susu,makanan_minuman,14500,50,30,20,290000,0,0,0,online,Friday,0,3,0,hujan_ringan,76,4.4
2024-03-08,P003,Snack kemasan lokal,makanan_minuman,9000,71,27,44,396000,0,0,0,campuran,Friday,0,3,0,hujan_ringan,76,4.4
2024-03-08,P004,Kaos basic,fashion,64500,16,5,11,709500,0,0,0,campuran,Friday,0,3,0,hujan_ringan,76,4.4
2024-03-08,P005,Hijab polos,fashion,41500,16,10,6,249000,0,0,0,online,Friday,0,3,0,hujan_ringan,76,4.5
2024-03-08,P006,Sandal harian,fashion,54000,11,4,7,378000,0,0,0,offline,Friday,0,3,0,hujan_ringan,76,4.2
2024-03-08,P007,Sabun cuci literan,kebutuhan_rumah,18000,37,2,35,630000,0,0,0,campuran,Friday,0,3,0,hujan_ringan,76,4.1
2024-03-08,P008,Beras 5 kg,kebutuhan_rumah,72500,21,9,12,870000,0,0,0,offline,Friday,0,3,0,hujan_ringan,76,4.6
2024-03-08,P009,Minyak goreng 1 liter,kebutuhan_rumah,19000,32,11,21,399000,0,0,0,online,Friday,0,3,0,hujan_ringan,76,4.4
2024-03-08,P010,Aksesori ponsel,aksesoris,24000,41,24,17,387600,5,1,20400,online,Friday,0,3,0,hujan_ringan,76,3.9
2024-03-08,P011,Buket mini,kerajinan,45500,14,4,10,364000,20,1,91000,online,Friday,0,3,0,hujan_ringan,76,4.6
2024-03-08,P012,Paket hampers,kerajinan,98500,7,3,4,394000,0,0,0,campuran,Friday,0,3,0,hujan_ringan,76,4.7
2024-03-09,P001,Paket nasi lauk,makanan_minuman,17500,66,27,39,682500,0,0,0,offline,Saturday,1,3,0,berawan,140,4.4
2024-03-09,P002,Minuman kopi susu,makanan_minuman,15000,110,42,68,969000,5,1,51000,offline,Saturday,1,3,0,berawan,140,4.2
2024-03-09,P003,Snack kemasan lokal,makanan_minuman,8500,115,54,61,518500,0,0,0,offline,Saturday,1,3,0,berawan,140,4.2
2024-03-09,P004,Kaos basic,fashion,62000,27,10,17,1054000,0,0,0,offline,Saturday,1,3,0,berawan,140,4.2
2024-03-09,P005,Hijab polos,fashion,41000,37,9,28,1148000,0,0,0,offline,Saturday,1,3,0,berawan,140,4.5
2024-03-09,P006,Sandal harian,fashion,57000,17,6,11,627000,0,0,0,offline,Saturday,1,3,0,berawan,140,3.9
2024-03-09,P007,Sabun cuci literan,kebutuhan_rumah,17500,74,13,61,854000,20,1,213500,offline,Saturday,1,3,0,berawan,140,4.1
2024-03-09,P008,Beras 5 kg,kebutuhan_rumah,76000,35,6,29,2093800,5,1,110200,offline,Saturday,1,3,0,berawan,140,4.7
2024-03-09,P009,Minyak goreng 1 liter,kebutuhan_rumah,19500,70,38,32,624000,0,0,0,online,Saturday,1,3,0,berawan,140,4.5
2024-03-09,P010,Aksesori ponsel,aksesoris,24000,36,17,19,456000,0,0,0,online,Saturday,1,3,0,berawan,140,3.9
2024-03-09,P011,Buket mini,kerajinan,44500,22,9,13,578500,0,0,0,offline,Saturday,1,3,0,berawan,140,4.9
2024-03-09,P012,Paket hampers,kerajinan,94500,13,2,11,1039500,0,0,0,online,Saturday,1,3,0,berawan,140,4.5
2024-03-10,P001,Paket nasi lauk,makanan_minuman,17500,81,21,60,1050000,0,0,0,campuran,Sunday,1,3,0,cerah,114,4.5
2024-03-10,P002,Minuman kopi susu,makanan_minuman,15000,69,21,48,720000,0,0,0,offline,Sunday,1,3,0,cerah,114,4.4
2024-03-10,P003,Snack kemasan lokal,makanan_minuman,9500,127,52,75,712500,0,0,0,campuran,Sunday,1,3,0,cerah,114,4.3
2024-03-10,P004,Kaos basic,fashion,65000,44,21,23,1345500,10,1,149500,online,Sunday,1,3,0,cerah,114,4.3
2024-03-10,P005,Hijab polos,fashion,41500,36,12,24,946200,5,1,49800,online,Sunday,1,3,0,cerah,114,4.5
2024-03-10,P006,Sandal harian,fashion,51500,26,13,13,669500,0,0,0,offline,Sunday,1,3,0,cerah,114,4.2
2024-03-10,P007,Sabun cuci literan,kebutuhan_rumah,15500,50,19,31,480500,0,0,0,online,Sunday,1,3,0,cerah,114,4.0
2024-03-10,P008,Beras 5 kg,kebutuhan_rumah,71000,27,14,13,923000,0,0,0,offline,Sunday,1,3,0,cerah,114,4.6
2024-03-10,P009,Minyak goreng 1 liter,kebutuhan_rumah,20000,64,16,48,960000,0,0,0,offline,Sunday,1,3,0,cerah,114,4.2
2024-03-10,P010,Aksesori ponsel,aksesoris,24500,40,16,24,588000,0,0,0,campuran,Sunday,1,3,0,cerah,114,4.0
2024-03-10,P011,Buket mini,kerajinan,45000,17,0,17,765000,0,0,0,offline,Sunday,1,3,0,cerah,114,4.5
2024-03-10,P012,Paket hampers,kerajinan,92500,24,11,13,962000,20,1,240500,campuran,Sunday,1,3,0,cerah,114,4.2
2024-03-11,P001,Paket nasi lauk,makanan_minuman,18000,74,34,40,720000,0,0,0,offline,Monday,0,3,0,cerah,115,4.9
2024-03-11,P002,Minuman kopi susu,makanan_minuman,14500,42,0,42,609000,0,0,0,campuran,Monday,0,3,0,cerah,115,4.3
2024-03-11,P003,Snack kemasan lokal,makanan_minuman,8500,59,10,49,416500,0,0,0,online,Monday,0,3,0,cerah,115,4.2
2024-03-11,P004,Kaos basic,fashion,64500,23,4,19,1225500,0,0,0,campuran,Monday,0,3,0,cerah,115,4.1
2024-03-11,P005,Hijab polos,fashion,42000,32,17,15,630000,0,0,0,offline,Monday,0,3,0,cerah,115,4.7
2024-03-11,P006,Sandal harian,fashion,51000,20,13,7,357000,0,0,0,offline,Monday,0,3,0,cerah,115,4.3
2024-03-11,P007,Sabun cuci literan,kebutuhan_rumah,17500,38,7,31,542500,0,0,0,campuran,Monday,0,3,0,cerah,115,4.2
2024-03-11,P008,Beras 5 kg,kebutuhan_rumah,72000,14,0,14,1008000,0,0,0,offline,Monday,0,3,0,cerah,115,4.4
2024-03-11,P009,Minyak goreng 1 liter,kebutuhan_rumah,18500,61,22,39,613300,15,1,108200,offline,Monday,0,3,0,cerah,115,4.4
2024-03-11,P010,Aksesori ponsel,aksesoris,25000,33,24,9,225000,0,0,0,online,Monday,0,3,0,cerah,115,4.0
2024-03-11,P011,Buket mini,kerajinan,45500,14,7,7,318500,0,0,0,campuran,Monday,0,3,0,cerah,115,4.6
2024-03-11,P012,Paket hampers,kerajinan,95500,4,0,4,382000,0,0,0,online,Monday,0,3,0,cerah,115,4.6
2024-03-12,P001,Paket nasi lauk,makanan_minuman,16500,60,19,41,676500,0,0,0,online,Tuesday,0,3,1,cerah,114,4.2
2024-03-12,P002,Minuman kopi susu,makanan_minuman,14500,93,39,54,783000,0,0,0,offline,Tuesday,0,3,1,cerah,114,4.4
2024-03-12,P003,Snack kemasan lokal,makanan_minuman,9000,84,36,48,432000,0,0,0,online,Tuesday,0,3,1,cerah,114,3.8
2024-03-12,P004,Kaos basic,fashion,66000,22,10,12,792000,0,0,0,offline,Tuesday,0,3,1,cerah,114,4.4
2024-03-12,P005,Hijab polos,fashion,41500,35,20,15,622500,0,0,0,campuran,Tuesday,0,3,1,cerah,114,5.0
2024-03-12,P006,Sandal harian,fashion,54500,18,9,9,490500,0,0,0,offline,Tuesday,0,3,1,cerah,114,4.0
2024-03-12,P007,Sabun cuci literan,kebutuhan_rumah,17000,40,9,31,527000,0,0,0,offline,Tuesday,0,3,1,cerah,114,4.2
2024-03-12,P008,Beras 5 kg,kebutuhan_rumah,73500,23,8,15,1102500,0,0,0,online,Tuesday,0,3,1,cerah,114,4.7
2024-03-12,P009,Minyak goreng 1 liter,kebutuhan_rumah,18500,49,17,32,592000,0,0,0,campuran,Tuesday,0,3,1,cerah,114,4.6
2024-03-12,P010,Aksesori ponsel,aksesoris,24500,46,22,24,558600,5,1,29400,online,Tuesday,0,3,1,cerah,114,4.0
2024-03-12,P011,Buket mini,kerajinan,46500,23,18,5,209200,10,1,23200,offline,Tuesday,0,3,1,cerah,114,4.9
2024-03-12,P012,Paket hampers,kerajinan,92000,8,1,7,644000,0,0,0,online,Tuesday,0,3,1,cerah,114,4.4
2024-03-13,P001,Paket nasi lauk,makanan_minuman,18500,57,26,31,573500,0,0,0,offline,Wednesday,0,3,1,hujan_ringan,114,4.5
2024-03-13,P002,Minuman kopi susu,makanan_minuman,15000,65,27,38,570000,0,0,0,offline,Wednesday,0,3,1,hujan_ringan,114,4.3
2024-03-13,P003,Snack kemasan lokal,makanan_minuman,9500,81,29,52,494000,0,0,0,online,Wednesday,0,3,1,hujan_ringan,114,4.3
2024-03-13,P004,Kaos basic,fashion,63000,26,9,17,1017400,5,1,53600,online,Wednesday,0,3,1,hujan_ringan,114,4.3
2024-03-13,P005,Hijab polos,fashion,39500,31,8,23,908500,0,0,0,campuran,Wednesday,0,3,1,hujan_ringan,114,4.5
2024-03-13,P006,Sandal harian,fashion,54000,18,3,15,810000,0,0,0,offline,Wednesday,0,3,1,hujan_ringan,114,3.9
2024-03-13,P007,Sabun cuci literan,kebutuhan_rumah,17500,22,2,20,350000,0,0,0,offline,Wednesday,0,3,1,hujan_ringan,114,3.9
2024-03-13,P008,Beras 5 kg,kebutuhan_rumah,72000,19,13,6,432000,0,0,0,offline,Wednesday,0,3,1,hujan_ringan,114,4.4
2024-03-13,P009,Minyak goreng 1 liter,kebutuhan_rumah,19000,31,5,26,494000,0,0,0,online,Wednesday,0,3,1,hujan_ringan,114,4.3
2024-03-13,P010,Aksesori ponsel,aksesoris,25000,23,10,13,325000,0,0,0,online,Wednesday,0,3,1,hujan_ringan,114,4.0
2024-03-13,P011,Buket mini,kerajinan,44000,11,7,4,176000,0,0,0,online,Wednesday,0,3,1,hujan_ringan,114,4.6
2024-03-13,P012,Paket hampers,kerajinan,97000,8,5,3,291000,0,0,0,offline,Wednesday,0,3,1,hujan_ringan,114,4.7
2024-03-14,P001,Paket nasi lauk,makanan_minuman,17500,50,32,18,315000,0,0,0,offline,Thursday,0,3,1,hujan_deras,77,4.4
2024-03-14,P002,Minuman kopi susu,makanan_minuman,15500,42,3,39,604500,0,0,0,online,Thursday,0,3,1,hujan_deras,77,4.4
2024-03-14,P003,Snack kemasan lokal,makanan_minuman,9500,44,0,44,418000,0,0,0,online,Thursday,0,3,1,hujan_deras,77,4.1
2024-03-14,P004,Kaos basic,fashion,63500,15,7,8,508000,0,0,0,campuran,Thursday,0,3,1,hujan_deras,77,4.5
2024-03-14,P005,Hijab polos,fashion,40000,23,9,14,560000,0,0,0,offline,Thursday,0,3,1,hujan_deras,77,4.5
2024-03-14,P006,Sandal harian,fashion,58000,16,7,9,522000,0,0,0,campuran,Thursday,0,3,1,hujan_deras,77,4.2
2024-03-14,P007,Sabun cuci literan,kebutuhan_rumah,16000,26,8,18,288000,0,0,0,online,Thursday,0,3,1,hujan_deras,77,4.3
2024-03-14,P008,Beras 5 kg,kebutuhan_rumah,69000,13,1,12,828000,0,0,0,offline,Thursday,0,3,1,hujan_deras,77,4.5
2024-03-14,P009,Minyak goreng 1 liter,kebutuhan_rumah,19000,32,4,28,532000,0,0,0,offline,Thursday,0,3,1,hujan_deras,77,4.4
2024-03-14,P010,Aksesori ponsel,aksesoris,25000,23,10,13,325000,0,0,0,online,Thursday,0,3,1,hujan_deras,77,4.4
2024-03-14,P011,Buket mini,kerajinan,45500,12,0,12,491400,10,1,54600,offline,Thursday,0,3,1,hujan_deras,77,4.8
2024-03-14,P012,Paket hampers,kerajinan,98000,7,2,5,441000,10,1,49000,offline,Thursday,0,3,1,hujan_deras,77,4.7
2024-03-15,P001,Paket nasi lauk,makanan_minuman,18500,44,17,27,499500,0,0,0,online,Friday,0,3,1,hujan_deras,49,4.3
2024-03-15,P002,Minuman kopi susu,makanan_minuman,15000,53,25,28,420000,0,0,0,offline,Friday,0,3,1,hujan_deras,49,4.7
2024-03-15,P003,Snack kemasan lokal,makanan_minuman,9500,39,6,33,313500,0,0,0,online,Friday,0,3,1,hujan_deras,49,4.2
2024-03-15,P004,Kaos basic,fashion,59500,14,3,11,654500,0,0,0,offline,Friday,0,3,1,hujan_deras,49,4.2
2024-03-15,P005,Hijab polos,fashion,41500,26,4,22,913000,0,0,0,campuran,Friday,0,3,1,hujan_deras,49,4.3
2024-03-15,P006,Sandal harian,fashion,55000,10,3,7,385000,0,0,0,online,Friday,0,3,1,hujan_deras,49,4.2
2024-03-15,P007,Sabun cuci literan,kebutuhan_rumah,16500,24,13,11,181500,0,0,0,online,Friday,0,3,1,hujan_deras,49,4.0
2024-03-15,P008,Beras 5 kg,kebutuhan_rumah,71000,12,8,4,284000,0,0,0,offline,Friday,0,3,1,hujan_deras,49,4.6
2024-03-15,P009,Minyak goreng 1 liter,kebutuhan_rumah,19500,30,13,17,331500,0,0,0,offline,Friday,0,3,1,hujan_deras,49,4.5
2024-03-15,P010,Aksesori ponsel,aksesoris,24000,11,0,11,264000,0,0,0,offline,Friday,0,3,1,hujan_deras,49,4.0
2024-03-15,P011,Buket mini,kerajinan,44000,6,0,6,264000,0,0,0,online,Friday,0,3,1,hujan_deras,49,4.6
2024-03-15,P012,Paket hampers,kerajinan,92500,4,0,4,370000,0,0,0,offline,Friday,0,3,1,hujan_deras,49,4.8
2024-03-16,P001,Paket nasi lauk,makanan_minuman,18500,97,35,62,1147000,0,0,0,campuran,Saturday,1,3,1,berawan,140,4.5
2024-03-16,P002,Minuman kopi susu,makanan_minuman,15500,101,41,60,930000,0,0,0,offline,Saturday,1,3,1,berawan,140,4.2
2024-03-16,P003,Snack kemasan lokal,makanan_minuman,9000,113,49,64,576000,0,0,0,offline,Saturday,1,3,1,berawan,140,4.3
2024-03-16,P004,Kaos basic,fashion,60000,27,0,27,1620000,0,0,0,campuran,Saturday,1,3,1,berawan,140,4.5
2024-03-16,P005,Hijab polos,fashion,43000,38,14,24,1032000,0,0,0,offline,Saturday,1,3,1,berawan,140,4.6
2024-03-16,P006,Sandal harian,fashion,58000,29,8,21,1218000,0,0,0,campuran,Saturday,1,3,1,berawan,140,3.9
2024-03-16,P007,Sabun cuci literan,kebutuhan_rumah,16500,52,22,30,495000,0,0,0,online,Saturday,1,3,1,berawan,140,4.2
2024-03-16,P008,Beras 5 kg,kebutuhan_rumah,72500,26,9,17,1232500,0,0,0,offline,Saturday,1,3,1,berawan,140,4.4
2024-03-16,P009,Minyak goreng 1 liter,kebutuhan_rumah,20500,42,7,35,717500,0,0,0,online,Saturday,1,3,1,berawan,140,4.4
2024-03-16,P010,Aksesori ponsel,aksesoris,25000,30,6,24,600000,0,0,0,offline,Saturday,1,3,1,berawan,140,4.0
2024-03-16,P011,Buket mini,kerajinan,42500,19,0,19,807500,0,0,0,offline,Saturday,1,3,1,berawan,140,4.9
2024-03-16,P012,Paket hampers,kerajinan,100000,10,0,10,1000000,0,0,0,online,Saturday,1,3,1,berawan,140,4.6
2024-03-17,P001,Paket nasi lauk,makanan_minuman,17000,106,52,54,872100,5,1,45900,campuran,Sunday,1,3,1,hujan_deras,118,4.5
2024-03-17,P002,Minuman kopi susu,makanan_minuman,14500,79,16,63,913500,0,0,0,offline,Sunday,1,3,1,hujan_deras,118,4.5
2024-03-17,P003,Snack kemasan lokal,makanan_minuman,9000,123,39,84,718200,5,1,37800,offline,Sunday,1,3,1,hujan_deras,118,4.4
2024-03-17,P004,Kaos basic,fashion,65500,28,9,19,1057800,15,1,186700,offline,Sunday,1,3,1,hujan_deras,118,4.3
2024-03-17,P005,Hijab polos,fashion,40500,33,18,15,607500,0,0,0,online,Sunday,1,3,1,hujan_deras,118,4.6
2024-03-17,P006,Sandal harian,fashion,59000,16,6,10,590000,0,0,0,offline,Sunday,1,3,1,hujan_deras,118,4.2
2024-03-17,P007,Sabun cuci literan,kebutuhan_rumah,16500,53,23,30,495000,0,0,0,campuran,Sunday,1,3,1,hujan_deras,118,4.2
2024-03-17,P008,Beras 5 kg,kebutuhan_rumah,71000,35,19,16,1079200,5,1,56800,offline,Sunday,1,3,1,hujan_deras,118,4.7
2024-03-17,P009,Minyak goreng 1 liter,kebutuhan_rumah,18000,39,8,31,558000,0,0,0,offline,Sunday,1,3,1,hujan_deras,118,4.4
2024-03-17,P010,Aksesori ponsel,aksesoris,25000,23,5,18,450000,0,0,0,online,Sunday,1,3,1,hujan_deras,118,3.7
2024-03-17,P011,Buket mini,kerajinan,41000,11,3,8,328000,0,0,0,online,Sunday,1,3,1,hujan_deras,118,4.8
2024-03-17,P012,Paket hampers,kerajinan,92500,17,8,9,749200,10,1,83200,offline,Sunday,1,3,1,hujan_deras,118,4.7
2024-03-18,P001,Paket nasi lauk,makanan_minuman,18500,50,19,31,573500,0,0,0,online,Monday,0,3,1,hujan_deras,97,4.3
2024-03-18,P002,Minuman kopi susu,makanan_minuman,15000,53,13,40,600000,0,0,0,online,Monday,0,3,1,hujan_deras,97,4.6
2024-03-18,P003,Snack kemasan lokal,makanan_minuman,9000,52,0,52,468000,0,0,0,campuran,Monday,0,3,1,hujan_deras,97,4.2
2024-03-18,P004,Kaos basic,fashion,62500,17,4,13,812500,0,0,0,online,Monday,0,3,1,hujan_deras,97,4.1
2024-03-18,P005,Hijab polos,fashion,41000,21,5,16,656000,0,0,0,online,Monday,0,3,1,hujan_deras,97,4.3
2024-03-18,P006,Sandal harian,fashion,54500,19,9,10,545000,0,0,0,offline,Monday,0,3,1,hujan_deras,97,4.4
2024-03-18,P007,Sabun cuci literan,kebutuhan_rumah,17500,25,2,23,402500,0,0,0,offline,Monday,0,3,1,hujan_deras,97,4.3
2024-03-18,P008,Beras 5 kg,kebutuhan_rumah,70000,21,13,8,560000,0,0,0,campuran,Monday,0,3,1,hujan_deras,97,4.6
2024-03-18,P009,Minyak goreng 1 liter,kebutuhan_rumah,19000,28,12,16,304000,0,0,0,online,Monday,0,3,1,hujan_deras,97,4.2
2024-03-18,P010,Aksesori ponsel,aksesoris,24000,30,16,14,336000,0,0,0,campuran,Monday,0,3,1,hujan_deras,97,3.9
2024-03-18,P011,Buket mini,kerajinan,46500,9,6,3,139500,0,0,0,offline,Monday,0,3,1,hujan_deras,97,4.8
2024-03-18,P012,Paket hampers,kerajinan,95500,6,1,5,477500,0,0,0,online,Monday,0,3,1,hujan_deras,97,4.5
2024-03-19,P001,Paket nasi lauk,makanan_minuman,17500,109,58,51,803200,10,1,89200,online,Tuesday,0,3,1,berawan,133,4.7
2024-03-19,P002,Minuman kopi susu,makanan_minuman,15500,63,14,49,759500,0,0,0,online,Tuesday,0,3,1,berawan,133,4.2
2024-03-19,P003,Snack kemasan lokal,makanan_minuman,9000,86,30,56,504000,0,0,0,online,Tuesday,0,3,1,berawan,133,4.0
2024-03-19,P004,Kaos basic,fashion,66000,25,13,12,792000,0,0,0,offline,Tuesday,0,3,1,berawan,133,4.5
2024-03-19,P005,Hijab polos,fashion,41500,43,12,31,1286500,0,0,0,campuran,Tuesday,0,3,1,berawan,133,4.5
2024-03-19,P006,Sandal harian,fashion,56500,26,8,18,1017000,0,0,0,campuran,Tuesday,0,3,1,berawan,133,4.0
2024-03-19,P007,Sabun cuci literan,kebutuhan_rumah,18000,42,12,30,540000,0,0,0,campuran,Tuesday,0,3,1,berawan,133,4.2
2024-03-19,P008,Beras 5 kg,kebutuhan_rumah,75000,20,8,12,900000,0,0,0,offline,Tuesday,0,3,1,berawan,133,4.4
2024-03-19,P009,Minyak goreng 1 liter,kebutuhan_rumah,19500,46,15,31,604500,0,0,0,campuran,Tuesday,0,3,1,berawan,133,4.3
2024-03-19,P010,Aksesori ponsel,aksesoris,25500,18,0,18,459000,0,0,0,online,Tuesday,0,3,1,berawan,133,4.1
2024-03-19,P011,Buket mini,kerajinan,44000,26,9,17,635800,15,1,112200,campuran,Tuesday,0,3,1,berawan,133,4.6
2024-03-19,P012,Paket hampers,kerajinan,102500,12,8,4,410000,0,0,0,online,Tuesday,0,3,1,berawan,133,4.4
2024-03-20,P001,Paket nasi lauk,makanan_minuman,17500,31,0,31,542500,0,0,0,online,Wednesday,0,3,1,hujan_deras,103,4.5
2024-03-20,P002,Minuman kopi susu,makanan_minuman,15000,48,12,36,540000,0,0,0,online,Wednesday,0,3,1,hujan_deras,103,4.3
2024-03-20,P003,Snack kemasan lokal,makanan_minuman,8500,86,48,38,323000,0,0,0,offline,Wednesday,0,3,1,hujan_deras,103,4.1
2024-03-20,P004,Kaos basic,fashion,64000,17,3,14,896000,0,0,0,offline,Wednesday,0,3,1,hujan_deras,103,4.2
2024-03-20,P005,Hijab polos,fashion,42000,29,18,11,462000,0,0,0,offline,Wednesday,0,3,1,hujan_deras,103,4.2
2024-03-20,P006,Sandal harian,fashion,58500,9,1,8,468000,0,0,0,offline,Wednesday,0,3,1,hujan_deras,103,4.0
2024-03-20,P007,Sabun cuci literan,kebutuhan_rumah,16500,29,11,18,297000,0,0,0,online,Wednesday,0,3,1,hujan_deras,103,4.3
2024-03-20,P008,Beras 5 kg,kebutuhan_rumah,71000,17,10,7,497000,0,0,0,online,Wednesday,0,3,1,hujan_deras,103,4.6
2024-03-20,P009,Minyak goreng 1 liter,kebutuhan_rumah,18500,25,0,25,462500,0,0,0,online,Wednesday,0,3,1,hujan_deras,103,4.5
2024-03-20,P010,Aksesori ponsel,aksesoris,25500,24,3,21,535500,0,0,0,offline,Wednesday,0,3,1,hujan_deras,103,4.2
2024-03-20,P011,Buket mini,kerajinan,45000,9,4,5,225000,0,0,0,online,Wednesday,0,3,1,hujan_deras,103,4.7
2024-03-20,P012,Paket hampers,kerajinan,91500,8,3,5,457500,0,0,0,offline,Wednesday,0,3,1,hujan_deras,103,4.7
2024-03-21,P001,Paket nasi lauk,makanan_minuman,18500,43,11,32,592000,0,0,0,offline,Thursday,0,3,1,hujan_deras,98,4.5
2024-03-21,P002,Minuman kopi susu,makanan_minuman,14500,50,7,43,623500,0,0,0,campuran,Thursday,0,3,1,hujan_deras,98,4.4
2024-03-21,P003,Snack kemasan lokal,makanan_minuman,9000,79,41,38,342000,0,0,0,campuran,Thursday,0,3,1,hujan_deras,98,4.3
2024-03-21,P004,Kaos basic,fashion,68500,18,5,13,890500,0,0,0,campuran,Thursday,0,3,1,hujan_deras,98,4.6
2024-03-21,P005,Hijab polos,fashion,41500,24,8,16,664000,0,0,0,offline,Thursday,0,3,1,hujan_deras,98,4.5
2024-03-21,P006,Sandal harian,fashion,55500,26,17,9,424600,15,1,74900,online,Thursday,0,3,1,hujan_deras,98,4.0
2024-03-21,P007,Sabun cuci literan,kebutuhan_rumah,18000,35,18,17,306000,0,0,0,offline,Thursday,0,3,1,hujan_deras,98,4.2
2024-03-21,P008,Beras 5 kg,kebutuhan_rumah,72000,19,4,15,1026000,5,1,54000,online,Thursday,0,3,1,hujan_deras,98,4.6
2024-03-21,P009,Minyak goreng 1 liter,kebutuhan_rumah,19000,28,3,25,475000,0,0,0,offline,Thursday,0,3,1,hujan_deras,98,4.1
2024-03-21,P010,Aksesori ponsel,aksesoris,25500,19,7,12,306000,0,0,0,online,Thursday,0,3,1,hujan_deras,98,3.9
2024-03-21,P011,Buket mini,kerajinan,45000,13,7,6,270000,0,0,0,online,Thursday,0,3,1,hujan_deras,98,4.6
2024-03-21,P012,Paket hampers,kerajinan,99000,6,0,6,594000,0,0,0,online,Thursday,0,3,1,hujan_deras,98,4.9
2024-03-22,P001,Paket nasi lauk,makanan_minuman,19000,53,16,37,703000,0,0,0,offline,Friday,0,3,1,berawan,116,4.5
2024-03-22,P002,Minuman kopi susu,makanan_minuman,15500,76,35,41,635500,0,0,0,campuran,Friday,0,3,1,berawan,116,4.3
2024-03-22,P003,Snack kemasan lokal,makanan_minuman,8500,88,25,63,535500,0,0,0,campuran,Friday,0,3,1,berawan,116,3.9
2024-03-22,P004,Kaos basic,fashion,66000,14,4,10,660000,0,0,0,online,Friday,0,3,1,berawan,116,4.6
2024-03-22,P005,Hijab polos,fashion,40500,24,7,17,688500,0,0,0,online,Friday,0,3,1,berawan,116,4.6
2024-03-22,P006,Sandal harian,fashion,53500,19,8,11,588500,0,0,0,online,Friday,0,3,1,berawan,116,4.1
2024-03-22,P007,Sabun cuci literan,kebutuhan_rumah,17000,64,29,35,565200,5,1,29800,campuran,Friday,0,3,1,berawan,116,4.1
2024-03-22,P008,Beras 5 kg,kebutuhan_rumah,72000,22,5,17,1224000,0,0,0,campuran,Friday,0,3,1,berawan,116,4.6
2024-03-22,P009,Minyak goreng 1 liter,kebutuhan_rumah,20000,38,1,37,740000,0,0,0,online,Friday,0,3,1,berawan,116,4.5
2024-03-22,P010,Aksesori ponsel,aksesoris,26000,44,12,32,748800,10,1,83200,offline,Friday,0,3,1,berawan,116,4.2
2024-03-22,P011,Buket mini,kerajinan,45500,15,4,11,500500,0,0,0,offline,Friday,0,3,1,berawan,116,4.7
2024-03-22,P012,Paket hampers,kerajinan,91000,8,3,5,455000,0,0,0,offline,Friday,0,3,1,berawan,116,4.6
2024-03-23,P001,Paket nasi lauk,makanan_minuman,18000,100,21,79,1422000,0,0,0,campuran,Saturday,1,3,1,berawan,156,4.5
2024-03-23,P002,Minuman kopi susu,makanan_minuman,15000,115,38,77,1155000,0,0,0,campuran,Saturday,1,3,1,berawan,156,4.4
2024-03-23,P003,Snack kemasan lokal,makanan_minuman,9000,158,60,98,882000,0,0,0,campuran,Saturday,1,3,1,berawan,156,4.5
2024-03-23,P004,Kaos basic,fashion,63500,31,12,19,1206500,0,0,0,offline,Saturday,1,3,1,berawan,156,4.3
2024-03-23,P005,Hijab polos,fashion,43000,57,28,29,1247000,0,0,0,campuran,Saturday,1,3,1,berawan,156,4.7
2024-03-23,P006,Sandal harian,fashion,52500,29,8,21,1102500,0,0,0,offline,Saturday,1,3,1,berawan,156,4.0
2024-03-23,P007,Sabun cuci literan,kebutuhan_rumah,16500,63,13,50,742500,10,1,82500,offline,Saturday,1,3,1,berawan,156,4.2
2024-03-23,P008,Beras 5 kg,kebutuhan_rumah,70500,38,6,32,2256000,0,0,0,offline,Saturday,1,3,1,berawan,156,4.4
2024-03-23,P009,Minyak goreng 1 liter,kebutuhan_rumah,19000,71,37,34,646000,0,0,0,offline,Saturday,1,3,1,berawan,156,4.2
2024-03-23,P010,Aksesori ponsel,aksesoris,26000,46,13,33,858000,0,0,0,offline,Saturday,1,3,1,berawan,156,3.9
2024-03-23,P011,Buket mini,kerajinan,46000,29,11,18,745200,10,1,82800,offline,Saturday,1,3,1,berawan,156,4.5
2024-03-23,P012,Paket hampers,kerajinan,99500,14,10,4,398000,0,0,0,offline,Saturday,1,3,1,berawan,156,4.5
2024-03-24,P001,Paket nasi lauk,makanan_minuman,18000,79,12,67,1206000,0,0,0,offline,Sunday,1,3,1,berawan,141,4.7
2024-03-24,P002,Minuman kopi susu,makanan_minuman,15000,143,46,97,1382200,5,1,72800,offline,Sunday,1,3,1,berawan,141,4.3
2024-03-24,P003,Snack kemasan lokal,makanan_minuman,8500,82,2,80,680000,0,0,0,online,Sunday,1,3,1,berawan,141,4.0
2024-03-24,P004,Kaos basic,fashion,66000,48,20,28,1755600,5,1,92400,campuran,Sunday,1,3,1,berawan,141,4.4
2024-03-24,P005,Hijab polos,fashion,40000,39,5,34,1360000,0,0,0,online,Sunday,1,3,1,berawan,141,4.7
2024-03-24,P006,Sandal harian,fashion,57500,40,15,25,1365600,5,1,71900,online,Sunday,1,3,1,berawan,141,4.2
2024-03-24,P007,Sabun cuci literan,kebutuhan_rumah,17000,71,25,46,782000,0,0,0,campuran,Sunday,1,3,1,berawan,141,4.2
2024-03-24,P008,Beras 5 kg,kebutuhan_rumah,70500,43,14,29,2044500,0,0,0,campuran,Sunday,1,3,1,berawan,141,4.9
2024-03-24,P009,Minyak goreng 1 liter,kebutuhan_rumah,18000,65,33,32,576000,0,0,0,campuran,Sunday,1,3,1,berawan,141,4.5
2024-03-24,P010,Aksesori ponsel,aksesoris,25500,39,0,39,994500,0,0,0,campuran,Sunday,1,3,1,berawan,141,3.7
2024-03-24,P011,Buket mini,kerajinan,43000,32,17,15,612800,5,1,32200,offline,Sunday,1,3,1,berawan,141,4.7
2024-03-24,P012,Paket hampers,kerajinan,96500,10,0,10,965000,0,0,0,campuran,Sunday,1,3,1,berawan,141,4.5
2024-03-25,P001,Paket nasi lauk,makanan_minuman,17500,85,52,33,577500,0,0,0,online,Monday,0,3,1,berawan,134,4.6
2024-03-25,P002,Minuman kopi susu,makanan_minuman,16000,67,12,55,836000,5,1,44000,online,Monday,0,3,1,berawan,134,4.2
2024-03-25,P003,Snack kemasan lokal,makanan_minuman,9000,91,19,72,648000,0,0,0,campuran,Monday,0,3,1,berawan,134,4.2
2024-03-25,P004,Kaos basic,fashion,66000,30,16,14,924000,0,0,0,offline,Monday,0,3,1,berawan,134,4.6
2024-03-25,P005,Hijab polos,fashion,43000,25,1,24,1032000,0,0,0,online,Monday,0,3,1,berawan,134,4.7
2024-03-25,P006,Sandal harian,fashion,55000,20,6,14,770000,0,0,0,campuran,Monday,0,3,1,berawan,134,3.9
2024-03-25,P007,Sabun cuci literan,kebutuhan_rumah,17000,54,22,32,544000,0,0,0,campuran,Monday,0,3,1,berawan,134,3.9
2024-03-25,P008,Beras 5 kg,kebutuhan_rumah,69000,28,1,27,1863000,0,0,0,campuran,Monday,0,3,1,berawan,134,4.7
2024-03-25,P009,Minyak goreng 1 liter,kebutuhan_rumah,18500,46,20,26,481000,0,0,0,online,Monday,0,3,1,berawan,134,4.4
2024-03-25,P010,Aksesori ponsel,aksesoris,25000,28,14,14,350000,0,0,0,online,Monday,0,3,1,berawan,134,4.1
2024-03-25,P011,Buket mini,kerajinan,44500,17,9,8,356000,0,0,0,online,Monday,0,3,1,berawan,134,4.6
2024-03-25,P012,Paket hampers,kerajinan,94000,9,1,8,752000,0,0,0,offline,Monday,0,3,1,berawan,134,4.8
2024-03-26,P001,Paket nasi lauk,makanan_minuman,17000,137,69,68,1098200,5,1,57800,campuran,Tuesday,0,3,1,cerah,104,4.5
2024-03-26,P002,Minuman kopi susu,makanan_minuman,15000,60,5,55,825000,0,0,0,offline,Tuesday,0,3,1,cerah,104,4.4
2024-03-26,P003,Snack kemasan lokal,makanan_minuman,9000,90,41,49,441000,0,0,0,online,Tuesday,0,3,1,cerah,104,4.2
2024-03-26,P004,Kaos basic,fashion,63500,15,0,15,952500,0,0,0,offline,Tuesday,0,3,1,cerah,104,4.2
2024-03-26,P005,Hijab polos,fashion,43500,22,4,18,783000,0,0,0,online,Tuesday,0,3,1,cerah,104,4.3
2024-03-26,P006,Sandal harian,fashion,60500,34,16,18,980100,10,1,108900,campuran,Tuesday,0,3,1,cerah,104,3.9
2024-03-26,P007,Sabun cuci literan,kebutuhan_rumah,17000,62,21,41,592400,15,1,104600,campuran,Tuesday,0,3,1,cerah,104,4.1
2024-03-26,P008,Beras 5 kg,kebutuhan_rumah,77500,26,12,14,1085000,0,0,0,campuran,Tuesday,0,3,1,cerah,104,4.7
2024-03-26,P009,Minyak goreng 1 liter,kebutuhan_rumah,19500,45,18,27,526500,0,0,0,offline,Tuesday,0,3,1,cerah,104,4.6
2024-03-26,P010,Aksesori ponsel,aksesoris,23500,38,20,18,423000,0,0,0,online,Tuesday,0,3,1,cerah,104,4.1
2024-03-26,P011,Buket mini,kerajinan,44000,14,2,12,528000,0,0,0,offline,Tuesday,0,3,1,cerah,104,4.7
2024-03-26,P012,Paket hampers,kerajinan,99000,9,2,7,693000,0,0,0,online,Tuesday,0,3,1,cerah,104,4.2
2024-03-27,P001,Paket nasi lauk,makanan_minuman,17500,69,11,58,1015000,0,0,0,offline,Wednesday,0,3,1,cerah,136,4.4
2024-03-27,P002,Minuman kopi susu,makanan_minuman,15000,123,61,62,883500,5,1,46500,offline,Wednesday,0,3,1,cerah,136,4.1
2024-03-27,P003,Snack kemasan lokal,makanan_minuman,9000,109,52,57,513000,0,0,0,online,Wednesday,0,3,1,cerah,136,4.4
2024-03-27,P004,Kaos basic,fashion,68500,27,3,24,1644000,0,0,0,offline,Wednesday,0,3,1,cerah,136,4.2
2024-03-27,P005,Hijab polos,fashion,40000,39,21,18,720000,0,0,0,offline,Wednesday,0,3,1,cerah,136,4.6
2024-03-27,P006,Sandal harian,fashion,57000,18,3,15,855000,0,0,0,online,Wednesday,0,3,1,cerah,136,4.2
2024-03-27,P007,Sabun cuci literan,kebutuhan_rumah,17000,28,2,26,442000,0,0,0,online,Wednesday,0,3,1,cerah,136,4.0
2024-03-27,P008,Beras 5 kg,kebutuhan_rumah,72000,27,15,12,864000,0,0,0,offline,Wednesday,0,3,1,cerah,136,4.5
2024-03-27,P009,Minyak goreng 1 liter,kebutuhan_rumah,18500,54,12,42,777000,0,0,0,campuran,Wednesday,0,3,1,cerah,136,4.2
2024-03-27,P010,Aksesori ponsel,aksesoris,26000,23,0,23,598000,0,0,0,online,Wednesday,0,3,1,cerah,136,4.1
2024-03-27,P011,Buket mini,kerajinan,45000,16,3,13,585000,0,0,0,offline,Wednesday,0,3,1,cerah,136,4.5
2024-03-27,P012,Paket hampers,kerajinan,95500,12,4,8,764000,0,0,0,campuran,Wednesday,0,3,1,cerah,136,4.5
2024-03-28,P001,Paket nasi lauk,makanan_minuman,18000,64,17,47,846000,0,0,0,online,Thursday,0,3,1,berawan,128,4.5
2024-03-28,P002,Minuman kopi susu,makanan_minuman,15000,100,39,61,915000,0,0,0,campuran,Thursday,0,3,1,berawan,128,4.6
2024-03-28,P003,Snack kemasan lokal,makanan_minuman,8500,113,42,71,603500,0,0,0,campuran,Thursday,0,3,1,berawan,128,4.3
2024-03-28,P004,Kaos basic,fashion,62000,22,5,17,1054000,0,0,0,online,Thursday,0,3,1,berawan,128,4.1
2024-03-28,P005,Hijab polos,fashion,40500,36,10,26,1053000,0,0,0,offline,Thursday,0,3,1,berawan,128,4.8
2024-03-28,P006,Sandal harian,fashion,57000,12,0,12,649800,5,1,34200,online,Thursday,0,3,1,berawan,128,4.0
2024-03-28,P007,Sabun cuci literan,kebutuhan_rumah,16000,62,31,31,496000,0,0,0,campuran,Thursday,0,3,1,berawan,128,4.2
2024-03-28,P008,Beras 5 kg,kebutuhan_rumah,72000,23,13,10,720000,0,0,0,offline,Thursday,0,3,1,berawan,128,4.5
2024-03-28,P009,Minyak goreng 1 liter,kebutuhan_rumah,18000,42,12,30,540000,0,0,0,offline,Thursday,0,3,1,berawan,128,4.7
2024-03-28,P010,Aksesori ponsel,aksesoris,25000,41,15,26,650000,0,0,0,campuran,Thursday,0,3,1,berawan,128,4.0
2024-03-28,P011,Buket mini,kerajinan,42000,16,10,6,252000,0,0,0,offline,Thursday,0,3,1,berawan,128,4.6
2024-03-28,P012,Paket hampers,kerajinan,92000,8,6,2,184000,0,0,0,offline,Thursday,0,3,1,berawan,128,4.5
2024-03-29,P001,Paket nasi lauk,makanan_minuman,19500,37,0,37,721500,0,0,0,online,Friday,0,3,1,hujan_ringan,102,4.5
2024-03-29,P002,Minuman kopi susu,makanan_minuman,15000,67,19,48,720000,0,0,0,campuran,Friday,0,3,1,hujan_ringan,102,4.4
2024-03-29,P003,Snack kemasan lokal,makanan_minuman,8500,144,64,80,646000,5,1,34000,campuran,Friday,0,3,1,hujan_ringan,102,4.0
2024-03-29,P004,Kaos basic,fashion,63500,18,4,14,889000,0,0,0,online,Friday,0,3,1,hujan_ringan,102,4.1
2024-03-29,P005,Hijab polos,fashion,43500,23,7,16,696000,0,0,0,offline,Friday,0,3,1,hujan_ringan,102,4.5
2024-03-29,P006,Sandal harian,fashion,55000,15,10,5,275000,0,0,0,online,Friday,0,3,1,hujan_ringan,102,4.1
2024-03-29,P007,Sabun cuci literan,kebutuhan_rumah,17500,50,3,47,699100,15,1,123400,offline,Friday,0,3,1,hujan_ringan,102,4.3
2024-03-29,P008,Beras 5 kg,kebutuhan_rumah,67500,16,0,16,1080000,0,0,0,campuran,Friday,0,3,1,hujan_ringan,102,4.7
2024-03-29,P009,Minyak goreng 1 liter,kebutuhan_rumah,18500,32,8,24,444000,0,0,0,offline,Friday,0,3,1,hujan_ringan,102,4.5
2024-03-29,P010,Aksesori ponsel,aksesoris,24500,40,17,23,507200,10,1,56400,offline,Friday,0,3,1,hujan_ringan,102,4.0
2024-03-29,P011,Buket mini,kerajinan,45000,9,2,7,315000,0,0,0,online,Friday,0,3,1,hujan_ringan,102,4.6
2024-03-29,P012,Paket hampers,kerajinan,96500,7,4,3,289500,0,0,0,online,Friday,0,3,1,hujan_ringan,102,4.3
2024-03-30,P001,Paket nasi lauk,makanan_minuman,19000,129,54,75,1425000,0,0,0,campuran,Saturday,1,3,1,cerah,170,4.5
2024-03-30,P002,Minuman kopi susu,makanan_minuman,14500,118,40,78,1131000,0,0,0,offline,Saturday,1,3,1,cerah,170,4.2
2024-03-30,P003,Snack kemasan lokal,makanan_minuman,9000,133,57,76,684000,0,0,0,online,Saturday,1,3,1,cerah,170,4.2
2024-03-30,P004,Kaos basic,fashion,64500,71,41,30,1644800,15,1,290200,online,Saturday,1,3,1,cerah,170,4.2
2024-03-30,P005,Hijab polos,fashion,40500,47,11,36,1458000,0,0,0,offline,Saturday,1,3,1,cerah,170,4.4
2024-03-30,P006,Sandal harian,fashion,51500,36,9,27,1390500,0,0,0,campuran,Saturday,1,3,1,cerah,170,3.9
2024-03-30,P007,Sabun cuci literan,kebutuhan_rumah,16500,44,11,33,544500,0,0,0,online,Saturday,1,3,1,cerah,170,4.2
2024-03-30,P008,Beras 5 kg,kebutuhan_rumah,74000,59,19,40,2664000,10,1,296000,campuran,Saturday,1,3,1,cerah,170,4.6
2024-03-30,P009,Minyak goreng 1 liter,kebutuhan_rumah,18500,95,41,54,849200,15,1,149800,online,Saturday,1,3,1,cerah,170,4.3
2024-03-30,P010,Aksesori ponsel,aksesoris,24000,58,26,32,768000,0,0,0,offline,Saturday,1,3,1,cerah,170,4.0
2024-03-30,P011,Buket mini,kerajinan,43000,40,12,28,1023400,15,1,180600,offline,Saturday,1,3,1,cerah,170,4.6
2024-03-30,P012,Paket hampers,kerajinan,94000,19,11,8,752000,0,0,0,online,Saturday,1,3,1,cerah,170,4.6
2024-03-31,P001,Paket nasi lauk,makanan_minuman,17500,60,22,38,631800,5,1,33200,offline,Sunday,1,3,1,hujan_deras,95,4.5
2024-03-31,P002,Minuman kopi susu,makanan_minuman,15000,54,23,31,465000,0,0,0,offline,Sunday,1,3,1,hujan_deras,95,4.5
2024-03-31,P003,Snack kemasan lokal,makanan_minuman,9000,104,24,80,684000,5,1,36000,offline,Sunday,1,3,1,hujan_deras,95,4.1
2024-03-31,P004,Kaos basic,fashion,66500,23,8,15,997500,0,0,0,campuran,Sunday,1,3,1,hujan_deras,95,4.0
2024-03-31,P005,Hijab polos,fashion,44500,34,15,19,845500,0,0,0,offline,Sunday,1,3,1,hujan_deras,95,4.4
2024-03-31,P006,Sandal harian,fashion,55000,21,2,19,1045000,0,0,0,offline,Sunday,1,3,1,hujan_deras,95,4.1
2024-03-31,P007,Sabun cuci literan,kebutuhan_rumah,16500,46,21,25,412500,0,0,0,offline,Sunday,1,3,1,hujan_deras,95,4.2
2024-03-31,P008,Beras 5 kg,kebutuhan_rumah,70500,17,2,15,1057500,0,0,0,online,Sunday,1,3,1,hujan_deras,95,4.6
2024-03-31,P009,Minyak goreng 1 liter,kebutuhan_rumah,18500,41,18,23,425500,0,0,0,offline,Sunday,1,3,1,hujan_deras,95,4.2
2024-03-31,P010,Aksesori ponsel,aksesoris,25000,26,12,14,350000,0,0,0,online,Sunday,1,3,1,hujan_deras,95,4.1
2024-03-31,P011,Buket mini,kerajinan,44000,11,2,9,396000,0,0,0,offline,Sunday,1,3,1,hujan_deras,95,5.0
2024-03-31,P012,Paket hampers,kerajinan,97000,7,1,6,582000,0,0,0,online,Sunday,1,3,1,hujan_deras,95,4.4
2024-04-01,P001,Paket nasi lauk,makanan_minuman,18500,46,16,30,527200,5,1,27800,offline,Monday,0,4,1,hujan_ringan,72,4.6
2024-04-01,P002,Minuman kopi susu,makanan_minuman,15500,43,2,41,635500,0,0,0,online,Monday,0,4,1,hujan_ringan,72,4.2
2024-04-01,P003,Snack kemasan lokal,makanan_minuman,9500,74,23,51,484500,0,0,0,campuran,Monday,0,4,1,hujan_ringan,72,4.1
2024-04-01,P004,Kaos basic,fashion,65000,16,0,16,1040000,0,0,0,offline,Monday,0,4,1,hujan_ringan,72,4.0
2024-04-01,P005,Hijab polos,fashion,43000,25,5,20,860000,0,0,0,offline,Monday,0,4,1,hujan_ringan,72,4.7
2024-04-01,P006,Sandal harian,fashion,54500,13,2,11,599500,0,0,0,campuran,Monday,0,4,1,hujan_ringan,72,4.3
2024-04-01,P007,Sabun cuci literan,kebutuhan_rumah,17500,31,16,15,262500,0,0,0,offline,Monday,0,4,1,hujan_ringan,72,4.1
2024-04-01,P008,Beras 5 kg,kebutuhan_rumah,73000,16,3,13,949000,0,0,0,offline,Monday,0,4,1,hujan_ringan,72,4.6
2024-04-01,P009,Minyak goreng 1 liter,kebutuhan_rumah,20000,42,15,27,513000,5,1,27000,online,Monday,0,4,1,hujan_ringan,72,4.4
2024-04-01,P010,Aksesori ponsel,aksesoris,25500,35,8,27,585200,15,1,103300,offline,Monday,0,4,1,hujan_ringan,72,3.9
2024-04-01,P011,Buket mini,kerajinan,43000,15,6,9,329000,15,1,58000,online,Monday,0,4,1,hujan_ringan,72,4.9
2024-04-01,P012,Paket hampers,kerajinan,97500,19,13,6,526500,10,1,58500,offline,Monday,0,4,1,hujan_ringan,72,4.6
2024-04-02,P001,Paket nasi lauk,makanan_minuman,18500,76,37,39,721500,0,0,0,campuran,Tuesday,0,4,1,berawan,105,4.2
2024-04-02,P002,Minuman kopi susu,makanan_minuman,15500,59,11,48,744000,0,0,0,online,Tuesday,0,4,1,berawan,105,4.2
2024-04-02,P003,Snack kemasan lokal,makanan_minuman,9000,160,78,82,664200,10,1,73800,campuran,Tuesday,0,4,1,berawan,105,4.2
2024-04-02,P004,Kaos basic,fashion,66500,37,28,9,508700,15,1,89800,offline,Tuesday,0,4,1,berawan,105,4.2
2024-04-02,P005,Hijab polos,fashion,43500,30,18,12,522000,0,0,0,offline,Tuesday,0,4,1,berawan,105,4.7
2024-04-02,P006,Sandal harian,fashion,56000,22,11,11,616000,0,0,0,campuran,Tuesday,0,4,1,berawan,105,4.0
2024-04-02,P007,Sabun cuci literan,kebutuhan_rumah,17500,30,9,21,367500,0,0,0,offline,Tuesday,0,4,1,berawan,105,4.3
2024-04-02,P008,Beras 5 kg,kebutuhan_rumah,73000,19,7,12,876000,0,0,0,online,Tuesday,0,4,1,berawan,105,4.5
2024-04-02,P009,Minyak goreng 1 liter,kebutuhan_rumah,20000,32,6,26,520000,0,0,0,offline,Tuesday,0,4,1,berawan,105,4.4
2024-04-02,P010,Aksesori ponsel,aksesoris,25000,23,2,21,525000,0,0,0,offline,Tuesday,0,4,1,berawan,105,3.9
2024-04-02,P011,Buket mini,kerajinan,47000,14,1,13,611000,0,0,0,offline,Tuesday,0,4,1,berawan,105,4.8
2024-04-02,P012,Paket hampers,kerajinan,95000,13,4,9,855000,0,0,0,offline,Tuesday,0,4,1,berawan,105,4.8
2024-04-03,P001,Paket nasi lauk,makanan_minuman,17000,68,24,44,748000,0,0,0,offline,Wednesday,0,4,1,cerah,119,4.2
2024-04-03,P002,Minuman kopi susu,makanan_minuman,15000,87,43,44,660000,0,0,0,offline,Wednesday,0,4,1,cerah,119,4.2
2024-04-03,P003,Snack kemasan lokal,makanan_minuman,8500,95,51,44,374000,0,0,0,offline,Wednesday,0,4,1,cerah,119,4.1
2024-04-03,P004,Kaos basic,fashion,65500,45,25,20,1179000,10,1,131000,campuran,Wednesday,0,4,1,cerah,119,4.4
2024-04-03,P005,Hijab polos,fashion,42000,34,9,25,1050000,0,0,0,offline,Wednesday,0,4,1,cerah,119,4.5
2024-04-03,P006,Sandal harian,fashion,51500,23,7,16,824000,0,0,0,offline,Wednesday,0,4,1,cerah,119,4.2
2024-04-03,P007,Sabun cuci literan,kebutuhan_rumah,16500,42,6,36,534600,10,1,59400,online,Wednesday,0,4,1,cerah,119,4.3
2024-04-03,P008,Beras 5 kg,kebutuhan_rumah,72000,20,4,16,1152000,0,0,0,online,Wednesday,0,4,1,cerah,119,4.4
2024-04-03,P009,Minyak goreng 1 liter,kebutuhan_rumah,19000,70,40,30,570000,0,0,0,offline,Wednesday,0,4,1,cerah,119,4.3
2024-04-03,P010,Aksesori ponsel,aksesoris,25000,35,15,20,500000,0,0,0,campuran,Wednesday,0,4,1,cerah,119,3.9
2024-04-03,P011,Buket mini,kerajinan,44500,19,3,16,712000,0,0,0,offline,Wednesday,0,4,1,cerah,119,4.6
2024-04-03,P012,Paket hampers,kerajinan,94500,11,1,10,945000,0,0,0,online,Wednesday,0,4,1,cerah,119,4.6
2024-04-04,P001,Paket nasi lauk,makanan_minuman,17000,104,41,63,856800,20,1,214200,offline,Thursday,0,4,1,hujan_ringan,102,4.6
2024-04-04,P002,Minuman kopi susu,makanan_minuman,14000,60,16,44,616000,0,0,0,campuran,Thursday,0,4,1,hujan_ringan,102,4.6
2024-04-04,P003,Snack kemasan lokal,makanan_minuman,9000,73,23,50,450000,0,0,0,offline,Thursday,0,4,1,hujan_ringan,102,4.1
2024-04-04,P004,Kaos basic,fashion,65000,27,12,15,926200,5,1,48800,offline,Thursday,0,4,1,hujan_ringan,102,4.4
2024-04-04,P005,Hijab polos,fashion,44000,38,5,33,1379400,5,1,72600,campuran,Thursday,0,4,1,hujan_ringan,102,4.7
2024-04-04,P006,Sandal harian,fashion,60500,11,5,6,363000,0,0,0,online,Thursday,0,4,1,hujan_ringan,102,4.2
2024-04-04,P007,Sabun cuci literan,kebutuhan_rumah,16000,32,22,10,160000,0,0,0,online,Thursday,0,4,1,hujan_ringan,102,4.5
2024-04-04,P008,Beras 5 kg,kebutuhan_rumah,73500,19,5,14,1029000,0,0,0,online,Thursday,0,4,1,hujan_ringan,102,4.8
2024-04-04,P009,Minyak goreng 1 liter,kebutuhan_rumah,18000,38,9,29,522000,0,0,0,online,Thursday,0,4,1,hujan_ringan,102,4.4
2024-04-04,P010,Aksesori ponsel,aksesoris,23500,34,11,23,540500,0,0,0,campuran,Thursday,0,4,1,hujan_ringan,102,3.8
2024-04-04,P011,Buket mini,kerajinan,41500,14,11,3,124500,0,0,0,online,Thursday,0,4,1,hujan_ringan,102,4.8
2024-04-04,P012,Paket hampers,kerajinan,101000,12,9,3,303000,0,0,0,offline,Thursday,0,4,1,hujan_ringan,102,4.6
2024-04-05,P001,Paket nasi lauk,makanan_minuman,18500,79,27,52,962000,0,0,0,campuran,Friday,0,4,1,cerah,137,4.7
2024-04-05,P002,Minuman kopi susu,makanan_minuman,14000,78,29,49,686000,0,0,0,online,Friday,0,4,1,cerah,137,4.3
2024-04-05,P003,Snack kemasan lokal,makanan_minuman,9500,110,20,90,769500,10,1,85500,online,Friday,0,4,1,cerah,137,4.2
2024-04-05,P004,Kaos basic,fashion,66000,16,0,16,1056000,0,0,0,online,Friday,0,4,1,cerah,137,4.2
2024-04-05,P005,Hijab polos,fashion,42000,41,22,19,798000,0,0,0,online,Friday,0,4,1,cerah,137,4.6
2024-04-05,P006,Sandal harian,fashion,56500,23,12,11,621500,0,0,0,offline,Friday,0,4,1,cerah,137,3.8
2024-04-05,P007,Sabun cuci literan,kebutuhan_rumah,17000,48,9,39,663000,0,0,0,offline,Friday,0,4,1,cerah,137,4.1
2024-04-05,P008,Beras 5 kg,kebutuhan_rumah,69000,24,2,22,1518000,0,0,0,offline,Friday,0,4,1,cerah,137,4.6
2024-04-05,P009,Minyak goreng 1 liter,kebutuhan_rumah,18500,53,22,31,573500,0,0,0,campuran,Friday,0,4,1,cerah,137,4.5
2024-04-05,P010,Aksesori ponsel,aksesoris,25500,48,22,26,663000,0,0,0,offline,Friday,0,4,1,cerah,137,3.8
2024-04-05,P011,Buket mini,kerajinan,45000,25,12,13,585000,0,0,0,offline,Friday,0,4,1,cerah,137,5.0
2024-04-05,P012,Paket hampers,kerajinan,98500,11,4,7,689500,0,0,0,campuran,Friday,0,4,1,cerah,137,4.6
2024-04-06,P001,Paket nasi lauk,makanan_minuman,17500,92,35,57,947600,5,1,49900,campuran,Saturday,1,4,1,hujan_ringan,116,4.6
2024-04-06,P002,Minuman kopi susu,makanan_minuman,15000,81,18,63,945000,0,0,0,campuran,Saturday,1,4,1,hujan_ringan,116,4.3
2024-04-06,P003,Snack kemasan lokal,makanan_minuman,9000,103,33,70,630000,0,0,0,offline,Saturday,1,4,1,hujan_ringan,116,4.3
2024-04-06,P004,Kaos basic,fashion,64500,37,18,19,1225500,0,0,0,campuran,Saturday,1,4,1,hujan_ringan,116,4.0
2024-04-06,P005,Hijab polos,fashion,40500,41,0,41,1577500,5,1,83000,offline,Saturday,1,4,1,hujan_ringan,116,4.4
2024-04-06,P006,Sandal harian,fashion,57000,21,9,12,684000,0,0,0,offline,Saturday,1,4,1,hujan_ringan,116,4.1
2024-04-06,P007,Sabun cuci literan,kebutuhan_rumah,16000,46,10,36,576000,0,0,0,offline,Saturday,1,4,1,hujan_ringan,116,4.3
2024-04-06,P008,Beras 5 kg,kebutuhan_rumah,71500,24,5,19,1358500,0,0,0,campuran,Saturday,1,4,1,hujan_ringan,116,4.7
2024-04-06,P009,Minyak goreng 1 liter,kebutuhan_rumah,19500,37,7,30,585000,0,0,0,online,Saturday,1,4,1,hujan_ringan,116,4.5
2024-04-06,P010,Aksesori ponsel,aksesoris,25500,65,35,30,726800,5,1,38200,campuran,Saturday,1,4,1,hujan_ringan,116,4.1
2024-04-06,P011,Buket mini,kerajinan,45000,22,6,16,720000,0,0,0,offline,Saturday,1,4,1,hujan_ringan,116,4.7
2024-04-06,P012,Paket hampers,kerajinan,93000,16,4,12,1116000,0,0,0,campuran,Saturday,1,4,1,hujan_ringan,116,4.7
2024-04-07,P001,Paket nasi lauk,makanan_minuman,18000,102,62,40,720000,0,0,0,online,Sunday,1,4,1,berawan,162,4.5
2024-04-07,P002,Minuman kopi susu,makanan_minuman,14500,122,40,82,1189000,0,0,0,campuran,Sunday,1,4,1,berawan,162,4.3
2024-04-07,P003,Snack kemasan lokal,makanan_minuman,9000,122,51,71,639000,0,0,0,offline,Sunday,1,4,1,berawan,162,4.1
2024-04-07,P004,Kaos basic,fashion,60000,30,6,24,1440000,0,0,0,online,Sunday,1,4,1,berawan,162,4.1
2024-04-07,P005,Hijab polos,fashion,43500,49,20,29,1261500,0,0,0,offline,Sunday,1,4,1,berawan,162,4.5
2024-04-07,P006,Sandal harian,fashion,60000,26,9,17,1020000,0,0,0,offline,Sunday,1,4,1,berawan,162,4.1
2024-04-07,P007,Sabun cuci literan,kebutuhan_rumah,17500,47,6,41,717500,0,0,0,online,Sunday,1,4,1,berawan,162,4.1
2024-04-07,P008,Beras 5 kg,kebutuhan_rumah,71500,40,10,30,1930500,10,1,214500,campuran,Sunday,1,4,1,berawan,162,4.7
2024-04-07,P009,Minyak goreng 1 liter,kebutuhan_rumah,18000,86,39,47,803700,5,1,42300,online,Sunday,1,4,1,berawan,162,4.4
2024-04-07,P010,Aksesori ponsel,aksesoris,24000,49,8,41,885600,10,1,98400,offline,Sunday,1,4,1,berawan,162,4.2
2024-04-07,P011,Buket mini,kerajinan,45500,32,13,19,864500,0,0,0,offline,Sunday,1,4,1,berawan,162,4.7
2024-04-07,P012,Paket hampers,kerajinan,95000,29,10,19,1714800,5,1,90200,campuran,Sunday,1,4,1,berawan,162,4.5
2024-04-08,P001,Paket nasi lauk,makanan_minuman,18000,54,20,34,612000,0,0,0,online,Monday,0,4,1,hujan_ringan,127,4.4
2024-04-08,P002,Minuman kopi susu,makanan_minuman,15000,59,21,38,570000,0,0,0,campuran,Monday,0,4,1,hujan_ringan,127,4.5
2024-04-08,P003,Snack kemasan lokal,makanan_minuman,9000,84,11,73,657000,0,0,0,campuran,Monday,0,4,1,hujan_ringan,127,4.4
2024-04-08,P004,Kaos basic,fashion,69000,16,1,15,1035000,0,0,0,online,Monday,0,4,1,hujan_ringan,127,4.5
2024-04-08,P005,Hijab polos,fashion,41000,28,15,13,533000,0,0,0,offline,Monday,0,4,1,hujan_ringan,127,4.7
2024-04-08,P006,Sandal harian,fashion,56000,26,9,17,904400,5,1,47600,online,Monday,0,4,1,hujan_ringan,127,4.1
2024-04-08,P007,Sabun cuci literan,kebutuhan_rumah,16500,36,5,31,511500,0,0,0,campuran,Monday,0,4,1,hujan_ringan,127,4.4
2024-04-08,P008,Beras 5 kg,kebutuhan_rumah,71000,22,3,19,1349000,0,0,0,offline,Monday,0,4,1,hujan_ringan,127,4.4
2024-04-08,P009,Minyak goreng 1 liter,kebutuhan_rumah,19000,78,29,49,791400,15,1,139600,campuran,Monday,0,4,1,hujan_ringan,127,4.6
2024-04-08,P010,Aksesori ponsel,aksesoris,25500,32,12,20,510000,0,0,0,campuran,Monday,0,4,1,hujan_ringan,127,4.2
2024-04-08,P011,Buket mini,kerajinan,47000,18,7,11,517000,0,0,0,campuran,Monday,0,4,1,hujan_ringan,127,4.8
2024-04-08,P012,Paket hampers,kerajinan,98000,13,3,10,980000,0,0,0,campuran,Monday,0,4,1,hujan_ringan,127,4.5
2024-04-09,P001,Paket nasi lauk,makanan_minuman,17000,49,5,44,748000,0,0,0,campuran,Tuesday,0,4,1,hujan_ringan,126,4.5
2024-04-09,P002,Minuman kopi susu,makanan_minuman,15500,96,49,47,728500,0,0,0,campuran,Tuesday,0,4,1,hujan_ringan,126,4.3
2024-04-09,P003,Snack kemasan lokal,makanan_minuman,9500,81,38,43,408500,0,0,0,offline,Tuesday,0,4,1,hujan_ringan,126,4.2
2024-04-09,P004,Kaos basic,fashion,62000,17,4,13,806000,0,0,0,online,Tuesday,0,4,1,hujan_ringan,126,4.3
2024-04-09,P005,Hijab polos,fashion,40000,21,1,20,800000,0,0,0,online,Tuesday,0,4,1,hujan_ringan,126,4.4
2024-04-09,P006,Sandal harian,fashion,55500,19,8,11,610500,0,0,0,online,Tuesday,0,4,1,hujan_ringan,126,4.2
2024-04-09,P007,Sabun cuci literan,kebutuhan_rumah,17000,41,17,24,408000,0,0,0,campuran,Tuesday,0,4,1,hujan_ringan,126,4.0
2024-04-09,P008,Beras 5 kg,kebutuhan_rumah,71000,18,1,17,1207000,0,0,0,offline,Tuesday,0,4,1,hujan_ringan,126,4.8
2024-04-09,P009,Minyak goreng 1 liter,kebutuhan_rumah,19000,41,17,24,456000,0,0,0,online,Tuesday,0,4,1,hujan_ringan,126,4.2
2024-04-09,P010,Aksesori ponsel,aksesoris,23000,44,25,19,437000,0,0,0,campuran,Tuesday,0,4,1,hujan_ringan,126,3.8
2024-04-09,P011,Buket mini,kerajinan,44000,27,1,26,1086800,5,1,57200,campuran,Tuesday,0,4,1,hujan_ringan,126,4.9
2024-04-09,P012,Paket hampers,kerajinan,93000,8,0,8,744000,0,0,0,offline,Tuesday,0,4,1,hujan_ringan,126,4.7
2024-04-10,P001,Paket nasi lauk,makanan_minuman,18000,69,19,50,900000,0,0,0,campuran,Wednesday,0,4,1,berawan,112,4.5
2024-04-10,P002,Minuman kopi susu,makanan_minuman,15000,62,11,51,765000,0,0,0,online,Wednesday,0,4,1,berawan,112,4.8
2024-04-10,P003,Snack kemasan lokal,makanan_minuman,9000,78,20,58,522000,0,0,0,online,Wednesday,0,4,1,berawan,112,4.3
2024-04-10,P004,Kaos basic,fashion,64000,21,4,17,1088000,0,0,0,offline,Wednesday,0,4,1,berawan,112,4.3
2024-04-10,P005,Hijab polos,fashion,41000,25,6,19,779000,0,0,0,online,Wednesday,0,4,1,berawan,112,4.4
2024-04-10,P006,Sandal harian,fashion,53000,19,3,16,848000,0,0,0,offline,Wednesday,0,4,1,berawan,112,4.4
2024-04-10,P007,Sabun cuci literan,kebutuhan_rumah,17000,34,13,21,357000,0,0,0,offline,Wednesday,0,4,1,berawan,112,4.3
2024-04-10,P008,Beras 5 kg,kebutuhan_rumah,75000,22,13,9,675000,0,0,0,online,Wednesday,0,4,1,berawan,112,4.4
2024-04-10,P009,Minyak goreng 1 liter,kebutuhan_rumah,19000,31,7,24,456000,0,0,0,online,Wednesday,0,4,1,berawan,112,4.6
2024-04-10,P010,Aksesori ponsel,aksesoris,25500,38,14,24,581400,5,1,30600,offline,Wednesday,0,4,1,berawan,112,3.8
2024-04-10,P011,Buket mini,kerajinan,47500,10,2,8,380000,0,0,0,online,Wednesday,0,4,1,berawan,112,4.9
2024-04-10,P012,Paket hampers,kerajinan,94500,11,3,8,756000,0,0,0,online,Wednesday,0,4,1,berawan,112,4.4
2024-04-11,P001,Paket nasi lauk,makanan_minuman,18500,50,17,33,610500,0,0,0,online,Thursday,0,4,1,hujan_ringan,88,4.4
2024-04-11,P002,Minuman kopi susu,makanan_minuman,15000,51,11,40,600000,0,0,0,campuran,Thursday,0,4,1,hujan_ringan,88,4.3
2024-04-11,P003,Snack kemasan lokal,makanan_minuman,9000,120,40,80,648000,10,1,72000,online,Thursday,0,4,1,hujan_ringan,88,4.4
2024-04-11,P004,Kaos basic,fashion,65500,14,2,12,786000,0,0,0,offline,Thursday,0,4,1,hujan_ringan,88,4.4
2024-04-11,P005,Hijab polos,fashion,43000,29,14,15,645000,0,0,0,offline,Thursday,0,4,1,hujan_ringan,88,4.7
2024-04-11,P006,Sandal harian,fashion,53000,15,3,12,636000,0,0,0,offline,Thursday,0,4,1,hujan_ringan,88,4.2
2024-04-11,P007,Sabun cuci literan,kebutuhan_rumah,16500,31,3,28,462000,0,0,0,campuran,Thursday,0,4,1,hujan_ringan,88,4.3
2024-04-11,P008,Beras 5 kg,kebutuhan_rumah,69000,17,9,8,552000,0,0,0,online,Thursday,0,4,1,hujan_ringan,88,4.7
2024-04-11,P009,Minyak goreng 1 liter,kebutuhan_rumah,19500,31,13,18,351000,0,0,0,online,Thursday,0,4,1,hujan_ringan,88,4.6
2024-04-11,P010,Aksesori ponsel,aksesoris,25500,20,3,17,433500,0,0,0,offline,Thursday,0,4,1,hujan_ringan,88,4.2
2024-04-11,P011,Buket mini,kerajinan,43000,20,4,16,688000,0,0,0,campuran,Thursday,0,4,1,hujan_ringan,88,4.7
2024-04-11,P012,Paket hampers,kerajinan,92500,9,2,7,647500,0,0,0,offline,Thursday,0,4,1,hujan_ringan,88,4.8
2024-04-12,P001,Paket nasi lauk,makanan_minuman,16500,74,28,46,759000,0,0,0,online,Friday,0,4,1,cerah,113,4.6
2024-04-12,P002,Minuman kopi susu,makanan_minuman,16000,77,28,49,784000,0,0,0,online,Friday,0,4,1,cerah,113,4.2
2024-04-12,P003,Snack kemasan lokal,makanan_minuman,9000,87,30,57,513000,0,0,0,online,Friday,0,4,1,cerah,113,4.5
2024-04-12,P004,Kaos basic,fashion,64000,19,5,14,896000,0,0,0,offline,Friday,0,4,1,cerah,113,4.4
2024-04-12,P005,Hijab polos,fashion,41500,42,23,19,788500,0,0,0,online,Friday,0,4,1,cerah,113,4.4
2024-04-12,P006,Sandal harian,fashion,54000,16,0,16,864000,0,0,0,online,Friday,0,4,1,cerah,113,4.3
2024-04-12,P007,Sabun cuci literan,kebutuhan_rumah,17500,47,5,42,735000,0,0,0,campuran,Friday,0,4,1,cerah,113,4.0
2024-04-12,P008,Beras 5 kg,kebutuhan_rumah,70500,15,0,15,1057500,0,0,0,offline,Friday,0,4,1,cerah,113,4.6
2024-04-12,P009,Minyak goreng 1 liter,kebutuhan_rumah,19500,54,20,34,663000,0,0,0,campuran,Friday,0,4,1,cerah,113,4.5
2024-04-12,P010,Aksesori ponsel,aksesoris,25500,34,18,16,408000,0,0,0,online,Friday,0,4,1,cerah,113,3.9
2024-04-12,P011,Buket mini,kerajinan,45500,19,4,15,682500,0,0,0,offline,Friday,0,4,1,cerah,113,4.4
2024-04-12,P012,Paket hampers,kerajinan,94500,19,5,14,1323000,0,0,0,offline,Friday,0,4,1,cerah,113,4.7
2024-04-13,P001,Paket nasi lauk,makanan_minuman,19000,68,18,50,950000,0,0,0,online,Saturday,1,4,1,berawan,121,4.6
2024-04-13,P002,Minuman kopi susu,makanan_minuman,15500,124,29,95,1325200,10,1,147200,offline,Saturday,1,4,1,berawan,121,4.5
2024-04-13,P003,Snack kemasan lokal,makanan_minuman,9500,151,52,99,799400,15,1,141100,online,Saturday,1,4,1,berawan,121,4.3
2024-04-13,P004,Kaos basic,fashion,66000,35,5,30,1980000,0,0,0,offline,Saturday,1,4,1,berawan,121,3.9
2024-04-13,P005,Hijab polos,fashion,41500,39,15,24,996000,0,0,0,online,Saturday,1,4,1,berawan,121,4.5
2024-04-13,P006,Sandal harian,fashion,54500,34,4,30,1553200,5,1,81800,campuran,Saturday,1,4,1,berawan,121,4.1
2024-04-13,P007,Sabun cuci literan,kebutuhan_rumah,16500,47,19,28,462000,0,0,0,offline,Saturday,1,4,1,berawan,121,4.1
2024-04-13,P008,Beras 5 kg,kebutuhan_rumah,72500,28,9,19,1377500,0,0,0,campuran,Saturday,1,4,1,berawan,121,4.9
2024-04-13,P009,Minyak goreng 1 liter,kebutuhan_rumah,18500,65,39,26,481000,0,0,0,offline,Saturday,1,4,1,berawan,121,4.7
2024-04-13,P010,Aksesori ponsel,aksesoris,25500,33,6,27,688500,0,0,0,online,Saturday,1,4,1,berawan,121,4.2
2024-04-13,P011,Buket mini,kerajinan,43500,19,4,15,652500,0,0,0,online,Saturday,1,4,1,berawan,121,4.7
2024-04-13,P012,Paket hampers,kerajinan,97500,18,5,13,1267500,0,0,0,offline,Saturday,1,4,1,berawan,121,4.6
2024-04-14,P001,Paket nasi lauk,makanan_minuman,17000,74,22,52,884000,0,0,0,online,Sunday,1,4,1,hujan_ringan,121,4.7
2024-04-14,P002,Minuman kopi susu,makanan_minuman,15000,68,14,54,810000,0,0,0,offline,Sunday,1,4,1,hujan_ringan,121,4.5
2024-04-14,P003,Snack kemasan lokal,makanan_minuman,9000,105,38,67,603000,0,0,0,offline,Sunday,1,4,1,hujan_ringan,121,4.5
2024-04-14,P004,Kaos basic,fashion,58500,30,19,11,643500,0,0,0,offline,Sunday,1,4,1,hujan_ringan,121,4.1
2024-04-14,P005,Hijab polos,fashion,39500,36,2,34,1343000,0,0,0,offline,Sunday,1,4,1,hujan_ringan,121,4.6
2024-04-14,P006,Sandal harian,fashion,58000,25,8,17,986000,0,0,0,offline,Sunday,1,4,1,hujan_ringan,121,4.1
2024-04-14,P007,Sabun cuci literan,kebutuhan_rumah,16500,56,23,33,544500,0,0,0,offline,Sunday,1,4,1,hujan_ringan,121,4.2
2024-04-14,P008,Beras 5 kg,kebutuhan_rumah,70500,35,4,31,1857700,15,1,327800,offline,Sunday,1,4,1,hujan_ringan,121,4.6
2024-04-14,P009,Minyak goreng 1 liter,kebutuhan_rumah,19500,61,13,48,842400,10,1,93600,offline,Sunday,1,4,1,hujan_ringan,121,4.4
2024-04-14,P010,Aksesori ponsel,aksesoris,25500,51,24,27,688500,0,0,0,campuran,Sunday,1,4,1,hujan_ringan,121,4.2
2024-04-14,P011,Buket mini,kerajinan,46000,25,4,21,966000,0,0,0,campuran,Sunday,1,4,1,hujan_ringan,121,4.8
2024-04-14,P012,Paket hampers,kerajinan,95500,15,9,6,573000,0,0,0,online,Sunday,1,4,1,hujan_ringan,121,4.7
2024-04-15,P001,Paket nasi lauk,makanan_minuman,17000,109,48,61,933300,10,1,103700,offline,Monday,0,4,1,cerah,94,4.2
2024-04-15,P002,Minuman kopi susu,makanan_minuman,15500,138,72,66,920700,10,1,102300,campuran,Monday,0,4,1,cerah,94,4.4
2024-04-15,P003,Snack kemasan lokal,makanan_minuman,9000,46,0,46,414000,0,0,0,online,Monday,0,4,1,cerah,94,4.4
2024-04-15,P004,Kaos basic,fashion,62500,28,4,24,1425000,5,1,75000,offline,Monday,0,4,1,cerah,94,3.9
2024-04-15,P005,Hijab polos,fashion,43500,52,20,32,1183200,15,1,208800,online,Monday,0,4,1,cerah,94,4.5
2024-04-15,P006,Sandal harian,fashion,55000,19,2,17,935000,0,0,0,offline,Monday,0,4,1,cerah,94,4.4
2024-04-15,P007,Sabun cuci literan,kebutuhan_rumah,17000,33,3,30,510000,0,0,0,offline,Monday,0,4,1,cerah,94,4.0
2024-04-15,P008,Beras 5 kg,kebutuhan_rumah,73500,27,13,14,1029000,0,0,0,offline,Monday,0,4,1,cerah,94,4.7
2024-04-15,P009,Minyak goreng 1 liter,kebutuhan_rumah,19000,44,25,19,361000,0,0,0,online,Monday,0,4,1,cerah,94,4.3
2024-04-15,P010,Aksesori ponsel,aksesoris,25500,49,27,22,533000,5,1,28000,offline,Monday,0,4,1,cerah,94,4.2
2024-04-15,P011,Buket mini,kerajinan,47000,29,12,17,759000,5,1,40000,offline,Monday,0,4,1,cerah,94,4.6
2024-04-15,P012,Paket hampers,kerajinan,93500,16,4,12,1122000,0,0,0,offline,Monday,0,4,1,cerah,94,4.4
2024-04-16,P001,Paket nasi lauk,makanan_minuman,18000,44,17,27,486000,0,0,0,online,Tuesday,0,4,1,hujan_deras,101,4.4
2024-04-16,P002,Minuman kopi susu,makanan_minuman,15500,70,40,30,465000,0,0,0,offline,Tuesday,0,4,1,hujan_deras,101,4.2
2024-04-16,P003,Snack kemasan lokal,makanan_minuman,9000,63,12,51,459000,0,0,0,campuran,Tuesday,0,4,1,hujan_deras,101,4.1
2024-04-16,P004,Kaos basic,fashion,66000,14,8,6,396000,0,0,0,online,Tuesday,0,4,1,hujan_deras,101,4.5
2024-04-16,P005,Hijab polos,fashion,41500,19,3,16,664000,0,0,0,offline,Tuesday,0,4,1,hujan_deras,101,4.4
2024-04-16,P006,Sandal harian,fashion,54000,15,12,3,162000,0,0,0,campuran,Tuesday,0,4,1,hujan_deras,101,3.9
2024-04-16,P007,Sabun cuci literan,kebutuhan_rumah,17500,59,23,36,567000,10,1,63000,campuran,Tuesday,0,4,1,hujan_deras,101,4.2
2024-04-16,P008,Beras 5 kg,kebutuhan_rumah,73500,16,8,8,588000,0,0,0,online,Tuesday,0,4,1,hujan_deras,101,4.6
2024-04-16,P009,Minyak goreng 1 liter,kebutuhan_rumah,18500,30,15,15,277500,0,0,0,online,Tuesday,0,4,1,hujan_deras,101,4.4
2024-04-16,P010,Aksesori ponsel,aksesoris,25500,19,9,10,255000,0,0,0,offline,Tuesday,0,4,1,hujan_deras,101,3.9
2024-04-16,P011,Buket mini,kerajinan,44500,10,0,10,445000,0,0,0,online,Tuesday,0,4,1,hujan_deras,101,4.6
2024-04-16,P012,Paket hampers,kerajinan,90500,8,0,8,724000,0,0,0,online,Tuesday,0,4,1,hujan_deras,101,4.6
2024-04-17,P001,Paket nasi lauk,makanan_minuman,18000,60,0,60,1080000,0,0,0,campuran,Wednesday,0,4,1,cerah,109,4.5
2024-04-17,P002,Minuman kopi susu,makanan_minuman,15000,99,46,53,795000,0,0,0,campuran,Wednesday,0,4,1,cerah,109,4.4
2024-04-17,P003,Snack kemasan lokal,makanan_minuman,9000,88,45,43,387000,0,0,0,offline,Wednesday,0,4,1,cerah,109,4.2
2024-04-17,P004,Kaos basic,fashion,66500,21,7,14,931000,0,0,0,offline,Wednesday,0,4,1,cerah,109,4.1
2024-04-17,P005,Hijab polos,fashion,41000,34,12,22,902000,0,0,0,offline,Wednesday,0,4,1,cerah,109,4.5
2024-04-17,P006,Sandal harian,fashion,57000,21,8,13,741000,0,0,0,campuran,Wednesday,0,4,1,cerah,109,4.1
2024-04-17,P007,Sabun cuci literan,kebutuhan_rumah,17500,46,30,16,280000,0,0,0,offline,Wednesday,0,4,1,cerah,109,4.3
2024-04-17,P008,Beras 5 kg,kebutuhan_rumah,69500,19,1,18,1251000,0,0,0,campuran,Wednesday,0,4,1,cerah,109,4.5
2024-04-17,P009,Minyak goreng 1 liter,kebutuhan_rumah,20000,32,10,22,440000,0,0,0,online,Wednesday,0,4,1,cerah,109,4.4
2024-04-17,P010,Aksesori ponsel,aksesoris,23500,40,9,31,692100,5,1,36400,offline,Wednesday,0,4,1,cerah,109,4.0
2024-04-17,P011,Buket mini,kerajinan,42000,18,8,10,420000,0,0,0,online,Wednesday,0,4,1,cerah,109,4.7
2024-04-17,P012,Paket hampers,kerajinan,93500,9,0,9,841500,0,0,0,offline,Wednesday,0,4,1,cerah,109,4.3
2024-04-18,P001,Paket nasi lauk,makanan_minuman,18000,73,25,48,864000,0,0,0,offline,Thursday,0,4,1,cerah,118,4.6
2024-04-18,P002,Minuman kopi susu,makanan_minuman,14000,132,48,84,1058400,10,1,117600,offline,Thursday,0,4,1,cerah,118,4.3
2024-04-18,P003,Snack kemasan lokal,makanan_minuman,9500,169,69,100,855000,10,1,95000,campuran,Thursday,0,4,1,cerah,118,4.2
2024-04-18,P004,Kaos basic,fashion,63000,24,14,10,630000,0,0,0,offline,Thursday,0,4,1,cerah,118,4.4
2024-04-18,P005,Hijab polos,fashion,45000,28,0,28,1260000,0,0,0,campuran,Thursday,0,4,1,cerah,118,4.7
2024-04-18,P006,Sandal harian,fashion,53500,17,0,17,909500,0,0,0,offline,Thursday,0,4,1,cerah,118,4.3
2024-04-18,P007,Sabun cuci literan,kebutuhan_rumah,16500,51,14,37,610500,0,0,0,campuran,Thursday,0,4,1,cerah,118,4.0
2024-04-18,P008,Beras 5 kg,kebutuhan_rumah,73500,19,2,17,1249500,0,0,0,online,Thursday,0,4,1,cerah,118,4.6
2024-04-18,P009,Minyak goreng 1 liter,kebutuhan_rumah,19000,73,47,26,494000,0,0,0,campuran,Thursday,0,4,1,cerah,118,4.4
2024-04-18,P010,Aksesori ponsel,aksesoris,25500,35,14,21,535500,0,0,0,campuran,Thursday,0,4,1,cerah,118,3.9
2024-04-18,P011,Buket mini,kerajinan,46500,20,11,9,418500,0,0,0,offline,Thursday,0,4,1,cerah,118,4.7
2024-04-18,P012,Paket hampers,kerajinan,95000,11,3,8,760000,0,0,0,offline,Thursday,0,4,1,cerah,118,4.5
2024-04-19,P001,Paket nasi lauk,makanan_minuman,17500,61,8,53,927500,0,0,0,campuran,Friday,0,4,1,cerah,105,4.5
2024-04-19,P002,Minuman kopi susu,makanan_minuman,14500,77,20,57,826500,0,0,0,offline,Friday,0,4,1,cerah,105,4.3
2024-04-19,P003,Snack kemasan lokal,makanan_minuman,9500,78,22,56,532000,0,0,0,online,Friday,0,4,1,cerah,105,4.3
2024-04-19,P004,Kaos basic,fashion,63000,25,10,15,945000,0,0,0,offline,Friday,0,4,1,cerah,105,4.1
2024-04-19,P005,Hijab polos,fashion,41000,39,15,24,984000,0,0,0,offline,Friday,0,4,1,cerah,105,4.3
2024-04-19,P006,Sandal harian,fashion,55500,21,5,16,888000,0,0,0,offline,Friday,0,4,1,cerah,105,4.0
2024-04-19,P007,Sabun cuci literan,kebutuhan_rumah,17500,39,13,26,455000,0,0,0,offline,Friday,0,4,1,cerah,105,4.2
2024-04-19,P008,Beras 5 kg,kebutuhan_rumah,74500,22,9,13,968500,0,0,0,offline,Friday,0,4,1,cerah,105,4.5
2024-04-19,P009,Minyak goreng 1 liter,kebutuhan_rumah,19500,34,7,27,526500,0,0,0,campuran,Friday,0,4,1,cerah,105,4.6
2024-04-19,P010,Aksesori ponsel,aksesoris,26500,24,7,17,450500,0,0,0,offline,Friday,0,4,1,cerah,105,3.9
2024-04-19,P011,Buket mini,kerajinan,46000,12,2,10,460000,0,0,0,online,Friday,0,4,1,cerah,105,4.9
2024-04-19,P012,Paket hampers,kerajinan,96500,13,8,5,482500,0,0,0,offline,Friday,0,4,1,cerah,105,4.4
2024-04-20,P001,Paket nasi lauk,makanan_minuman,17500,100,62,38,665000,0,0,0,online,Saturday,1,4,1,hujan_ringan,143,4.4
2024-04-20,P002,Minuman kopi susu,makanan_minuman,14500,114,49,65,942500,0,0,0,offline,Saturday,1,4,1,hujan_ringan,143,4.2
2024-04-20,P003,Snack kemasan lokal,makanan_minuman,8500,79,0,79,671500,0,0,0,offline,Saturday,1,4,1,hujan_ringan,143,3.9
2024-04-20,P004,Kaos basic,fashion,64000,33,19,14,896000,0,0,0,online,Saturday,1,4,1,hujan_ringan,143,4.4
2024-04-20,P005,Hijab polos,fashion,42500,41,8,33,1402500,0,0,0,offline,Saturday,1,4,1,hujan_ringan,143,4.3
2024-04-20,P006,Sandal harian,fashion,56000,17,4,13,728000,0,0,0,online,Saturday,1,4,1,hujan_ringan,143,4.2
2024-04-20,P007,Sabun cuci literan,kebutuhan_rumah,17000,46,7,39,663000,0,0,0,online,Saturday,1,4,1,hujan_ringan,143,4.4
2024-04-20,P008,Beras 5 kg,kebutuhan_rumah,76000,26,9,17,1292000,0,0,0,offline,Saturday,1,4,1,hujan_ringan,143,4.6
2024-04-20,P009,Minyak goreng 1 liter,kebutuhan_rumah,20000,82,20,62,1178000,5,1,62000,offline,Saturday,1,4,1,hujan_ringan,143,4.4
2024-04-20,P010,Aksesori ponsel,aksesoris,25000,35,10,25,625000,0,0,0,online,Saturday,1,4,1,hujan_ringan,143,4.1
2024-04-20,P011,Buket mini,kerajinan,44500,34,12,22,881100,10,1,97900,online,Saturday,1,4,1,hujan_ringan,143,4.9
2024-04-20,P012,Paket hampers,kerajinan,93500,17,7,10,935000,0,0,0,offline,Saturday,1,4,1,hujan_ringan,143,4.8
2024-04-21,P001,Paket nasi lauk,makanan_minuman,17500,56,0,56,980000,0,0,0,online,Sunday,1,4,0,berawan,117,4.7
2024-04-21,P002,Minuman kopi susu,makanan_minuman,15500,77,36,41,635500,0,0,0,online,Sunday,1,4,0,berawan,117,4.3
2024-04-21,P003,Snack kemasan lokal,makanan_minuman,9000,90,24,66,594000,0,0,0,offline,Sunday,1,4,0,berawan,117,4.0
2024-04-21,P004,Kaos basic,fashion,65000,27,6,21,1296800,5,1,68200,offline,Sunday,1,4,0,berawan,117,4.3
2024-04-21,P005,Hijab polos,fashion,43000,30,5,25,1075000,0,0,0,online,Sunday,1,4,0,berawan,117,4.6
2024-04-21,P006,Sandal harian,fashion,54500,19,11,8,436000,0,0,0,online,Sunday,1,4,0,berawan,117,4.1
2024-04-21,P007,Sabun cuci literan,kebutuhan_rumah,16000,100,56,44,668800,5,1,35200,campuran,Sunday,1,4,0,berawan,117,3.9
2024-04-21,P008,Beras 5 kg,kebutuhan_rumah,82500,35,15,20,1650000,0,0,0,campuran,Sunday,1,4,0,berawan,117,4.5
2024-04-21,P009,Minyak goreng 1 liter,kebutuhan_rumah,18000,88,41,47,803700,5,1,42300,offline,Sunday,1,4,0,berawan,117,4.3
2024-04-21,P010,Aksesori ponsel,aksesoris,24000,58,10,48,1036800,10,1,115200,online,Sunday,1,4,0,berawan,117,4.0
2024-04-21,P011,Buket mini,kerajinan,45500,24,9,15,682500,0,0,0,offline,Sunday,1,4,0,berawan,117,4.6
2024-04-21,P012,Paket hampers,kerajinan,94500,18,9,9,808000,5,1,42500,offline,Sunday,1,4,0,berawan,117,4.4
2024-04-22,P001,Paket nasi lauk,makanan_minuman,17500,49,14,35,612500,0,0,0,online,Monday,0,4,0,cerah,99,4.7
2024-04-22,P002,Minuman kopi susu,makanan_minuman,14000,73,25,48,672000,0,0,0,offline,Monday,0,4,0,cerah,99,4.7
2024-04-22,P003,Snack kemasan lokal,makanan_minuman,8500,76,25,51,433500,0,0,0,online,Monday,0,4,0,cerah,99,4.0
2024-04-22,P004,Kaos basic,fashion,66000,15,1,14,924000,0,0,0,online,Monday,0,4,0,cerah,99,4.3
2024-04-22,P005,Hijab polos,fashion,42500,28,6,22,935000,0,0,0,campuran,Monday,0,4,0,cerah,99,4.4
2024-04-22,P006,Sandal harian,fashion,54000,16,10,6,324000,0,0,0,offline,Monday,0,4,0,cerah,99,4.1
2024-04-22,P007,Sabun cuci literan,kebutuhan_rumah,18000,54,23,31,558000,0,0,0,campuran,Monday,0,4,0,cerah,99,4.2
2024-04-22,P008,Beras 5 kg,kebutuhan_rumah,74500,22,5,17,1266500,0,0,0,offline,Monday,0,4,0,cerah,99,4.6
2024-04-22,P009,Minyak goreng 1 liter,kebutuhan_rumah,19000,81,35,46,786600,10,1,87400,offline,Monday,0,4,0,cerah,99,4.5
2024-04-22,P010,Aksesori ponsel,aksesoris,24500,28,8,20,490000,0,0,0,offline,Monday,0,4,0,cerah,99,4.0
2024-04-22,P011,Buket mini,kerajinan,47500,15,7,8,380000,0,0,0,offline,Monday,0,4,0,cerah,99,4.5
2024-04-22,P012,Paket hampers,kerajinan,97000,14,5,9,873000,0,0,0,campuran,Monday,0,4,0,cerah,99,4.4
2024-04-23,P001,Paket nasi lauk,makanan_minuman,16500,53,11,42,693000,0,0,0,offline,Tuesday,0,4,0,cerah,93,4.7
2024-04-23,P002,Minuman kopi susu,makanan_minuman,15000,112,50,62,790500,15,1,139500,offline,Tuesday,0,4,0,cerah,93,4.4
2024-04-23,P003,Snack kemasan lokal,makanan_minuman,9000,78,27,51,459000,0,0,0,offline,Tuesday,0,4,0,cerah,93,4.0
2024-04-23,P004,Kaos basic,fashion,62500,16,2,14,875000,0,0,0,online,Tuesday,0,4,0,cerah,93,4.2
2024-04-23,P005,Hijab polos,fashion,42500,18,2,16,680000,0,0,0,online,Tuesday,0,4,0,cerah,93,4.6
2024-04-23,P006,Sandal harian,fashion,53000,14,3,11,583000,0,0,0,offline,Tuesday,0,4,0,cerah,93,4.2
2024-04-23,P007,Sabun cuci literan,kebutuhan_rumah,17000,42,20,22,374000,0,0,0,online,Tuesday,0,4,0,cerah,93,4.1
2024-04-23,P008,Beras 5 kg,kebutuhan_rumah,71500,24,14,10,715000,0,0,0,campuran,Tuesday,0,4,0,cerah,93,4.4
2024-04-23,P009,Minyak goreng 1 liter,kebutuhan_rumah,18500,45,3,42,777000,0,0,0,offline,Tuesday,0,4,0,cerah,93,4.5
2024-04-23,P010,Aksesori ponsel,aksesoris,23500,30,15,15,352500,0,0,0,offline,Tuesday,0,4,0,cerah,93,4.1
2024-04-23,P011,Buket mini,kerajinan,44000,17,2,15,660000,0,0,0,offline,Tuesday,0,4,0,cerah,93,4.7
2024-04-23,P012,Paket hampers,kerajinan,103500,15,6,9,838400,10,1,93200,online,Tuesday,0,4,0,cerah,93,4.6
2024-04-24,P001,Paket nasi lauk,makanan_minuman,18500,45,15,30,555000,0,0,0,online,Wednesday,0,4,0,cerah,88,4.7
2024-04-24,P002,Minuman kopi susu,makanan_minuman,15500,51,16,35,542500,0,0,0,online,Wednesday,0,4,0,cerah,88,4.5
2024-04-24,P003,Snack kemasan lokal,makanan_minuman,9000,54,19,35,315000,0,0,0,offline,Wednesday,0,4,0,cerah,88,4.2
2024-04-24,P004,Kaos basic,fashion,67500,14,0,14,945000,0,0,0,offline,Wednesday,0,4,0,cerah,88,4.2
2024-04-24,P005,Hijab polos,fashion,41000,40,18,22,766700,15,1,135300,online,Wednesday,0,4,0,cerah,88,4.5
2024-04-24,P006,Sandal harian,fashion,55000,17,2,15,825000,0,0,0,campuran,Wednesday,0,4,0,cerah,88,4.1
2024-04-24,P007,Sabun cuci literan,kebutuhan_rumah,17500,58,12,46,724500,10,1,80500,campuran,Wednesday,0,4,0,cerah,88,4.4
2024-04-24,P008,Beras 5 kg,kebutuhan_rumah,68000,22,8,14,809200,15,1,142800,online,Wednesday,0,4,0,cerah,88,4.8
2024-04-24,P009,Minyak goreng 1 liter,kebutuhan_rumah,19000,58,14,44,752400,10,1,83600,campuran,Wednesday,0,4,0,cerah,88,4.3
2024-04-24,P010,Aksesori ponsel,aksesoris,26000,29,1,28,728000,0,0,0,campuran,Wednesday,0,4,0,cerah,88,4.0
2024-04-24,P011,Buket mini,kerajinan,46500,20,6,14,651000,0,0,0,campuran,Wednesday,0,4,0,cerah,88,4.7
2024-04-24,P012,Paket hampers,kerajinan,89000,12,8,4,356000,0,0,0,offline,Wednesday,0,4,0,cerah,88,4.6
2024-04-25,P001,Paket nasi lauk,makanan_minuman,18000,62,12,50,900000,0,0,0,campuran,Thursday,0,4,0,cerah,96,4.5
2024-04-25,P002,Minuman kopi susu,makanan_minuman,15000,60,11,49,735000,0,0,0,offline,Thursday,0,4,0,cerah,96,4.3
2024-04-25,P003,Snack kemasan lokal,makanan_minuman,8500,70,16,54,459000,0,0,0,offline,Thursday,0,4,0,cerah,96,4.4
2024-04-25,P004,Kaos basic,fashion,69500,16,5,11,764500,0,0,0,offline,Thursday,0,4,0,cerah,96,4.5
2024-04-25,P005,Hijab polos,fashion,43000,24,3,21,903000,0,0,0,campuran,Thursday,0,4,0,cerah,96,4.3
2024-04-25,P006,Sandal harian,fashion,60500,14,4,10,605000,0,0,0,online,Thursday,0,4,0,cerah,96,4.2
2024-04-25,P007,Sabun cuci literan,kebutuhan_rumah,17000,31,3,28,476000,0,0,0,online,Thursday,0,4,0,cerah,96,3.9
2024-04-25,P008,Beras 5 kg,kebutuhan_rumah,76000,17,3,14,1064000,0,0,0,offline,Thursday,0,4,0,cerah,96,4.6
2024-04-25,P009,Minyak goreng 1 liter,kebutuhan_rumah,19000,62,16,46,742900,15,1,131100,offline,Thursday,0,4,0,cerah,96,4.3
2024-04-25,P010,Aksesori ponsel,aksesoris,25000,33,17,16,400000,0,0,0,online,Thursday,0,4,0,cerah,96,3.8
2024-04-25,P011,Buket mini,kerajinan,44000,16,0,16,704000,0,0,0,campuran,Thursday,0,4,0,cerah,96,4.9
2024-04-25,P012,Paket hampers,kerajinan,94500,7,0,7,661500,0,0,0,online,Thursday,0,4,0,cerah,96,4.7
2024-04-26,P001,Paket nasi lauk,makanan_minuman,20000,39,4,35,700000,0,0,0,campuran,Friday,0,4,0,hujan_ringan,91,4.6
2024-04-26,P002,Minuman kopi susu,makanan_minuman,14000,61,31,30,420000,0,0,0,online,Friday,0,4,0,hujan_ringan,91,4.1
2024-04-26,P003,Snack kemasan lokal,makanan_minuman,9000,65,31,34,306000,0,0,0,offline,Friday,0,4,0,hujan_ringan,91,4.2
2024-04-26,P004,Kaos basic,fashion,67500,13,3,10,675000,0,0,0,online,Friday,0,4,0,hujan_ringan,91,4.3
2024-04-26,P005,Hijab polos,fashion,43500,20,7,13,565500,0,0,0,offline,Friday,0,4,0,hujan_ringan,91,4.3
2024-04-26,P006,Sandal harian,fashion,59000,12,2,10,590000,0,0,0,campuran,Friday,0,4,0,hujan_ringan,91,4.0
2024-04-26,P007,Sabun cuci literan,kebutuhan_rumah,17000,36,20,16,272000,0,0,0,offline,Friday,0,4,0,hujan_ringan,91,4.0
2024-04-26,P008,Beras 5 kg,kebutuhan_rumah,70500,16,1,15,1057500,0,0,0,offline,Friday,0,4,0,hujan_ringan,91,4.5
2024-04-26,P009,Minyak goreng 1 liter,kebutuhan_rumah,18500,35,8,27,499500,0,0,0,offline,Friday,0,4,0,hujan_ringan,91,4.4
2024-04-26,P010,Aksesori ponsel,aksesoris,24000,26,13,13,312000,0,0,0,offline,Friday,0,4,0,hujan_ringan,91,4.1
2024-04-26,P011,Buket mini,kerajinan,45500,12,0,12,546000,0,0,0,online,Friday,0,4,0,hujan_ringan,91,4.7
2024-04-26,P012,Paket hampers,kerajinan,95500,10,8,2,191000,0,0,0,offline,Friday,0,4,0,hujan_ringan,91,4.7
2024-04-27,P001,Paket nasi lauk,makanan_minuman,17500,65,28,37,647500,0,0,0,offline,Saturday,1,4,0,hujan_ringan,88,4.5
2024-04-27,P002,Minuman kopi susu,makanan_minuman,14500,64,23,41,594500,0,0,0,offline,Saturday,1,4,0,hujan_ringan,88,4.6
2024-04-27,P003,Snack kemasan lokal,makanan_minuman,9000,80,20,60,486000,10,1,54000,online,Saturday,1,4,0,hujan_ringan,88,4.1
2024-04-27,P004,Kaos basic,fashion,65000,17,3,14,910000,0,0,0,online,Saturday,1,4,0,hujan_ringan,88,4.4
2024-04-27,P005,Hijab polos,fashion,40500,22,1,21,850500,0,0,0,offline,Saturday,1,4,0,hujan_ringan,88,4.3
2024-04-27,P006,Sandal harian,fashion,52000,23,7,16,790400,5,1,41600,online,Saturday,1,4,0,hujan_ringan,88,3.9
2024-04-27,P007,Sabun cuci literan,kebutuhan_rumah,18000,39,23,16,288000,0,0,0,online,Saturday,1,4,0,hujan_ringan,88,4.5
2024-04-27,P008,Beras 5 kg,kebutuhan_rumah,71000,22,11,11,781000,0,0,0,offline,Saturday,1,4,0,hujan_ringan,88,4.6
2024-04-27,P009,Minyak goreng 1 liter,kebutuhan_rumah,19000,60,28,32,608000,0,0,0,campuran,Saturday,1,4,0,hujan_ringan,88,4.3
2024-04-27,P010,Aksesori ponsel,aksesoris,24000,48,16,32,691200,10,1,76800,offline,Saturday,1,4,0,hujan_ringan,88,3.9
2024-04-27,P011,Buket mini,kerajinan,43500,22,12,10,435000,0,0,0,campuran,Saturday,1,4,0,hujan_ringan,88,4.6
2024-04-27,P012,Paket hampers,kerajinan,94500,11,4,7,661500,0,0,0,online,Saturday,1,4,0,hujan_ringan,88,4.7
2024-04-28,P001,Paket nasi lauk,makanan_minuman,18000,89,27,62,1060200,5,1,55800,online,Sunday,1,4,0,cerah,141,4.4
2024-04-28,P002,Minuman kopi susu,makanan_minuman,14500,117,47,70,1015000,0,0,0,campuran,Sunday,1,4,0,cerah,141,4.5
2024-04-28,P003,Snack kemasan lokal,makanan_minuman,9000,131,66,65,585000,0,0,0,campuran,Sunday,1,4,0,cerah,141,4.3
2024-04-28,P004,Kaos basic,fashion,64500,20,5,15,967500,0,0,0,online,Sunday,1,4,0,cerah,141,4.2
2024-04-28,P005,Hijab polos,fashion,41500,46,24,22,913000,0,0,0,offline,Sunday,1,4,0,cerah,141,4.4
2024-04-28,P006,Sandal harian,fashion,58500,24,1,23,1345500,0,0,0,campuran,Sunday,1,4,0,cerah,141,4.4
2024-04-28,P007,Sabun cuci literan,kebutuhan_rumah,16500,36,2,34,561000,0,0,0,offline,Sunday,1,4,0,cerah,141,4.1
2024-04-28,P008,Beras 5 kg,kebutuhan_rumah,72500,36,15,21,1370200,10,1,152200,campuran,Sunday,1,4,0,cerah,141,4.6
2024-04-28,P009,Minyak goreng 1 liter,kebutuhan_rumah,20500,54,19,35,717500,0,0,0,online,Sunday,1,4,0,cerah,141,4.7
2024-04-28,P010,Aksesori ponsel,aksesoris,24500,48,8,40,980000,0,0,0,offline,Sunday,1,4,0,cerah,141,3.9
2024-04-28,P011,Buket mini,kerajinan,44500,21,0,21,934500,0,0,0,online,Sunday,1,4,0,cerah,141,4.9
2024-04-28,P012,Paket hampers,kerajinan,92500,30,12,18,1498500,10,1,166500,offline,Sunday,1,4,0,cerah,141,4.7
2024-04-29,P001,Paket nasi lauk,makanan_minuman,18500,37,6,31,573500,0,0,0,online,Monday,0,4,0,berawan,99,4.4
2024-04-29,P002,Minuman kopi susu,makanan_minuman,14500,67,29,38,551000,0,0,0,offline,Monday,0,4,0,berawan,99,4.5
2024-04-29,P003,Snack kemasan lokal,makanan_minuman,8500,78,15,63,455200,15,1,80300,online,Monday,0,4,0,berawan,99,4.2
2024-04-29,P004,Kaos basic,fashion,65500,19,11,8,524000,0,0,0,campuran,Monday,0,4,0,berawan,99,4.3
2024-04-29,P005,Hijab polos,fashion,43000,24,9,15,645000,0,0,0,offline,Monday,0,4,0,berawan,99,4.5
2024-04-29,P006,Sandal harian,fashion,52500,12,2,10,525000,0,0,0,offline,Monday,0,4,0,berawan,99,4.0
2024-04-29,P007,Sabun cuci literan,kebutuhan_rumah,17500,39,19,20,350000,0,0,0,offline,Monday,0,4,0,berawan,99,3.9
2024-04-29,P008,Beras 5 kg,kebutuhan_rumah,71500,14,1,13,929500,0,0,0,offline,Monday,0,4,0,berawan,99,4.5
2024-04-29,P009,Minyak goreng 1 liter,kebutuhan_rumah,19500,42,9,33,579200,10,1,64400,offline,Monday,0,4,0,berawan,99,4.4
2024-04-29,P010,Aksesori ponsel,aksesoris,24500,32,7,25,612500,0,0,0,campuran,Monday,0,4,0,berawan,99,3.8
2024-04-29,P011,Buket mini,kerajinan,42500,19,8,11,467500,0,0,0,campuran,Monday,0,4,0,berawan,99,4.7
2024-04-29,P012,Paket hampers,kerajinan,95500,10,4,6,573000,0,0,0,online,Monday,0,4,0,berawan,99,4.6
2024-04-30,P001,Paket nasi lauk,makanan_minuman,17500,49,8,41,609900,15,1,107600,online,Tuesday,0,4,0,hujan_deras,56,4.7
2024-04-30,P002,Minuman kopi susu,makanan_minuman,16000,48,9,39,624000,0,0,0,campuran,Tuesday,0,4,0,hujan_deras,56,4.3
2024-04-30,P003,Snack kemasan lokal,makanan_minuman,8500,40,3,37,314500,0,0,0,offline,Tuesday,0,4,0,hujan_deras,56,4.5
2024-04-30,P004,Kaos basic,fashion,62500,12,6,6,375000,0,0,0,offline,Tuesday,0,4,0,hujan_deras,56,4.3
2024-04-30,P005,Hijab polos,fashion,43000,19,5,14,602000,0,0,0,campuran,Tuesday,0,4,0,hujan_deras,56,4.5
2024-04-30,P006,Sandal harian,fashion,54500,10,6,4,207100,5,1,10900,online,Tuesday,0,4,0,hujan_deras,56,4.2
2024-04-30,P007,Sabun cuci literan,kebutuhan_rumah,17500,31,5,26,409500,10,1,45500,campuran,Tuesday,0,4,0,hujan_deras,56,4.5
2024-04-30,P008,Beras 5 kg,kebutuhan_rumah,72500,11,7,4,290000,0,0,0,online,Tuesday,0,4,0,hujan_deras,56,4.7
2024-04-30,P009,Minyak goreng 1 liter,kebutuhan_rumah,19500,33,11,22,429000,0,0,0,campuran,Tuesday,0,4,0,hujan_deras,56,4.4
2024-04-30,P010,Aksesori ponsel,aksesoris,25500,16,0,16,408000,0,0,0,offline,Tuesday,0,4,0,hujan_deras,56,4.1
2024-04-30,P011,Buket mini,kerajinan,44500,13,6,7,311500,0,0,0,offline,Tuesday,0,4,0,hujan_deras,56,4.7
2024-04-30,P012,Paket hampers,kerajinan,99500,9,5,4,398000,0,0,0,campuran,Tuesday,0,4,0,hujan_deras,56,4.6
2024-05-01,P001,Paket nasi lauk,makanan_minuman,18000,29,0,29,522000,0,0,0,offline,Wednesday,0,5,0,cerah,102,4.4
2024-05-01,P002,Minuman kopi susu,makanan_minuman,14500,57,8,49,710500,0,0,0,offline,Wednesday,0,5,0,cerah,102,4.7
2024-05-01,P003,Snack kemasan lokal,makanan_minuman,9000,87,51,36,324000,0,0,0,campuran,Wednesday,0,5,0,cerah,102,4.1
2024-05-01,P004,Kaos basic,fashion,65000,13,6,7,455000,0,0,0,online,Wednesday,0,5,0,cerah,102,4.3
2024-05-01,P005,Hijab polos,fashion,42500,25,3,22,935000,0,0,0,online,Wednesday,0,5,0,cerah,102,4.5
2024-05-01,P006,Sandal harian,fashion,54500,17,10,7,381500,0,0,0,offline,Wednesday,0,5,0,cerah,102,4.3
2024-05-01,P007,Sabun cuci literan,kebutuhan_rumah,18500,50,6,44,732600,10,1,81400,offline,Wednesday,0,5,0,cerah,102,4.4
2024-05-01,P008,Beras 5 kg,kebutuhan_rumah,75500,18,6,12,906000,0,0,0,offline,Wednesday,0,5,0,cerah,102,4.6
2024-05-01,P009,Minyak goreng 1 liter,kebutuhan_rumah,21000,62,27,35,735000,0,0,0,campuran,Wednesday,0,5,0,cerah,102,4.5
2024-05-01,P010,Aksesori ponsel,aksesoris,24000,45,14,31,632400,15,1,111600,campuran,Wednesday,0,5,0,cerah,102,4.0
2024-05-01,P011,Buket mini,kerajinan,47500,11,3,8,380000,0,0,0,online,Wednesday,0,5,0,cerah,102,4.9
2024-05-01,P012,Paket hampers,kerajinan,97000,12,4,8,776000,0,0,0,online,Wednesday,0,5,0,cerah,102,4.4
2024-05-02,P001,Paket nasi lauk,makanan_minuman,18000,44,9,35,630000,0,0,0,offline,Thursday,0,5,0,hujan_ringan,82,4.5
2024-05-02,P002,Minuman kopi susu,makanan_minuman,15500,50,24,26,403000,0,0,0,online,Thursday,0,5,0,hujan_ringan,82,4.3
2024-05-02,P003,Snack kemasan lokal,makanan_minuman,9500,60,17,43,408500,0,0,0,offline,Thursday,0,5,0,hujan_ringan,82,4.2
2024-05-02,P004,Kaos basic,fashion,62500,14,7,7,437500,0,0,0,offline,Thursday,0,5,0,hujan_ringan,82,4.2
2024-05-02,P005,Hijab polos,fashion,40500,19,9,10,405000,0,0,0,offline,Thursday,0,5,0,hujan_ringan,82,4.6
2024-05-02,P006,Sandal harian,fashion,53500,12,0,12,642000,0,0,0,offline,Thursday,0,5,0,hujan_ringan,82,4.3
2024-05-02,P007,Sabun cuci literan,kebutuhan_rumah,18500,27,5,22,407000,0,0,0,offline,Thursday,0,5,0,hujan_ringan,82,4.2
2024-05-02,P008,Beras 5 kg,kebutuhan_rumah,70000,16,9,7,490000,0,0,0,campuran,Thursday,0,5,0,hujan_ringan,82,4.5
2024-05-02,P009,Minyak goreng 1 liter,kebutuhan_rumah,20000,34,20,14,280000,0,0,0,online,Thursday,0,5,0,hujan_ringan,82,4.4
2024-05-02,P010,Aksesori ponsel,aksesoris,23500,22,4,18,423000,0,0,0,campuran,Thursday,0,5,0,hujan_ringan,82,3.9
2024-05-02,P011,Buket mini,kerajinan,42500,15,9,6,255000,0,0,0,campuran,Thursday,0,5,0,hujan_ringan,82,4.4
2024-05-02,P012,Paket hampers,kerajinan,94000,9,5,4,338400,10,1,37600,offline,Thursday,0,5,0,hujan_ringan,82,4.6
2024-05-03,P001,Paket nasi lauk,makanan_minuman,18000,43,21,22,396000,0,0,0,online,Friday,0,5,0,hujan_ringan,80,4.2
2024-05-03,P002,Minuman kopi susu,makanan_minuman,16000,67,33,34,544000,0,0,0,campuran,Friday,0,5,0,hujan_ringan,80,4.3
2024-05-03,P003,Snack kemasan lokal,makanan_minuman,9500,61,34,27,256500,0,0,0,online,Friday,0,5,0,hujan_ringan,80,4.1
2024-05-03,P004,Kaos basic,fashion,68500,12,6,6,411000,0,0,0,online,Friday,0,5,0,hujan_ringan,80,4.4
2024-05-03,P005,Hijab polos,fashion,39500,28,11,17,671500,0,0,0,online,Friday,0,5,0,hujan_ringan,80,4.4
2024-05-03,P006,Sandal harian,fashion,54000,21,9,12,583200,10,1,64800,offline,Friday,0,5,0,hujan_ringan,80,4.2
2024-05-03,P007,Sabun cuci literan,kebutuhan_rumah,16500,28,12,16,264000,0,0,0,offline,Friday,0,5,0,hujan_ringan,80,4.2
2024-05-03,P008,Beras 5 kg,kebutuhan_rumah,72500,19,10,9,652500,0,0,0,offline,Friday,0,5,0,hujan_ringan,80,4.8
2024-05-03,P009,Minyak goreng 1 liter,kebutuhan_rumah,19500,30,3,27,526500,0,0,0,offline,Friday,0,5,0,hujan_ringan,80,4.4
2024-05-03,P010,Aksesori ponsel,aksesoris,24500,27,0,27,661500,0,0,0,campuran,Friday,0,5,0,hujan_ringan,80,4.0
2024-05-03,P011,Buket mini,kerajinan,44500,10,3,7,311500,0,0,0,online,Friday,0,5,0,hujan_ringan,80,4.9
2024-05-03,P012,Paket hampers,kerajinan,93000,7,4,3,279000,0,0,0,offline,Friday,0,5,0,hujan_ringan,80,4.9
2024-05-04,P001,Paket nasi lauk,makanan_minuman,17000,90,35,55,935000,0,0,0,offline,Saturday,1,5,0,cerah,167,4.5
2024-05-04,P002,Minuman kopi susu,makanan_minuman,14500,137,61,76,1102000,0,0,0,campuran,Saturday,1,5,0,cerah,167,4.4
2024-05-04,P003,Snack kemasan lokal,makanan_minuman,9000,158,51,107,914800,5,1,48200,campuran,Saturday,1,5,0,cerah,167,4.4
2024-05-04,P004,Kaos basic,fashion,64500,25,10,15,967500,0,0,0,offline,Saturday,1,5,0,cerah,167,4.2
2024-05-04,P005,Hijab polos,fashion,41500,42,8,34,1411000,0,0,0,campuran,Saturday,1,5,0,cerah,167,4.7
2024-05-04,P006,Sandal harian,fashion,56500,24,5,19,1073500,0,0,0,campuran,Saturday,1,5,0,cerah,167,4.1
2024-05-04,P007,Sabun cuci literan,kebutuhan_rumah,17500,35,0,35,612500,0,0,0,online,Saturday,1,5,0,cerah,167,4.2
2024-05-04,P008,Beras 5 kg,kebutuhan_rumah,64500,29,5,24,1548000,0,0,0,offline,Saturday,1,5,0,cerah,167,4.5
2024-05-04,P009,Minyak goreng 1 liter,kebutuhan_rumah,20000,75,36,39,780000,0,0,0,offline,Saturday,1,5,0,cerah,167,4.4
2024-05-04,P010,Aksesori ponsel,aksesoris,25000,61,32,29,725000,0,0,0,campuran,Saturday,1,5,0,cerah,167,4.0
2024-05-04,P011,Buket mini,kerajinan,47000,22,8,14,658000,0,0,0,offline,Saturday,1,5,0,cerah,167,4.6
2024-05-04,P012,Paket hampers,kerajinan,97000,13,5,8,776000,0,0,0,offline,Saturday,1,5,0,cerah,167,4.6
2024-05-05,P001,Paket nasi lauk,makanan_minuman,18000,63,0,63,1134000,0,0,0,campuran,Sunday,1,5,0,berawan,139,4.6
2024-05-05,P002,Minuman kopi susu,makanan_minuman,14000,79,31,48,672000,0,0,0,online,Sunday,1,5,0,berawan,139,4.1
2024-05-05,P003,Snack kemasan lokal,makanan_minuman,9000,122,22,100,720000,20,1,180000,online,Sunday,1,5,0,berawan,139,4.1
2024-05-05,P004,Kaos basic,fashion,62000,32,10,22,1295800,5,1,68200,offline,Sunday,1,5,0,berawan,139,4.2
2024-05-05,P005,Hijab polos,fashion,42000,46,26,20,840000,0,0,0,campuran,Sunday,1,5,0,berawan,139,4.5
2024-05-05,P006,Sandal harian,fashion,55000,22,13,9,495000,0,0,0,online,Sunday,1,5,0,berawan,139,4.3
2024-05-05,P007,Sabun cuci literan,kebutuhan_rumah,17500,51,11,40,700000,0,0,0,campuran,Sunday,1,5,0,berawan,139,4.2
2024-05-05,P008,Beras 5 kg,kebutuhan_rumah,70000,46,22,24,1512000,10,1,168000,offline,Sunday,1,5,0,berawan,139,4.6
2024-05-05,P009,Minyak goreng 1 liter,kebutuhan_rumah,18500,95,54,41,644700,15,1,113800,online,Sunday,1,5,0,berawan,139,4.5
2024-05-05,P010,Aksesori ponsel,aksesoris,25000,98,48,50,1062500,15,1,187500,campuran,Sunday,1,5,0,berawan,139,4.0
2024-05-05,P011,Buket mini,kerajinan,47000,14,6,8,376000,0,0,0,online,Sunday,1,5,0,berawan,139,4.6
2024-05-05,P012,Paket hampers,kerajinan,97500,13,3,10,926200,5,1,48800,offline,Sunday,1,5,0,berawan,139,4.6
2024-05-06,P001,Paket nasi lauk,makanan_minuman,18000,58,13,45,810000,0,0,0,offline,Monday,0,5,0,cerah,93,4.4
2024-05-06,P002,Minuman kopi susu,makanan_minuman,15000,57,18,39,585000,0,0,0,campuran,Monday,0,5,0,cerah,93,4.4
2024-05-06,P003,Snack kemasan lokal,makanan_minuman,9000,91,34,57,513000,0,0,0,offline,Monday,0,5,0,cerah,93,4.5
2024-05-06,P004,Kaos basic,fashion,65500,33,20,13,723800,15,1,127700,offline,Monday,0,5,0,cerah,93,4.5
2024-05-06,P005,Hijab polos,fashion,43000,17,6,11,473000,0,0,0,online,Monday,0,5,0,cerah,93,4.8
2024-05-06,P006,Sandal harian,fashion,57500,18,9,9,517500,0,0,0,campuran,Monday,0,5,0,cerah,93,4.0
2024-05-06,P007,Sabun cuci literan,kebutuhan_rumah,15500,38,14,24,372000,0,0,0,offline,Monday,0,5,0,cerah,93,4.4
2024-05-06,P008,Beras 5 kg,kebutuhan_rumah,67500,24,10,14,945000,0,0,0,offline,Monday,0,5,0,cerah,93,4.8
2024-05-06,P009,Minyak goreng 1 liter,kebutuhan_rumah,20000,49,16,33,660000,0,0,0,offline,Monday,0,5,0,cerah,93,4.2
2024-05-06,P010,Aksesori ponsel,aksesoris,22500,31,16,15,337500,0,0,0,offline,Monday,0,5,0,cerah,93,4.0
2024-05-06,P011,Buket mini,kerajinan,45000,15,7,8,360000,0,0,0,campuran,Monday,0,5,0,cerah,93,4.5
2024-05-06,P012,Paket hampers,kerajinan,94000,8,4,4,376000,0,0,0,offline,Monday,0,5,0,cerah,93,4.6
2024-05-07,P001,Paket nasi lauk,makanan_minuman,18500,58,20,38,632700,10,1,70300,online,Tuesday,0,5,0,berawan,84,4.5
2024-05-07,P002,Minuman kopi susu,makanan_minuman,15000,88,40,48,684000,5,1,36000,campuran,Tuesday,0,5,0,berawan,84,4.3
2024-05-07,P003,Snack kemasan lokal,makanan_minuman,8500,63,24,39,331500,0,0,0,online,Tuesday,0,5,0,berawan,84,4.0
2024-05-07,P004,Kaos basic,fashion,63500,19,13,6,381000,0,0,0,offline,Tuesday,0,5,0,berawan,84,4.3
2024-05-07,P005,Hijab polos,fashion,43500,17,4,13,565500,0,0,0,offline,Tuesday,0,5,0,berawan,84,4.5
2024-05-07,P006,Sandal harian,fashion,52000,14,4,10,520000,0,0,0,campuran,Tuesday,0,5,0,berawan,84,3.9
2024-05-07,P007,Sabun cuci literan,kebutuhan_rumah,17000,31,17,14,238000,0,0,0,online,Tuesday,0,5,0,berawan,84,4.5
2024-05-07,P008,Beras 5 kg,kebutuhan_rumah,74000,16,4,12,888000,0,0,0,online,Tuesday,0,5,0,berawan,84,4.8
2024-05-07,P009,Minyak goreng 1 liter,kebutuhan_rumah,19000,29,8,21,399000,0,0,0,offline,Tuesday,0,5,0,berawan,84,4.3
2024-05-07,P010,Aksesori ponsel,aksesoris,24000,27,1,26,624000,0,0,0,offline,Tuesday,0,5,0,berawan,84,4.0
2024-05-07,P011,Buket mini,kerajinan,43000,13,4,9,387000,0,0,0,campuran,Tuesday,0,5,0,berawan,84,4.5
2024-05-07,P012,Paket hampers,kerajinan,96000,6,0,6,576000,0,0,0,online,Tuesday,0,5,0,berawan,84,4.6
2024-05-08,P001,Paket nasi lauk,makanan_minuman,18000,32,10,22,396000,0,0,0,online,Wednesday,0,5,0,hujan_deras,54,4.9
2024-05-08,P002,Minuman kopi susu,makanan_minuman,14500,23,0,23,333500,0,0,0,campuran,Wednesday,0,5,0,hujan_deras,54,4.3
2024-05-08,P003,Snack kemasan lokal,makanan_minuman,9000,45,0,45,405000,0,0,0,offline,Wednesday,0,5,0,hujan_deras,54,4.3
2024-05-08,P004,Kaos basic,fashion,60000,8,4,4,240000,0,0,0,online,Wednesday,0,5,0,hujan_deras,54,4.2
2024-05-08,P005,Hijab polos,fashion,41000,21,12,9,369000,0,0,0,online,Wednesday,0,5,0,hujan_deras,54,4.5
2024-05-08,P006,Sandal harian,fashion,55500,6,2,4,222000,0,0,0,offline,Wednesday,0,5,0,hujan_deras,54,4.4
2024-05-08,P007,Sabun cuci literan,kebutuhan_rumah,17000,15,1,14,238000,0,0,0,online,Wednesday,0,5,0,hujan_deras,54,4.1
2024-05-08,P008,Beras 5 kg,kebutuhan_rumah,74500,15,0,15,1117500,0,0,0,offline,Wednesday,0,5,0,hujan_deras,54,4.7
2024-05-08,P009,Minyak goreng 1 liter,kebutuhan_rumah,18000,23,3,20,360000,0,0,0,campuran,Wednesday,0,5,0,hujan_deras,54,4.2
2024-05-08,P010,Aksesori ponsel,aksesoris,23500,26,9,17,379500,5,1,20000,online,Wednesday,0,5,0,hujan_deras,54,4.0
2024-05-08,P011,Buket mini,kerajinan,47000,5,2,3,141000,0,0,0,offline,Wednesday,0,5,0,hujan_deras,54,4.9
2024-05-08,P012,Paket hampers,kerajinan,98500,5,3,2,197000,0,0,0,offline,Wednesday,0,5,0,hujan_deras,54,4.7
2024-05-09,P001,Paket nasi lauk,makanan_minuman,19000,67,26,41,779000,0,0,0,offline,Thursday,0,5,0,cerah,118,4.4
2024-05-09,P002,Minuman kopi susu,makanan_minuman,14000,66,30,36,504000,0,0,0,online,Thursday,0,5,0,cerah,118,4.1
2024-05-09,P003,Snack kemasan lokal,makanan_minuman,9000,71,20,51,459000,0,0,0,online,Thursday,0,5,0,cerah,118,4.3
2024-05-09,P004,Kaos basic,fashion,67000,20,5,15,1005000,0,0,0,campuran,Thursday,0,5,0,cerah,118,4.1
2024-05-09,P005,Hijab polos,fashion,41500,25,3,22,913000,0,0,0,online,Thursday,0,5,0,cerah,118,4.6
2024-05-09,P006,Sandal harian,fashion,54000,15,10,5,270000,0,0,0,online,Thursday,0,5,0,cerah,118,3.8
2024-05-09,P007,Sabun cuci literan,kebutuhan_rumah,17500,45,18,27,472500,0,0,0,offline,Thursday,0,5,0,cerah,118,4.2
2024-05-09,P008,Beras 5 kg,kebutuhan_rumah,76000,22,10,12,912000,0,0,0,online,Thursday,0,5,0,cerah,118,4.9
2024-05-09,P009,Minyak goreng 1 liter,kebutuhan_rumah,19500,48,10,38,741000,0,0,0,offline,Thursday,0,5,0,cerah,118,4.3
2024-05-09,P010,Aksesori ponsel,aksesoris,23500,34,8,26,611000,0,0,0,offline,Thursday,0,5,0,cerah,118,4.2
2024-05-09,P011,Buket mini,kerajinan,44000,21,6,15,594000,10,1,66000,offline,Thursday,0,5,0,cerah,118,4.7
2024-05-09,P012,Paket hampers,kerajinan,99000,12,7,5,470200,5,1,24800,offline,Thursday,0,5,0,cerah,118,4.6
2024-05-10,P001,Paket nasi lauk,makanan_minuman,18000,69,15,54,874800,10,1,97200,online,Friday,0,5,0,berawan,113,4.4
2024-05-10,P002,Minuman kopi susu,makanan_minuman,15000,78,43,35,525000,0,0,0,campuran,Friday,0,5,0,berawan,113,4.6
2024-05-10,P003,Snack kemasan lokal,makanan_minuman,9000,94,63,31,279000,0,0,0,offline,Friday,0,5,0,berawan,113,4.0
2024-05-10,P004,Kaos basic,fashion,64000,18,5,13,832000,0,0,0,campuran,Friday,0,5,0,berawan,113,4.0
2024-05-10,P005,Hijab polos,fashion,43500,28,10,18,783000,0,0,0,online,Friday,0,5,0,berawan,113,4.5
2024-05-10,P006,Sandal harian,fashion,50500,14,3,11,555500,0,0,0,online,Friday,0,5,0,berawan,113,4.3
2024-05-10,P007,Sabun cuci literan,kebutuhan_rumah,17500,59,13,46,684200,15,1,120800,offline,Friday,0,5,0,berawan,113,4.1
2024-05-10,P008,Beras 5 kg,kebutuhan_rumah,71000,29,13,16,1136000,0,0,0,offline,Friday,0,5,0,berawan,113,4.9
2024-05-10,P009,Minyak goreng 1 liter,kebutuhan_rumah,19500,26,0,26,507000,0,0,0,online,Friday,0,5,0,berawan,113,4.4
2024-05-10,P010,Aksesori ponsel,aksesoris,25000,40,23,17,425000,0,0,0,campuran,Friday,0,5,0,berawan,113,4.0
2024-05-10,P011,Buket mini,kerajinan,44000,9,0,9,396000,0,0,0,offline,Friday,0,5,0,berawan,113,4.4
2024-05-10,P012,Paket hampers,kerajinan,93000,16,1,15,1116000,20,1,279000,online,Friday,0,5,0,berawan,113,4.6
2024-05-11,P001,Paket nasi lauk,makanan_minuman,18000,76,29,47,846000,0,0,0,online,Saturday,1,5,0,cerah,153,4.4
2024-05-11,P002,Minuman kopi susu,makanan_minuman,14500,149,47,102,1257200,15,1,221800,campuran,Saturday,1,5,0,cerah,153,4.5
2024-05-11,P003,Snack kemasan lokal,makanan_minuman,9500,126,52,74,703000,0,0,0,campuran,Saturday,1,5,0,cerah,153,4.2
2024-05-11,P004,Kaos basic,fashion,65000,34,9,25,1381200,15,1,243800,offline,Saturday,1,5,0,cerah,153,4.1
2024-05-11,P005,Hijab polos,fashion,42500,42,15,27,1147500,0,0,0,campuran,Saturday,1,5,0,cerah,153,4.4
2024-05-11,P006,Sandal harian,fashion,55500,48,26,22,1037800,15,1,183200,campuran,Saturday,1,5,0,cerah,153,4.2
2024-05-11,P007,Sabun cuci literan,kebutuhan_rumah,16500,42,0,42,693000,0,0,0,offline,Saturday,1,5,0,cerah,153,4.0
2024-05-11,P008,Beras 5 kg,kebutuhan_rumah,72000,55,28,27,1749600,10,1,194400,offline,Saturday,1,5,0,cerah,153,4.3
2024-05-11,P009,Minyak goreng 1 liter,kebutuhan_rumah,20000,65,31,34,680000,0,0,0,online,Saturday,1,5,0,cerah,153,4.7
2024-05-11,P010,Aksesori ponsel,aksesoris,24500,55,11,44,1078000,0,0,0,campuran,Saturday,1,5,0,cerah,153,4.1
2024-05-11,P011,Buket mini,kerajinan,44500,24,11,13,578500,0,0,0,campuran,Saturday,1,5,0,cerah,153,4.8
2024-05-11,P012,Paket hampers,kerajinan,96500,14,0,14,1351000,0,0,0,offline,Saturday,1,5,0,cerah,153,4.7
2024-05-12,P001,Paket nasi lauk,makanan_minuman,18000,97,36,61,1098000,0,0,0,campuran,Sunday,1,5,0,hujan_ringan,131,4.6
2024-05-12,P002,Minuman kopi susu,makanan_minuman,14500,78,25,53,768500,0,0,0,campuran,Sunday,1,5,0,hujan_ringan,131,4.4
2024-05-12,P003,Snack kemasan lokal,makanan_minuman,9500,90,40,50,475000,0,0,0,offline,Sunday,1,5,0,hujan_ringan,131,4.2
2024-05-12,P004,Kaos basic,fashion,68000,19,5,14,952000,0,0,0,online,Sunday,1,5,0,hujan_ringan,131,4.2
2024-05-12,P005,Hijab polos,fashion,41000,31,14,17,697000,0,0,0,online,Sunday,1,5,0,hujan_ringan,131,4.8
2024-05-12,P006,Sandal harian,fashion,55500,17,4,13,721500,0,0,0,online,Sunday,1,5,0,hujan_ringan,131,4.1
2024-05-12,P007,Sabun cuci literan,kebutuhan_rumah,14500,74,23,51,665600,10,1,74000,offline,Sunday,1,5,0,hujan_ringan,131,4.3
2024-05-12,P008,Beras 5 kg,kebutuhan_rumah,74000,28,14,14,1036000,0,0,0,offline,Sunday,1,5,0,hujan_ringan,131,4.7
2024-05-12,P009,Minyak goreng 1 liter,kebutuhan_rumah,19500,42,11,31,604500,0,0,0,online,Sunday,1,5,0,hujan_ringan,131,4.5
2024-05-12,P010,Aksesori ponsel,aksesoris,24500,53,17,36,749700,15,1,132300,offline,Sunday,1,5,0,hujan_ringan,131,4.0
2024-05-12,P011,Buket mini,kerajinan,45500,12,0,12,546000,0,0,0,online,Sunday,1,5,0,hujan_ringan,131,4.8
2024-05-12,P012,Paket hampers,kerajinan,97000,10,0,10,970000,0,0,0,online,Sunday,1,5,0,hujan_ringan,131,4.9
2024-05-13,P001,Paket nasi lauk,makanan_minuman,18000,39,14,25,450000,0,0,0,online,Monday,0,5,0,berawan,82,4.4
2024-05-13,P002,Minuman kopi susu,makanan_minuman,15000,47,14,33,495000,0,0,0,online,Monday,0,5,0,berawan,82,4.1
2024-05-13,P003,Snack kemasan lokal,makanan_minuman,9500,68,36,32,304000,0,0,0,online,Monday,0,5,0,berawan,82,4.3
2024-05-13,P004,Kaos basic,fashion,62500,19,11,8,500000,0,0,0,campuran,Monday,0,5,0,berawan,82,4.4
2024-05-13,P005,Hijab polos,fashion,43000,20,12,8,344000,0,0,0,online,Monday,0,5,0,berawan,82,4.3
2024-05-13,P006,Sandal harian,fashion,54500,20,9,11,569500,5,1,30000,campuran,Monday,0,5,0,berawan,82,4.2
2024-05-13,P007,Sabun cuci literan,kebutuhan_rumah,18000,32,13,19,342000,0,0,0,online,Monday,0,5,0,berawan,82,4.4
2024-05-13,P008,Beras 5 kg,kebutuhan_rumah,68500,20,9,11,753500,0,0,0,offline,Monday,0,5,0,berawan,82,4.1
2024-05-13,P009,Minyak goreng 1 liter,kebutuhan_rumah,19000,44,24,20,380000,0,0,0,offline,Monday,0,5,0,berawan,82,4.6
2024-05-13,P010,Aksesori ponsel,aksesoris,25000,22,9,13,325000,0,0,0,online,Monday,0,5,0,berawan,82,3.7
2024-05-13,P011,Buket mini,kerajinan,45000,11,5,6,270000,0,0,0,offline,Monday,0,5,0,berawan,82,5.0
2024-05-13,P012,Paket hampers,kerajinan,92000,12,5,7,644000,0,0,0,campuran,Monday,0,5,0,berawan,82,4.6
2024-05-14,P001,Paket nasi lauk,makanan_minuman,18500,50,28,22,407000,0,0,0,offline,Tuesday,0,5,0,hujan_ringan,83,4.7
2024-05-14,P002,Minuman kopi susu,makanan_minuman,16000,48,23,25,400000,0,0,0,offline,Tuesday,0,5,0,hujan_ringan,83,4.2
2024-05-14,P003,Snack kemasan lokal,makanan_minuman,9000,56,15,41,369000,0,0,0,offline,Tuesday,0,5,0,hujan_ringan,83,4.1
2024-05-14,P004,Kaos basic,fashion,67500,18,7,11,742500,0,0,0,offline,Tuesday,0,5,0,hujan_ringan,83,4.4
2024-05-14,P005,Hijab polos,fashion,41000,16,2,14,574000,0,0,0,online,Tuesday,0,5,0,hujan_ringan,83,4.7
2024-05-14,P006,Sandal harian,fashion,56000,7,0,7,392000,0,0,0,online,Tuesday,0,5,0,hujan_ringan,83,4.5
2024-05-14,P007,Sabun cuci literan,kebutuhan_rumah,16500,40,6,34,533000,5,1,28000,offline,Tuesday,0,5,0,hujan_ringan,83,4.1
2024-05-14,P008,Beras 5 kg,kebutuhan_rumah,73500,17,8,9,661500,0,0,0,offline,Tuesday,0,5,0,hujan_ringan,83,4.6
2024-05-14,P009,Minyak goreng 1 liter,kebutuhan_rumah,20500,39,10,29,594500,0,0,0,campuran,Tuesday,0,5,0,hujan_ringan,83,4.3
2024-05-14,P010,Aksesori ponsel,aksesoris,24500,32,19,13,318500,0,0,0,campuran,Tuesday,0,5,0,hujan_ringan,83,4.1
2024-05-14,P011,Buket mini,kerajinan,45000,14,0,14,504000,20,1,126000,online,Tuesday,0,5,0,hujan_ringan,83,4.4
2024-05-14,P012,Paket hampers,kerajinan,92500,9,3,6,527200,5,1,27800,online,Tuesday,0,5,0,hujan_ringan,83,4.3
2024-05-15,P001,Paket nasi lauk,makanan_minuman,18000,51,12,39,702000,0,0,0,online,Wednesday,0,5,0,berawan,96,4.6
2024-05-15,P002,Minuman kopi susu,makanan_minuman,15000,59,17,42,630000,0,0,0,offline,Wednesday,0,5,0,berawan,96,4.4
2024-05-15,P003,Snack kemasan lokal,makanan_minuman,8500,66,0,66,476800,15,1,84200,offline,Wednesday,0,5,0,berawan,96,4.1
2024-05-15,P004,Kaos basic,fashion,64000,13,3,10,640000,0,0,0,online,Wednesday,0,5,0,berawan,96,4.3
2024-05-15,P005,Hijab polos,fashion,44000,21,0,21,831600,10,1,92400,offline,Wednesday,0,5,0,berawan,96,4.6
2024-05-15,P006,Sandal harian,fashion,57500,13,2,11,632500,0,0,0,offline,Wednesday,0,5,0,berawan,96,4.2
2024-05-15,P007,Sabun cuci literan,kebutuhan_rumah,17000,36,12,24,408000,0,0,0,online,Wednesday,0,5,0,berawan,96,4.1
2024-05-15,P008,Beras 5 kg,kebutuhan_rumah,73500,23,13,10,735000,0,0,0,campuran,Wednesday,0,5,0,berawan,96,4.5
2024-05-15,P009,Minyak goreng 1 liter,kebutuhan_rumah,19500,36,11,25,487500,0,0,0,offline,Wednesday,0,5,0,berawan,96,4.3
2024-05-15,P010,Aksesori ponsel,aksesoris,25000,25,11,14,350000,0,0,0,offline,Wednesday,0,5,0,berawan,96,3.9
2024-05-15,P011,Buket mini,kerajinan,45000,17,8,9,344200,15,1,60800,online,Wednesday,0,5,0,berawan,96,4.4
2024-05-15,P012,Paket hampers,kerajinan,96000,4,0,4,384000,0,0,0,online,Wednesday,0,5,0,berawan,96,4.6
2024-05-16,P001,Paket nasi lauk,makanan_minuman,19000,43,12,31,589000,0,0,0,offline,Thursday,0,5,0,berawan,107,4.4
2024-05-16,P002,Minuman kopi susu,makanan_minuman,15000,63,10,53,795000,0,0,0,campuran,Thursday,0,5,0,berawan,107,4.5
2024-05-16,P003,Snack kemasan lokal,makanan_minuman,9000,76,18,58,522000,0,0,0,offline,Thursday,0,5,0,berawan,107,4.3
2024-05-16,P004,Kaos basic,fashion,64500,18,1,17,1096500,0,0,0,campuran,Thursday,0,5,0,berawan,107,4.4
2024-05-16,P005,Hijab polos,fashion,43000,26,13,13,559000,0,0,0,offline,Thursday,0,5,0,berawan,107,4.5
2024-05-16,P006,Sandal harian,fashion,56500,14,0,14,791000,0,0,0,online,Thursday,0,5,0,berawan,107,3.7
2024-05-16,P007,Sabun cuci literan,kebutuhan_rumah,18500,32,18,14,259000,0,0,0,online,Thursday,0,5,0,berawan,107,4.1
2024-05-16,P008,Beras 5 kg,kebutuhan_rumah,74000,19,2,17,1258000,0,0,0,offline,Thursday,0,5,0,berawan,107,4.5
2024-05-16,P009,Minyak goreng 1 liter,kebutuhan_rumah,18500,35,2,33,610500,0,0,0,online,Thursday,0,5,0,berawan,107,4.5
2024-05-16,P010,Aksesori ponsel,aksesoris,25000,21,1,20,500000,0,0,0,offline,Thursday,0,5,0,berawan,107,4.0
2024-05-16,P011,Buket mini,kerajinan,44500,16,10,6,267000,0,0,0,offline,Thursday,0,5,0,berawan,107,4.5
2024-05-16,P012,Paket hampers,kerajinan,96500,11,2,9,868500,0,0,0,offline,Thursday,0,5,0,berawan,107,4.7
2024-05-17,P001,Paket nasi lauk,makanan_minuman,19500,36,15,21,409500,0,0,0,online,Friday,0,5,0,hujan_ringan,68,4.5
2024-05-17,P002,Minuman kopi susu,makanan_minuman,15500,44,7,37,573500,0,0,0,online,Friday,0,5,0,hujan_ringan,68,4.2
2024-05-17,P003,Snack kemasan lokal,makanan_minuman,8500,69,36,33,280500,0,0,0,online,Friday,0,5,0,hujan_ringan,68,3.9
2024-05-17,P004,Kaos basic,fashion,68500,19,5,14,767200,20,1,191800,offline,Friday,0,5,0,hujan_ringan,68,4.4
2024-05-17,P005,Hijab polos,fashion,44500,18,2,16,712000,0,0,0,offline,Friday,0,5,0,hujan_ringan,68,4.9
2024-05-17,P006,Sandal harian,fashion,56500,10,0,10,565000,0,0,0,offline,Friday,0,5,0,hujan_ringan,68,3.8
2024-05-17,P007,Sabun cuci literan,kebutuhan_rumah,17500,34,20,14,245000,0,0,0,campuran,Friday,0,5,0,hujan_ringan,68,4.1
2024-05-17,P008,Beras 5 kg,kebutuhan_rumah,71000,18,11,7,497000,0,0,0,online,Friday,0,5,0,hujan_ringan,68,4.4
2024-05-17,P009,Minyak goreng 1 liter,kebutuhan_rumah,19500,33,18,15,292500,0,0,0,online,Friday,0,5,0,hujan_ringan,68,4.3
2024-05-17,P010,Aksesori ponsel,aksesoris,24500,24,4,20,490000,0,0,0,online,Friday,0,5,0,hujan_ringan,68,3.8
2024-05-17,P011,Buket mini,kerajinan,43500,11,5,6,261000,0,0,0,offline,Friday,0,5,0,hujan_ringan,68,4.6
2024-05-17,P012,Paket hampers,kerajinan,94500,8,0,8,756000,0,0,0,online,Friday,0,5,0,hujan_ringan,68,4.5
2024-05-18,P001,Paket nasi lauk,makanan_minuman,18000,94,20,74,1332000,0,0,0,campuran,Saturday,1,5,0,cerah,160,4.6
2024-05-18,P002,Minuman kopi susu,makanan_minuman,15000,121,70,51,765000,0,0,0,online,Saturday,1,5,0,cerah,160,4.4
2024-05-18,P003,Snack kemasan lokal,makanan_minuman,9000,154,56,98,837900,5,1,44100,offline,Saturday,1,5,0,cerah,160,4.3
2024-05-18,P004,Kaos basic,fashion,63000,28,9,19,1197000,0,0,0,offline,Saturday,1,5,0,cerah,160,4.1
2024-05-18,P005,Hijab polos,fashion,42500,45,12,33,1402500,0,0,0,offline,Saturday,1,5,0,cerah,160,4.4
2024-05-18,P006,Sandal harian,fashion,54500,32,15,17,926500,0,0,0,campuran,Saturday,1,5,0,cerah,160,3.9
2024-05-18,P007,Sabun cuci literan,kebutuhan_rumah,18000,89,41,48,734400,15,1,129600,online,Saturday,1,5,0,cerah,160,4.5
2024-05-18,P008,Beras 5 kg,kebutuhan_rumah,72500,28,11,17,1232500,0,0,0,online,Saturday,1,5,0,cerah,160,4.6
2024-05-18,P009,Minyak goreng 1 liter,kebutuhan_rumah,18500,113,46,67,1115600,10,1,124000,campuran,Saturday,1,5,0,cerah,160,4.2
2024-05-18,P010,Aksesori ponsel,aksesoris,26500,54,13,41,1086500,0,0,0,campuran,Saturday,1,5,0,cerah,160,4.2
2024-05-18,P011,Buket mini,kerajinan,47000,24,12,12,564000,0,0,0,offline,Saturday,1,5,0,cerah,160,4.9
2024-05-18,P012,Paket hampers,kerajinan,92000,17,9,8,736000,0,0,0,offline,Saturday,1,5,0,cerah,160,4.7
2024-05-19,P001,Paket nasi lauk,makanan_minuman,18000,58,0,58,1044000,0,0,0,offline,Sunday,1,5,0,cerah,162,4.4
2024-05-19,P002,Minuman kopi susu,makanan_minuman,16500,75,24,51,841500,0,0,0,online,Sunday,1,5,0,cerah,162,4.2
2024-05-19,P003,Snack kemasan lokal,makanan_minuman,9000,110,45,65,585000,0,0,0,offline,Sunday,1,5,0,cerah,162,4.2
2024-05-19,P004,Kaos basic,fashion,63500,25,1,24,1524000,0,0,0,offline,Sunday,1,5,0,cerah,162,4.2
2024-05-19,P005,Hijab polos,fashion,45000,36,3,33,1485000,0,0,0,campuran,Sunday,1,5,0,cerah,162,4.5
2024-05-19,P006,Sandal harian,fashion,56500,41,19,22,1180800,5,1,62200,campuran,Sunday,1,5,0,cerah,162,4.2
2024-05-19,P007,Sabun cuci literan,kebutuhan_rumah,16500,59,6,53,874500,0,0,0,campuran,Sunday,1,5,0,cerah,162,4.3
2024-05-19,P008,Beras 5 kg,kebutuhan_rumah,72500,35,20,15,1087500,0,0,0,offline,Sunday,1,5,0,cerah,162,4.7
2024-05-19,P009,Minyak goreng 1 liter,kebutuhan_rumah,19000,81,30,51,872100,10,1,96900,online,Sunday,1,5,0,cerah,162,4.2
2024-05-19,P010,Aksesori ponsel,aksesoris,23500,44,15,29,681500,0,0,0,online,Sunday,1,5,0,cerah,162,4.1
2024-05-19,P011,Buket mini,kerajinan,46500,24,12,12,558000,0,0,0,online,Sunday,1,5,0,cerah,162,4.5
2024-05-19,P012,Paket hampers,kerajinan,96000,13,3,10,960000,0,0,0,offline,Sunday,1,5,0,cerah,162,4.9
2024-05-20,P001,Paket nasi lauk,makanan_minuman,18000,37,6,31,558000,0,0,0,online,Monday,0,5,0,hujan_ringan,97,4.6
2024-05-20,P002,Minuman kopi susu,makanan_minuman,15500,68,38,30,465000,0,0,0,campuran,Monday,0,5,0,hujan_ringan,97,4.3
2024-05-20,P003,Snack kemasan lokal,makanan_minuman,9000,53,11,42,378000,0,0,0,online,Monday,0,5,0,hujan_ringan,97,4.3
2024-05-20,P004,Kaos basic,fashion,68000,11,0,11,748000,0,0,0,offline,Monday,0,5,0,hujan_ringan,97,4.4
2024-05-20,P005,Hijab polos,fashion,40500,27,6,21,850500,0,0,0,campuran,Monday,0,5,0,hujan_ringan,97,4.8
2024-05-20,P006,Sandal harian,fashion,58500,12,0,12,702000,0,0,0,campuran,Monday,0,5,0,hujan_ringan,97,3.8
2024-05-20,P007,Sabun cuci literan,kebutuhan_rumah,17000,34,5,29,493000,0,0,0,campuran,Monday,0,5,0,hujan_ringan,97,4.2
2024-05-20,P008,Beras 5 kg,kebutuhan_rumah,75000,17,7,10,750000,0,0,0,online,Monday,0,5,0,hujan_ringan,97,4.5
2024-05-20,P009,Minyak goreng 1 liter,kebutuhan_rumah,18000,39,17,22,396000,0,0,0,offline,Monday,0,5,0,hujan_ringan,97,4.2
2024-05-20,P010,Aksesori ponsel,aksesoris,25000,28,5,23,575000,0,0,0,offline,Monday,0,5,0,hujan_ringan,97,3.9
2024-05-20,P011,Buket mini,kerajinan,47000,10,0,10,470000,0,0,0,campuran,Monday,0,5,0,hujan_ringan,97,4.7
2024-05-20,P012,Paket hampers,kerajinan,95500,7,4,3,286500,0,0,0,campuran,Monday,0,5,0,hujan_ringan,97,4.7
2024-05-21,P001,Paket nasi lauk,makanan_minuman,17500,26,0,26,455000,0,0,0,online,Tuesday,0,5,0,berawan,70,4.5
2024-05-21,P002,Minuman kopi susu,makanan_minuman,15000,57,25,32,480000,0,0,0,campuran,Tuesday,0,5,0,berawan,70,4.6
2024-05-21,P003,Snack kemasan lokal,makanan_minuman,9000,67,24,43,387000,0,0,0,offline,Tuesday,0,5,0,berawan,70,4.5
2024-05-21,P004,Kaos basic,fashion,60000,16,7,9,540000,0,0,0,offline,Tuesday,0,5,0,berawan,70,4.1
2024-05-21,P005,Hijab polos,fashion,45500,16,0,16,728000,0,0,0,online,Tuesday,0,5,0,berawan,70,4.4
2024-05-21,P006,Sandal harian,fashion,54000,20,7,13,596700,15,1,105300,offline,Tuesday,0,5,0,berawan,70,4.3
2024-05-21,P007,Sabun cuci literan,kebutuhan_rumah,17500,32,17,15,262500,0,0,0,online,Tuesday,0,5,0,berawan,70,4.1
2024-05-21,P008,Beras 5 kg,kebutuhan_rumah,70500,22,14,8,479400,15,1,84600,online,Tuesday,0,5,0,berawan,70,4.6
2024-05-21,P009,Minyak goreng 1 liter,kebutuhan_rumah,19000,39,18,21,399000,0,0,0,online,Tuesday,0,5,0,berawan,70,4.2
2024-05-21,P010,Aksesori ponsel,aksesoris,24500,35,10,25,612500,0,0,0,campuran,Tuesday,0,5,0,berawan,70,4.2
2024-05-21,P011,Buket mini,kerajinan,47000,11,5,6,282000,0,0,0,offline,Tuesday,0,5,0,berawan,70,4.5
2024-05-21,P012,Paket hampers,kerajinan,97500,8,3,5,487500,0,0,0,offline,Tuesday,0,5,0,berawan,70,4.7
2024-05-22,P001,Paket nasi lauk,makanan_minuman,17500,57,28,29,507500,0,0,0,campuran,Wednesday,0,5,0,berawan,73,4.7
2024-05-22,P002,Minuman kopi susu,makanan_minuman,14500,50,24,26,377000,0,0,0,offline,Wednesday,0,5,0,berawan,73,4.8
2024-05-22,P003,Snack kemasan lokal,makanan_minuman,9000,99,43,56,478800,5,1,25200,online,Wednesday,0,5,0,berawan,73,4.1
2024-05-22,P004,Kaos basic,fashion,65000,12,0,12,780000,0,0,0,campuran,Wednesday,0,5,0,berawan,73,4.3
2024-05-22,P005,Hijab polos,fashion,41500,22,8,14,581000,0,0,0,offline,Wednesday,0,5,0,berawan,73,4.5
2024-05-22,P006,Sandal harian,fashion,55500,11,3,8,444000,0,0,0,online,Wednesday,0,5,0,berawan,73,4.2
2024-05-22,P007,Sabun cuci literan,kebutuhan_rumah,16500,34,12,22,363000,0,0,0,online,Wednesday,0,5,0,berawan,73,4.0
2024-05-22,P008,Beras 5 kg,kebutuhan_rumah,70500,18,7,11,775500,0,0,0,campuran,Wednesday,0,5,0,berawan,73,4.5
2024-05-22,P009,Minyak goreng 1 liter,kebutuhan_rumah,19500,42,15,27,526500,0,0,0,offline,Wednesday,0,5,0,berawan,73,4.3
2024-05-22,P010,Aksesori ponsel,aksesoris,25500,37,23,14,357000,0,0,0,offline,Wednesday,0,5,0,berawan,73,4.0
2024-05-22,P011,Buket mini,kerajinan,45500,9,0,9,409500,0,0,0,offline,Wednesday,0,5,0,berawan,73,4.7
2024-05-22,P012,Paket hampers,kerajinan,98500,8,4,4,394000,0,0,0,offline,Wednesday,0,5,0,berawan,73,4.9
2024-05-23,P001,Paket nasi lauk,makanan_minuman,19000,36,9,27,513000,0,0,0,offline,Thursday,0,5,0,berawan,99,4.8
2024-05-23,P002,Minuman kopi susu,makanan_minuman,15000,48,10,38,570000,0,0,0,online,Thursday,0,5,0,berawan,99,4.5
2024-05-23,P003,Snack kemasan lokal,makanan_minuman,8500,59,12,47,399500,0,0,0,offline,Thursday,0,5,0,berawan,99,4.3
2024-05-23,P004,Kaos basic,fashion,63000,13,4,9,567000,0,0,0,offline,Thursday,0,5,0,berawan,99,4.4
2024-05-23,P005,Hijab polos,fashion,41000,27,14,13,533000,0,0,0,offline,Thursday,0,5,0,berawan,99,4.3
2024-05-23,P006,Sandal harian,fashion,55000,27,13,14,693000,10,1,77000,offline,Thursday,0,5,0,berawan,99,4.0
2024-05-23,P007,Sabun cuci literan,kebutuhan_rumah,17000,27,4,23,391000,0,0,0,offline,Thursday,0,5,0,berawan,99,4.0
2024-05-23,P008,Beras 5 kg,kebutuhan_rumah,70000,21,5,16,1120000,0,0,0,offline,Thursday,0,5,0,berawan,99,4.7
2024-05-23,P009,Minyak goreng 1 liter,kebutuhan_rumah,18500,63,30,33,580000,5,1,30500,online,Thursday,0,5,0,berawan,99,4.4
2024-05-23,P010,Aksesori ponsel,aksesoris,25500,37,19,18,459000,0,0,0,campuran,Thursday,0,5,0,berawan,99,4.0
2024-05-23,P011,Buket mini,kerajinan,46500,21,1,20,790500,15,1,139500,offline,Thursday,0,5,0,berawan,99,4.8
2024-05-23,P012,Paket hampers,kerajinan,96500,7,2,5,482500,0,0,0,campuran,Thursday,0,5,0,berawan,99,4.6
2024-05-24,P001,Paket nasi lauk,makanan_minuman,17000,51,2,49,833000,0,0,0,campuran,Friday,0,5,0,hujan_ringan,92,4.6
2024-05-24,P002,Minuman kopi susu,makanan_minuman,14500,49,6,43,623500,0,0,0,offline,Friday,0,5,0,hujan_ringan,92,4.3
2024-05-24,P003,Snack kemasan lokal,makanan_minuman,9500,49,4,45,427500,0,0,0,offline,Friday,0,5,0,hujan_ringan,92,4.4
2024-05-24,P004,Kaos basic,fashion,61500,24,7,17,941000,10,1,104600,campuran,Friday,0,5,0,hujan_ringan,92,4.2
2024-05-24,P005,Hijab polos,fashion,42000,26,2,24,907200,10,1,100800,offline,Friday,0,5,0,hujan_ringan,92,4.7
2024-05-24,P006,Sandal harian,fashion,55000,11,0,11,605000,0,0,0,offline,Friday,0,5,0,hujan_ringan,92,4.1
2024-05-24,P007,Sabun cuci literan,kebutuhan_rumah,18000,24,0,24,432000,0,0,0,offline,Friday,0,5,0,hujan_ringan,92,3.9
2024-05-24,P008,Beras 5 kg,kebutuhan_rumah,74500,17,14,3,223500,0,0,0,online,Friday,0,5,0,hujan_ringan,92,4.5
2024-05-24,P009,Minyak goreng 1 liter,kebutuhan_rumah,18500,35,11,24,444000,0,0,0,offline,Friday,0,5,0,hujan_ringan,92,4.4
2024-05-24,P010,Aksesori ponsel,aksesoris,25500,32,19,13,331500,0,0,0,offline,Friday,0,5,0,hujan_ringan,92,4.0
2024-05-24,P011,Buket mini,kerajinan,41000,20,4,16,557600,15,1,98400,offline,Friday,0,5,0,hujan_ringan,92,4.8
2024-05-24,P012,Paket hampers,kerajinan,98500,8,2,6,591000,0,0,0,offline,Friday,0,5,0,hujan_ringan,92,4.5
2024-05-25,P001,Paket nasi lauk,makanan_minuman,18500,89,52,37,684500,0,0,0,online,Saturday,1,5,0,cerah,146,4.7
2024-05-25,P002,Minuman kopi susu,makanan_minuman,15000,83,20,63,945000,0,0,0,offline,Saturday,1,5,0,cerah,146,4.4
2024-05-25,P003,Snack kemasan lokal,makanan_minuman,9000,157,48,109,882900,10,1,98100,offline,Saturday,1,5,0,cerah,146,4.3
2024-05-25,P004,Kaos basic,fashion,66500,28,7,21,1396500,0,0,0,offline,Saturday,1,5,0,cerah,146,4.3
2024-05-25,P005,Hijab polos,fashion,44000,60,27,33,1306800,10,1,145200,campuran,Saturday,1,5,0,cerah,146,4.3
2024-05-25,P006,Sandal harian,fashion,52000,29,4,25,1170000,10,1,130000,offline,Saturday,1,5,0,cerah,146,4.2
2024-05-25,P007,Sabun cuci literan,kebutuhan_rumah,17000,33,2,31,527000,0,0,0,online,Saturday,1,5,0,cerah,146,4.4
2024-05-25,P008,Beras 5 kg,kebutuhan_rumah,70500,53,19,34,2037400,15,1,359600,online,Saturday,1,5,0,cerah,146,4.6
2024-05-25,P009,Minyak goreng 1 liter,kebutuhan_rumah,19000,81,43,38,722000,0,0,0,offline,Saturday,1,5,0,cerah,146,4.4
2024-05-25,P010,Aksesori ponsel,aksesoris,24500,44,10,34,833000,0,0,0,campuran,Saturday,1,5,0,cerah,146,4.2
2024-05-25,P011,Buket mini,kerajinan,46500,20,12,8,372000,0,0,0,offline,Saturday,1,5,0,cerah,146,4.7
2024-05-25,P012,Paket hampers,kerajinan,95000,12,8,4,380000,0,0,0,online,Saturday,1,5,0,cerah,146,4.4
2024-05-26,P001,Paket nasi lauk,makanan_minuman,17500,108,48,60,945000,10,1,105000,offline,Sunday,1,5,0,berawan,126,4.3
2024-05-26,P002,Minuman kopi susu,makanan_minuman,15000,84,38,46,690000,0,0,0,offline,Sunday,1,5,0,berawan,126,4.4
2024-05-26,P003,Snack kemasan lokal,makanan_minuman,9000,65,3,62,558000,0,0,0,offline,Sunday,1,5,0,berawan,126,4.1
2024-05-26,P004,Kaos basic,fashion,65500,21,1,20,1310000,0,0,0,online,Sunday,1,5,0,berawan,126,4.5
2024-05-26,P005,Hijab polos,fashion,41500,30,10,20,830000,0,0,0,offline,Sunday,1,5,0,berawan,126,4.6
2024-05-26,P006,Sandal harian,fashion,57500,29,7,22,1138500,10,1,126500,campuran,Sunday,1,5,0,berawan,126,4.4
2024-05-26,P007,Sabun cuci literan,kebutuhan_rumah,17500,31,0,31,542500,0,0,0,offline,Sunday,1,5,0,berawan,126,4.2
2024-05-26,P008,Beras 5 kg,kebutuhan_rumah,71000,24,11,13,923000,0,0,0,online,Sunday,1,5,0,berawan,126,4.6
2024-05-26,P009,Minyak goreng 1 liter,kebutuhan_rumah,18500,80,25,55,915800,10,1,101800,online,Sunday,1,5,0,berawan,126,4.1
2024-05-26,P010,Aksesori ponsel,aksesoris,25500,40,11,29,739500,0,0,0,online,Sunday,1,5,0,berawan,126,4.1
2024-05-26,P011,Buket mini,kerajinan,45000,16,10,6,270000,0,0,0,offline,Sunday,1,5,0,berawan,126,4.6
2024-05-26,P012,Paket hampers,kerajinan,95000,15,7,8,760000,0,0,0,campuran,Sunday,1,5,0,berawan,126,4.8
2024-05-27,P001,Paket nasi lauk,makanan_minuman,18500,40,5,35,518000,20,1,129500,offline,Monday,0,5,0,hujan_deras,57,4.2
2024-05-27,P002,Minuman kopi susu,makanan_minuman,14500,52,32,20,290000,0,0,0,online,Monday,0,5,0,hujan_deras,57,4.4
2024-05-27,P003,Snack kemasan lokal,makanan_minuman,9000,51,23,28,252000,0,0,0,campuran,Monday,0,5,0,hujan_deras,57,4.1
2024-05-27,P004,Kaos basic,fashion,63500,7,0,7,444500,0,0,0,offline,Monday,0,5,0,hujan_deras,57,4.4
2024-05-27,P005,Hijab polos,fashion,40500,18,8,10,405000,0,0,0,offline,Monday,0,5,0,hujan_deras,57,4.6
2024-05-27,P006,Sandal harian,fashion,58000,10,4,6,348000,0,0,0,offline,Monday,0,5,0,hujan_deras,57,4.1
2024-05-27,P007,Sabun cuci literan,kebutuhan_rumah,17500,27,18,9,157500,0,0,0,online,Monday,0,5,0,hujan_deras,57,4.3
2024-05-27,P008,Beras 5 kg,kebutuhan_rumah,71500,18,5,13,743600,20,1,185900,online,Monday,0,5,0,hujan_deras,57,4.8
2024-05-27,P009,Minyak goreng 1 liter,kebutuhan_rumah,18000,30,17,13,234000,0,0,0,offline,Monday,0,5,0,hujan_deras,57,4.5
2024-05-27,P010,Aksesori ponsel,aksesoris,25500,34,15,19,436000,10,1,48400,offline,Monday,0,5,0,hujan_deras,57,4.2
2024-05-27,P011,Buket mini,kerajinan,44000,10,6,4,176000,0,0,0,campuran,Monday,0,5,0,hujan_deras,57,4.9
2024-05-27,P012,Paket hampers,kerajinan,96000,7,0,7,571200,15,1,100800,online,Monday,0,5,0,hujan_deras,57,4.5
2024-05-28,P001,Paket nasi lauk,makanan_minuman,18000,56,16,40,720000,0,0,0,online,Tuesday,0,5,0,hujan_ringan,106,4.6
2024-05-28,P002,Minuman kopi susu,makanan_minuman,14500,49,16,33,478500,0,0,0,offline,Tuesday,0,5,0,hujan_ringan,106,4.5
2024-05-28,P003,Snack kemasan lokal,makanan_minuman,9000,70,16,54,486000,0,0,0,campuran,Tuesday,0,5,0,hujan_ringan,106,4.5
2024-05-28,P004,Kaos basic,fashion,62500,12,0,12,750000,0,0,0,campuran,Tuesday,0,5,0,hujan_ringan,106,4.2
2024-05-28,P005,Hijab polos,fashion,45000,24,11,13,585000,0,0,0,offline,Tuesday,0,5,0,hujan_ringan,106,4.7
2024-05-28,P006,Sandal harian,fashion,54000,12,0,12,648000,0,0,0,offline,Tuesday,0,5,0,hujan_ringan,106,4.2
2024-05-28,P007,Sabun cuci literan,kebutuhan_rumah,16500,41,19,22,344800,5,1,18200,online,Tuesday,0,5,0,hujan_ringan,106,4.0
2024-05-28,P008,Beras 5 kg,kebutuhan_rumah,70000,15,7,8,560000,0,0,0,offline,Tuesday,0,5,0,hujan_ringan,106,4.8
2024-05-28,P009,Minyak goreng 1 liter,kebutuhan_rumah,19000,33,0,33,627000,0,0,0,online,Tuesday,0,5,0,hujan_ringan,106,4.6
2024-05-28,P010,Aksesori ponsel,aksesoris,25500,27,6,21,535500,0,0,0,offline,Tuesday,0,5,0,hujan_ringan,106,4.1
2024-05-28,P011,Buket mini,kerajinan,46500,14,7,7,325500,0,0,0,campuran,Tuesday,0,5,0,hujan_ringan,106,4.6
2024-05-28,P012,Paket hampers,kerajinan,96000,8,4,4,384000,0,0,0,online,Tuesday,0,5,0,hujan_ringan,106,4.6
2024-05-29,P001,Paket nasi lauk,makanan_minuman,17500,44,17,27,472500,0,0,0,online,Wednesday,0,5,0,cerah,82,4.5
2024-05-29,P002,Minuman kopi susu,makanan_minuman,15000,72,39,33,495000,0,0,0,online,Wednesday,0,5,0,cerah,82,4.4
2024-05-29,P003,Snack kemasan lokal,makanan_minuman,9000,67,17,50,450000,0,0,0,offline,Wednesday,0,5,0,cerah,82,4.4
2024-05-29,P004,Kaos basic,fashion,61500,16,4,12,738000,0,0,0,online,Wednesday,0,5,0,cerah,82,4.3
2024-05-29,P005,Hijab polos,fashion,43000,38,24,14,541800,10,1,60200,online,Wednesday,0,5,0,cerah,82,4.4
2024-05-29,P006,Sandal harian,fashion,57500,15,6,9,517500,0,0,0,campuran,Wednesday,0,5,0,cerah,82,4.1
2024-05-29,P007,Sabun cuci literan,kebutuhan_rumah,18000,44,14,30,540000,0,0,0,campuran,Wednesday,0,5,0,cerah,82,4.3
2024-05-29,P008,Beras 5 kg,kebutuhan_rumah,72500,21,0,21,1522500,0,0,0,offline,Wednesday,0,5,0,cerah,82,4.3
2024-05-29,P009,Minyak goreng 1 liter,kebutuhan_rumah,20500,45,16,29,594500,0,0,0,campuran,Wednesday,0,5,0,cerah,82,4.3
2024-05-29,P010,Aksesori ponsel,aksesoris,27000,43,21,22,564300,5,1,29700,offline,Wednesday,0,5,0,cerah,82,3.8
2024-05-29,P011,Buket mini,kerajinan,46500,11,0,11,511500,0,0,0,online,Wednesday,0,5,0,cerah,82,4.5
2024-05-29,P012,Paket hampers,kerajinan,97500,9,6,3,292500,0,0,0,offline,Wednesday,0,5,0,cerah,82,4.6
2024-05-30,P001,Paket nasi lauk,makanan_minuman,18000,68,40,28,504000,0,0,0,online,Thursday,0,5,0,cerah,129,4.4
2024-05-30,P002,Minuman kopi susu,makanan_minuman,16000,65,23,42,672000,0,0,0,online,Thursday,0,5,0,cerah,129,4.4
2024-05-30,P003,Snack kemasan lokal,makanan_minuman,9000,65,19,46,414000,0,0,0,offline,Thursday,0,5,0,cerah,129,4.1
2024-05-30,P004,Kaos basic,fashion,66000,19,7,12,792000,0,0,0,offline,Thursday,0,5,0,cerah,129,4.6
2024-05-30,P005,Hijab polos,fashion,42500,32,9,23,977500,0,0,0,offline,Thursday,0,5,0,cerah,129,4.6
2024-05-30,P006,Sandal harian,fashion,54000,14,0,14,756000,0,0,0,offline,Thursday,0,5,0,cerah,129,4.2
2024-05-30,P007,Sabun cuci literan,kebutuhan_rumah,17500,54,22,32,532000,5,1,28000,online,Thursday,0,5,0,cerah,129,4.1
2024-05-30,P008,Beras 5 kg,kebutuhan_rumah,73500,38,19,19,1187000,15,1,209500,offline,Thursday,0,5,0,cerah,129,4.7
2024-05-30,P009,Minyak goreng 1 liter,kebutuhan_rumah,18500,37,2,35,647500,0,0,0,offline,Thursday,0,5,0,cerah,129,4.5
2024-05-30,P010,Aksesori ponsel,aksesoris,26000,37,21,16,416000,0,0,0,offline,Thursday,0,5,0,cerah,129,4.3
2024-05-30,P011,Buket mini,kerajinan,45000,16,8,8,360000,0,0,0,campuran,Thursday,0,5,0,cerah,129,4.3
2024-05-30,P012,Paket hampers,kerajinan,84500,13,0,13,1043600,5,1,54900,offline,Thursday,0,5,0,cerah,129,4.7
2024-05-31,P001,Paket nasi lauk,makanan_minuman,18500,50,10,40,740000,0,0,0,online,Friday,0,5,0,cerah,118,4.4
2024-05-31,P002,Minuman kopi susu,makanan_minuman,14500,73,25,48,661200,5,1,34800,online,Friday,0,5,0,cerah,118,4.3
2024-05-31,P003,Snack kemasan lokal,makanan_minuman,9500,74,15,59,560500,0,0,0,campuran,Friday,0,5,0,cerah,118,3.9
2024-05-31,P004,Kaos basic,fashion,64500,20,5,15,967500,0,0,0,offline,Friday,0,5,0,cerah,118,4.2
2024-05-31,P005,Hijab polos,fashion,42000,27,6,21,882000,0,0,0,offline,Friday,0,5,0,cerah,118,4.3
2024-05-31,P006,Sandal harian,fashion,55500,20,4,16,799200,10,1,88800,online,Friday,0,5,0,cerah,118,4.2
2024-05-31,P007,Sabun cuci literan,kebutuhan_rumah,16000,35,2,33,528000,0,0,0,online,Friday,0,5,0,cerah,118,4.3
2024-05-31,P008,Beras 5 kg,kebutuhan_rumah,74000,44,29,15,943500,15,1,166500,offline,Friday,0,5,0,cerah,118,4.4
2024-05-31,P009,Minyak goreng 1 liter,kebutuhan_rumah,19000,52,13,39,592800,20,1,148200,online,Friday,0,5,0,cerah,118,4.5
2024-05-31,P010,Aksesori ponsel,aksesoris,25500,30,6,24,612000,0,0,0,campuran,Friday,0,5,0,cerah,118,4.1
2024-05-31,P011,Buket mini,kerajinan,47000,19,0,19,803700,10,1,89300,offline,Friday,0,5,0,cerah,118,4.9
2024-05-31,P012,Paket hampers,kerajinan,93000,11,5,6,558000,0,0,0,online,Friday,0,5,0,cerah,118,4.6
2024-06-01,P001,Paket nasi lauk,makanan_minuman,18000,87,15,72,1036800,20,1,259200,campuran,Saturday,1,6,0,hujan_ringan,105,4.3
2024-06-01,P002,Minuman kopi susu,makanan_minuman,15000,71,31,40,600000,0,0,0,offline,Saturday,1,6,0,hujan_ringan,105,4.3
2024-06-01,P003,Snack kemasan lokal,makanan_minuman,9000,102,51,51,459000,0,0,0,offline,Saturday,1,6,0,hujan_ringan,105,4.4
2024-06-01,P004,Kaos basic,fashion,65000,24,8,16,1040000,0,0,0,offline,Saturday,1,6,0,hujan_ringan,105,4.4
2024-06-01,P005,Hijab polos,fashion,42000,36,2,34,1428000,0,0,0,online,Saturday,1,6,0,hujan_ringan,105,4.1
2024-06-01,P006,Sandal harian,fashion,53500,17,0,17,909500,0,0,0,online,Saturday,1,6,0,hujan_ringan,105,3.9
2024-06-01,P007,Sabun cuci literan,kebutuhan_rumah,16500,39,9,30,495000,0,0,0,offline,Saturday,1,6,0,hujan_ringan,105,4.4
2024-06-01,P008,Beras 5 kg,kebutuhan_rumah,73000,44,22,22,1445400,10,1,160600,campuran,Saturday,1,6,0,hujan_ringan,105,4.6
2024-06-01,P009,Minyak goreng 1 liter,kebutuhan_rumah,19000,56,28,28,532000,0,0,0,offline,Saturday,1,6,0,hujan_ringan,105,4.7
2024-06-01,P010,Aksesori ponsel,aksesoris,24000,62,30,32,691200,10,1,76800,campuran,Saturday,1,6,0,hujan_ringan,105,3.7
2024-06-01,P011,Buket mini,kerajinan,43500,16,0,16,696000,0,0,0,campuran,Saturday,1,6,0,hujan_ringan,105,4.5
2024-06-01,P012,Paket hampers,kerajinan,93000,10,0,10,930000,0,0,0,online,Saturday,1,6,0,hujan_ringan,105,4.7
2024-06-02,P001,Paket nasi lauk,makanan_minuman,19000,49,1,48,912000,0,0,0,offline,Sunday,1,6,0,cerah,125,4.7
2024-06-02,P002,Minuman kopi susu,makanan_minuman,16000,89,26,63,1008000,0,0,0,online,Sunday,1,6,0,cerah,125,4.2
2024-06-02,P003,Snack kemasan lokal,makanan_minuman,8500,153,56,97,783300,5,1,41200,offline,Sunday,1,6,0,cerah,125,4.1
2024-06-02,P004,Kaos basic,fashion,61500,28,11,17,1045500,0,0,0,online,Sunday,1,6,0,cerah,125,4.3
2024-06-02,P005,Hijab polos,fashion,42000,42,0,42,1764000,0,0,0,offline,Sunday,1,6,0,cerah,125,4.4
2024-06-02,P006,Sandal harian,fashion,53500,26,8,18,963000,0,0,0,online,Sunday,1,6,0,cerah,125,4.3
2024-06-02,P007,Sabun cuci literan,kebutuhan_rumah,17000,72,17,55,888200,5,1,46800,offline,Sunday,1,6,0,cerah,125,4.3
2024-06-02,P008,Beras 5 kg,kebutuhan_rumah,68000,33,5,28,1904000,0,0,0,offline,Sunday,1,6,0,cerah,125,4.6
2024-06-02,P009,Minyak goreng 1 liter,kebutuhan_rumah,18500,78,40,38,703000,0,0,0,campuran,Sunday,1,6,0,cerah,125,4.5
2024-06-02,P010,Aksesori ponsel,aksesoris,25000,40,7,33,783800,5,1,41200,offline,Sunday,1,6,0,cerah,125,3.9
2024-06-02,P011,Buket mini,kerajinan,45500,22,10,12,546000,0,0,0,campuran,Sunday,1,6,0,cerah,125,4.8
2024-06-02,P012,Paket hampers,kerajinan,95500,22,12,10,907200,5,1,47800,offline,Sunday,1,6,0,cerah,125,4.5
2024-06-03,P001,Paket nasi lauk,makanan_minuman,19000,70,28,42,798000,0,0,0,campuran,Monday,0,6,0,cerah,83,4.4
2024-06-03,P002,Minuman kopi susu,makanan_minuman,15500,50,1,49,759500,0,0,0,online,Monday,0,6,0,cerah,83,4.6
2024-06-03,P003,Snack kemasan lokal,makanan_minuman,8500,68,20,48,408000,0,0,0,offline,Monday,0,6,0,cerah,83,4.3
2024-06-03,P004,Kaos basic,fashion,65500,17,7,10,655000,0,0,0,online,Monday,0,6,0,cerah,83,4.4
2024-06-03,P005,Hijab polos,fashion,43000,46,22,24,928800,10,1,103200,offline,Monday,0,6,0,cerah,83,4.2
2024-06-03,P006,Sandal harian,fashion,54000,18,10,8,432000,0,0,0,offline,Monday,0,6,0,cerah,83,4.3
2024-06-03,P007,Sabun cuci literan,kebutuhan_rumah,16500,40,23,17,280500,0,0,0,online,Monday,0,6,0,cerah,83,4.4
2024-06-03,P008,Beras 5 kg,kebutuhan_rumah,71000,14,8,6,426000,0,0,0,online,Monday,0,6,0,cerah,83,4.5
2024-06-03,P009,Minyak goreng 1 liter,kebutuhan_rumah,19500,65,23,42,696200,15,1,122800,campuran,Monday,0,6,0,cerah,83,4.3
2024-06-03,P010,Aksesori ponsel,aksesoris,24000,46,8,38,729600,20,1,182400,online,Monday,0,6,0,cerah,83,3.8
2024-06-03,P011,Buket mini,kerajinan,47000,16,8,8,376000,0,0,0,offline,Monday,0,6,0,cerah,83,4.7
2024-06-03,P012,Paket hampers,kerajinan,94500,7,2,5,472500,0,0,0,offline,Monday,0,6,0,cerah,83,4.5
2024-06-04,P001,Paket nasi lauk,makanan_minuman,17500,58,25,33,577500,0,0,0,offline,Tuesday,0,6,0,berawan,99,4.5
2024-06-04,P002,Minuman kopi susu,makanan_minuman,15500,42,4,38,589000,0,0,0,offline,Tuesday,0,6,0,berawan,99,4.2
2024-06-04,P003,Snack kemasan lokal,makanan_minuman,9000,44,2,42,378000,0,0,0,offline,Tuesday,0,6,0,berawan,99,4.3
2024-06-04,P004,Kaos basic,fashion,68000,20,12,8,544000,0,0,0,offline,Tuesday,0,6,0,berawan,99,4.0
2024-06-04,P005,Hijab polos,fashion,41500,23,5,18,747000,0,0,0,offline,Tuesday,0,6,0,berawan,99,4.7
2024-06-04,P006,Sandal harian,fashion,57500,18,1,17,977500,0,0,0,offline,Tuesday,0,6,0,berawan,99,4.0
2024-06-04,P007,Sabun cuci literan,kebutuhan_rumah,16500,32,13,19,313500,0,0,0,online,Tuesday,0,6,0,berawan,99,4.6
2024-06-04,P008,Beras 5 kg,kebutuhan_rumah,71500,28,9,19,1290600,5,1,67900,offline,Tuesday,0,6,0,berawan,99,4.8
2024-06-04,P009,Minyak goreng 1 liter,kebutuhan_rumah,19500,47,23,24,468000,0,0,0,offline,Tuesday,0,6,0,berawan,99,4.3
2024-06-04,P010,Aksesori ponsel,aksesoris,24000,35,18,17,408000,0,0,0,offline,Tuesday,0,6,0,berawan,99,4.2
2024-06-04,P011,Buket mini,kerajinan,44500,14,6,8,356000,0,0,0,offline,Tuesday,0,6,0,berawan,99,4.4
2024-06-04,P012,Paket hampers,kerajinan,96000,6,0,6,576000,0,0,0,online,Tuesday,0,6,0,berawan,99,4.5
2024-06-05,P001,Paket nasi lauk,makanan_minuman,17500,54,27,27,472500,0,0,0,offline,Wednesday,0,6,0,berawan,74,4.3
2024-06-05,P002,Minuman kopi susu,makanan_minuman,14500,42,0,42,517600,15,1,91400,online,Wednesday,0,6,0,berawan,74,4.3
2024-06-05,P003,Snack kemasan lokal,makanan_minuman,9000,83,47,36,324000,0,0,0,campuran,Wednesday,0,6,0,berawan,74,3.9
2024-06-05,P004,Kaos basic,fashion,68000,20,7,13,884000,0,0,0,offline,Wednesday,0,6,0,berawan,74,4.1
2024-06-05,P005,Hijab polos,fashion,44500,26,9,17,756500,0,0,0,online,Wednesday,0,6,0,berawan,74,4.5
2024-06-05,P006,Sandal harian,fashion,55500,17,7,10,555000,0,0,0,offline,Wednesday,0,6,0,berawan,74,4.3
2024-06-05,P007,Sabun cuci literan,kebutuhan_rumah,18000,40,14,26,468000,0,0,0,campuran,Wednesday,0,6,0,berawan,74,4.2
2024-06-05,P008,Beras 5 kg,kebutuhan_rumah,76000,13,0,13,988000,0,0,0,online,Wednesday,0,6,0,berawan,74,4.6
2024-06-05,P009,Minyak goreng 1 liter,kebutuhan_rumah,18500,26,2,24,444000,0,0,0,online,Wednesday,0,6,0,berawan,74,4.2
2024-06-05,P010,Aksesori ponsel,aksesoris,24500,24,6,18,441000,0,0,0,offline,Wednesday,0,6,0,berawan,74,3.9
2024-06-05,P011,Buket mini,kerajinan,45500,13,6,7,318500,0,0,0,campuran,Wednesday,0,6,0,berawan,74,4.9
2024-06-05,P012,Paket hampers,kerajinan,95500,10,3,7,668500,0,0,0,campuran,Wednesday,0,6,0,berawan,74,4.5
2024-06-06,P001,Paket nasi lauk,makanan_minuman,18500,32,0,32,592000,0,0,0,offline,Thursday,0,6,0,berawan,104,4.6
2024-06-06,P002,Minuman kopi susu,makanan_minuman,14500,39,4,35,507500,0,0,0,online,Thursday,0,6,0,berawan,104,4.6
2024-06-06,P003,Snack kemasan lokal,makanan_minuman,8500,62,12,50,425000,0,0,0,offline,Thursday,0,6,0,berawan,104,4.2
2024-06-06,P004,Kaos basic,fashion,63500,33,15,18,1143000,0,0,0,campuran,Thursday,0,6,0,berawan,104,4.2
2024-06-06,P005,Hijab polos,fashion,42500,39,10,29,1109200,10,1,123200,online,Thursday,0,6,0,berawan,104,4.4
2024-06-06,P006,Sandal harian,fashion,59000,30,12,18,902700,15,1,159300,campuran,Thursday,0,6,0,berawan,104,4.3
2024-06-06,P007,Sabun cuci literan,kebutuhan_rumah,16500,36,6,30,495000,0,0,0,offline,Thursday,0,6,0,berawan,104,4.2
2024-06-06,P008,Beras 5 kg,kebutuhan_rumah,73000,31,9,22,1525700,5,1,80300,offline,Thursday,0,6,0,berawan,104,4.3
2024-06-06,P009,Minyak goreng 1 liter,kebutuhan_rumah,18500,38,4,34,629000,0,0,0,offline,Thursday,0,6,0,berawan,104,4.3
2024-06-06,P010,Aksesori ponsel,aksesoris,25000,22,0,22,550000,0,0,0,online,Thursday,0,6,0,berawan,104,4.2
2024-06-06,P011,Buket mini,kerajinan,43000,11,7,4,172000,0,0,0,online,Thursday,0,6,0,berawan,104,5.0
2024-06-06,P012,Paket hampers,kerajinan,95500,7,3,4,382000,0,0,0,online,Thursday,0,6,0,berawan,104,4.8
2024-06-07,P001,Paket nasi lauk,makanan_minuman,17000,64,19,45,765000,0,0,0,campuran,Friday,0,6,0,cerah,131,4.5
2024-06-07,P002,Minuman kopi susu,makanan_minuman,15000,98,48,50,750000,0,0,0,campuran,Friday,0,6,0,cerah,131,4.6
2024-06-07,P003,Snack kemasan lokal,makanan_minuman,9500,84,28,56,532000,0,0,0,online,Friday,0,6,0,cerah,131,4.1
2024-06-07,P004,Kaos basic,fashion,65000,20,8,12,780000,0,0,0,offline,Friday,0,6,0,cerah,131,4.2
2024-06-07,P005,Hijab polos,fashion,45000,36,18,18,810000,0,0,0,online,Friday,0,6,0,cerah,131,4.6
2024-06-07,P006,Sandal harian,fashion,51000,22,5,17,867000,0,0,0,offline,Friday,0,6,0,cerah,131,4.1
2024-06-07,P007,Sabun cuci literan,kebutuhan_rumah,16000,39,5,34,544000,0,0,0,campuran,Friday,0,6,0,cerah,131,4.0
2024-06-07,P008,Beras 5 kg,kebutuhan_rumah,71000,27,13,14,994000,0,0,0,campuran,Friday,0,6,0,cerah,131,4.9
2024-06-07,P009,Minyak goreng 1 liter,kebutuhan_rumah,19000,55,27,28,532000,0,0,0,campuran,Friday,0,6,0,cerah,131,4.7
2024-06-07,P010,Aksesori ponsel,aksesoris,24500,41,21,20,490000,0,0,0,offline,Friday,0,6,0,cerah,131,4.4
2024-06-07,P011,Buket mini,kerajinan,45500,14,4,10,455000,0,0,0,offline,Friday,0,6,0,cerah,131,4.7
2024-06-07,P012,Paket hampers,kerajinan,101500,10,4,6,609000,0,0,0,offline,Friday,0,6,0,cerah,131,4.4
2024-06-08,P001,Paket nasi lauk,makanan_minuman,18500,90,29,61,1015600,10,1,112800,online,Saturday,1,6,0,berawan,153,4.4
2024-06-08,P002,Minuman kopi susu,makanan_minuman,15000,112,21,91,1296800,5,1,68200,campuran,Saturday,1,6,0,berawan,153,4.4
2024-06-08,P003,Snack kemasan lokal,makanan_minuman,8500,165,68,97,659600,20,1,164900,online,Saturday,1,6,0,berawan,153,4.1
2024-06-08,P004,Kaos basic,fashion,67500,55,24,31,1987900,5,1,104600,campuran,Saturday,1,6,0,berawan,153,4.0
2024-06-08,P005,Hijab polos,fashion,42500,43,20,23,977500,0,0,0,offline,Saturday,1,6,0,berawan,153,4.6
2024-06-08,P006,Sandal harian,fashion,56000,39,9,30,1512000,10,1,168000,campuran,Saturday,1,6,0,berawan,153,4.1
2024-06-08,P007,Sabun cuci literan,kebutuhan_rumah,17000,38,3,35,595000,0,0,0,offline,Saturday,1,6,0,berawan,153,4.2
2024-06-08,P008,Beras 5 kg,kebutuhan_rumah,68500,45,15,30,1849500,10,1,205500,campuran,Saturday,1,6,0,berawan,153,4.6
2024-06-08,P009,Minyak goreng 1 liter,kebutuhan_rumah,18000,107,52,55,891000,10,1,99000,offline,Saturday,1,6,0,berawan,153,4.7
2024-06-08,P010,Aksesori ponsel,aksesoris,25000,57,22,35,743800,15,1,131200,online,Saturday,1,6,0,berawan,153,4.0
2024-06-08,P011,Buket mini,kerajinan,46000,31,13,18,662400,20,1,165600,offline,Saturday,1,6,0,berawan,153,4.6
2024-06-08,P012,Paket hampers,kerajinan,94000,14,5,9,846000,0,0,0,campuran,Saturday,1,6,0,berawan,153,4.5
2024-06-09,P001,Paket nasi lauk,makanan_minuman,18000,68,37,31,558000,0,0,0,offline,Sunday,1,6,0,hujan_ringan,117,4.5
2024-06-09,P002,Minuman kopi susu,makanan_minuman,16000,99,42,57,775200,15,1,136800,online,Sunday,1,6,0,hujan_ringan,117,4.2
2024-06-09,P003,Snack kemasan lokal,makanan_minuman,9000,56,0,56,504000,0,0,0,offline,Sunday,1,6,0,hujan_ringan,117,4.4
2024-06-09,P004,Kaos basic,fashion,66000,40,11,29,1626900,15,1,287100,offline,Sunday,1,6,0,hujan_ringan,117,4.4
2024-06-09,P005,Hijab polos,fashion,42500,46,22,24,1020000,0,0,0,campuran,Sunday,1,6,0,hujan_ringan,117,4.5
2024-06-09,P006,Sandal harian,fashion,52500,43,18,25,1115600,15,1,196900,offline,Sunday,1,6,0,hujan_ringan,117,4.2
2024-06-09,P007,Sabun cuci literan,kebutuhan_rumah,17000,56,6,50,722500,15,1,127500,offline,Sunday,1,6,0,hujan_ringan,117,4.4
2024-06-09,P008,Beras 5 kg,kebutuhan_rumah,72000,28,4,24,1468800,15,1,259200,offline,Sunday,1,6,0,hujan_ringan,117,4.7
2024-06-09,P009,Minyak goreng 1 liter,kebutuhan_rumah,19000,59,19,40,760000,0,0,0,campuran,Sunday,1,6,0,hujan_ringan,117,4.8
2024-06-09,P010,Aksesori ponsel,aksesoris,24000,47,25,22,528000,0,0,0,offline,Sunday,1,6,0,hujan_ringan,117,3.8
2024-06-09,P011,Buket mini,kerajinan,45500,9,1,8,364000,0,0,0,online,Sunday,1,6,0,hujan_ringan,117,4.7
2024-06-09,P012,Paket hampers,kerajinan,100500,10,2,8,804000,0,0,0,offline,Sunday,1,6,0,hujan_ringan,117,4.5
2024-06-10,P001,Paket nasi lauk,makanan_minuman,18500,50,12,38,597600,15,1,105400,online,Monday,0,6,0,hujan_ringan,81,4.3
2024-06-10,P002,Minuman kopi susu,makanan_minuman,14500,60,28,32,464000,0,0,0,offline,Monday,0,6,0,hujan_ringan,81,4.3
2024-06-10,P003,Snack kemasan lokal,makanan_minuman,8500,59,22,37,314500,0,0,0,offline,Monday,0,6,0,hujan_ringan,81,4.1
2024-06-10,P004,Kaos basic,fashion,65000,13,0,13,845000,0,0,0,offline,Monday,0,6,0,hujan_ringan,81,4.5
2024-06-10,P005,Hijab polos,fashion,42500,23,11,12,510000,0,0,0,online,Monday,0,6,0,hujan_ringan,81,4.7
2024-06-10,P006,Sandal harian,fashion,57000,19,12,7,399000,0,0,0,campuran,Monday,0,6,0,hujan_ringan,81,4.3
2024-06-10,P007,Sabun cuci literan,kebutuhan_rumah,16000,26,0,26,416000,0,0,0,campuran,Monday,0,6,0,hujan_ringan,81,4.5
2024-06-10,P008,Beras 5 kg,kebutuhan_rumah,74000,14,5,9,666000,0,0,0,offline,Monday,0,6,0,hujan_ringan,81,4.4
2024-06-10,P009,Minyak goreng 1 liter,kebutuhan_rumah,19000,34,14,20,380000,0,0,0,online,Monday,0,6,0,hujan_ringan,81,4.3
2024-06-10,P010,Aksesori ponsel,aksesoris,25500,27,15,12,306000,0,0,0,offline,Monday,0,6,0,hujan_ringan,81,4.1
2024-06-10,P011,Buket mini,kerajinan,45000,9,5,4,180000,0,0,0,online,Monday,0,6,0,hujan_ringan,81,4.8
2024-06-10,P012,Paket hampers,kerajinan,94000,8,0,8,752000,0,0,0,offline,Monday,0,6,0,hujan_ringan,81,4.7
2024-06-11,P001,Paket nasi lauk,makanan_minuman,18000,67,38,29,522000,0,0,0,offline,Tuesday,0,6,0,berawan,91,4.6
2024-06-11,P002,Minuman kopi susu,makanan_minuman,15000,58,24,34,510000,0,0,0,offline,Tuesday,0,6,0,berawan,91,4.2
2024-06-11,P003,Snack kemasan lokal,makanan_minuman,9000,113,50,63,482000,15,1,85000,campuran,Tuesday,0,6,0,berawan,91,4.2
2024-06-11,P004,Kaos basic,fashion,65000,18,4,14,910000,0,0,0,online,Tuesday,0,6,0,berawan,91,4.3
2024-06-11,P005,Hijab polos,fashion,42500,38,12,26,1049800,5,1,55200,online,Tuesday,0,6,0,berawan,91,4.9
2024-06-11,P006,Sandal harian,fashion,53500,25,14,11,588500,0,0,0,campuran,Tuesday,0,6,0,berawan,91,4.2
2024-06-11,P007,Sabun cuci literan,kebutuhan_rumah,16500,37,7,30,495000,0,0,0,online,Tuesday,0,6,0,berawan,91,4.5
2024-06-11,P008,Beras 5 kg,kebutuhan_rumah,75000,19,1,18,1350000,0,0,0,campuran,Tuesday,0,6,0,berawan,91,4.6
2024-06-11,P009,Minyak goreng 1 liter,kebutuhan_rumah,18000,44,19,25,450000,0,0,0,online,Tuesday,0,6,0,berawan,91,4.5
2024-06-11,P010,Aksesori ponsel,aksesoris,25000,54,19,35,787500,10,1,87500,campuran,Tuesday,0,6,0,berawan,91,4.2
2024-06-11,P011,Buket mini,kerajinan,44000,12,5,7,308000,0,0,0,online,Tuesday,0,6,0,berawan,91,4.9
2024-06-11,P012,Paket hampers,kerajinan,100500,8,4,4,402000,0,0,0,offline,Tuesday,0,6,0,berawan,91,4.6
2024-06-12,P001,Paket nasi lauk,makanan_minuman,19000,47,24,23,437000,0,0,0,offline,Wednesday,0,6,0,hujan_ringan,90,4.7
2024-06-12,P002,Minuman kopi susu,makanan_minuman,14000,31,0,31,434000,0,0,0,offline,Wednesday,0,6,0,hujan_ringan,90,4.4
2024-06-12,P003,Snack kemasan lokal,makanan_minuman,9500,65,17,48,433200,5,1,22800,online,Wednesday,0,6,0,hujan_ringan,90,4.3
2024-06-12,P004,Kaos basic,fashion,66500,17,0,17,1130500,0,0,0,offline,Wednesday,0,6,0,hujan_ringan,90,4.3
2024-06-12,P005,Hijab polos,fashion,40000,24,11,13,520000,0,0,0,online,Wednesday,0,6,0,hujan_ringan,90,4.4
2024-06-12,P006,Sandal harian,fashion,56000,23,9,14,744800,5,1,39200,campuran,Wednesday,0,6,0,hujan_ringan,90,4.5
2024-06-12,P007,Sabun cuci literan,kebutuhan_rumah,16500,16,0,16,264000,0,0,0,online,Wednesday,0,6,0,hujan_ringan,90,4.3
2024-06-12,P008,Beras 5 kg,kebutuhan_rumah,69000,24,9,15,983200,5,1,51800,online,Wednesday,0,6,0,hujan_ringan,90,4.5
2024-06-12,P009,Minyak goreng 1 liter,kebutuhan_rumah,19500,29,16,13,253500,0,0,0,online,Wednesday,0,6,0,hujan_ringan,90,4.3
2024-06-12,P010,Aksesori ponsel,aksesoris,26500,33,21,12,318000,0,0,0,campuran,Wednesday,0,6,0,hujan_ringan,90,4.1
2024-06-12,P011,Buket mini,kerajinan,42500,12,6,6,255000,0,0,0,online,Wednesday,0,6,0,hujan_ringan,90,4.6
2024-06-12,P012,Paket hampers,kerajinan,93500,14,3,11,977100,5,1,51400,campuran,Wednesday,0,6,0,hujan_ringan,90,4.6
2024-06-13,P001,Paket nasi lauk,makanan_minuman,17000,59,26,33,561000,0,0,0,campuran,Thursday,0,6,0,berawan,87,4.4
2024-06-13,P002,Minuman kopi susu,makanan_minuman,15000,51,25,26,390000,0,0,0,online,Thursday,0,6,0,berawan,87,4.4
2024-06-13,P003,Snack kemasan lokal,makanan_minuman,9000,104,34,70,598500,5,1,31500,campuran,Thursday,0,6,0,berawan,87,4.1
2024-06-13,P004,Kaos basic,fashion,68500,24,15,9,616500,0,0,0,online,Thursday,0,6,0,berawan,87,4.3
2024-06-13,P005,Hijab polos,fashion,40000,32,10,22,880000,0,0,0,online,Thursday,0,6,0,berawan,87,4.5
2024-06-13,P006,Sandal harian,fashion,59000,16,6,10,590000,0,0,0,offline,Thursday,0,6,0,berawan,87,4.0
2024-06-13,P007,Sabun cuci literan,kebutuhan_rumah,16500,47,27,20,330000,0,0,0,campuran,Thursday,0,6,0,berawan,87,4.3
2024-06-13,P008,Beras 5 kg,kebutuhan_rumah,75000,33,4,29,1957500,10,1,217500,campuran,Thursday,0,6,0,berawan,87,4.5
2024-06-13,P009,Minyak goreng 1 liter,kebutuhan_rumah,18500,30,14,16,296000,0,0,0,offline,Thursday,0,6,0,berawan,87,4.5
2024-06-13,P010,Aksesori ponsel,aksesoris,24500,35,13,22,485100,10,1,53900,offline,Thursday,0,6,0,berawan,87,4.1
2024-06-13,P011,Buket mini,kerajinan,46500,14,2,12,558000,0,0,0,campuran,Thursday,0,6,0,berawan,87,4.6
2024-06-13,P012,Paket hampers,kerajinan,93500,11,3,8,748000,0,0,0,campuran,Thursday,0,6,0,berawan,87,4.6
2024-06-14,P001,Paket nasi lauk,makanan_minuman,18000,44,2,42,756000,0,0,0,offline,Friday,0,6,0,cerah,91,4.2
2024-06-14,P002,Minuman kopi susu,makanan_minuman,15000,73,36,37,555000,0,0,0,offline,Friday,0,6,0,cerah,91,4.4
2024-06-14,P003,Snack kemasan lokal,makanan_minuman,9500,89,43,46,437000,0,0,0,offline,Friday,0,6,0,cerah,91,4.1
2024-06-14,P004,Kaos basic,fashion,65500,19,3,16,1048000,0,0,0,online,Friday,0,6,0,cerah,91,4.4
2024-06-14,P005,Hijab polos,fashion,42000,33,15,18,756000,0,0,0,online,Friday,0,6,0,cerah,91,4.5
2024-06-14,P006,Sandal harian,fashion,55500,21,10,11,610500,0,0,0,offline,Friday,0,6,0,cerah,91,4.3
2024-06-14,P007,Sabun cuci literan,kebutuhan_rumah,17500,49,23,26,455000,0,0,0,campuran,Friday,0,6,0,cerah,91,4.5
2024-06-14,P008,Beras 5 kg,kebutuhan_rumah,69500,17,3,14,973000,0,0,0,online,Friday,0,6,0,cerah,91,4.9
2024-06-14,P009,Minyak goreng 1 liter,kebutuhan_rumah,20000,51,27,24,480000,0,0,0,offline,Friday,0,6,0,cerah,91,4.2
2024-06-14,P010,Aksesori ponsel,aksesoris,26500,43,23,20,530000,0,0,0,campuran,Friday,0,6,0,cerah,91,4.0
2024-06-14,P011,Buket mini,kerajinan,41000,23,13,10,410000,0,0,0,campuran,Friday,0,6,0,cerah,91,4.6
2024-06-14,P012,Paket hampers,kerajinan,95500,10,1,9,859500,0,0,0,offline,Friday,0,6,0,cerah,91,4.5
2024-06-15,P001,Paket nasi lauk,makanan_minuman,18000,111,47,64,1094400,5,1,57600,online,Saturday,1,6,0,cerah,138,4.3
2024-06-15,P002,Minuman kopi susu,makanan_minuman,15000,94,27,67,1005000,0,0,0,online,Saturday,1,6,0,cerah,138,4.3
2024-06-15,P003,Snack kemasan lokal,makanan_minuman,9000,144,59,85,650200,15,1,114800,offline,Saturday,1,6,0,cerah,138,4.3
2024-06-15,P004,Kaos basic,fashion,63000,23,5,18,1134000,0,0,0,offline,Saturday,1,6,0,cerah,138,4.2
2024-06-15,P005,Hijab polos,fashion,43500,40,13,27,1174500,0,0,0,offline,Saturday,1,6,0,cerah,138,4.4
2024-06-15,P006,Sandal harian,fashion,52500,38,12,26,1365000,0,0,0,campuran,Saturday,1,6,0,cerah,138,4.1
2024-06-15,P007,Sabun cuci literan,kebutuhan_rumah,16500,58,29,29,478500,0,0,0,online,Saturday,1,6,0,cerah,138,4.0
2024-06-15,P008,Beras 5 kg,kebutuhan_rumah,74000,20,0,20,1480000,0,0,0,online,Saturday,1,6,0,cerah,138,5.0
2024-06-15,P009,Minyak goreng 1 liter,kebutuhan_rumah,19500,79,40,39,760500,0,0,0,offline,Saturday,1,6,0,cerah,138,4.3
2024-06-15,P010,Aksesori ponsel,aksesoris,24000,47,18,29,696000,0,0,0,offline,Saturday,1,6,0,cerah,138,3.9
2024-06-15,P011,Buket mini,kerajinan,45000,22,9,13,585000,0,0,0,offline,Saturday,1,6,0,cerah,138,4.9
2024-06-15,P012,Paket hampers,kerajinan,95500,17,12,5,477500,0,0,0,campuran,Saturday,1,6,0,cerah,138,4.7
2024-06-16,P001,Paket nasi lauk,makanan_minuman,18000,124,55,69,1179900,5,1,62100,online,Sunday,1,6,0,cerah,137,4.2
2024-06-16,P002,Minuman kopi susu,makanan_minuman,15000,106,26,80,1200000,0,0,0,campuran,Sunday,1,6,0,cerah,137,4.5
2024-06-16,P003,Snack kemasan lokal,makanan_minuman,9000,166,58,108,874800,10,1,97200,campuran,Sunday,1,6,0,cerah,137,4.5
2024-06-16,P004,Kaos basic,fashion,64000,69,37,32,1945600,5,1,102400,campuran,Sunday,1,6,0,cerah,137,4.2
2024-06-16,P005,Hijab polos,fashion,41500,66,19,47,1853000,5,1,97500,online,Sunday,1,6,0,cerah,137,4.5
2024-06-16,P006,Sandal harian,fashion,53000,25,0,25,1325000,0,0,0,campuran,Sunday,1,6,0,cerah,137,4.0
2024-06-16,P007,Sabun cuci literan,kebutuhan_rumah,17500,48,6,42,735000,0,0,0,offline,Sunday,1,6,0,cerah,137,4.2
2024-06-16,P008,Beras 5 kg,kebutuhan_rumah,74000,35,9,26,1924000,0,0,0,campuran,Sunday,1,6,0,cerah,137,4.3
2024-06-16,P009,Minyak goreng 1 liter,kebutuhan_rumah,19000,60,17,43,817000,0,0,0,offline,Sunday,1,6,0,cerah,137,4.6
2024-06-16,P010,Aksesori ponsel,aksesoris,23500,44,11,33,775500,0,0,0,campuran,Sunday,1,6,0,cerah,137,4.1
2024-06-16,P011,Buket mini,kerajinan,44500,20,9,11,489500,0,0,0,campuran,Sunday,1,6,0,cerah,137,4.5
2024-06-16,P012,Paket hampers,kerajinan,94500,15,10,5,472500,0,0,0,offline,Sunday,1,6,0,cerah,137,4.7
2024-06-17,P001,Paket nasi lauk,makanan_minuman,17500,72,25,47,822500,0,0,0,campuran,Monday,0,6,0,cerah,103,4.5
2024-06-17,P002,Minuman kopi susu,makanan_minuman,14500,72,29,43,623500,0,0,0,offline,Monday,0,6,0,cerah,103,4.5
2024-06-17,P003,Snack kemasan lokal,makanan_minuman,9000,71,16,55,495000,0,0,0,online,Monday,0,6,0,cerah,103,4.0
2024-06-17,P004,Kaos basic,fashion,65000,25,10,15,975000,0,0,0,campuran,Monday,0,6,0,cerah,103,4.4
2024-06-17,P005,Hijab polos,fashion,42000,44,17,27,1134000,0,0,0,campuran,Monday,0,6,0,cerah,103,4.5
2024-06-17,P006,Sandal harian,fashion,52000,32,19,13,608400,10,1,67600,online,Monday,0,6,0,cerah,103,4.4
2024-06-17,P007,Sabun cuci literan,kebutuhan_rumah,17000,50,22,28,476000,0,0,0,campuran,Monday,0,6,0,cerah,103,4.4
2024-06-17,P008,Beras 5 kg,kebutuhan_rumah,74500,23,0,23,1713500,0,0,0,campuran,Monday,0,6,0,cerah,103,4.6
2024-06-17,P009,Minyak goreng 1 liter,kebutuhan_rumah,18000,60,24,36,648000,0,0,0,campuran,Monday,0,6,0,cerah,103,4.4
2024-06-17,P010,Aksesori ponsel,aksesoris,26000,34,17,17,442000,0,0,0,offline,Monday,0,6,0,cerah,103,4.1
2024-06-17,P011,Buket mini,kerajinan,41500,18,5,13,485600,10,1,54000,online,Monday,0,6,0,cerah,103,4.7
2024-06-17,P012,Paket hampers,kerajinan,98500,12,8,4,374300,5,1,19700,online,Monday,0,6,0,cerah,103,4.7
2024-06-18,P001,Paket nasi lauk,makanan_minuman,17000,45,10,35,595000,0,0,0,offline,Tuesday,0,6,0,hujan_ringan,99,4.6
2024-06-18,P002,Minuman kopi susu,makanan_minuman,15000,70,16,54,810000,0,0,0,campuran,Tuesday,0,6,0,hujan_ringan,99,4.4
2024-06-18,P003,Snack kemasan lokal,makanan_minuman,9000,57,1,56,504000,0,0,0,campuran,Tuesday,0,6,0,hujan_ringan,99,4.3
2024-06-18,P004,Kaos basic,fashion,64500,26,7,19,1225500,0,0,0,campuran,Tuesday,0,6,0,hujan_ringan,99,4.1
2024-06-18,P005,Hijab polos,fashion,40500,25,9,16,648000,0,0,0,online,Tuesday,0,6,0,hujan_ringan,99,4.3
2024-06-18,P006,Sandal harian,fashion,55500,19,5,14,777000,0,0,0,campuran,Tuesday,0,6,0,hujan_ringan,99,4.1
2024-06-18,P007,Sabun cuci literan,kebutuhan_rumah,18000,35,14,21,378000,0,0,0,online,Tuesday,0,6,0,hujan_ringan,99,4.4
2024-06-18,P008,Beras 5 kg,kebutuhan_rumah,75000,20,16,4,300000,0,0,0,online,Tuesday,0,6,0,hujan_ringan,99,4.6
2024-06-18,P009,Minyak goreng 1 liter,kebutuhan_rumah,18500,24,2,22,407000,0,0,0,online,Tuesday,0,6,0,hujan_ringan,99,4.4
2024-06-18,P010,Aksesori ponsel,aksesoris,25000,28,10,18,450000,0,0,0,offline,Tuesday,0,6,0,hujan_ringan,99,4.0
2024-06-18,P011,Buket mini,kerajinan,47000,12,3,9,423000,0,0,0,offline,Tuesday,0,6,0,hujan_ringan,99,4.6
2024-06-18,P012,Paket hampers,kerajinan,91500,7,4,3,274500,0,0,0,campuran,Tuesday,0,6,0,hujan_ringan,99,4.5
2024-06-19,P001,Paket nasi lauk,makanan_minuman,17500,66,34,32,560000,0,0,0,offline,Wednesday,0,6,0,berawan,117,4.7
2024-06-19,P002,Minuman kopi susu,makanan_minuman,14500,66,9,57,826500,0,0,0,campuran,Wednesday,0,6,0,berawan,117,4.4
2024-06-19,P003,Snack kemasan lokal,makanan_minuman,8500,112,39,73,558400,10,1,62000,campuran,Wednesday,0,6,0,berawan,117,4.3
2024-06-19,P004,Kaos basic,fashion,68500,24,9,15,1027500,0,0,0,offline,Wednesday,0,6,0,berawan,117,4.2
2024-06-19,P005,Hijab polos,fashion,41500,42,26,16,630800,5,1,33200,offline,Wednesday,0,6,0,berawan,117,4.7
2024-06-19,P006,Sandal harian,fashion,54500,32,21,11,509600,15,1,89900,offline,Wednesday,0,6,0,berawan,117,4.0
2024-06-19,P007,Sabun cuci literan,kebutuhan_rumah,16000,40,7,33,528000,0,0,0,offline,Wednesday,0,6,0,berawan,117,4.3
2024-06-19,P008,Beras 5 kg,kebutuhan_rumah,69500,19,5,14,973000,0,0,0,offline,Wednesday,0,6,0,berawan,117,4.6
2024-06-19,P009,Minyak goreng 1 liter,kebutuhan_rumah,18500,40,14,26,481000,0,0,0,offline,Wednesday,0,6,0,berawan,117,4.7
2024-06-19,P010,Aksesori ponsel,aksesoris,25000,28,11,17,425000,0,0,0,online,Wednesday,0,6,0,berawan,117,4.1
2024-06-19,P011,Buket mini,kerajinan,44000,17,3,14,554400,10,1,61600,online,Wednesday,0,6,0,berawan,117,4.8
2024-06-19,P012,Paket hampers,kerajinan,97500,8,0,8,780000,0,0,0,offline,Wednesday,0,6,0,berawan,117,4.8
2024-06-20,P001,Paket nasi lauk,makanan_minuman,17500,59,20,39,682500,0,0,0,offline,Thursday,0,6,0,cerah,89,4.4
2024-06-20,P002,Minuman kopi susu,makanan_minuman,15000,80,20,60,855000,5,1,45000,offline,Thursday,0,6,0,cerah,89,4.4
2024-06-20,P003,Snack kemasan lokal,makanan_minuman,9000,103,31,72,615600,5,1,32400,campuran,Thursday,0,6,0,cerah,89,4.0
2024-06-20,P004,Kaos basic,fashion,61000,29,0,29,1503600,15,1,265400,online,Thursday,0,6,0,cerah,89,4.2
2024-06-20,P005,Hijab polos,fashion,44000,31,15,16,704000,0,0,0,offline,Thursday,0,6,0,cerah,89,4.7
2024-06-20,P006,Sandal harian,fashion,54500,17,8,9,490500,0,0,0,online,Thursday,0,6,0,cerah,89,4.2
2024-06-20,P007,Sabun cuci literan,kebutuhan_rumah,17500,44,21,23,402500,0,0,0,offline,Thursday,0,6,0,cerah,89,4.2
2024-06-20,P008,Beras 5 kg,kebutuhan_rumah,71000,16,0,16,1136000,0,0,0,campuran,Thursday,0,6,0,cerah,89,4.7
2024-06-20,P009,Minyak goreng 1 liter,kebutuhan_rumah,18500,40,16,24,444000,0,0,0,offline,Thursday,0,6,0,cerah,89,4.6
2024-06-20,P010,Aksesori ponsel,aksesoris,24000,43,16,27,648000,0,0,0,campuran,Thursday,0,6,0,cerah,89,4.1
2024-06-20,P011,Buket mini,kerajinan,45500,17,10,7,318500,0,0,0,offline,Thursday,0,6,0,cerah,89,4.8
2024-06-20,P012,Paket hampers,kerajinan,90000,12,8,4,360000,0,0,0,offline,Thursday,0,6,0,cerah,89,4.8
2024-06-21,P001,Paket nasi lauk,makanan_minuman,18500,54,25,29,536500,0,0,0,online,Friday,0,6,0,berawan,100,4.4
2024-06-21,P002,Minuman kopi susu,makanan_minuman,14500,63,32,31,449500,0,0,0,offline,Friday,0,6,0,berawan,100,4.5
2024-06-21,P003,Snack kemasan lokal,makanan_minuman,9000,57,19,38,342000,0,0,0,online,Friday,0,6,0,berawan,100,4.0
2024-06-21,P004,Kaos basic,fashion,67000,33,9,24,1527600,5,1,80400,offline,Friday,0,6,0,berawan,100,4.1
2024-06-21,P005,Hijab polos,fashion,39500,28,14,14,553000,0,0,0,offline,Friday,0,6,0,berawan,100,4.8
2024-06-21,P006,Sandal harian,fashion,54000,25,11,14,756000,0,0,0,offline,Friday,0,6,0,berawan,100,4.1
2024-06-21,P007,Sabun cuci literan,kebutuhan_rumah,17500,48,16,32,504000,10,1,56000,offline,Friday,0,6,0,berawan,100,4.4
2024-06-21,P008,Beras 5 kg,kebutuhan_rumah,72500,22,6,16,1160000,0,0,0,campuran,Friday,0,6,0,berawan,100,4.7
2024-06-21,P009,Minyak goreng 1 liter,kebutuhan_rumah,18000,35,0,35,630000,0,0,0,campuran,Friday,0,6,0,berawan,100,4.4
2024-06-21,P010,Aksesori ponsel,aksesoris,24500,26,2,24,588000,0,0,0,offline,Friday,0,6,0,berawan,100,3.8
2024-06-21,P011,Buket mini,kerajinan,45000,19,6,13,526500,10,1,58500,offline,Friday,0,6,0,berawan,100,4.7
2024-06-21,P012,Paket hampers,kerajinan,93000,7,1,6,558000,0,0,0,online,Friday,0,6,0,berawan,100,4.6
2024-06-22,P001,Paket nasi lauk,makanan_minuman,18000,89,39,50,900000,0,0,0,offline,Saturday,1,6,0,cerah,120,4.7
2024-06-22,P002,Minuman kopi susu,makanan_minuman,15500,42,0,42,651000,0,0,0,online,Saturday,1,6,0,cerah,120,4.3
2024-06-22,P003,Snack kemasan lokal,makanan_minuman,9500,88,22,66,627000,0,0,0,campuran,Saturday,1,6,0,cerah,120,4.1
2024-06-22,P004,Kaos basic,fashion,64500,33,13,20,1290000,0,0,0,campuran,Saturday,1,6,0,cerah,120,4.5
2024-06-22,P005,Hijab polos,fashion,41000,63,24,39,1599000,0,0,0,campuran,Saturday,1,6,0,cerah,120,4.2
2024-06-22,P006,Sandal harian,fashion,55000,27,10,17,935000,0,0,0,online,Saturday,1,6,0,cerah,120,4.3
2024-06-22,P007,Sabun cuci literan,kebutuhan_rumah,17500,60,3,57,947600,5,1,49900,campuran,Saturday,1,6,0,cerah,120,4.3
2024-06-22,P008,Beras 5 kg,kebutuhan_rumah,73500,42,21,21,1312000,15,1,231500,offline,Saturday,1,6,0,cerah,120,4.6
2024-06-22,P009,Minyak goreng 1 liter,kebutuhan_rumah,20000,139,78,61,976000,20,1,244000,campuran,Saturday,1,6,0,cerah,120,4.5
2024-06-22,P010,Aksesori ponsel,aksesoris,26500,28,0,28,742000,0,0,0,online,Saturday,1,6,0,cerah,120,4.1
2024-06-22,P011,Buket mini,kerajinan,45000,19,10,9,405000,0,0,0,online,Saturday,1,6,0,cerah,120,4.8
2024-06-22,P012,Paket hampers,kerajinan,91500,15,7,8,732000,0,0,0,offline,Saturday,1,6,0,cerah,120,4.8
2024-06-23,P001,Paket nasi lauk,makanan_minuman,18000,133,71,62,948600,15,1,167400,online,Sunday,1,6,0,berawan,129,4.6
2024-06-23,P002,Minuman kopi susu,makanan_minuman,16000,82,37,45,720000,0,0,0,online,Sunday,1,6,0,berawan,129,4.4
2024-06-23,P003,Snack kemasan lokal,makanan_minuman,9500,130,59,71,539600,20,1,134900,offline,Sunday,1,6,0,berawan,129,4.2
2024-06-23,P004,Kaos basic,fashion,64500,19,8,11,709500,0,0,0,offline,Sunday,1,6,0,berawan,129,4.4
2024-06-23,P005,Hijab polos,fashion,40500,49,25,24,972000,0,0,0,offline,Sunday,1,6,0,berawan,129,4.5
2024-06-23,P006,Sandal harian,fashion,55500,29,11,18,999000,0,0,0,offline,Sunday,1,6,0,berawan,129,4.0
2024-06-23,P007,Sabun cuci literan,kebutuhan_rumah,16500,47,14,33,544500,0,0,0,online,Sunday,1,6,0,berawan,129,4.2
2024-06-23,P008,Beras 5 kg,kebutuhan_rumah,69000,40,15,25,1466200,15,1,258800,offline,Sunday,1,6,0,berawan,129,4.4
2024-06-23,P009,Minyak goreng 1 liter,kebutuhan_rumah,19500,64,3,61,1011100,15,1,178400,offline,Sunday,1,6,0,berawan,129,4.3
2024-06-23,P010,Aksesori ponsel,aksesoris,24500,43,9,34,833000,0,0,0,campuran,Sunday,1,6,0,berawan,129,3.6
2024-06-23,P011,Buket mini,kerajinan,44500,18,10,8,356000,0,0,0,offline,Sunday,1,6,0,berawan,129,4.8
2024-06-23,P012,Paket hampers,kerajinan,95000,9,2,7,665000,0,0,0,offline,Sunday,1,6,0,berawan,129,4.4
2024-06-24,P001,Paket nasi lauk,makanan_minuman,18000,54,20,34,612000,0,0,0,online,Monday,0,6,0,berawan,98,4.5
2024-06-24,P002,Minuman kopi susu,makanan_minuman,15000,54,9,45,675000,0,0,0,offline,Monday,0,6,0,berawan,98,4.5
2024-06-24,P003,Snack kemasan lokal,makanan_minuman,9000,74,34,40,360000,0,0,0,offline,Monday,0,6,0,berawan,98,4.0
2024-06-24,P004,Kaos basic,fashion,64000,17,1,16,1024000,0,0,0,offline,Monday,0,6,0,berawan,98,4.4
2024-06-24,P005,Hijab polos,fashion,41500,20,1,19,788500,0,0,0,offline,Monday,0,6,0,berawan,98,4.5
2024-06-24,P006,Sandal harian,fashion,57500,16,4,12,690000,0,0,0,offline,Monday,0,6,0,berawan,98,4.1
2024-06-24,P007,Sabun cuci literan,kebutuhan_rumah,17500,32,10,22,385000,0,0,0,online,Monday,0,6,0,berawan,98,4.2
2024-06-24,P008,Beras 5 kg,kebutuhan_rumah,74000,22,2,20,1480000,0,0,0,offline,Monday,0,6,0,berawan,98,4.7
2024-06-24,P009,Minyak goreng 1 liter,kebutuhan_rumah,18000,43,21,22,396000,0,0,0,offline,Monday,0,6,0,berawan,98,4.3
2024-06-24,P010,Aksesori ponsel,aksesoris,25000,31,4,27,675000,0,0,0,offline,Monday,0,6,0,berawan,98,4.2
2024-06-24,P011,Buket mini,kerajinan,46500,12,5,7,325500,0,0,0,offline,Monday,0,6,0,berawan,98,4.5
2024-06-24,P012,Paket hampers,kerajinan,93000,9,4,5,465000,0,0,0,campuran,Monday,0,6,0,berawan,98,4.6
2024-06-25,P001,Paket nasi lauk,makanan_minuman,17500,61,17,44,770000,0,0,0,offline,Tuesday,0,6,0,cerah,88,4.8
2024-06-25,P002,Minuman kopi susu,makanan_minuman,15500,51,10,41,635500,0,0,0,offline,Tuesday,0,6,0,cerah,88,4.4
2024-06-25,P003,Snack kemasan lokal,makanan_minuman,9500,50,0,50,475000,0,0,0,offline,Tuesday,0,6,0,cerah,88,4.3
2024-06-25,P004,Kaos basic,fashion,68000,21,7,14,952000,0,0,0,offline,Tuesday,0,6,0,cerah,88,4.3
2024-06-25,P005,Hijab polos,fashion,39500,35,16,19,750500,0,0,0,offline,Tuesday,0,6,0,cerah,88,4.2
2024-06-25,P006,Sandal harian,fashion,55500,21,9,12,666000,0,0,0,offline,Tuesday,0,6,0,cerah,88,4.2
2024-06-25,P007,Sabun cuci literan,kebutuhan_rumah,17000,51,8,43,621400,15,1,109600,online,Tuesday,0,6,0,cerah,88,4.3
2024-06-25,P008,Beras 5 kg,kebutuhan_rumah,70000,15,0,15,1050000,0,0,0,online,Tuesday,0,6,0,cerah,88,4.6
2024-06-25,P009,Minyak goreng 1 liter,kebutuhan_rumah,20500,42,16,26,533000,0,0,0,online,Tuesday,0,6,0,cerah,88,4.2
2024-06-25,P010,Aksesori ponsel,aksesoris,24500,29,6,23,563500,0,0,0,campuran,Tuesday,0,6,0,cerah,88,3.8
2024-06-25,P011,Buket mini,kerajinan,44500,21,9,12,480600,10,1,53400,offline,Tuesday,0,6,0,cerah,88,4.5
2024-06-25,P012,Paket hampers,kerajinan,98000,10,2,8,784000,0,0,0,offline,Tuesday,0,6,0,cerah,88,4.4
2024-06-26,P001,Paket nasi lauk,makanan_minuman,18500,72,29,43,795500,0,0,0,offline,Wednesday,0,6,0,cerah,114,4.5
2024-06-26,P002,Minuman kopi susu,makanan_minuman,15000,72,28,44,660000,0,0,0,offline,Wednesday,0,6,0,cerah,114,4.5
2024-06-26,P003,Snack kemasan lokal,makanan_minuman,9500,98,32,66,595600,5,1,31400,online,Wednesday,0,6,0,cerah,114,4.1
2024-06-26,P004,Kaos basic,fashion,63000,26,6,20,1260000,0,0,0,offline,Wednesday,0,6,0,cerah,114,4.4
2024-06-26,P005,Hijab polos,fashion,42500,36,14,22,935000,0,0,0,online,Wednesday,0,6,0,cerah,114,4.5
2024-06-26,P006,Sandal harian,fashion,54500,19,12,7,381500,0,0,0,campuran,Wednesday,0,6,0,cerah,114,4.1
2024-06-26,P007,Sabun cuci literan,kebutuhan_rumah,16500,27,0,27,445500,0,0,0,offline,Wednesday,0,6,0,cerah,114,4.2
2024-06-26,P008,Beras 5 kg,kebutuhan_rumah,72500,22,1,21,1522500,0,0,0,online,Wednesday,0,6,0,cerah,114,4.6
2024-06-26,P009,Minyak goreng 1 liter,kebutuhan_rumah,19500,50,19,31,604500,0,0,0,offline,Wednesday,0,6,0,cerah,114,4.3
2024-06-26,P010,Aksesori ponsel,aksesoris,24000,31,7,24,576000,0,0,0,online,Wednesday,0,6,0,cerah,114,3.7
2024-06-26,P011,Buket mini,kerajinan,41000,15,3,12,492000,0,0,0,offline,Wednesday,0,6,0,cerah,114,4.7
2024-06-26,P012,Paket hampers,kerajinan,95500,9,4,5,477500,0,0,0,offline,Wednesday,0,6,0,cerah,114,4.5
2024-06-27,P001,Paket nasi lauk,makanan_minuman,17500,49,25,24,420000,0,0,0,offline,Thursday,0,6,0,berawan,102,4.4
2024-06-27,P002,Minuman kopi susu,makanan_minuman,15000,66,29,37,555000,0,0,0,offline,Thursday,0,6,0,berawan,102,4.3
2024-06-27,P003,Snack kemasan lokal,makanan_minuman,9000,80,18,62,474300,15,1,83700,online,Thursday,0,6,0,berawan,102,4.1
2024-06-27,P004,Kaos basic,fashion,66500,18,0,18,1197000,0,0,0,online,Thursday,0,6,0,berawan,102,4.1
2024-06-27,P005,Hijab polos,fashion,42500,21,0,21,892500,0,0,0,online,Thursday,0,6,0,berawan,102,4.4
2024-06-27,P006,Sandal harian,fashion,52500,22,6,16,840000,0,0,0,campuran,Thursday,0,6,0,berawan,102,4.2
2024-06-27,P007,Sabun cuci literan,kebutuhan_rumah,16500,26,2,24,396000,0,0,0,online,Thursday,0,6,0,berawan,102,4.1
2024-06-27,P008,Beras 5 kg,kebutuhan_rumah,68500,20,5,15,1027500,0,0,0,campuran,Thursday,0,6,0,berawan,102,4.6
2024-06-27,P009,Minyak goreng 1 liter,kebutuhan_rumah,20000,59,18,41,779000,5,1,41000,offline,Thursday,0,6,0,berawan,102,4.5
2024-06-27,P010,Aksesori ponsel,aksesoris,25000,32,13,19,475000,0,0,0,online,Thursday,0,6,0,berawan,102,3.9
2024-06-27,P011,Buket mini,kerajinan,45500,11,2,9,409500,0,0,0,online,Thursday,0,6,0,berawan,102,4.7
2024-06-27,P012,Paket hampers,kerajinan,99000,8,0,8,792000,0,0,0,offline,Thursday,0,6,0,berawan,102,4.6
2024-06-28,P001,Paket nasi lauk,makanan_minuman,17000,89,45,44,710600,5,1,37400,online,Friday,0,6,0,cerah,120,4.6
2024-06-28,P002,Minuman kopi susu,makanan_minuman,15500,75,27,48,744000,0,0,0,online,Friday,0,6,0,cerah,120,4.3
2024-06-28,P003,Snack kemasan lokal,makanan_minuman,9000,101,48,53,477000,0,0,0,offline,Friday,0,6,0,cerah,120,4.2
2024-06-28,P004,Kaos basic,fashion,64000,30,15,15,864000,10,1,96000,online,Friday,0,6,0,cerah,120,4.4
2024-06-28,P005,Hijab polos,fashion,38500,49,23,26,1001000,0,0,0,offline,Friday,0,6,0,cerah,120,4.4
2024-06-28,P006,Sandal harian,fashion,53500,27,9,18,866700,10,1,96300,offline,Friday,0,6,0,cerah,120,4.3
2024-06-28,P007,Sabun cuci literan,kebutuhan_rumah,17000,68,30,38,613700,5,1,32300,campuran,Friday,0,6,0,cerah,120,4.2
2024-06-28,P008,Beras 5 kg,kebutuhan_rumah,71500,27,9,18,1287000,0,0,0,online,Friday,0,6,0,cerah,120,4.5
2024-06-28,P009,Minyak goreng 1 liter,kebutuhan_rumah,19000,48,16,32,608000,0,0,0,campuran,Friday,0,6,0,cerah,120,4.6
2024-06-28,P010,Aksesori ponsel,aksesoris,25000,44,15,29,725000,0,0,0,offline,Friday,0,6,0,cerah,120,3.9
2024-06-28,P011,Buket mini,kerajinan,46000,20,8,12,496800,10,1,55200,online,Friday,0,6,0,cerah,120,4.6
2024-06-28,P012,Paket hampers,kerajinan,93000,10,4,6,558000,0,0,0,online,Friday,0,6,0,cerah,120,4.4
2024-06-29,P001,Paket nasi lauk,makanan_minuman,18000,135,48,87,1409400,10,1,156600,campuran,Saturday,1,6,0,berawan,144,4.6
2024-06-29,P002,Minuman kopi susu,makanan_minuman,15000,97,31,66,990000,0,0,0,online,Saturday,1,6,0,berawan,144,4.4
2024-06-29,P003,Snack kemasan lokal,makanan_minuman,9500,126,65,61,579500,0,0,0,online,Saturday,1,6,0,berawan,144,4.2
2024-06-29,P004,Kaos basic,fashion,65000,38,11,27,1755000,0,0,0,campuran,Saturday,1,6,0,berawan,144,4.5
2024-06-29,P005,Hijab polos,fashion,41000,44,19,25,1025000,0,0,0,online,Saturday,1,6,0,berawan,144,4.6
2024-06-29,P006,Sandal harian,fashion,57000,29,22,7,399000,0,0,0,online,Saturday,1,6,0,berawan,144,3.9
2024-06-29,P007,Sabun cuci literan,kebutuhan_rumah,16500,89,15,74,1098900,10,1,122100,campuran,Saturday,1,6,0,berawan,144,4.1
2024-06-29,P008,Beras 5 kg,kebutuhan_rumah,77500,32,4,28,1953000,10,1,217000,online,Saturday,1,6,0,berawan,144,4.8
2024-06-29,P009,Minyak goreng 1 liter,kebutuhan_rumah,17500,60,12,48,798000,5,1,42000,online,Saturday,1,6,0,berawan,144,4.6
2024-06-29,P010,Aksesori ponsel,aksesoris,25000,38,10,28,700000,0,0,0,offline,Saturday,1,6,0,berawan,144,4.2
2024-06-29,P011,Buket mini,kerajinan,45500,18,0,18,819000,0,0,0,online,Saturday,1,6,0,berawan,144,4.6
2024-06-29,P012,Paket hampers,kerajinan,102000,16,8,8,775200,5,1,40800,offline,Saturday,1,6,0,berawan,144,4.6
2024-06-30,P001,Paket nasi lauk,makanan_minuman,19000,83,34,49,931000,0,0,0,offline,Sunday,1,6,0,cerah,152,4.8
2024-06-30,P002,Minuman kopi susu,makanan_minuman,15000,91,32,59,885000,0,0,0,online,Sunday,1,6,0,cerah,152,4.4
2024-06-30,P003,Snack kemasan lokal,makanan_minuman,9000,144,60,84,718200,5,1,37800,online,Sunday,1,6,0,cerah,152,4.2
2024-06-30,P004,Kaos basic,fashion,67000,31,7,24,1608000,0,0,0,offline,Sunday,1,6,0,cerah,152,4.4
2024-06-30,P005,Hijab polos,fashion,44500,40,13,27,1201500,0,0,0,offline,Sunday,1,6,0,cerah,152,4.4
2024-06-30,P006,Sandal harian,fashion,55000,37,13,24,1320000,0,0,0,campuran,Sunday,1,6,0,cerah,152,4.1
2024-06-30,P007,Sabun cuci literan,kebutuhan_rumah,17000,57,10,47,799000,0,0,0,offline,Sunday,1,6,0,cerah,152,4.2
2024-06-30,P008,Beras 5 kg,kebutuhan_rumah,68000,33,12,21,1428000,0,0,0,offline,Sunday,1,6,0,cerah,152,4.7
2024-06-30,P009,Minyak goreng 1 liter,kebutuhan_rumah,20000,78,26,52,1040000,0,0,0,campuran,Sunday,1,6,0,cerah,152,4.1
2024-06-30,P010,Aksesori ponsel,aksesoris,24500,73,28,45,1047400,5,1,55100,offline,Sunday,1,6,0,cerah,152,3.8
2024-06-30,P011,Buket mini,kerajinan,45500,21,6,15,682500,0,0,0,offline,Sunday,1,6,0,cerah,152,4.6
2024-06-30,P012,Paket hampers,kerajinan,93000,19,11,8,744000,0,0,0,online,Sunday,1,6,0,cerah,152,4.6
2024-07-01,P001,Paket nasi lauk,makanan_minuman,18000,53,20,33,594000,0,0,0,offline,Monday,0,7,0,berawan,102,4.6
2024-07-01,P002,Minuman kopi susu,makanan_minuman,15500,70,33,37,573500,0,0,0,offline,Monday,0,7,0,berawan,102,4.5
2024-07-01,P003,Snack kemasan lokal,makanan_minuman,9000,77,28,49,441000,0,0,0,online,Monday,0,7,0,berawan,102,4.2
2024-07-01,P004,Kaos basic,fashion,65000,19,5,14,910000,0,0,0,campuran,Monday,0,7,0,berawan,102,4.4
2024-07-01,P005,Hijab polos,fashion,39500,31,13,18,711000,0,0,0,campuran,Monday,0,7,0,berawan,102,4.6
2024-07-01,P006,Sandal harian,fashion,57500,19,10,9,517500,0,0,0,offline,Monday,0,7,0,berawan,102,4.1
2024-07-01,P007,Sabun cuci literan,kebutuhan_rumah,17000,33,12,21,357000,0,0,0,online,Monday,0,7,0,berawan,102,4.3
2024-07-01,P008,Beras 5 kg,kebutuhan_rumah,74000,22,10,12,888000,0,0,0,campuran,Monday,0,7,0,berawan,102,4.6
2024-07-01,P009,Minyak goreng 1 liter,kebutuhan_rumah,18500,57,33,24,444000,0,0,0,campuran,Monday,0,7,0,berawan,102,4.2
2024-07-01,P010,Aksesori ponsel,aksesoris,25500,57,25,32,775200,5,1,40800,campuran,Monday,0,7,0,berawan,102,4.0
2024-07-01,P011,Buket mini,kerajinan,46500,14,1,13,604500,0,0,0,offline,Monday,0,7,0,berawan,102,4.7
2024-07-01,P012,Paket hampers,kerajinan,96000,10,3,7,672000,0,0,0,campuran,Monday,0,7,0,berawan,102,4.7
2024-07-02,P001,Paket nasi lauk,makanan_minuman,19500,37,15,22,429000,0,0,0,online,Tuesday,0,7,0,hujan_deras,56,4.4
2024-07-02,P002,Minuman kopi susu,makanan_minuman,14500,44,10,34,493000,0,0,0,campuran,Tuesday,0,7,0,hujan_deras,56,4.3
2024-07-02,P003,Snack kemasan lokal,makanan_minuman,9000,42,9,33,297000,0,0,0,online,Tuesday,0,7,0,hujan_deras,56,4.4
2024-07-02,P004,Kaos basic,fashion,64000,13,7,6,384000,0,0,0,campuran,Tuesday,0,7,0,hujan_deras,56,4.3
2024-07-02,P005,Hijab polos,fashion,40000,17,11,6,240000,0,0,0,online,Tuesday,0,7,0,hujan_deras,56,4.5
2024-07-02,P006,Sandal harian,fashion,53500,9,7,2,107000,0,0,0,offline,Tuesday,0,7,0,hujan_deras,56,4.2
2024-07-02,P007,Sabun cuci literan,kebutuhan_rumah,16500,36,13,23,379500,0,0,0,offline,Tuesday,0,7,0,hujan_deras,56,4.1
2024-07-02,P008,Beras 5 kg,kebutuhan_rumah,73000,18,9,9,591300,10,1,65700,online,Tuesday,0,7,0,hujan_deras,56,4.7
2024-07-02,P009,Minyak goreng 1 liter,kebutuhan_rumah,18000,30,14,16,288000,0,0,0,offline,Tuesday,0,7,0,hujan_deras,56,4.3
2024-07-02,P010,Aksesori ponsel,aksesoris,24500,33,8,25,490000,20,1,122500,offline,Tuesday,0,7,0,hujan_deras,56,4.1
2024-07-02,P011,Buket mini,kerajinan,44500,6,0,6,267000,0,0,0,online,Tuesday,0,7,0,hujan_deras,56,4.7
2024-07-02,P012,Paket hampers,kerajinan,97000,10,2,8,659600,15,1,116400,online,Tuesday,0,7,0,hujan_deras,56,4.6
2024-07-03,P001,Paket nasi lauk,makanan_minuman,18000,59,31,28,504000,0,0,0,offline,Wednesday,0,7,0,cerah,82,4.6
2024-07-03,P002,Minuman kopi susu,makanan_minuman,13500,60,20,40,540000,0,0,0,campuran,Wednesday,0,7,0,cerah,82,3.8
2024-07-03,P003,Snack kemasan lokal,makanan_minuman,9000,67,20,47,423000,0,0,0,campuran,Wednesday,0,7,0,cerah,82,4.2
2024-07-03,P004,Kaos basic,fashion,64500,18,13,5,322500,0,0,0,online,Wednesday,0,7,0,cerah,82,4.3
2024-07-03,P005,Hijab polos,fashion,41000,27,3,24,984000,0,0,0,offline,Wednesday,0,7,0,cerah,82,4.3
2024-07-03,P006,Sandal harian,fashion,55500,18,2,16,843600,5,1,44400,offline,Wednesday,0,7,0,cerah,82,4.3
2024-07-03,P007,Sabun cuci literan,kebutuhan_rumah,17000,41,9,32,544000,0,0,0,online,Wednesday,0,7,0,cerah,82,4.1
2024-07-03,P008,Beras 5 kg,kebutuhan_rumah,74500,18,8,10,745000,0,0,0,offline,Wednesday,0,7,0,cerah,82,4.6
2024-07-03,P009,Minyak goreng 1 liter,kebutuhan_rumah,19000,43,19,24,456000,0,0,0,online,Wednesday,0,7,0,cerah,82,4.4
2024-07-03,P010,Aksesori ponsel,aksesoris,23500,44,26,18,380700,10,1,42300,offline,Wednesday,0,7,0,cerah,82,4.1
2024-07-03,P011,Buket mini,kerajinan,41500,14,3,11,456500,0,0,0,campuran,Wednesday,0,7,0,cerah,82,4.4
2024-07-03,P012,Paket hampers,kerajinan,98000,7,0,7,686000,0,0,0,online,Wednesday,0,7,0,cerah,82,4.7
2024-07-04,P001,Paket nasi lauk,makanan_minuman,18000,72,26,46,786600,5,1,41400,offline,Thursday,0,7,0,cerah,94,4.5
2024-07-04,P002,Minuman kopi susu,makanan_minuman,15000,79,18,61,823500,10,1,91500,offline,Thursday,0,7,0,cerah,94,4.4
2024-07-04,P003,Snack kemasan lokal,makanan_minuman,9000,76,30,46,414000,0,0,0,online,Thursday,0,7,0,cerah,94,4.3
2024-07-04,P004,Kaos basic,fashion,67000,18,13,5,335000,0,0,0,offline,Thursday,0,7,0,cerah,94,4.3
2024-07-04,P005,Hijab polos,fashion,43000,30,5,25,1021200,5,1,53800,offline,Thursday,0,7,0,cerah,94,4.5
2024-07-04,P006,Sandal harian,fashion,56000,24,10,14,744800,5,1,39200,offline,Thursday,0,7,0,cerah,94,4.2
2024-07-04,P007,Sabun cuci literan,kebutuhan_rumah,16000,45,13,32,512000,0,0,0,offline,Thursday,0,7,0,cerah,94,4.0
2024-07-04,P008,Beras 5 kg,kebutuhan_rumah,66500,25,9,16,1064000,0,0,0,online,Thursday,0,7,0,cerah,94,4.8
2024-07-04,P009,Minyak goreng 1 liter,kebutuhan_rumah,19500,69,36,33,579200,10,1,64400,offline,Thursday,0,7,0,cerah,94,4.1
2024-07-04,P010,Aksesori ponsel,aksesoris,25500,24,0,24,612000,0,0,0,offline,Thursday,0,7,0,cerah,94,4.1
2024-07-04,P011,Buket mini,kerajinan,43500,17,4,13,565500,0,0,0,offline,Thursday,0,7,0,cerah,94,4.6
2024-07-04,P012,Paket hampers,kerajinan,91000,12,3,9,819000,0,0,0,online,Thursday,0,7,0,cerah,94,4.8
2024-07-05,P001,Paket nasi lauk,makanan_minuman,18000,50,18,32,576000,0,0,0,offline,Friday,0,7,0,berawan,88,4.3
2024-07-05,P002,Minuman kopi susu,makanan_minuman,15000,40,1,39,585000,0,0,0,online,Friday,0,7,0,berawan,88,4.2
2024-07-05,P003,Snack kemasan lokal,makanan_minuman,9000,75,23,52,468000,0,0,0,campuran,Friday,0,7,0,berawan,88,4.2
2024-07-05,P004,Kaos basic,fashion,62000,27,10,17,948600,10,1,105400,offline,Friday,0,7,0,berawan,88,4.3
2024-07-05,P005,Hijab polos,fashion,42500,22,3,19,807500,0,0,0,campuran,Friday,0,7,0,berawan,88,4.6
2024-07-05,P006,Sandal harian,fashion,53500,17,8,9,481500,0,0,0,offline,Friday,0,7,0,berawan,88,4.0
2024-07-05,P007,Sabun cuci literan,kebutuhan_rumah,18000,37,3,34,612000,0,0,0,campuran,Friday,0,7,0,berawan,88,4.2
2024-07-05,P008,Beras 5 kg,kebutuhan_rumah,74500,19,6,13,968500,0,0,0,online,Friday,0,7,0,berawan,88,4.6
2024-07-05,P009,Minyak goreng 1 liter,kebutuhan_rumah,18500,55,26,29,536500,0,0,0,campuran,Friday,0,7,0,berawan,88,4.5
2024-07-05,P010,Aksesori ponsel,aksesoris,24500,26,5,21,514500,0,0,0,offline,Friday,0,7,0,berawan,88,3.9
2024-07-05,P011,Buket mini,kerajinan,42500,16,8,8,340000,0,0,0,campuran,Friday,0,7,0,berawan,88,4.8
2024-07-05,P012,Paket hampers,kerajinan,99000,10,7,3,297000,0,0,0,campuran,Friday,0,7,0,berawan,88,4.5
2024-07-06,P001,Paket nasi lauk,makanan_minuman,18500,52,15,37,684500,0,0,0,offline,Saturday,1,7,0,hujan_ringan,120,4.6
2024-07-06,P002,Minuman kopi susu,makanan_minuman,15000,97,37,60,810000,10,1,90000,online,Saturday,1,7,0,hujan_ringan,120,4.4
2024-07-06,P003,Snack kemasan lokal,makanan_minuman,9000,96,36,60,540000,0,0,0,offline,Saturday,1,7,0,hujan_ringan,120,4.0
2024-07-06,P004,Kaos basic,fashion,62000,18,10,8,496000,0,0,0,online,Saturday,1,7,0,hujan_ringan,120,4.2
2024-07-06,P005,Hijab polos,fashion,42000,43,11,32,1209600,10,1,134400,offline,Saturday,1,7,0,hujan_ringan,120,4.3
2024-07-06,P006,Sandal harian,fashion,55000,17,8,9,495000,0,0,0,offline,Saturday,1,7,0,hujan_ringan,120,4.2
2024-07-06,P007,Sabun cuci literan,kebutuhan_rumah,17000,60,35,25,425000,0,0,0,online,Saturday,1,7,0,hujan_ringan,120,4.5
2024-07-06,P008,Beras 5 kg,kebutuhan_rumah,71000,24,9,15,1065000,0,0,0,offline,Saturday,1,7,0,hujan_ringan,120,4.6
2024-07-06,P009,Minyak goreng 1 liter,kebutuhan_rumah,17500,42,7,35,612500,0,0,0,offline,Saturday,1,7,0,hujan_ringan,120,4.4
2024-07-06,P010,Aksesori ponsel,aksesoris,24000,36,17,19,456000,0,0,0,campuran,Saturday,1,7,0,hujan_ringan,120,4.1
2024-07-06,P011,Buket mini,kerajinan,45500,15,7,8,364000,0,0,0,offline,Saturday,1,7,0,hujan_ringan,120,4.6
2024-07-06,P012,Paket hampers,kerajinan,94000,17,3,14,1118600,15,1,197400,offline,Saturday,1,7,0,hujan_ringan,120,4.6
2024-07-07,P001,Paket nasi lauk,makanan_minuman,17500,86,52,34,595000,0,0,0,online,Sunday,1,7,0,cerah,159,4.4
2024-07-07,P002,Minuman kopi susu,makanan_minuman,15000,162,84,78,936000,20,1,234000,offline,Sunday,1,7,0,cerah,159,4.4
2024-07-07,P003,Snack kemasan lokal,makanan_minuman,9000,130,28,102,918000,0,0,0,offline,Sunday,1,7,0,cerah,159,4.3
2024-07-07,P004,Kaos basic,fashion,68000,26,9,17,1156000,0,0,0,campuran,Sunday,1,7,0,cerah,159,4.4
2024-07-07,P005,Hijab polos,fashion,43000,67,27,40,1376000,20,1,344000,offline,Sunday,1,7,0,cerah,159,4.4
2024-07-07,P006,Sandal harian,fashion,54500,18,4,14,763000,0,0,0,offline,Sunday,1,7,0,cerah,159,4.2
2024-07-07,P007,Sabun cuci literan,kebutuhan_rumah,16500,58,22,36,594000,0,0,0,offline,Sunday,1,7,0,cerah,159,4.4
2024-07-07,P008,Beras 5 kg,kebutuhan_rumah,72000,43,25,18,1296000,0,0,0,online,Sunday,1,7,0,cerah,159,4.6
2024-07-07,P009,Minyak goreng 1 liter,kebutuhan_rumah,20000,91,25,66,1254000,5,1,66000,online,Sunday,1,7,0,cerah,159,4.4
2024-07-07,P010,Aksesori ponsel,aksesoris,25000,63,20,43,967500,10,1,107500,online,Sunday,1,7,0,cerah,159,3.9
2024-07-07,P011,Buket mini,kerajinan,43500,18,0,18,783000,0,0,0,online,Sunday,1,7,0,cerah,159,4.7
2024-07-07,P012,Paket hampers,kerajinan,97000,20,11,9,873000,0,0,0,campuran,Sunday,1,7,0,cerah,159,4.4
2024-07-08,P001,Paket nasi lauk,makanan_minuman,18000,55,27,28,504000,0,0,0,online,Monday,0,7,0,cerah,107,4.5
2024-07-08,P002,Minuman kopi susu,makanan_minuman,15000,65,16,49,735000,0,0,0,campuran,Monday,0,7,0,cerah,107,4.6
2024-07-08,P003,Snack kemasan lokal,makanan_minuman,9500,79,24,55,522500,0,0,0,offline,Monday,0,7,0,cerah,107,4.2
2024-07-08,P004,Kaos basic,fashion,68000,24,7,17,982600,15,1,173400,offline,Monday,0,7,0,cerah,107,4.3
2024-07-08,P005,Hijab polos,fashion,43000,16,1,15,645000,0,0,0,online,Monday,0,7,0,cerah,107,4.4
2024-07-08,P006,Sandal harian,fashion,54500,15,0,15,817500,0,0,0,offline,Monday,0,7,0,cerah,107,4.0
2024-07-08,P007,Sabun cuci literan,kebutuhan_rumah,18000,39,4,35,630000,0,0,0,online,Monday,0,7,0,cerah,107,4.2
2024-07-08,P008,Beras 5 kg,kebutuhan_rumah,74000,23,0,23,1702000,0,0,0,campuran,Monday,0,7,0,cerah,107,4.6
2024-07-08,P009,Minyak goreng 1 liter,kebutuhan_rumah,19000,52,11,41,779000,0,0,0,campuran,Monday,0,7,0,cerah,107,4.3
2024-07-08,P010,Aksesori ponsel,aksesoris,25500,30,7,23,586500,0,0,0,offline,Monday,0,7,0,cerah,107,4.2
2024-07-08,P011,Buket mini,kerajinan,46500,17,3,14,651000,0,0,0,campuran,Monday,0,7,0,cerah,107,4.6
2024-07-08,P012,Paket hampers,kerajinan,92000,8,2,6,552000,0,0,0,online,Monday,0,7,0,cerah,107,4.6
2024-07-09,P001,Paket nasi lauk,makanan_minuman,18500,47,19,28,518000,0,0,0,offline,Tuesday,0,7,0,cerah,102,4.6
2024-07-09,P002,Minuman kopi susu,makanan_minuman,15000,68,33,35,525000,0,0,0,campuran,Tuesday,0,7,0,cerah,102,4.4
2024-07-09,P003,Snack kemasan lokal,makanan_minuman,8500,72,31,41,348500,0,0,0,offline,Tuesday,0,7,0,cerah,102,4.1
2024-07-09,P004,Kaos basic,fashion,64000,23,14,9,489600,15,1,86400,offline,Tuesday,0,7,0,cerah,102,4.5
2024-07-09,P005,Hijab polos,fashion,42500,32,8,24,1020000,0,0,0,campuran,Tuesday,0,7,0,cerah,102,4.5
2024-07-09,P006,Sandal harian,fashion,58000,24,8,16,881600,5,1,46400,offline,Tuesday,0,7,0,cerah,102,4.2
2024-07-09,P007,Sabun cuci literan,kebutuhan_rumah,15500,48,19,29,449500,0,0,0,campuran,Tuesday,0,7,0,cerah,102,4.2
2024-07-09,P008,Beras 5 kg,kebutuhan_rumah,71500,32,16,16,1144000,0,0,0,offline,Tuesday,0,7,0,cerah,102,4.6
2024-07-09,P009,Minyak goreng 1 liter,kebutuhan_rumah,19500,59,18,41,799500,0,0,0,campuran,Tuesday,0,7,0,cerah,102,4.5
2024-07-09,P010,Aksesori ponsel,aksesoris,25000,26,4,22,550000,0,0,0,campuran,Tuesday,0,7,0,cerah,102,4.2
2024-07-09,P011,Buket mini,kerajinan,45500,11,1,10,455000,0,0,0,online,Tuesday,0,7,0,cerah,102,5.0
2024-07-09,P012,Paket hampers,kerajinan,100000,9,4,5,500000,0,0,0,offline,Tuesday,0,7,0,cerah,102,4.8
2024-07-10,P001,Paket nasi lauk,makanan_minuman,17500,46,0,46,805000,0,0,0,campuran,Wednesday,0,7,0,hujan_ringan,80,4.6
2024-07-10,P002,Minuman kopi susu,makanan_minuman,14500,73,19,54,743800,5,1,39200,offline,Wednesday,0,7,0,hujan_ringan,80,4.3
2024-07-10,P003,Snack kemasan lokal,makanan_minuman,9500,55,13,42,399000,0,0,0,online,Wednesday,0,7,0,hujan_ringan,80,4.1
2024-07-10,P004,Kaos basic,fashion,65000,14,6,8,520000,0,0,0,offline,Wednesday,0,7,0,hujan_ringan,80,4.4
2024-07-10,P005,Hijab polos,fashion,41500,13,3,10,415000,0,0,0,online,Wednesday,0,7,0,hujan_ringan,80,4.4
2024-07-10,P006,Sandal harian,fashion,54500,11,1,10,545000,0,0,0,online,Wednesday,0,7,0,hujan_ringan,80,4.1
2024-07-10,P007,Sabun cuci literan,kebutuhan_rumah,17000,34,3,31,527000,0,0,0,campuran,Wednesday,0,7,0,hujan_ringan,80,4.2
2024-07-10,P008,Beras 5 kg,kebutuhan_rumah,72000,20,8,12,864000,0,0,0,campuran,Wednesday,0,7,0,hujan_ringan,80,4.4
2024-07-10,P009,Minyak goreng 1 liter,kebutuhan_rumah,19000,37,8,29,551000,0,0,0,offline,Wednesday,0,7,0,hujan_ringan,80,4.5
2024-07-10,P010,Aksesori ponsel,aksesoris,25000,27,6,21,525000,0,0,0,offline,Wednesday,0,7,0,hujan_ringan,80,4.0
2024-07-10,P011,Buket mini,kerajinan,43000,11,0,11,473000,0,0,0,offline,Wednesday,0,7,0,hujan_ringan,80,4.8
2024-07-10,P012,Paket hampers,kerajinan,93500,11,0,11,925600,10,1,102800,campuran,Wednesday,0,7,0,hujan_ringan,80,4.5
2024-07-11,P001,Paket nasi lauk,makanan_minuman,18500,51,13,38,703000,0,0,0,offline,Thursday,0,7,0,berawan,102,4.5
2024-07-11,P002,Minuman kopi susu,makanan_minuman,15500,47,3,44,682000,0,0,0,offline,Thursday,0,7,0,berawan,102,4.5
2024-07-11,P003,Snack kemasan lokal,makanan_minuman,8500,91,43,48,408000,0,0,0,campuran,Thursday,0,7,0,berawan,102,4.1
2024-07-11,P004,Kaos basic,fashion,66000,24,11,13,686400,20,1,171600,campuran,Thursday,0,7,0,berawan,102,4.5
2024-07-11,P005,Hijab polos,fashion,45000,26,8,18,810000,0,0,0,campuran,Thursday,0,7,0,berawan,102,4.5
2024-07-11,P006,Sandal harian,fashion,56500,14,7,7,395500,0,0,0,offline,Thursday,0,7,0,berawan,102,4.3
2024-07-11,P007,Sabun cuci literan,kebutuhan_rumah,18000,28,12,16,288000,0,0,0,online,Thursday,0,7,0,berawan,102,4.2
2024-07-11,P008,Beras 5 kg,kebutuhan_rumah,72500,20,2,18,1305000,0,0,0,offline,Thursday,0,7,0,berawan,102,4.8
2024-07-11,P009,Minyak goreng 1 liter,kebutuhan_rumah,19500,65,26,39,760500,0,0,0,campuran,Thursday,0,7,0,berawan,102,4.2
2024-07-11,P010,Aksesori ponsel,aksesoris,24500,22,11,11,269500,0,0,0,online,Thursday,0,7,0,berawan,102,4.1
2024-07-11,P011,Buket mini,kerajinan,43500,15,10,5,217500,0,0,0,offline,Thursday,0,7,0,berawan,102,4.9
2024-07-11,P012,Paket hampers,kerajinan,97500,10,0,10,926200,5,1,48800,online,Thursday,0,7,0,berawan,102,4.7
2024-07-12,P001,Paket nasi lauk,makanan_minuman,17500,57,23,34,595000,0,0,0,offline,Friday,0,7,0,berawan,79,4.5
2024-07-12,P002,Minuman kopi susu,makanan_minuman,14000,74,26,48,672000,0,0,0,offline,Friday,0,7,0,berawan,79,4.7
2024-07-12,P003,Snack kemasan lokal,makanan_minuman,8500,49,9,40,340000,0,0,0,online,Friday,0,7,0,berawan,79,4.4
2024-07-12,P004,Kaos basic,fashion,67500,16,9,7,472500,0,0,0,online,Friday,0,7,0,berawan,79,4.2
2024-07-12,P005,Hijab polos,fashion,45000,22,3,19,855000,0,0,0,campuran,Friday,0,7,0,berawan,79,4.7
2024-07-12,P006,Sandal harian,fashion,54000,14,4,10,540000,0,0,0,online,Friday,0,7,0,berawan,79,4.2
2024-07-12,P007,Sabun cuci literan,kebutuhan_rumah,17500,60,19,41,717500,0,0,0,campuran,Friday,0,7,0,berawan,79,4.2
2024-07-12,P008,Beras 5 kg,kebutuhan_rumah,76000,20,6,14,1064000,0,0,0,offline,Friday,0,7,0,berawan,79,4.6
2024-07-12,P009,Minyak goreng 1 liter,kebutuhan_rumah,18500,31,2,29,536500,0,0,0,online,Friday,0,7,0,berawan,79,4.3
2024-07-12,P010,Aksesori ponsel,aksesoris,25500,33,6,27,654100,5,1,34400,campuran,Friday,0,7,0,berawan,79,4.0
2024-07-12,P011,Buket mini,kerajinan,45500,16,0,16,728000,0,0,0,campuran,Friday,0,7,0,berawan,79,4.8
2024-07-12,P012,Paket hampers,kerajinan,91500,9,7,2,183000,0,0,0,offline,Friday,0,7,0,berawan,79,4.4
2024-07-13,P001,Paket nasi lauk,makanan_minuman,18500,59,3,56,1036000,0,0,0,online,Saturday,1,7,0,cerah,146,4.7
2024-07-13,P002,Minuman kopi susu,makanan_minuman,15000,105,45,60,900000,0,0,0,offline,Saturday,1,7,0,cerah,146,4.6
2024-07-13,P003,Snack kemasan lokal,makanan_minuman,9000,129,58,71,639000,0,0,0,campuran,Saturday,1,7,0,cerah,146,4.4
2024-07-13,P004,Kaos basic,fashion,61500,24,6,18,1107000,0,0,0,online,Saturday,1,7,0,cerah,146,4.4
2024-07-13,P005,Hijab polos,fashion,39500,39,19,20,790000,0,0,0,online,Saturday,1,7,0,cerah,146,4.8
2024-07-13,P006,Sandal harian,fashion,53000,35,13,22,1166000,0,0,0,campuran,Saturday,1,7,0,cerah,146,4.1
2024-07-13,P007,Sabun cuci literan,kebutuhan_rumah,17000,76,28,48,816000,0,0,0,campuran,Saturday,1,7,0,cerah,146,4.0
2024-07-13,P008,Beras 5 kg,kebutuhan_rumah,72500,25,4,21,1522500,0,0,0,online,Saturday,1,7,0,cerah,146,4.6
2024-07-13,P009,Minyak goreng 1 liter,kebutuhan_rumah,19000,96,23,73,1317600,5,1,69400,campuran,Saturday,1,7,0,cerah,146,4.4
2024-07-13,P010,Aksesori ponsel,aksesoris,24500,61,25,36,837900,5,1,44100,online,Saturday,1,7,0,cerah,146,3.7
2024-07-13,P011,Buket mini,kerajinan,47500,25,21,4,190000,0,0,0,online,Saturday,1,7,0,cerah,146,4.6
2024-07-13,P012,Paket hampers,kerajinan,94000,11,0,11,1034000,0,0,0,offline,Saturday,1,7,0,cerah,146,4.6
2024-07-14,P001,Paket nasi lauk,makanan_minuman,17500,82,13,69,1207500,0,0,0,campuran,Sunday,1,7,0,berawan,123,4.5
2024-07-14,P002,Minuman kopi susu,makanan_minuman,15500,120,43,77,1074200,10,1,119400,offline,Sunday,1,7,0,berawan,123,4.3
2024-07-14,P003,Snack kemasan lokal,makanan_minuman,9000,110,35,75,675000,0,0,0,campuran,Sunday,1,7,0,berawan,123,4.3
2024-07-14,P004,Kaos basic,fashion,67500,33,19,14,897800,5,1,47200,offline,Sunday,1,7,0,berawan,123,4.5
2024-07-14,P005,Hijab polos,fashion,40500,36,11,25,961900,5,1,50600,offline,Sunday,1,7,0,berawan,123,4.7
2024-07-14,P006,Sandal harian,fashion,56000,21,6,15,840000,0,0,0,offline,Sunday,1,7,0,berawan,123,4.3
2024-07-14,P007,Sabun cuci literan,kebutuhan_rumah,17000,60,23,37,629000,0,0,0,campuran,Sunday,1,7,0,berawan,123,4.0
2024-07-14,P008,Beras 5 kg,kebutuhan_rumah,74500,37,19,18,1341000,0,0,0,online,Sunday,1,7,0,berawan,123,4.7
2024-07-14,P009,Minyak goreng 1 liter,kebutuhan_rumah,19000,56,19,37,703000,0,0,0,online,Sunday,1,7,0,berawan,123,4.3
2024-07-14,P010,Aksesori ponsel,aksesoris,24000,46,1,45,1026000,5,1,54000,campuran,Sunday,1,7,0,berawan,123,3.9
2024-07-14,P011,Buket mini,kerajinan,44500,17,0,17,756500,0,0,0,campuran,Sunday,1,7,0,berawan,123,4.8
2024-07-14,P012,Paket hampers,kerajinan,95000,13,1,12,1140000,0,0,0,online,Sunday,1,7,0,berawan,123,4.5
2024-07-15,P001,Paket nasi lauk,makanan_minuman,19000,33,5,28,532000,0,0,0,campuran,Monday,0,7,0,hujan_deras,88,4.5
2024-07-15,P002,Minuman kopi susu,makanan_minuman,15000,48,17,31,441800,5,1,23200,campuran,Monday,0,7,0,hujan_deras,88,4.5
2024-07-15,P003,Snack kemasan lokal,makanan_minuman,9000,78,34,44,356400,10,1,39600,offline,Monday,0,7,0,hujan_deras,88,4.0
2024-07-15,P004,Kaos basic,fashion,62500,10,2,8,500000,0,0,0,online,Monday,0,7,0,hujan_deras,88,4.6
2024-07-15,P005,Hijab polos,fashion,43000,16,0,16,688000,0,0,0,campuran,Monday,0,7,0,hujan_deras,88,4.7
2024-07-15,P006,Sandal harian,fashion,57500,10,5,5,287500,0,0,0,online,Monday,0,7,0,hujan_deras,88,4.1
2024-07-15,P007,Sabun cuci literan,kebutuhan_rumah,17000,34,14,20,340000,0,0,0,campuran,Monday,0,7,0,hujan_deras,88,4.1
2024-07-15,P008,Beras 5 kg,kebutuhan_rumah,74500,16,1,15,1117500,0,0,0,online,Monday,0,7,0,hujan_deras,88,4.8
2024-07-15,P009,Minyak goreng 1 liter,kebutuhan_rumah,19000,22,0,22,418000,0,0,0,offline,Monday,0,7,0,hujan_deras,88,4.2
2024-07-15,P010,Aksesori ponsel,aksesoris,24000,22,8,14,336000,0,0,0,offline,Monday,0,7,0,hujan_deras,88,4.1
2024-07-15,P011,Buket mini,kerajinan,43000,11,5,6,258000,0,0,0,campuran,Monday,0,7,0,hujan_deras,88,4.4
2024-07-15,P012,Paket hampers,kerajinan,92000,5,0,5,460000,0,0,0,offline,Monday,0,7,0,hujan_deras,88,4.6
2024-07-16,P001,Paket nasi lauk,makanan_minuman,17000,51,24,27,459000,0,0,0,offline,Tuesday,0,7,0,cerah,104,4.2
2024-07-16,P002,Minuman kopi susu,makanan_minuman,15000,83,31,52,663000,15,1,117000,online,Tuesday,0,7,0,cerah,104,4.4
2024-07-16,P003,Snack kemasan lokal,makanan_minuman,9000,69,22,47,423000,0,0,0,online,Tuesday,0,7,0,cerah,104,4.4
2024-07-16,P004,Kaos basic,fashion,65500,31,19,12,628800,20,1,157200,offline,Tuesday,0,7,0,cerah,104,4.5
2024-07-16,P005,Hijab polos,fashion,41500,22,7,15,622500,0,0,0,online,Tuesday,0,7,0,cerah,104,4.4
2024-07-16,P006,Sandal harian,fashion,56500,17,5,12,610200,10,1,67800,offline,Tuesday,0,7,0,cerah,104,4.1
2024-07-16,P007,Sabun cuci literan,kebutuhan_rumah,16500,51,7,44,689700,5,1,36300,online,Tuesday,0,7,0,cerah,104,4.2
2024-07-16,P008,Beras 5 kg,kebutuhan_rumah,70500,27,13,14,987000,0,0,0,offline,Tuesday,0,7,0,cerah,104,4.6
2024-07-16,P009,Minyak goreng 1 liter,kebutuhan_rumah,19500,27,0,27,526500,0,0,0,offline,Tuesday,0,7,0,cerah,104,4.3
2024-07-16,P010,Aksesori ponsel,aksesoris,25000,42,20,22,522500,5,1,27500,online,Tuesday,0,7,0,cerah,104,3.9
2024-07-16,P011,Buket mini,kerajinan,42000,12,5,7,294000,0,0,0,campuran,Tuesday,0,7,0,cerah,104,4.8
2024-07-16,P012,Paket hampers,kerajinan,97500,15,7,8,741000,5,1,39000,offline,Tuesday,0,7,0,cerah,104,4.5
2024-07-17,P001,Paket nasi lauk,makanan_minuman,18000,51,12,39,702000,0,0,0,offline,Wednesday,0,7,0,cerah,114,4.5
2024-07-17,P002,Minuman kopi susu,makanan_minuman,15000,56,12,44,660000,0,0,0,online,Wednesday,0,7,0,cerah,114,4.3
2024-07-17,P003,Snack kemasan lokal,makanan_minuman,9500,57,4,53,503500,0,0,0,offline,Wednesday,0,7,0,cerah,114,4.1
2024-07-17,P004,Kaos basic,fashion,63000,26,13,13,696200,15,1,122800,online,Wednesday,0,7,0,cerah,114,4.0
2024-07-17,P005,Hijab polos,fashion,42000,39,12,27,1020600,10,1,113400,offline,Wednesday,0,7,0,cerah,114,4.2
2024-07-17,P006,Sandal harian,fashion,54500,16,6,10,545000,0,0,0,campuran,Wednesday,0,7,0,cerah,114,4.2
2024-07-17,P007,Sabun cuci literan,kebutuhan_rumah,17000,48,25,23,391000,0,0,0,offline,Wednesday,0,7,0,cerah,114,4.0
2024-07-17,P008,Beras 5 kg,kebutuhan_rumah,72500,25,10,15,1087500,0,0,0,online,Wednesday,0,7,0,cerah,114,4.7
2024-07-17,P009,Minyak goreng 1 liter,kebutuhan_rumah,19000,79,32,47,803700,10,1,89300,offline,Wednesday,0,7,0,cerah,114,4.4
2024-07-17,P010,Aksesori ponsel,aksesoris,24000,35,14,21,504000,0,0,0,online,Wednesday,0,7,0,cerah,114,4.1
2024-07-17,P011,Buket mini,kerajinan,44000,15,6,9,396000,0,0,0,offline,Wednesday,0,7,0,cerah,114,4.8
2024-07-17,P012,Paket hampers,kerajinan,94500,9,2,7,661500,0,0,0,offline,Wednesday,0,7,0,cerah,114,4.5
2024-07-18,P001,Paket nasi lauk,makanan_minuman,17500,56,20,36,630000,0,0,0,offline,Thursday,0,7,0,cerah,95,4.6
2024-07-18,P002,Minuman kopi susu,makanan_minuman,15000,54,12,42,630000,0,0,0,online,Thursday,0,7,0,cerah,95,4.7
2024-07-18,P003,Snack kemasan lokal,makanan_minuman,8500,52,13,39,331500,0,0,0,online,Thursday,0,7,0,cerah,95,4.1
2024-07-18,P004,Kaos basic,fashion,66500,17,1,16,1064000,0,0,0,offline,Thursday,0,7,0,cerah,95,4.6
2024-07-18,P005,Hijab polos,fashion,39500,25,9,16,632000,0,0,0,offline,Thursday,0,7,0,cerah,95,4.4
2024-07-18,P006,Sandal harian,fashion,56500,17,6,11,621500,0,0,0,campuran,Thursday,0,7,0,cerah,95,4.1
2024-07-18,P007,Sabun cuci literan,kebutuhan_rumah,17000,48,16,32,544000,0,0,0,campuran,Thursday,0,7,0,cerah,95,4.1
2024-07-18,P008,Beras 5 kg,kebutuhan_rumah,74000,26,8,18,1332000,0,0,0,campuran,Thursday,0,7,0,cerah,95,4.7
2024-07-18,P009,Minyak goreng 1 liter,kebutuhan_rumah,19500,40,15,25,487500,0,0,0,campuran,Thursday,0,7,0,cerah,95,4.5
2024-07-18,P010,Aksesori ponsel,aksesoris,24500,31,8,23,563500,0,0,0,offline,Thursday,0,7,0,cerah,95,3.8
2024-07-18,P011,Buket mini,kerajinan,43500,15,4,11,478500,0,0,0,campuran,Thursday,0,7,0,cerah,95,4.3
2024-07-18,P012,Paket hampers,kerajinan,96500,10,3,7,675500,0,0,0,offline,Thursday,0,7,0,cerah,95,4.5
2024-07-19,P001,Paket nasi lauk,makanan_minuman,17500,65,24,41,717500,0,0,0,offline,Friday,0,7,0,berawan,123,4.6
2024-07-19,P002,Minuman kopi susu,makanan_minuman,15500,77,33,44,682000,0,0,0,campuran,Friday,0,7,0,berawan,123,4.6
2024-07-19,P003,Snack kemasan lokal,makanan_minuman,8500,95,38,57,484500,0,0,0,campuran,Friday,0,7,0,berawan,123,4.2
2024-07-19,P004,Kaos basic,fashion,63000,22,4,18,1077300,5,1,56700,online,Friday,0,7,0,berawan,123,4.3
2024-07-19,P005,Hijab polos,fashion,41500,26,14,12,498000,0,0,0,online,Friday,0,7,0,berawan,123,4.7
2024-07-19,P006,Sandal harian,fashion,54000,12,0,12,648000,0,0,0,offline,Friday,0,7,0,berawan,123,3.8
2024-07-19,P007,Sabun cuci literan,kebutuhan_rumah,16000,50,22,28,448000,0,0,0,campuran,Friday,0,7,0,berawan,123,4.1
2024-07-19,P008,Beras 5 kg,kebutuhan_rumah,71000,29,8,21,1491000,0,0,0,offline,Friday,0,7,0,berawan,123,4.4
2024-07-19,P009,Minyak goreng 1 liter,kebutuhan_rumah,19000,49,18,31,589000,0,0,0,online,Friday,0,7,0,berawan,123,4.3
2024-07-19,P010,Aksesori ponsel,aksesoris,25500,32,20,12,306000,0,0,0,online,Friday,0,7,0,berawan,123,4.0
2024-07-19,P011,Buket mini,kerajinan,48500,11,0,11,533500,0,0,0,campuran,Friday,0,7,0,berawan,123,4.8
2024-07-19,P012,Paket hampers,kerajinan,95000,8,0,8,760000,0,0,0,offline,Friday,0,7,0,berawan,123,4.8
2024-07-20,P001,Paket nasi lauk,makanan_minuman,18000,76,26,50,900000,0,0,0,online,Saturday,1,7,0,berawan,152,4.3
2024-07-20,P002,Minuman kopi susu,makanan_minuman,15000,112,17,95,1353800,5,1,71200,online,Saturday,1,7,0,berawan,152,4.4
2024-07-20,P003,Snack kemasan lokal,makanan_minuman,9000,147,64,83,672300,10,1,74700,online,Saturday,1,7,0,berawan,152,4.2
2024-07-20,P004,Kaos basic,fashion,60500,28,9,19,1149500,0,0,0,offline,Saturday,1,7,0,berawan,152,4.4
2024-07-20,P005,Hijab polos,fashion,45000,23,0,23,1035000,0,0,0,online,Saturday,1,7,0,berawan,152,4.5
2024-07-20,P006,Sandal harian,fashion,55000,27,15,12,660000,0,0,0,offline,Saturday,1,7,0,berawan,152,3.8
2024-07-20,P007,Sabun cuci literan,kebutuhan_rumah,17500,88,27,61,1014100,5,1,53400,campuran,Saturday,1,7,0,berawan,152,4.1
2024-07-20,P008,Beras 5 kg,kebutuhan_rumah,70500,33,17,16,1128000,0,0,0,offline,Saturday,1,7,0,berawan,152,4.7
2024-07-20,P009,Minyak goreng 1 liter,kebutuhan_rumah,19500,85,45,40,780000,0,0,0,offline,Saturday,1,7,0,berawan,152,4.3
2024-07-20,P010,Aksesori ponsel,aksesoris,25000,50,22,28,700000,0,0,0,online,Saturday,1,7,0,berawan,152,4.1
2024-07-20,P011,Buket mini,kerajinan,46500,35,15,20,790500,15,1,139500,offline,Saturday,1,7,0,berawan,152,4.9
2024-07-20,P012,Paket hampers,kerajinan,99500,18,11,7,696500,0,0,0,campuran,Saturday,1,7,0,berawan,152,4.6
2024-07-21,P001,Paket nasi lauk,makanan_minuman,18500,85,34,51,943500,0,0,0,offline,Sunday,1,7,0,cerah,152,4.7
2024-07-21,P002,Minuman kopi susu,makanan_minuman,15000,83,6,77,1155000,0,0,0,offline,Sunday,1,7,0,cerah,152,4.1
2024-07-21,P003,Snack kemasan lokal,makanan_minuman,8500,109,21,88,710600,5,1,37400,online,Sunday,1,7,0,cerah,152,4.3
2024-07-21,P004,Kaos basic,fashion,65500,25,0,25,1637500,0,0,0,offline,Sunday,1,7,0,cerah,152,4.4
2024-07-21,P005,Hijab polos,fashion,40000,31,6,25,1000000,0,0,0,online,Sunday,1,7,0,cerah,152,4.4
2024-07-21,P006,Sandal harian,fashion,55500,36,15,21,1049000,10,1,116600,campuran,Sunday,1,7,0,cerah,152,4.0
2024-07-21,P007,Sabun cuci literan,kebutuhan_rumah,17500,74,0,74,1165500,10,1,129500,campuran,Sunday,1,7,0,cerah,152,4.6
2024-07-21,P008,Beras 5 kg,kebutuhan_rumah,73000,53,12,41,2544000,15,1,449000,offline,Sunday,1,7,0,cerah,152,4.8
2024-07-21,P009,Minyak goreng 1 liter,kebutuhan_rumah,19500,71,26,45,877500,0,0,0,online,Sunday,1,7,0,cerah,152,4.3
2024-07-21,P010,Aksesori ponsel,aksesoris,25500,31,7,24,612000,0,0,0,offline,Sunday,1,7,0,cerah,152,4.1
2024-07-21,P011,Buket mini,kerajinan,40500,27,13,14,567000,0,0,0,offline,Sunday,1,7,0,cerah,152,5.0
2024-07-21,P012,Paket hampers,kerajinan,97000,18,8,10,970000,0,0,0,campuran,Sunday,1,7,0,cerah,152,4.4
2024-07-22,P001,Paket nasi lauk,makanan_minuman,16500,51,21,30,495000,0,0,0,online,Monday,0,7,0,hujan_ringan,95,4.6
2024-07-22,P002,Minuman kopi susu,makanan_minuman,15000,54,27,27,405000,0,0,0,online,Monday,0,7,0,hujan_ringan,95,3.9
2024-07-22,P003,Snack kemasan lokal,makanan_minuman,9000,59,12,47,423000,0,0,0,campuran,Monday,0,7,0,hujan_ringan,95,4.3
2024-07-22,P004,Kaos basic,fashion,66000,16,6,10,660000,0,0,0,offline,Monday,0,7,0,hujan_ringan,95,4.2
2024-07-22,P005,Hijab polos,fashion,44000,30,13,17,748000,0,0,0,campuran,Monday,0,7,0,hujan_ringan,95,4.8
2024-07-22,P006,Sandal harian,fashion,53500,19,3,16,727600,15,1,128400,offline,Monday,0,7,0,hujan_ringan,95,4.0
2024-07-22,P007,Sabun cuci literan,kebutuhan_rumah,17000,42,5,37,629000,0,0,0,campuran,Monday,0,7,0,hujan_ringan,95,4.2
2024-07-22,P008,Beras 5 kg,kebutuhan_rumah,71500,39,19,20,1287000,10,1,143000,campuran,Monday,0,7,0,hujan_ringan,95,4.4
2024-07-22,P009,Minyak goreng 1 liter,kebutuhan_rumah,19000,43,19,24,456000,0,0,0,offline,Monday,0,7,0,hujan_ringan,95,4.3
2024-07-22,P010,Aksesori ponsel,aksesoris,24000,18,3,15,360000,0,0,0,online,Monday,0,7,0,hujan_ringan,95,3.9
2024-07-22,P011,Buket mini,kerajinan,44000,14,4,10,418000,5,1,22000,offline,Monday,0,7,0,hujan_ringan,95,4.7
2024-07-22,P012,Paket hampers,kerajinan,90500,8,0,8,724000,0,0,0,campuran,Monday,0,7,0,hujan_ringan,95,4.4
2024-07-23,P001,Paket nasi lauk,makanan_minuman,16500,62,35,27,445500,0,0,0,offline,Tuesday,0,7,0,berawan,109,4.5
2024-07-23,P002,Minuman kopi susu,makanan_minuman,15000,74,27,47,705000,0,0,0,campuran,Tuesday,0,7,0,berawan,109,4.6
2024-07-23,P003,Snack kemasan lokal,makanan_minuman,8500,49,4,45,382500,0,0,0,campuran,Tuesday,0,7,0,berawan,109,4.2
2024-07-23,P004,Kaos basic,fashion,64500,22,11,11,709500,0,0,0,offline,Tuesday,0,7,0,berawan,109,4.2
2024-07-23,P005,Hijab polos,fashion,40500,29,12,17,688500,0,0,0,offline,Tuesday,0,7,0,berawan,109,4.7
2024-07-23,P006,Sandal harian,fashion,55500,13,8,5,277500,0,0,0,online,Tuesday,0,7,0,berawan,109,4.2
2024-07-23,P007,Sabun cuci literan,kebutuhan_rumah,17500,49,28,21,367500,0,0,0,offline,Tuesday,0,7,0,berawan,109,4.3
2024-07-23,P008,Beras 5 kg,kebutuhan_rumah,66000,28,8,20,1320000,0,0,0,campuran,Tuesday,0,7,0,berawan,109,4.3
2024-07-23,P009,Minyak goreng 1 liter,kebutuhan_rumah,20000,48,8,40,800000,0,0,0,offline,Tuesday,0,7,0,berawan,109,4.5
2024-07-23,P010,Aksesori ponsel,aksesoris,25500,32,7,25,637500,0,0,0,campuran,Tuesday,0,7,0,berawan,109,3.8
2024-07-23,P011,Buket mini,kerajinan,46500,9,1,8,372000,0,0,0,online,Tuesday,0,7,0,berawan,109,4.5
2024-07-23,P012,Paket hampers,kerajinan,93500,11,5,6,561000,0,0,0,offline,Tuesday,0,7,0,berawan,109,4.5
2024-07-24,P001,Paket nasi lauk,makanan_minuman,19000,73,35,38,649800,10,1,72200,online,Wednesday,0,7,0,cerah,99,4.2
2024-07-24,P002,Minuman kopi susu,makanan_minuman,14500,64,27,37,536500,0,0,0,offline,Wednesday,0,7,0,cerah,99,4.3
2024-07-24,P003,Snack kemasan lokal,makanan_minuman,9000,65,16,49,441000,0,0,0,offline,Wednesday,0,7,0,cerah,99,4.2
2024-07-24,P004,Kaos basic,fashion,68000,21,5,16,1088000,0,0,0,campuran,Wednesday,0,7,0,cerah,99,4.3
2024-07-24,P005,Hijab polos,fashion,42500,35,13,22,841500,10,1,93500,online,Wednesday,0,7,0,cerah,99,4.4
2024-07-24,P006,Sandal harian,fashion,52000,16,8,8,416000,0,0,0,online,Wednesday,0,7,0,cerah,99,3.8
2024-07-24,P007,Sabun cuci literan,kebutuhan_rumah,19000,46,14,32,608000,0,0,0,campuran,Wednesday,0,7,0,cerah,99,4.2
2024-07-24,P008,Beras 5 kg,kebutuhan_rumah,71000,25,14,11,781000,0,0,0,offline,Wednesday,0,7,0,cerah,99,4.5
2024-07-24,P009,Minyak goreng 1 liter,kebutuhan_rumah,18500,49,20,29,536500,0,0,0,online,Wednesday,0,7,0,cerah,99,4.2
2024-07-24,P010,Aksesori ponsel,aksesoris,25500,29,14,15,382500,0,0,0,offline,Wednesday,0,7,0,cerah,99,3.8
2024-07-24,P011,Buket mini,kerajinan,45500,20,10,10,432200,5,1,22800,online,Wednesday,0,7,0,cerah,99,5.0
2024-07-24,P012,Paket hampers,kerajinan,91500,6,0,6,549000,0,0,0,offline,Wednesday,0,7,0,cerah,99,4.6
2024-07-25,P001,Paket nasi lauk,makanan_minuman,18500,54,31,23,425500,0,0,0,offline,Thursday,0,7,0,cerah,87,4.6
2024-07-25,P002,Minuman kopi susu,makanan_minuman,15500,57,24,33,511500,0,0,0,offline,Thursday,0,7,0,cerah,87,4.5
2024-07-25,P003,Snack kemasan lokal,makanan_minuman,9000,56,4,52,468000,0,0,0,online,Thursday,0,7,0,cerah,87,4.2
2024-07-25,P004,Kaos basic,fashion,65500,17,1,16,1048000,0,0,0,online,Thursday,0,7,0,cerah,87,4.1
2024-07-25,P005,Hijab polos,fashion,39500,28,14,14,553000,0,0,0,offline,Thursday,0,7,0,cerah,87,4.1
2024-07-25,P006,Sandal harian,fashion,54000,21,7,14,756000,0,0,0,campuran,Thursday,0,7,0,cerah,87,4.2
2024-07-25,P007,Sabun cuci literan,kebutuhan_rumah,18000,30,9,21,378000,0,0,0,offline,Thursday,0,7,0,cerah,87,4.2
2024-07-25,P008,Beras 5 kg,kebutuhan_rumah,69000,26,1,25,1552500,10,1,172500,online,Thursday,0,7,0,cerah,87,4.5
2024-07-25,P009,Minyak goreng 1 liter,kebutuhan_rumah,21000,40,14,26,546000,0,0,0,online,Thursday,0,7,0,cerah,87,4.5
2024-07-25,P010,Aksesori ponsel,aksesoris,25000,41,5,36,855000,5,1,45000,campuran,Thursday,0,7,0,cerah,87,3.9
2024-07-25,P011,Buket mini,kerajinan,44000,15,7,8,352000,0,0,0,offline,Thursday,0,7,0,cerah,87,4.7
2024-07-25,P012,Paket hampers,kerajinan,98000,8,0,8,784000,0,0,0,online,Thursday,0,7,0,cerah,87,4.7
2024-07-26,P001,Paket nasi lauk,makanan_minuman,18500,50,16,34,629000,0,0,0,online,Friday,0,7,0,cerah,117,4.4
2024-07-26,P002,Minuman kopi susu,makanan_minuman,14000,70,20,50,700000,0,0,0,offline,Friday,0,7,0,cerah,117,4.5
2024-07-26,P003,Snack kemasan lokal,makanan_minuman,9500,79,27,52,494000,0,0,0,campuran,Friday,0,7,0,cerah,117,4.2
2024-07-26,P004,Kaos basic,fashion,68000,19,10,9,612000,0,0,0,online,Friday,0,7,0,cerah,117,4.4
2024-07-26,P005,Hijab polos,fashion,40000,37,16,21,840000,0,0,0,offline,Friday,0,7,0,cerah,117,4.3
2024-07-26,P006,Sandal harian,fashion,53500,24,15,9,433400,10,1,48200,offline,Friday,0,7,0,cerah,117,4.1
2024-07-26,P007,Sabun cuci literan,kebutuhan_rumah,17500,34,3,31,542500,0,0,0,online,Friday,0,7,0,cerah,117,4.1
2024-07-26,P008,Beras 5 kg,kebutuhan_rumah,69500,31,5,26,1716600,5,1,90400,offline,Friday,0,7,0,cerah,117,4.6
2024-07-26,P009,Minyak goreng 1 liter,kebutuhan_rumah,20000,81,42,39,741000,5,1,39000,campuran,Friday,0,7,0,cerah,117,4.4
2024-07-26,P010,Aksesori ponsel,aksesoris,25000,29,2,27,675000,0,0,0,offline,Friday,0,7,0,cerah,117,3.9
2024-07-26,P011,Buket mini,kerajinan,42500,23,5,18,650200,15,1,114800,offline,Friday,0,7,0,cerah,117,4.8
2024-07-26,P012,Paket hampers,kerajinan,91500,9,6,3,274500,0,0,0,offline,Friday,0,7,0,cerah,117,4.7
2024-07-27,P001,Paket nasi lauk,makanan_minuman,18500,85,33,52,962000,0,0,0,offline,Saturday,1,7,0,cerah,150,4.4
2024-07-27,P002,Minuman kopi susu,makanan_minuman,15000,98,35,63,945000,0,0,0,offline,Saturday,1,7,0,cerah,150,4.5
2024-07-27,P003,Snack kemasan lokal,makanan_minuman,9000,101,34,67,603000,0,0,0,offline,Saturday,1,7,0,cerah,150,3.9
2024-07-27,P004,Kaos basic,fashion,68000,30,13,17,1156000,0,0,0,online,Saturday,1,7,0,cerah,150,4.1
2024-07-27,P005,Hijab polos,fashion,42000,41,2,39,1556100,5,1,81900,offline,Saturday,1,7,0,cerah,150,4.4
2024-07-27,P006,Sandal harian,fashion,55500,24,13,11,610500,0,0,0,online,Saturday,1,7,0,cerah,150,4.3
2024-07-27,P007,Sabun cuci literan,kebutuhan_rumah,16000,92,16,76,1033600,15,1,182400,offline,Saturday,1,7,0,cerah,150,4.2
2024-07-27,P008,Beras 5 kg,kebutuhan_rumah,72000,42,26,16,1152000,0,0,0,offline,Saturday,1,7,0,cerah,150,4.4
2024-07-27,P009,Minyak goreng 1 liter,kebutuhan_rumah,17000,94,37,57,969000,0,0,0,offline,Saturday,1,7,0,cerah,150,4.3
2024-07-27,P010,Aksesori ponsel,aksesoris,24500,44,7,37,906500,0,0,0,offline,Saturday,1,7,0,cerah,150,4.1
2024-07-27,P011,Buket mini,kerajinan,45500,24,2,22,1001000,0,0,0,campuran,Saturday,1,7,0,cerah,150,4.5
2024-07-27,P012,Paket hampers,kerajinan,100500,16,3,13,1306500,0,0,0,offline,Saturday,1,7,0,cerah,150,4.5
2024-07-28,P001,Paket nasi lauk,makanan_minuman,17000,59,10,49,833000,0,0,0,offline,Sunday,1,7,0,berawan,142,4.6
2024-07-28,P002,Minuman kopi susu,makanan_minuman,14000,147,47,100,1190000,15,1,210000,offline,Sunday,1,7,0,berawan,142,4.3
2024-07-28,P003,Snack kemasan lokal,makanan_minuman,9000,117,28,89,720900,10,1,80100,offline,Sunday,1,7,0,berawan,142,4.4
2024-07-28,P004,Kaos basic,fashion,65000,22,11,11,715000,0,0,0,online,Sunday,1,7,0,berawan,142,4.2
2024-07-28,P005,Hijab polos,fashion,43000,41,12,29,1247000,0,0,0,offline,Sunday,1,7,0,berawan,142,4.5
2024-07-28,P006,Sandal harian,fashion,54500,21,8,13,708500,0,0,0,offline,Sunday,1,7,0,berawan,142,4.2
2024-07-28,P007,Sabun cuci literan,kebutuhan_rumah,17000,67,26,41,697000,0,0,0,offline,Sunday,1,7,0,berawan,142,4.3
2024-07-28,P008,Beras 5 kg,kebutuhan_rumah,72500,36,14,22,1355800,15,1,239200,online,Sunday,1,7,0,berawan,142,4.5
2024-07-28,P009,Minyak goreng 1 liter,kebutuhan_rumah,19500,67,22,45,877500,0,0,0,offline,Sunday,1,7,0,berawan,142,4.4
2024-07-28,P010,Aksesori ponsel,aksesoris,24000,50,18,32,768000,0,0,0,campuran,Sunday,1,7,0,berawan,142,3.8
2024-07-28,P011,Buket mini,kerajinan,47500,15,0,15,712500,0,0,0,campuran,Sunday,1,7,0,berawan,142,4.8
2024-07-28,P012,Paket hampers,kerajinan,93500,18,6,12,1009800,10,1,112200,offline,Sunday,1,7,0,berawan,142,4.6
2024-07-29,P001,Paket nasi lauk,makanan_minuman,18000,43,11,32,576000,0,0,0,offline,Monday,0,7,0,berawan,101,4.5
2024-07-29,P002,Minuman kopi susu,makanan_minuman,14500,73,34,39,565500,0,0,0,campuran,Monday,0,7,0,berawan,101,4.3
2024-07-29,P003,Snack kemasan lokal,makanan_minuman,8500,71,25,46,391000,0,0,0,offline,Monday,0,7,0,berawan,101,4.4
2024-07-29,P004,Kaos basic,fashion,60000,22,5,17,969000,5,1,51000,offline,Monday,0,7,0,berawan,101,4.7
2024-07-29,P005,Hijab polos,fashion,43000,39,13,26,950300,15,1,167700,campuran,Monday,0,7,0,berawan,101,4.4
2024-07-29,P006,Sandal harian,fashion,56000,12,0,12,672000,0,0,0,offline,Monday,0,7,0,berawan,101,4.3
2024-07-29,P007,Sabun cuci literan,kebutuhan_rumah,16500,59,24,35,490900,15,1,86600,online,Monday,0,7,0,berawan,101,4.0
2024-07-29,P008,Beras 5 kg,kebutuhan_rumah,70000,23,7,16,1120000,0,0,0,online,Monday,0,7,0,berawan,101,4.6
2024-07-29,P009,Minyak goreng 1 liter,kebutuhan_rumah,17500,53,21,32,560000,0,0,0,campuran,Monday,0,7,0,berawan,101,4.3
2024-07-29,P010,Aksesori ponsel,aksesoris,26000,26,9,17,442000,0,0,0,online,Monday,0,7,0,berawan,101,4.0
2024-07-29,P011,Buket mini,kerajinan,46500,17,4,13,483600,20,1,120900,online,Monday,0,7,0,berawan,101,4.5
2024-07-29,P012,Paket hampers,kerajinan,95000,14,5,9,812200,5,1,42800,campuran,Monday,0,7,0,berawan,101,4.5
2024-07-30,P001,Paket nasi lauk,makanan_minuman,19000,53,10,43,817000,0,0,0,offline,Tuesday,0,7,0,cerah,120,4.5
2024-07-30,P002,Minuman kopi susu,makanan_minuman,15500,67,9,58,899000,0,0,0,offline,Tuesday,0,7,0,cerah,120,4.2
2024-07-30,P003,Snack kemasan lokal,makanan_minuman,9000,75,24,51,459000,0,0,0,online,Tuesday,0,7,0,cerah,120,4.3
2024-07-30,P004,Kaos basic,fashion,62500,29,16,13,812500,0,0,0,campuran,Tuesday,0,7,0,cerah,120,4.2
2024-07-30,P005,Hijab polos,fashion,42500,30,5,25,1062500,0,0,0,online,Tuesday,0,7,0,cerah,120,4.5
2024-07-30,P006,Sandal harian,fashion,55500,15,3,12,666000,0,0,0,campuran,Tuesday,0,7,0,cerah,120,4.1
2024-07-30,P007,Sabun cuci literan,kebutuhan_rumah,17500,48,8,40,700000,0,0,0,offline,Tuesday,0,7,0,cerah,120,4.2
2024-07-30,P008,Beras 5 kg,kebutuhan_rumah,71500,24,12,12,858000,0,0,0,online,Tuesday,0,7,0,cerah,120,4.8
2024-07-30,P009,Minyak goreng 1 liter,kebutuhan_rumah,17500,47,25,22,385000,0,0,0,online,Tuesday,0,7,0,cerah,120,4.8
2024-07-30,P010,Aksesori ponsel,aksesoris,25500,36,15,21,535500,0,0,0,online,Tuesday,0,7,0,cerah,120,4.0
2024-07-30,P011,Buket mini,kerajinan,45500,26,13,13,561900,5,1,29600,offline,Tuesday,0,7,0,cerah,120,4.6
2024-07-30,P012,Paket hampers,kerajinan,96500,10,1,9,868500,0,0,0,offline,Tuesday,0,7,0,cerah,120,4.4
2024-07-31,P001,Paket nasi lauk,makanan_minuman,18500,41,5,36,666000,0,0,0,offline,Wednesday,0,7,0,berawan,93,4.3
2024-07-31,P002,Minuman kopi susu,makanan_minuman,14500,56,12,44,638000,0,0,0,offline,Wednesday,0,7,0,berawan,93,4.5
2024-07-31,P003,Snack kemasan lokal,makanan_minuman,9000,42,0,42,378000,0,0,0,offline,Wednesday,0,7,0,berawan,93,4.2
2024-07-31,P004,Kaos basic,fashion,66500,15,2,13,864500,0,0,0,offline,Wednesday,0,7,0,berawan,93,4.2
2024-07-31,P005,Hijab polos,fashion,43500,28,11,17,739500,0,0,0,offline,Wednesday,0,7,0,berawan,93,4.9
2024-07-31,P006,Sandal harian,fashion,53000,28,17,11,524700,10,1,58300,campuran,Wednesday,0,7,0,berawan,93,4.3
2024-07-31,P007,Sabun cuci literan,kebutuhan_rumah,17000,20,0,20,340000,0,0,0,online,Wednesday,0,7,0,berawan,93,4.2
2024-07-31,P008,Beras 5 kg,kebutuhan_rumah,70500,23,11,12,846000,0,0,0,campuran,Wednesday,0,7,0,berawan,93,4.9
2024-07-31,P009,Minyak goreng 1 liter,kebutuhan_rumah,18500,54,31,23,425500,0,0,0,online,Wednesday,0,7,0,berawan,93,4.3
2024-07-31,P010,Aksesori ponsel,aksesoris,24000,39,15,24,547200,5,1,28800,online,Wednesday,0,7,0,berawan,93,3.8
2024-07-31,P011,Buket mini,kerajinan,46000,9,1,8,368000,0,0,0,online,Wednesday,0,7,0,berawan,93,4.7
2024-07-31,P012,Paket hampers,kerajinan,95500,8,7,1,95500,0,0,0,online,Wednesday,0,7,0,berawan,93,4.5
2024-08-01,P001,Paket nasi lauk,makanan_minuman,18000,66,29,37,666000,0,0,0,campuran,Thursday,0,8,0,berawan,87,4.7
2024-08-01,P002,Minuman kopi susu,makanan_minuman,14500,47,18,29,420500,0,0,0,online,Thursday,0,8,0,berawan,87,4.5
2024-08-01,P003,Snack kemasan lokal,makanan_minuman,9000,71,31,40,360000,0,0,0,online,Thursday,0,8,0,berawan,87,4.2
2024-08-01,P004,Kaos basic,fashion,67500,15,6,9,607500,0,0,0,campuran,Thursday,0,8,0,berawan,87,4.3
2024-08-01,P005,Hijab polos,fashion,42500,44,28,16,612000,10,1,68000,offline,Thursday,0,8,0,berawan,87,4.4
2024-08-01,P006,Sandal harian,fashion,54000,22,9,13,561600,20,1,140400,offline,Thursday,0,8,0,berawan,87,3.8
2024-08-01,P007,Sabun cuci literan,kebutuhan_rumah,17000,41,20,21,357000,0,0,0,online,Thursday,0,8,0,berawan,87,4.2
2024-08-01,P008,Beras 5 kg,kebutuhan_rumah,74500,17,9,8,596000,0,0,0,online,Thursday,0,8,0,berawan,87,4.8
2024-08-01,P009,Minyak goreng 1 liter,kebutuhan_rumah,18000,32,0,32,576000,0,0,0,offline,Thursday,0,8,0,berawan,87,4.3
2024-08-01,P010,Aksesori ponsel,aksesoris,24500,27,3,24,588000,0,0,0,online,Thursday,0,8,0,berawan,87,3.9
2024-08-01,P011,Buket mini,kerajinan,47500,13,5,8,380000,0,0,0,online,Thursday,0,8,0,berawan,87,4.8
2024-08-01,P012,Paket hampers,kerajinan,96500,9,8,1,96500,0,0,0,offline,Thursday,0,8,0,berawan,87,4.6
2024-08-02,P001,Paket nasi lauk,makanan_minuman,18500,57,19,38,703000,0,0,0,online,Friday,0,8,0,cerah,102,4.4
2024-08-02,P002,Minuman kopi susu,makanan_minuman,14000,72,33,39,546000,0,0,0,offline,Friday,0,8,0,cerah,102,4.4
2024-08-02,P003,Snack kemasan lokal,makanan_minuman,8500,148,66,82,592400,15,1,104600,campuran,Friday,0,8,0,cerah,102,4.2
2024-08-02,P004,Kaos basic,fashion,67000,17,6,11,737000,0,0,0,campuran,Friday,0,8,0,cerah,102,4.1
2024-08-02,P005,Hijab polos,fashion,44000,45,22,23,809600,20,1,202400,offline,Friday,0,8,0,cerah,102,4.3
2024-08-02,P006,Sandal harian,fashion,53500,14,5,9,481500,0,0,0,offline,Friday,0,8,0,cerah,102,4.0
2024-08-02,P007,Sabun cuci literan,kebutuhan_rumah,17500,31,10,21,367500,0,0,0,online,Friday,0,8,0,cerah,102,4.4
2024-08-02,P008,Beras 5 kg,kebutuhan_rumah,76000,24,6,18,1368000,0,0,0,offline,Friday,0,8,0,cerah,102,4.5
2024-08-02,P009,Minyak goreng 1 liter,kebutuhan_rumah,19500,44,15,29,565500,0,0,0,offline,Friday,0,8,0,cerah,102,4.4
2024-08-02,P010,Aksesori ponsel,aksesoris,26000,31,17,14,364000,0,0,0,online,Friday,0,8,0,cerah,102,4.0
2024-08-02,P011,Buket mini,kerajinan,46000,14,7,7,322000,0,0,0,offline,Friday,0,8,0,cerah,102,4.8
2024-08-02,P012,Paket hampers,kerajinan,99000,10,8,2,198000,0,0,0,online,Friday,0,8,0,cerah,102,4.6
2024-08-03,P001,Paket nasi lauk,makanan_minuman,18500,72,21,51,943500,0,0,0,online,Saturday,1,8,0,cerah,150,4.3
2024-08-03,P002,Minuman kopi susu,makanan_minuman,16000,107,38,69,1104000,0,0,0,campuran,Saturday,1,8,0,cerah,150,4.2
2024-08-03,P003,Snack kemasan lokal,makanan_minuman,9000,161,51,110,940500,5,1,49500,campuran,Saturday,1,8,0,cerah,150,4.4
2024-08-03,P004,Kaos basic,fashion,63500,25,9,16,1016000,0,0,0,online,Saturday,1,8,0,cerah,150,4.2
2024-08-03,P005,Hijab polos,fashion,42500,38,18,20,850000,0,0,0,offline,Saturday,1,8,0,cerah,150,4.4
2024-08-03,P006,Sandal harian,fashion,55500,40,29,11,518900,15,1,91600,online,Saturday,1,8,0,cerah,150,4.1
2024-08-03,P007,Sabun cuci literan,kebutuhan_rumah,17000,48,14,34,578000,0,0,0,online,Saturday,1,8,0,cerah,150,4.4
2024-08-03,P008,Beras 5 kg,kebutuhan_rumah,72000,33,17,16,1152000,0,0,0,online,Saturday,1,8,0,cerah,150,4.4
2024-08-03,P009,Minyak goreng 1 liter,kebutuhan_rumah,18000,64,4,60,1080000,0,0,0,campuran,Saturday,1,8,0,cerah,150,4.5
2024-08-03,P010,Aksesori ponsel,aksesoris,25500,53,31,22,561000,0,0,0,online,Saturday,1,8,0,cerah,150,3.9
2024-08-03,P011,Buket mini,kerajinan,46500,28,11,17,671900,15,1,118600,online,Saturday,1,8,0,cerah,150,4.6
2024-08-03,P012,Paket hampers,kerajinan,95500,10,3,7,668500,0,0,0,online,Saturday,1,8,0,cerah,150,4.5
2024-08-04,P001,Paket nasi lauk,makanan_minuman,18000,118,52,66,1009800,15,1,178200,online,Sunday,1,8,0,cerah,127,4.1
2024-08-04,P002,Minuman kopi susu,makanan_minuman,13500,108,39,69,931500,0,0,0,campuran,Sunday,1,8,0,cerah,127,4.3
2024-08-04,P003,Snack kemasan lokal,makanan_minuman,9500,182,74,108,872100,15,1,153900,offline,Sunday,1,8,0,cerah,127,4.2
2024-08-04,P004,Kaos basic,fashion,67000,42,18,24,1447200,10,1,160800,campuran,Sunday,1,8,0,cerah,127,4.6
2024-08-04,P005,Hijab polos,fashion,44500,32,5,27,1201500,0,0,0,campuran,Sunday,1,8,0,cerah,127,4.3
2024-08-04,P006,Sandal harian,fashion,54500,37,13,24,1242600,5,1,65400,offline,Sunday,1,8,0,cerah,127,4.0
2024-08-04,P007,Sabun cuci literan,kebutuhan_rumah,16500,57,25,32,528000,0,0,0,offline,Sunday,1,8,0,cerah,127,4.0
2024-08-04,P008,Beras 5 kg,kebutuhan_rumah,72500,53,21,32,2088000,10,1,232000,campuran,Sunday,1,8,0,cerah,127,4.5
2024-08-04,P009,Minyak goreng 1 liter,kebutuhan_rumah,18000,101,50,51,872100,5,1,45900,offline,Sunday,1,8,0,cerah,127,4.5
2024-08-04,P010,Aksesori ponsel,aksesoris,26000,46,5,41,1066000,0,0,0,offline,Sunday,1,8,0,cerah,127,3.7
2024-08-04,P011,Buket mini,kerajinan,43500,20,9,11,478500,0,0,0,online,Sunday,1,8,0,cerah,127,4.6
2024-08-04,P012,Paket hampers,kerajinan,90000,19,8,11,990000,0,0,0,campuran,Sunday,1,8,0,cerah,127,4.7
2024-08-05,P001,Paket nasi lauk,makanan_minuman,18500,68,14,54,899100,10,1,99900,online,Monday,0,8,0,cerah,98,4.5
2024-08-05,P002,Minuman kopi susu,makanan_minuman,14500,68,16,52,754000,0,0,0,online,Monday,0,8,0,cerah,98,4.4
2024-08-05,P003,Snack kemasan lokal,makanan_minuman,9000,96,47,49,441000,0,0,0,campuran,Monday,0,8,0,cerah,98,4.2
2024-08-05,P004,Kaos basic,fashion,65000,15,6,9,585000,0,0,0,offline,Monday,0,8,0,cerah,98,4.3
2024-08-05,P005,Hijab polos,fashion,40500,38,14,24,874800,10,1,97200,offline,Monday,0,8,0,cerah,98,4.5
2024-08-05,P006,Sandal harian,fashion,55500,14,2,12,632700,5,1,33300,campuran,Monday,0,8,0,cerah,98,3.9
2024-08-05,P007,Sabun cuci literan,kebutuhan_rumah,17000,43,19,24,408000,0,0,0,offline,Monday,0,8,0,cerah,98,4.1
2024-08-05,P008,Beras 5 kg,kebutuhan_rumah,74000,18,7,11,814000,0,0,0,offline,Monday,0,8,0,cerah,98,4.3
2024-08-05,P009,Minyak goreng 1 liter,kebutuhan_rumah,19000,37,5,32,608000,0,0,0,online,Monday,0,8,0,cerah,98,4.3
2024-08-05,P010,Aksesori ponsel,aksesoris,23500,34,8,26,611000,0,0,0,campuran,Monday,0,8,0,cerah,98,4.1
2024-08-05,P011,Buket mini,kerajinan,46000,15,7,8,368000,0,0,0,campuran,Monday,0,8,0,cerah,98,4.8
2024-08-05,P012,Paket hampers,kerajinan,91500,9,1,8,732000,0,0,0,offline,Monday,0,8,0,cerah,98,4.3
2024-08-06,P001,Paket nasi lauk,makanan_minuman,17000,37,0,37,629000,0,0,0,campuran,Tuesday,0,8,0,berawan,96,4.7
2024-08-06,P002,Minuman kopi susu,makanan_minuman,15500,65,14,51,711400,10,1,79000,offline,Tuesday,0,8,0,berawan,96,4.3
2024-08-06,P003,Snack kemasan lokal,makanan_minuman,9000,57,12,45,405000,0,0,0,offline,Tuesday,0,8,0,berawan,96,4.4
2024-08-06,P004,Kaos basic,fashion,67000,19,6,13,871000,0,0,0,offline,Tuesday,0,8,0,berawan,96,4.1
2024-08-06,P005,Hijab polos,fashion,39500,29,14,15,592500,0,0,0,online,Tuesday,0,8,0,berawan,96,4.5
2024-08-06,P006,Sandal harian,fashion,53000,16,9,7,371000,0,0,0,offline,Tuesday,0,8,0,berawan,96,4.1
2024-08-06,P007,Sabun cuci literan,kebutuhan_rumah,18000,28,8,20,360000,0,0,0,offline,Tuesday,0,8,0,berawan,96,4.2
2024-08-06,P008,Beras 5 kg,kebutuhan_rumah,74500,16,4,12,894000,0,0,0,online,Tuesday,0,8,0,berawan,96,4.8
2024-08-06,P009,Minyak goreng 1 liter,kebutuhan_rumah,18500,24,3,21,388500,0,0,0,online,Tuesday,0,8,0,berawan,96,4.4
2024-08-06,P010,Aksesori ponsel,aksesoris,25000,29,11,18,450000,0,0,0,online,Tuesday,0,8,0,berawan,96,4.0
2024-08-06,P011,Buket mini,kerajinan,44500,12,5,7,311500,0,0,0,offline,Tuesday,0,8,0,berawan,96,4.7
2024-08-06,P012,Paket hampers,kerajinan,92500,9,6,3,277500,0,0,0,online,Tuesday,0,8,0,berawan,96,4.5
2024-08-07,P001,Paket nasi lauk,makanan_minuman,18500,57,11,46,851000,0,0,0,offline,Wednesday,0,8,0,cerah,124,4.5
2024-08-07,P002,Minuman kopi susu,makanan_minuman,15000,70,17,53,795000,0,0,0,online,Wednesday,0,8,0,cerah,124,4.5
2024-08-07,P003,Snack kemasan lokal,makanan_minuman,9000,92,49,43,387000,0,0,0,offline,Wednesday,0,8,0,cerah,124,4.0
2024-08-07,P004,Kaos basic,fashion,64500,12,2,10,645000,0,0,0,online,Wednesday,0,8,0,cerah,124,4.1
2024-08-07,P005,Hijab polos,fashion,41000,32,2,30,1230000,0,0,0,campuran,Wednesday,0,8,0,cerah,124,4.6
2024-08-07,P006,Sandal harian,fashion,52500,19,7,12,630000,0,0,0,offline,Wednesday,0,8,0,cerah,124,4.0
2024-08-07,P007,Sabun cuci literan,kebutuhan_rumah,18000,40,15,25,450000,0,0,0,offline,Wednesday,0,8,0,cerah,124,4.4
2024-08-07,P008,Beras 5 kg,kebutuhan_rumah,73000,17,3,14,1022000,0,0,0,online,Wednesday,0,8,0,cerah,124,4.6
2024-08-07,P009,Minyak goreng 1 liter,kebutuhan_rumah,19000,46,20,26,494000,0,0,0,offline,Wednesday,0,8,0,cerah,124,4.2
2024-08-07,P010,Aksesori ponsel,aksesoris,24000,39,16,23,496800,10,1,55200,online,Wednesday,0,8,0,cerah,124,3.9
2024-08-07,P011,Buket mini,kerajinan,46000,21,4,17,664700,15,1,117300,offline,Wednesday,0,8,0,cerah,124,4.5
2024-08-07,P012,Paket hampers,kerajinan,91000,11,6,5,455000,0,0,0,online,Wednesday,0,8,0,cerah,124,4.7
2024-08-08,P001,Paket nasi lauk,makanan_minuman,18000,59,29,30,540000,0,0,0,offline,Thursday,0,8,0,berawan,111,4.3
2024-08-08,P002,Minuman kopi susu,makanan_minuman,15000,50,6,44,660000,0,0,0,offline,Thursday,0,8,0,berawan,111,4.2
2024-08-08,P003,Snack kemasan lokal,makanan_minuman,9000,71,24,47,423000,0,0,0,campuran,Thursday,0,8,0,berawan,111,4.1
2024-08-08,P004,Kaos basic,fashion,68000,19,11,8,544000,0,0,0,offline,Thursday,0,8,0,berawan,111,4.1
2024-08-08,P005,Hijab polos,fashion,42500,46,19,27,975400,15,1,172100,campuran,Thursday,0,8,0,berawan,111,4.2
2024-08-08,P006,Sandal harian,fashion,54500,17,12,5,272500,0,0,0,offline,Thursday,0,8,0,berawan,111,4.2
2024-08-08,P007,Sabun cuci literan,kebutuhan_rumah,16000,43,17,26,416000,0,0,0,offline,Thursday,0,8,0,berawan,111,4.2
2024-08-08,P008,Beras 5 kg,kebutuhan_rumah,70500,25,10,15,1057500,0,0,0,campuran,Thursday,0,8,0,berawan,111,4.6
2024-08-08,P009,Minyak goreng 1 liter,kebutuhan_rumah,19500,36,7,29,565500,0,0,0,offline,Thursday,0,8,0,berawan,111,4.5
2024-08-08,P010,Aksesori ponsel,aksesoris,25500,26,2,24,612000,0,0,0,online,Thursday,0,8,0,berawan,111,4.4
2024-08-08,P011,Buket mini,kerajinan,45500,13,9,4,182000,0,0,0,online,Thursday,0,8,0,berawan,111,4.7
2024-08-08,P012,Paket hampers,kerajinan,97000,11,2,9,873000,0,0,0,campuran,Thursday,0,8,0,berawan,111,4.7
2024-08-09,P001,Paket nasi lauk,makanan_minuman,17500,65,33,32,560000,0,0,0,offline,Friday,0,8,0,berawan,118,4.5
2024-08-09,P002,Minuman kopi susu,makanan_minuman,15000,129,83,46,586500,15,1,103500,offline,Friday,0,8,0,berawan,118,4.8
2024-08-09,P003,Snack kemasan lokal,makanan_minuman,9000,78,15,63,567000,0,0,0,campuran,Friday,0,8,0,berawan,118,4.0
2024-08-09,P004,Kaos basic,fashion,65500,16,7,9,589500,0,0,0,online,Friday,0,8,0,berawan,118,4.3
2024-08-09,P005,Hijab polos,fashion,40500,19,3,16,648000,0,0,0,offline,Friday,0,8,0,berawan,118,4.4
2024-08-09,P006,Sandal harian,fashion,57000,23,8,15,769500,10,1,85500,campuran,Friday,0,8,0,berawan,118,4.2
2024-08-09,P007,Sabun cuci literan,kebutuhan_rumah,17500,33,8,25,437500,0,0,0,online,Friday,0,8,0,berawan,118,4.3
2024-08-09,P008,Beras 5 kg,kebutuhan_rumah,71500,24,14,10,715000,0,0,0,online,Friday,0,8,0,berawan,118,4.5
2024-08-09,P009,Minyak goreng 1 liter,kebutuhan_rumah,19000,39,12,27,513000,0,0,0,online,Friday,0,8,0,berawan,118,4.3
2024-08-09,P010,Aksesori ponsel,aksesoris,25500,37,14,23,557200,5,1,29300,online,Friday,0,8,0,berawan,118,4.0
2024-08-09,P011,Buket mini,kerajinan,46000,15,6,9,414000,0,0,0,campuran,Friday,0,8,0,berawan,118,4.7
2024-08-09,P012,Paket hampers,kerajinan,92500,11,6,5,462500,0,0,0,campuran,Friday,0,8,0,berawan,118,4.7
2024-08-10,P001,Paket nasi lauk,makanan_minuman,19000,94,42,52,988000,0,0,0,campuran,Saturday,1,8,0,cerah,114,4.5
2024-08-10,P002,Minuman kopi susu,makanan_minuman,14500,75,30,45,652500,0,0,0,online,Saturday,1,8,0,cerah,114,4.2
2024-08-10,P003,Snack kemasan lokal,makanan_minuman,9000,108,56,52,468000,0,0,0,online,Saturday,1,8,0,cerah,114,4.4
2024-08-10,P004,Kaos basic,fashion,63500,24,6,18,1143000,0,0,0,offline,Saturday,1,8,0,cerah,114,4.1
2024-08-10,P005,Hijab polos,fashion,38500,43,13,30,1155000,0,0,0,campuran,Saturday,1,8,0,cerah,114,4.5
2024-08-10,P006,Sandal harian,fashion,57000,16,2,14,798000,0,0,0,online,Saturday,1,8,0,cerah,114,4.0
2024-08-10,P007,Sabun cuci literan,kebutuhan_rumah,18000,69,27,42,680400,10,1,75600,offline,Saturday,1,8,0,cerah,114,4.3
2024-08-10,P008,Beras 5 kg,kebutuhan_rumah,73500,26,0,26,1911000,0,0,0,campuran,Saturday,1,8,0,cerah,114,4.7
2024-08-10,P009,Minyak goreng 1 liter,kebutuhan_rumah,19500,93,18,75,1243100,15,1,219400,offline,Saturday,1,8,0,cerah,114,4.3
2024-08-10,P010,Aksesori ponsel,aksesoris,27000,38,15,23,621000,0,0,0,offline,Saturday,1,8,0,cerah,114,3.8
2024-08-10,P011,Buket mini,kerajinan,45500,24,0,24,928200,15,1,163800,online,Saturday,1,8,0,cerah,114,4.6
2024-08-10,P012,Paket hampers,kerajinan,88500,24,9,15,1128400,15,1,199100,campuran,Saturday,1,8,0,cerah,114,4.5
2024-08-11,P001,Paket nasi lauk,makanan_minuman,17000,101,41,60,1020000,0,0,0,campuran,Sunday,1,8,0,cerah,146,4.2
2024-08-11,P002,Minuman kopi susu,makanan_minuman,15000,99,37,62,930000,0,0,0,offline,Sunday,1,8,0,cerah,146,4.5
2024-08-11,P003,Snack kemasan lokal,makanan_minuman,9000,169,60,109,932000,5,1,49000,campuran,Sunday,1,8,0,cerah,146,4.1
2024-08-11,P004,Kaos basic,fashion,67500,34,17,17,1090100,5,1,57400,offline,Sunday,1,8,0,cerah,146,4.1
2024-08-11,P005,Hijab polos,fashion,42500,40,15,25,1062500,0,0,0,online,Sunday,1,8,0,cerah,146,4.8
2024-08-11,P006,Sandal harian,fashion,55000,40,14,26,1358500,5,1,71500,campuran,Sunday,1,8,0,cerah,146,4.2
2024-08-11,P007,Sabun cuci literan,kebutuhan_rumah,17000,87,38,49,791400,5,1,41600,online,Sunday,1,8,0,cerah,146,4.3
2024-08-11,P008,Beras 5 kg,kebutuhan_rumah,74000,24,9,15,1110000,0,0,0,offline,Sunday,1,8,0,cerah,146,4.6
2024-08-11,P009,Minyak goreng 1 liter,kebutuhan_rumah,18500,44,10,34,629000,0,0,0,online,Sunday,1,8,0,cerah,146,4.5
2024-08-11,P010,Aksesori ponsel,aksesoris,24000,47,6,41,984000,0,0,0,offline,Sunday,1,8,0,cerah,146,4.0
2024-08-11,P011,Buket mini,kerajinan,45500,18,6,12,546000,0,0,0,offline,Sunday,1,8,0,cerah,146,4.8
2024-08-11,P012,Paket hampers,kerajinan,96500,12,7,5,482500,0,0,0,online,Sunday,1,8,0,cerah,146,4.7
2024-08-12,P001,Paket nasi lauk,makanan_minuman,18000,46,4,42,680400,10,1,75600,offline,Monday,0,8,0,berawan,86,4.5
2024-08-12,P002,Minuman kopi susu,makanan_minuman,16000,43,12,31,496000,0,0,0,online,Monday,0,8,0,berawan,86,4.4
2024-08-12,P003,Snack kemasan lokal,makanan_minuman,8500,56,20,36,306000,0,0,0,online,Monday,0,8,0,berawan,86,4.2
2024-08-12,P004,Kaos basic,fashion,63000,16,1,15,945000,0,0,0,campuran,Monday,0,8,0,berawan,86,4.3
2024-08-12,P005,Hijab polos,fashion,44000,35,14,21,877800,5,1,46200,offline,Monday,0,8,0,berawan,86,4.6
2024-08-12,P006,Sandal harian,fashion,51000,22,7,15,688500,10,1,76500,offline,Monday,0,8,0,berawan,86,4.2
2024-08-12,P007,Sabun cuci literan,kebutuhan_rumah,16500,39,21,18,297000,0,0,0,offline,Monday,0,8,0,berawan,86,4.2
2024-08-12,P008,Beras 5 kg,kebutuhan_rumah,72000,21,10,11,792000,0,0,0,offline,Monday,0,8,0,berawan,86,4.7
2024-08-12,P009,Minyak goreng 1 liter,kebutuhan_rumah,20000,29,7,22,440000,0,0,0,online,Monday,0,8,0,berawan,86,4.7
2024-08-12,P010,Aksesori ponsel,aksesoris,25500,27,1,26,563600,15,1,99400,online,Monday,0,8,0,berawan,86,4.0
2024-08-12,P011,Buket mini,kerajinan,46500,11,1,10,465000,0,0,0,offline,Monday,0,8,0,berawan,86,4.9
2024-08-12,P012,Paket hampers,kerajinan,99500,10,8,2,199000,0,0,0,offline,Monday,0,8,0,berawan,86,5.0
2024-08-13,P001,Paket nasi lauk,makanan_minuman,18500,50,10,40,740000,0,0,0,offline,Tuesday,0,8,0,cerah,118,4.7
2024-08-13,P002,Minuman kopi susu,makanan_minuman,15500,50,6,44,682000,0,0,0,online,Tuesday,0,8,0,cerah,118,4.3
2024-08-13,P003,Snack kemasan lokal,makanan_minuman,9000,58,3,55,495000,0,0,0,offline,Tuesday,0,8,0,cerah,118,4.0
2024-08-13,P004,Kaos basic,fashion,65500,24,9,15,835100,15,1,147400,offline,Tuesday,0,8,0,cerah,118,4.5
2024-08-13,P005,Hijab polos,fashion,40500,28,12,16,648000,0,0,0,campuran,Tuesday,0,8,0,cerah,118,4.5
2024-08-13,P006,Sandal harian,fashion,52000,15,6,9,468000,0,0,0,online,Tuesday,0,8,0,cerah,118,4.2
2024-08-13,P007,Sabun cuci literan,kebutuhan_rumah,17000,42,17,25,425000,0,0,0,campuran,Tuesday,0,8,0,cerah,118,4.3
2024-08-13,P008,Beras 5 kg,kebutuhan_rumah,71000,42,24,18,1086300,15,1,191700,offline,Tuesday,0,8,0,cerah,118,4.8
2024-08-13,P009,Minyak goreng 1 liter,kebutuhan_rumah,19000,46,4,42,798000,0,0,0,offline,Tuesday,0,8,0,cerah,118,4.4
2024-08-13,P010,Aksesori ponsel,aksesoris,25500,38,15,23,586500,0,0,0,offline,Tuesday,0,8,0,cerah,118,4.1
2024-08-13,P011,Buket mini,kerajinan,45000,14,6,8,360000,0,0,0,offline,Tuesday,0,8,0,cerah,118,4.8
2024-08-13,P012,Paket hampers,kerajinan,101500,9,4,5,507500,0,0,0,offline,Tuesday,0,8,0,cerah,118,4.4
2024-08-14,P001,Paket nasi lauk,makanan_minuman,18000,119,62,57,923400,10,1,102600,campuran,Wednesday,0,8,0,cerah,127,4.3
2024-08-14,P002,Minuman kopi susu,makanan_minuman,15500,62,16,46,713000,0,0,0,online,Wednesday,0,8,0,cerah,127,4.5
2024-08-14,P003,Snack kemasan lokal,makanan_minuman,8500,96,30,66,561000,0,0,0,campuran,Wednesday,0,8,0,cerah,127,3.9
2024-08-14,P004,Kaos basic,fashion,64500,20,15,5,322500,0,0,0,online,Wednesday,0,8,0,cerah,127,4.3
2024-08-14,P005,Hijab polos,fashion,40500,32,15,17,688500,0,0,0,campuran,Wednesday,0,8,0,cerah,127,4.7
2024-08-14,P006,Sandal harian,fashion,54000,18,8,10,540000,0,0,0,offline,Wednesday,0,8,0,cerah,127,4.2
2024-08-14,P007,Sabun cuci literan,kebutuhan_rumah,16500,40,7,33,544500,0,0,0,offline,Wednesday,0,8,0,cerah,127,4.4
2024-08-14,P008,Beras 5 kg,kebutuhan_rumah,72500,26,17,9,652500,0,0,0,online,Wednesday,0,8,0,cerah,127,4.6
2024-08-14,P009,Minyak goreng 1 liter,kebutuhan_rumah,18500,63,30,33,549400,10,1,61000,offline,Wednesday,0,8,0,cerah,127,4.4
2024-08-14,P010,Aksesori ponsel,aksesoris,26000,35,17,18,468000,0,0,0,offline,Wednesday,0,8,0,cerah,127,4.0
2024-08-14,P011,Buket mini,kerajinan,43000,24,12,12,438600,15,1,77400,offline,Wednesday,0,8,0,cerah,127,4.7
2024-08-14,P012,Paket hampers,kerajinan,102000,11,5,6,612000,0,0,0,campuran,Wednesday,0,8,0,cerah,127,4.3
2024-08-15,P001,Paket nasi lauk,makanan_minuman,17000,60,25,35,535500,10,1,59500,offline,Thursday,0,8,0,hujan_ringan,73,4.6
2024-08-15,P002,Minuman kopi susu,makanan_minuman,15000,47,14,33,495000,0,0,0,online,Thursday,0,8,0,hujan_ringan,73,4.4
2024-08-15,P003,Snack kemasan lokal,makanan_minuman,9000,76,44,32,288000,0,0,0,offline,Thursday,0,8,0,hujan_ringan,73,4.1
2024-08-15,P004,Kaos basic,fashion,64500,17,7,10,645000,0,0,0,campuran,Thursday,0,8,0,hujan_ringan,73,4.1
2024-08-15,P005,Hijab polos,fashion,42500,20,3,17,722500,0,0,0,offline,Thursday,0,8,0,hujan_ringan,73,4.5
2024-08-15,P006,Sandal harian,fashion,55500,11,2,9,499500,0,0,0,online,Thursday,0,8,0,hujan_ringan,73,4.2
2024-08-15,P007,Sabun cuci literan,kebutuhan_rumah,17000,28,8,20,340000,0,0,0,online,Thursday,0,8,0,hujan_ringan,73,4.0
2024-08-15,P008,Beras 5 kg,kebutuhan_rumah,70000,17,7,10,700000,0,0,0,offline,Thursday,0,8,0,hujan_ringan,73,4.6
2024-08-15,P009,Minyak goreng 1 liter,kebutuhan_rumah,18000,37,13,24,432000,0,0,0,offline,Thursday,0,8,0,hujan_ringan,73,4.5
2024-08-15,P010,Aksesori ponsel,aksesoris,24000,32,10,22,501600,5,1,26400,offline,Thursday,0,8,0,hujan_ringan,73,3.8
2024-08-15,P011,Buket mini,kerajinan,48000,9,3,6,288000,0,0,0,online,Thursday,0,8,0,hujan_ringan,73,4.9
2024-08-15,P012,Paket hampers,kerajinan,94000,9,3,6,564000,0,0,0,online,Thursday,0,8,0,hujan_ringan,73,4.6
2024-08-16,P001,Paket nasi lauk,makanan_minuman,17000,42,5,37,629000,0,0,0,campuran,Friday,0,8,0,cerah,103,4.5
2024-08-16,P002,Minuman kopi susu,makanan_minuman,15500,61,23,38,589000,0,0,0,offline,Friday,0,8,0,cerah,103,4.4
2024-08-16,P003,Snack kemasan lokal,makanan_minuman,9500,92,20,72,615600,10,1,68400,offline,Friday,0,8,0,cerah,103,4.2
2024-08-16,P004,Kaos basic,fashion,63000,20,14,6,378000,0,0,0,offline,Friday,0,8,0,cerah,103,4.4
2024-08-16,P005,Hijab polos,fashion,42500,34,10,24,969000,5,1,51000,offline,Friday,0,8,0,cerah,103,4.9
2024-08-16,P006,Sandal harian,fashion,54000,16,9,7,378000,0,0,0,online,Friday,0,8,0,cerah,103,4.0
2024-08-16,P007,Sabun cuci literan,kebutuhan_rumah,18000,53,21,32,489600,15,1,86400,offline,Friday,0,8,0,cerah,103,4.1
2024-08-16,P008,Beras 5 kg,kebutuhan_rumah,71500,40,0,40,2574000,10,1,286000,campuran,Friday,0,8,0,cerah,103,4.6
2024-08-16,P009,Minyak goreng 1 liter,kebutuhan_rumah,19500,47,20,27,526500,0,0,0,offline,Friday,0,8,0,cerah,103,4.5
2024-08-16,P010,Aksesori ponsel,aksesoris,24500,27,0,27,661500,0,0,0,offline,Friday,0,8,0,cerah,103,4.0
2024-08-16,P011,Buket mini,kerajinan,45000,12,6,6,270000,0,0,0,campuran,Friday,0,8,0,cerah,103,4.6
2024-08-16,P012,Paket hampers,kerajinan,94000,8,4,4,376000,0,0,0,online,Friday,0,8,0,cerah,103,4.6
2024-08-17,P001,Paket nasi lauk,makanan_minuman,18500,132,67,65,1082200,10,1,120200,online,Saturday,1,8,0,cerah,142,4.4
2024-08-17,P002,Minuman kopi susu,makanan_minuman,15000,160,78,82,1168500,5,1,61500,offline,Saturday,1,8,0,cerah,142,4.4
2024-08-17,P003,Snack kemasan lokal,makanan_minuman,8500,148,62,86,621400,15,1,109600,online,Saturday,1,8,0,cerah,142,4.3
2024-08-17,P004,Kaos basic,fashion,61500,37,11,26,1519000,5,1,80000,offline,Saturday,1,8,0,cerah,142,4.3
2024-08-17,P005,Hijab polos,fashion,42000,52,28,24,1008000,0,0,0,campuran,Saturday,1,8,0,cerah,142,4.4
2024-08-17,P006,Sandal harian,fashion,54500,32,18,14,763000,0,0,0,campuran,Saturday,1,8,0,cerah,142,4.3
2024-08-17,P007,Sabun cuci literan,kebutuhan_rumah,17500,73,39,34,595000,0,0,0,campuran,Saturday,1,8,0,cerah,142,4.2
2024-08-17,P008,Beras 5 kg,kebutuhan_rumah,69500,54,35,19,1122400,15,1,198100,online,Saturday,1,8,0,cerah,142,4.8
2024-08-17,P009,Minyak goreng 1 liter,kebutuhan_rumah,20000,69,3,66,1188000,10,1,132000,online,Saturday,1,8,0,cerah,142,4.4
2024-08-17,P010,Aksesori ponsel,aksesoris,25000,58,18,40,1000000,0,0,0,campuran,Saturday,1,8,0,cerah,142,3.8
2024-08-17,P011,Buket mini,kerajinan,44000,15,12,3,132000,0,0,0,online,Saturday,1,8,0,cerah,142,4.8
2024-08-17,P012,Paket hampers,kerajinan,98000,22,4,18,1499400,15,1,264600,offline,Saturday,1,8,0,cerah,142,4.6
2024-08-18,P001,Paket nasi lauk,makanan_minuman,18500,72,19,53,980500,0,0,0,online,Sunday,1,8,0,berawan,122,4.5
2024-08-18,P002,Minuman kopi susu,makanan_minuman,16000,65,25,40,640000,0,0,0,offline,Sunday,1,8,0,berawan,122,4.2
2024-08-18,P003,Snack kemasan lokal,makanan_minuman,9000,120,64,56,504000,0,0,0,offline,Sunday,1,8,0,berawan,122,4.2
2024-08-18,P004,Kaos basic,fashion,62000,20,2,18,1004400,10,1,111600,online,Sunday,1,8,0,berawan,122,4.3
2024-08-18,P005,Hijab polos,fashion,44000,37,1,36,1346400,15,1,237600,online,Sunday,1,8,0,berawan,122,4.6
2024-08-18,P006,Sandal harian,fashion,54000,22,2,20,1080000,0,0,0,campuran,Sunday,1,8,0,berawan,122,4.2
2024-08-18,P007,Sabun cuci literan,kebutuhan_rumah,17000,76,44,32,544000,0,0,0,campuran,Sunday,1,8,0,berawan,122,4.1
2024-08-18,P008,Beras 5 kg,kebutuhan_rumah,71500,17,0,17,1215500,0,0,0,online,Sunday,1,8,0,berawan,122,4.7
2024-08-18,P009,Minyak goreng 1 liter,kebutuhan_rumah,18500,47,18,29,536500,0,0,0,online,Sunday,1,8,0,berawan,122,4.6
2024-08-18,P010,Aksesori ponsel,aksesoris,25500,35,14,21,535500,0,0,0,online,Sunday,1,8,0,berawan,122,3.9
2024-08-18,P011,Buket mini,kerajinan,45500,15,0,15,648400,5,1,34100,campuran,Sunday,1,8,0,berawan,122,4.6
2024-08-18,P012,Paket hampers,kerajinan,93500,10,1,9,841500,0,0,0,offline,Sunday,1,8,0,berawan,122,4.5
2024-08-19,P001,Paket nasi lauk,makanan_minuman,17500,74,18,56,931000,5,1,49000,offline,Monday,0,8,0,cerah,113,4.4
2024-08-19,P002,Minuman kopi susu,makanan_minuman,13000,63,25,38,494000,0,0,0,online,Monday,0,8,0,cerah,113,4.6
2024-08-19,P003,Snack kemasan lokal,makanan_minuman,8500,78,16,62,527000,0,0,0,campuran,Monday,0,8,0,cerah,113,4.4
2024-08-19,P004,Kaos basic,fashion,61000,16,4,12,732000,0,0,0,offline,Monday,0,8,0,cerah,113,4.3
2024-08-19,P005,Hijab polos,fashion,42500,25,12,13,552500,0,0,0,offline,Monday,0,8,0,cerah,113,4.6
2024-08-19,P006,Sandal harian,fashion,58000,13,0,13,754000,0,0,0,campuran,Monday,0,8,0,cerah,113,4.3
2024-08-19,P007,Sabun cuci literan,kebutuhan_rumah,15500,32,12,20,310000,0,0,0,offline,Monday,0,8,0,cerah,113,4.1
2024-08-19,P008,Beras 5 kg,kebutuhan_rumah,71500,16,0,16,1144000,0,0,0,online,Monday,0,8,0,cerah,113,4.8
2024-08-19,P009,Minyak goreng 1 liter,kebutuhan_rumah,19000,52,15,37,703000,0,0,0,offline,Monday,0,8,0,cerah,113,4.5
2024-08-19,P010,Aksesori ponsel,aksesoris,25000,40,8,32,800000,0,0,0,offline,Monday,0,8,0,cerah,113,3.7
2024-08-19,P011,Buket mini,kerajinan,46500,18,12,6,279000,0,0,0,campuran,Monday,0,8,0,cerah,113,4.5
2024-08-19,P012,Paket hampers,kerajinan,97500,12,6,6,585000,0,0,0,campuran,Monday,0,8,0,cerah,113,4.5
2024-08-20,P001,Paket nasi lauk,makanan_minuman,19000,79,28,51,872100,10,1,96900,campuran,Tuesday,0,8,0,cerah,102,4.4
2024-08-20,P002,Minuman kopi susu,makanan_minuman,14500,86,37,49,710500,0,0,0,offline,Tuesday,0,8,0,cerah,102,4.6
2024-08-20,P003,Snack kemasan lokal,makanan_minuman,9000,77,22,55,495000,0,0,0,online,Tuesday,0,8,0,cerah,102,3.9
2024-08-20,P004,Kaos basic,fashion,65500,17,0,17,1113500,0,0,0,offline,Tuesday,0,8,0,cerah,102,4.7
2024-08-20,P005,Hijab polos,fashion,40000,31,7,24,960000,0,0,0,offline,Tuesday,0,8,0,cerah,102,4.5
2024-08-20,P006,Sandal harian,fashion,53500,13,0,13,695500,0,0,0,online,Tuesday,0,8,0,cerah,102,4.3
2024-08-20,P007,Sabun cuci literan,kebutuhan_rumah,16500,45,23,22,363000,0,0,0,campuran,Tuesday,0,8,0,cerah,102,4.3
2024-08-20,P008,Beras 5 kg,kebutuhan_rumah,72000,20,9,11,792000,0,0,0,online,Tuesday,0,8,0,cerah,102,4.7
2024-08-20,P009,Minyak goreng 1 liter,kebutuhan_rumah,19500,37,11,26,507000,0,0,0,online,Tuesday,0,8,0,cerah,102,4.1
2024-08-20,P010,Aksesori ponsel,aksesoris,25500,20,0,20,510000,0,0,0,online,Tuesday,0,8,0,cerah,102,4.0
2024-08-20,P011,Buket mini,kerajinan,46500,13,5,8,372000,0,0,0,offline,Tuesday,0,8,0,cerah,102,4.6
2024-08-20,P012,Paket hampers,kerajinan,93500,13,3,10,794800,15,1,140200,offline,Tuesday,0,8,0,cerah,102,4.6
2024-08-21,P001,Paket nasi lauk,makanan_minuman,19000,58,26,32,608000,0,0,0,campuran,Wednesday,0,8,0,berawan,105,4.4
2024-08-21,P002,Minuman kopi susu,makanan_minuman,15500,112,57,55,809900,5,1,42600,offline,Wednesday,0,8,0,berawan,105,4.4
2024-08-21,P003,Snack kemasan lokal,makanan_minuman,9000,110,34,76,581400,15,1,102600,offline,Wednesday,0,8,0,berawan,105,4.5
2024-08-21,P004,Kaos basic,fashion,68500,21,13,8,548000,0,0,0,offline,Wednesday,0,8,0,berawan,105,4.3
2024-08-21,P005,Hijab polos,fashion,44000,25,12,13,572000,0,0,0,offline,Wednesday,0,8,0,berawan,105,4.6
2024-08-21,P006,Sandal harian,fashion,55500,15,3,12,666000,0,0,0,offline,Wednesday,0,8,0,berawan,105,4.3
2024-08-21,P007,Sabun cuci literan,kebutuhan_rumah,17500,35,5,30,525000,0,0,0,offline,Wednesday,0,8,0,berawan,105,4.2
2024-08-21,P008,Beras 5 kg,kebutuhan_rumah,73000,20,3,17,1241000,0,0,0,offline,Wednesday,0,8,0,berawan,105,4.6
2024-08-21,P009,Minyak goreng 1 liter,kebutuhan_rumah,19000,49,26,23,437000,0,0,0,offline,Wednesday,0,8,0,berawan,105,4.3
2024-08-21,P010,Aksesori ponsel,aksesoris,24000,31,18,13,312000,0,0,0,offline,Wednesday,0,8,0,berawan,105,4.1
2024-08-21,P011,Buket mini,kerajinan,43500,12,5,7,304500,0,0,0,offline,Wednesday,0,8,0,berawan,105,4.9
2024-08-21,P012,Paket hampers,kerajinan,93500,8,3,5,467500,0,0,0,campuran,Wednesday,0,8,0,berawan,105,4.7
2024-08-22,P001,Paket nasi lauk,makanan_minuman,18000,42,16,26,468000,0,0,0,offline,Thursday,0,8,0,hujan_ringan,78,4.7
2024-08-22,P002,Minuman kopi susu,makanan_minuman,15000,53,26,27,405000,0,0,0,online,Thursday,0,8,0,hujan_ringan,78,4.4
2024-08-22,P003,Snack kemasan lokal,makanan_minuman,9500,80,14,66,564300,10,1,62700,offline,Thursday,0,8,0,hujan_ringan,78,4.4
2024-08-22,P004,Kaos basic,fashion,68500,10,7,3,205500,0,0,0,online,Thursday,0,8,0,hujan_ringan,78,4.0
2024-08-22,P005,Hijab polos,fashion,40500,34,8,26,947700,10,1,105300,campuran,Thursday,0,8,0,hujan_ringan,78,4.5
2024-08-22,P006,Sandal harian,fashion,55500,12,7,5,277500,0,0,0,online,Thursday,0,8,0,hujan_ringan,78,4.2
2024-08-22,P007,Sabun cuci literan,kebutuhan_rumah,17000,36,19,17,289000,0,0,0,offline,Thursday,0,8,0,hujan_ringan,78,4.1
2024-08-22,P008,Beras 5 kg,kebutuhan_rumah,73000,14,2,12,876000,0,0,0,offline,Thursday,0,8,0,hujan_ringan,78,4.6
2024-08-22,P009,Minyak goreng 1 liter,kebutuhan_rumah,19000,34,12,22,418000,0,0,0,offline,Thursday,0,8,0,hujan_ringan,78,4.5
2024-08-22,P010,Aksesori ponsel,aksesoris,24000,39,13,26,592800,5,1,31200,campuran,Thursday,0,8,0,hujan_ringan,78,4.0
2024-08-22,P011,Buket mini,kerajinan,44000,11,2,9,396000,0,0,0,campuran,Thursday,0,8,0,hujan_ringan,78,4.6
2024-08-22,P012,Paket hampers,kerajinan,101500,5,0,5,507500,0,0,0,online,Thursday,0,8,0,hujan_ringan,78,4.6
2024-08-23,P001,Paket nasi lauk,makanan_minuman,18500,36,9,27,499500,0,0,0,online,Friday,0,8,0,hujan_ringan,93,4.6
2024-08-23,P002,Minuman kopi susu,makanan_minuman,15000,46,10,36,513000,5,1,27000,offline,Friday,0,8,0,hujan_ringan,93,4.4
2024-08-23,P003,Snack kemasan lokal,makanan_minuman,8500,63,9,54,459000,0,0,0,offline,Friday,0,8,0,hujan_ringan,93,4.4
2024-08-23,P004,Kaos basic,fashion,63000,25,10,15,897800,5,1,47200,campuran,Friday,0,8,0,hujan_ringan,93,4.4
2024-08-23,P005,Hijab polos,fashion,41500,24,15,9,373500,0,0,0,offline,Friday,0,8,0,hujan_ringan,93,4.7
2024-08-23,P006,Sandal harian,fashion,50000,16,9,7,350000,0,0,0,offline,Friday,0,8,0,hujan_ringan,93,4.4
2024-08-23,P007,Sabun cuci literan,kebutuhan_rumah,17000,33,13,20,340000,0,0,0,offline,Friday,0,8,0,hujan_ringan,93,4.4
2024-08-23,P008,Beras 5 kg,kebutuhan_rumah,73500,15,1,14,1029000,0,0,0,online,Friday,0,8,0,hujan_ringan,93,4.8
2024-08-23,P009,Minyak goreng 1 liter,kebutuhan_rumah,19500,51,20,31,574300,5,1,30200,offline,Friday,0,8,0,hujan_ringan,93,4.6
2024-08-23,P010,Aksesori ponsel,aksesoris,24500,26,12,14,343000,0,0,0,online,Friday,0,8,0,hujan_ringan,93,4.1
2024-08-23,P011,Buket mini,kerajinan,46000,10,3,7,322000,0,0,0,offline,Friday,0,8,0,hujan_ringan,93,4.8
2024-08-23,P012,Paket hampers,kerajinan,102000,7,0,7,714000,0,0,0,online,Friday,0,8,0,hujan_ringan,93,4.5
2024-08-24,P001,Paket nasi lauk,makanan_minuman,18000,55,11,44,792000,0,0,0,offline,Saturday,1,8,0,cerah,117,4.5
2024-08-24,P002,Minuman kopi susu,makanan_minuman,15500,127,44,83,1222200,5,1,64300,offline,Saturday,1,8,0,cerah,117,4.2
2024-08-24,P003,Snack kemasan lokal,makanan_minuman,9000,121,63,58,522000,0,0,0,online,Saturday,1,8,0,cerah,117,3.9
2024-08-24,P004,Kaos basic,fashion,62500,26,10,16,1000000,0,0,0,online,Saturday,1,8,0,cerah,117,4.4
2024-08-24,P005,Hijab polos,fashion,43000,24,7,17,731000,0,0,0,offline,Saturday,1,8,0,cerah,117,4.7
2024-08-24,P006,Sandal harian,fashion,55500,33,9,24,1265400,5,1,66600,offline,Saturday,1,8,0,cerah,117,4.3
2024-08-24,P007,Sabun cuci literan,kebutuhan_rumah,17000,58,16,42,714000,0,0,0,offline,Saturday,1,8,0,cerah,117,4.4
2024-08-24,P008,Beras 5 kg,kebutuhan_rumah,73000,44,16,28,1941800,5,1,102200,campuran,Saturday,1,8,0,cerah,117,4.9
2024-08-24,P009,Minyak goreng 1 liter,kebutuhan_rumah,18500,85,34,51,849200,10,1,94400,online,Saturday,1,8,0,cerah,117,4.3
2024-08-24,P010,Aksesori ponsel,aksesoris,26500,88,35,53,1193800,15,1,210700,campuran,Saturday,1,8,0,cerah,117,3.9
2024-08-24,P011,Buket mini,kerajinan,43500,14,0,14,609000,0,0,0,online,Saturday,1,8,0,cerah,117,4.5
2024-08-24,P012,Paket hampers,kerajinan,98500,14,2,12,1182000,0,0,0,campuran,Saturday,1,8,0,cerah,117,4.6
2024-08-25,P001,Paket nasi lauk,makanan_minuman,17500,68,17,51,892500,0,0,0,offline,Sunday,1,8,0,cerah,142,4.2
2024-08-25,P002,Minuman kopi susu,makanan_minuman,15500,114,63,51,790500,0,0,0,online,Sunday,1,8,0,cerah,142,4.5
2024-08-25,P003,Snack kemasan lokal,makanan_minuman,8500,170,46,124,948600,10,1,105400,campuran,Sunday,1,8,0,cerah,142,4.3
2024-08-25,P004,Kaos basic,fashion,68000,37,9,28,1808800,5,1,95200,offline,Sunday,1,8,0,cerah,142,4.2
2024-08-25,P005,Hijab polos,fashion,42500,32,0,32,1360000,0,0,0,campuran,Sunday,1,8,0,cerah,142,4.6
2024-08-25,P006,Sandal harian,fashion,55000,25,3,22,1149500,5,1,60500,online,Sunday,1,8,0,cerah,142,4.1
2024-08-25,P007,Sabun cuci literan,kebutuhan_rumah,18000,49,4,45,810000,0,0,0,campuran,Sunday,1,8,0,cerah,142,4.2
2024-08-25,P008,Beras 5 kg,kebutuhan_rumah,71000,34,4,30,2130000,0,0,0,offline,Sunday,1,8,0,cerah,142,4.5
2024-08-25,P009,Minyak goreng 1 liter,kebutuhan_rumah,20000,78,37,41,820000,0,0,0,online,Sunday,1,8,0,cerah,142,4.4
2024-08-25,P010,Aksesori ponsel,aksesoris,25500,59,13,46,1055700,10,1,117300,campuran,Sunday,1,8,0,cerah,142,4.0
2024-08-25,P011,Buket mini,kerajinan,48000,30,13,17,693600,15,1,122400,campuran,Sunday,1,8,0,cerah,142,4.4
2024-08-25,P012,Paket hampers,kerajinan,93500,16,5,11,1028500,0,0,0,offline,Sunday,1,8,0,cerah,142,4.7
2024-08-26,P001,Paket nasi lauk,makanan_minuman,18000,48,8,40,720000,0,0,0,online,Monday,0,8,0,cerah,113,4.7
2024-08-26,P002,Minuman kopi susu,makanan_minuman,14500,88,55,33,478500,0,0,0,offline,Monday,0,8,0,cerah,113,4.2
2024-08-26,P003,Snack kemasan lokal,makanan_minuman,9500,85,38,47,446500,0,0,0,online,Monday,0,8,0,cerah,113,4.4
2024-08-26,P004,Kaos basic,fashion,61000,13,0,13,793000,0,0,0,online,Monday,0,8,0,cerah,113,4.3
2024-08-26,P005,Hijab polos,fashion,43000,26,7,19,817000,0,0,0,offline,Monday,0,8,0,cerah,113,4.6
2024-08-26,P006,Sandal harian,fashion,57000,15,2,13,741000,0,0,0,campuran,Monday,0,8,0,cerah,113,4.2
2024-08-26,P007,Sabun cuci literan,kebutuhan_rumah,16500,55,20,35,577500,0,0,0,campuran,Monday,0,8,0,cerah,113,4.0
2024-08-26,P008,Beras 5 kg,kebutuhan_rumah,73500,19,7,12,882000,0,0,0,online,Monday,0,8,0,cerah,113,4.6
2024-08-26,P009,Minyak goreng 1 liter,kebutuhan_rumah,19000,47,19,28,532000,0,0,0,offline,Monday,0,8,0,cerah,113,4.5
2024-08-26,P010,Aksesori ponsel,aksesoris,25500,39,24,15,382500,0,0,0,offline,Monday,0,8,0,cerah,113,4.1
2024-08-26,P011,Buket mini,kerajinan,46500,11,3,8,372000,0,0,0,offline,Monday,0,8,0,cerah,113,4.8
2024-08-26,P012,Paket hampers,kerajinan,97000,11,4,7,679000,0,0,0,offline,Monday,0,8,0,cerah,113,4.6
2024-08-27,P001,Paket nasi lauk,makanan_minuman,18500,31,10,21,388500,0,0,0,campuran,Tuesday,0,8,0,hujan_deras,85,4.7
2024-08-27,P002,Minuman kopi susu,makanan_minuman,15000,27,0,27,405000,0,0,0,offline,Tuesday,0,8,0,hujan_deras,85,4.4
2024-08-27,P003,Snack kemasan lokal,makanan_minuman,8500,49,1,48,387600,5,1,20400,offline,Tuesday,0,8,0,hujan_deras,85,4.2
2024-08-27,P004,Kaos basic,fashion,65000,13,2,11,715000,0,0,0,offline,Tuesday,0,8,0,hujan_deras,85,4.2
2024-08-27,P005,Hijab polos,fashion,40000,24,13,11,440000,0,0,0,campuran,Tuesday,0,8,0,hujan_deras,85,4.6
2024-08-27,P006,Sandal harian,fashion,55500,13,8,5,277500,0,0,0,campuran,Tuesday,0,8,0,hujan_deras,85,4.0
2024-08-27,P007,Sabun cuci literan,kebutuhan_rumah,16500,22,12,10,165000,0,0,0,offline,Tuesday,0,8,0,hujan_deras,85,4.1
2024-08-27,P008,Beras 5 kg,kebutuhan_rumah,73000,16,6,10,730000,0,0,0,offline,Tuesday,0,8,0,hujan_deras,85,4.7
2024-08-27,P009,Minyak goreng 1 liter,kebutuhan_rumah,18500,38,12,26,457000,5,1,24000,online,Tuesday,0,8,0,hujan_deras,85,4.3
2024-08-27,P010,Aksesori ponsel,aksesoris,23500,33,15,18,401800,5,1,21200,offline,Tuesday,0,8,0,hujan_deras,85,4.0
2024-08-27,P011,Buket mini,kerajinan,47000,12,2,10,446500,5,1,23500,offline,Tuesday,0,8,0,hujan_deras,85,5.0
2024-08-27,P012,Paket hampers,kerajinan,95000,10,3,7,598500,10,1,66500,campuran,Tuesday,0,8,0,hujan_deras,85,4.7
2024-08-28,P001,Paket nasi lauk,makanan_minuman,17500,51,12,39,682500,0,0,0,campuran,Wednesday,0,8,0,hujan_ringan,97,4.6
2024-08-28,P002,Minuman kopi susu,makanan_minuman,15500,38,0,38,589000,0,0,0,campuran,Wednesday,0,8,0,hujan_ringan,97,4.3
2024-08-28,P003,Snack kemasan lokal,makanan_minuman,9500,81,42,39,370500,0,0,0,campuran,Wednesday,0,8,0,hujan_ringan,97,4.3
2024-08-28,P004,Kaos basic,fashion,63000,16,5,11,693000,0,0,0,offline,Wednesday,0,8,0,hujan_ringan,97,4.4
2024-08-28,P005,Hijab polos,fashion,40500,19,6,13,526500,0,0,0,online,Wednesday,0,8,0,hujan_ringan,97,4.3
2024-08-28,P006,Sandal harian,fashion,55000,13,6,7,385000,0,0,0,offline,Wednesday,0,8,0,hujan_ringan,97,4.1
2024-08-28,P007,Sabun cuci literan,kebutuhan_rumah,17000,29,8,21,357000,0,0,0,offline,Wednesday,0,8,0,hujan_ringan,97,4.1
2024-08-28,P008,Beras 5 kg,kebutuhan_rumah,75000,20,12,8,600000,0,0,0,online,Wednesday,0,8,0,hujan_ringan,97,4.6
2024-08-28,P009,Minyak goreng 1 liter,kebutuhan_rumah,18500,36,15,21,388500,0,0,0,online,Wednesday,0,8,0,hujan_ringan,97,4.4
2024-08-28,P010,Aksesori ponsel,aksesoris,24500,23,4,19,465500,0,0,0,campuran,Wednesday,0,8,0,hujan_ringan,97,4.0
2024-08-28,P011,Buket mini,kerajinan,46500,8,0,8,372000,0,0,0,offline,Wednesday,0,8,0,hujan_ringan,97,4.7
2024-08-28,P012,Paket hampers,kerajinan,98500,6,0,6,591000,0,0,0,campuran,Wednesday,0,8,0,hujan_ringan,97,4.6
2024-08-29,P001,Paket nasi lauk,makanan_minuman,18000,64,33,31,558000,0,0,0,online,Thursday,0,8,0,cerah,116,4.6
2024-08-29,P002,Minuman kopi susu,makanan_minuman,15000,89,56,33,495000,0,0,0,offline,Thursday,0,8,0,cerah,116,4.3
2024-08-29,P003,Snack kemasan lokal,makanan_minuman,9500,74,36,38,361000,0,0,0,online,Thursday,0,8,0,cerah,116,4.1
2024-08-29,P004,Kaos basic,fashion,66000,22,8,14,924000,0,0,0,campuran,Thursday,0,8,0,cerah,116,4.7
2024-08-29,P005,Hijab polos,fashion,43000,22,3,19,817000,0,0,0,offline,Thursday,0,8,0,cerah,116,4.5
2024-08-29,P006,Sandal harian,fashion,56000,16,6,10,560000,0,0,0,campuran,Thursday,0,8,0,cerah,116,4.0
2024-08-29,P007,Sabun cuci literan,kebutuhan_rumah,16500,46,13,33,544500,0,0,0,offline,Thursday,0,8,0,cerah,116,4.4
2024-08-29,P008,Beras 5 kg,kebutuhan_rumah,71500,28,10,18,1287000,0,0,0,campuran,Thursday,0,8,0,cerah,116,4.7
2024-08-29,P009,Minyak goreng 1 liter,kebutuhan_rumah,19500,44,17,27,526500,0,0,0,online,Thursday,0,8,0,cerah,116,4.3
2024-08-29,P010,Aksesori ponsel,aksesoris,28000,19,0,19,532000,0,0,0,offline,Thursday,0,8,0,cerah,116,4.0
2024-08-29,P011,Buket mini,kerajinan,46000,14,10,4,184000,0,0,0,online,Thursday,0,8,0,cerah,116,4.6
2024-08-29,P012,Paket hampers,kerajinan,88500,10,4,6,531000,0,0,0,campuran,Thursday,0,8,0,cerah,116,4.4
2024-08-30,P001,Paket nasi lauk,makanan_minuman,17500,38,11,27,472500,0,0,0,online,Friday,0,8,0,hujan_ringan,65,4.5
2024-08-30,P002,Minuman kopi susu,makanan_minuman,14000,48,13,35,490000,0,0,0,offline,Friday,0,8,0,hujan_ringan,65,4.6
2024-08-30,P003,Snack kemasan lokal,makanan_minuman,8500,63,35,28,238000,0,0,0,offline,Friday,0,8,0,hujan_ringan,65,4.2
2024-08-30,P004,Kaos basic,fashion,65500,12,7,5,327500,0,0,0,online,Friday,0,8,0,hujan_ringan,65,4.2
2024-08-30,P005,Hijab polos,fashion,41500,21,8,13,539500,0,0,0,campuran,Friday,0,8,0,hujan_ringan,65,4.3
2024-08-30,P006,Sandal harian,fashion,56000,16,3,13,691600,5,1,36400,campuran,Friday,0,8,0,hujan_ringan,65,4.1
2024-08-30,P007,Sabun cuci literan,kebutuhan_rumah,18500,32,17,15,277500,0,0,0,offline,Friday,0,8,0,hujan_ringan,65,4.2
2024-08-30,P008,Beras 5 kg,kebutuhan_rumah,69000,22,1,21,1231600,15,1,217400,campuran,Friday,0,8,0,hujan_ringan,65,4.8
2024-08-30,P009,Minyak goreng 1 liter,kebutuhan_rumah,18000,40,16,24,432000,0,0,0,campuran,Friday,0,8,0,hujan_ringan,65,4.7
2024-08-30,P010,Aksesori ponsel,aksesoris,25000,23,12,11,275000,0,0,0,offline,Friday,0,8,0,hujan_ringan,65,3.9
2024-08-30,P011,Buket mini,kerajinan,45500,9,4,5,227500,0,0,0,online,Friday,0,8,0,hujan_ringan,65,4.9
2024-08-30,P012,Paket hampers,kerajinan,92500,6,4,2,185000,0,0,0,online,Friday,0,8,0,hujan_ringan,65,4.7
2024-08-31,P001,Paket nasi lauk,makanan_minuman,18500,120,50,70,1165500,10,1,129500,offline,Saturday,1,8,0,berawan,158,4.7
2024-08-31,P002,Minuman kopi susu,makanan_minuman,16000,93,50,43,688000,0,0,0,online,Saturday,1,8,0,berawan,158,4.4
2024-08-31,P003,Snack kemasan lokal,makanan_minuman,9000,121,58,63,567000,0,0,0,online,Saturday,1,8,0,berawan,158,4.2
2024-08-31,P004,Kaos basic,fashion,66500,26,7,19,1263500,0,0,0,offline,Saturday,1,8,0,berawan,158,4.4
2024-08-31,P005,Hijab polos,fashion,41000,40,10,30,1230000,0,0,0,campuran,Saturday,1,8,0,berawan,158,4.5
2024-08-31,P006,Sandal harian,fashion,58500,21,10,11,643500,0,0,0,offline,Saturday,1,8,0,berawan,158,4.0
2024-08-31,P007,Sabun cuci literan,kebutuhan_rumah,17000,79,9,70,1071000,10,1,119000,campuran,Saturday,1,8,0,berawan,158,4.0
2024-08-31,P008,Beras 5 kg,kebutuhan_rumah,74500,31,13,18,1341000,0,0,0,online,Saturday,1,8,0,berawan,158,4.6
2024-08-31,P009,Minyak goreng 1 liter,kebutuhan_rumah,19000,76,22,54,1026000,0,0,0,campuran,Saturday,1,8,0,berawan,158,4.4
2024-08-31,P010,Aksesori ponsel,aksesoris,23500,50,27,23,540500,0,0,0,offline,Saturday,1,8,0,berawan,158,4.0
2024-08-31,P011,Buket mini,kerajinan,45500,32,10,22,850800,15,1,150200,offline,Saturday,1,8,0,berawan,158,4.4
2024-08-31,P012,Paket hampers,kerajinan,94000,17,12,5,470000,0,0,0,online,Saturday,1,8,0,berawan,158,4.7
2024-09-01,P001,Paket nasi lauk,makanan_minuman,16500,82,24,58,957000,0,0,0,offline,Sunday,1,9,0,cerah,151,4.6
2024-09-01,P002,Minuman kopi susu,makanan_minuman,15000,86,28,58,870000,0,0,0,offline,Sunday,1,9,0,cerah,151,4.5
2024-09-01,P003,Snack kemasan lokal,makanan_minuman,9000,133,18,115,983200,5,1,51800,campuran,Sunday,1,9,0,cerah,151,4.1
2024-09-01,P004,Kaos basic,fashion,63000,22,3,19,1197000,0,0,0,online,Sunday,1,9,0,cerah,151,4.3
2024-09-01,P005,Hijab polos,fashion,41500,39,2,37,1305200,15,1,230300,offline,Sunday,1,9,0,cerah,151,4.5
2024-09-01,P006,Sandal harian,fashion,52000,27,7,20,1040000,0,0,0,offline,Sunday,1,9,0,cerah,151,4.3
2024-09-01,P007,Sabun cuci literan,kebutuhan_rumah,17000,51,9,42,714000,0,0,0,online,Sunday,1,9,0,cerah,151,4.3
2024-09-01,P008,Beras 5 kg,kebutuhan_rumah,70000,25,1,24,1680000,0,0,0,offline,Sunday,1,9,0,cerah,151,4.8
2024-09-01,P009,Minyak goreng 1 liter,kebutuhan_rumah,19000,80,41,39,741000,0,0,0,offline,Sunday,1,9,0,cerah,151,4.7
2024-09-01,P010,Aksesori ponsel,aksesoris,25500,54,18,36,918000,0,0,0,campuran,Sunday,1,9,0,cerah,151,4.1
2024-09-01,P011,Buket mini,kerajinan,45000,29,16,13,585000,0,0,0,offline,Sunday,1,9,0,cerah,151,4.7
2024-09-01,P012,Paket hampers,kerajinan,99000,19,6,13,1287000,0,0,0,offline,Sunday,1,9,0,cerah,151,4.7
2024-09-02,P001,Paket nasi lauk,makanan_minuman,17500,67,25,42,735000,0,0,0,offline,Monday,0,9,0,cerah,109,4.5
2024-09-02,P002,Minuman kopi susu,makanan_minuman,15500,61,25,36,558000,0,0,0,offline,Monday,0,9,0,cerah,109,4.4
2024-09-02,P003,Snack kemasan lokal,makanan_minuman,9000,105,65,40,360000,0,0,0,offline,Monday,0,9,0,cerah,109,4.4
2024-09-02,P004,Kaos basic,fashion,64500,18,5,13,838500,0,0,0,offline,Monday,0,9,0,cerah,109,4.4
2024-09-02,P005,Hijab polos,fashion,40000,40,8,32,1216000,5,1,64000,offline,Monday,0,9,0,cerah,109,4.4
2024-09-02,P006,Sandal harian,fashion,58500,19,6,13,760500,0,0,0,online,Monday,0,9,0,cerah,109,4.1
2024-09-02,P007,Sabun cuci literan,kebutuhan_rumah,17000,57,20,37,566100,10,1,62900,offline,Monday,0,9,0,cerah,109,4.4
2024-09-02,P008,Beras 5 kg,kebutuhan_rumah,73000,20,7,13,949000,0,0,0,campuran,Monday,0,9,0,cerah,109,4.5
2024-09-02,P009,Minyak goreng 1 liter,kebutuhan_rumah,19000,56,21,35,665000,0,0,0,offline,Monday,0,9,0,cerah,109,4.5
2024-09-02,P010,Aksesori ponsel,aksesoris,25000,26,12,14,350000,0,0,0,online,Monday,0,9,0,cerah,109,4.0
2024-09-02,P011,Buket mini,kerajinan,46000,17,8,9,414000,0,0,0,offline,Monday,0,9,0,cerah,109,4.8
2024-09-02,P012,Paket hampers,kerajinan,95500,9,1,8,764000,0,0,0,offline,Monday,0,9,0,cerah,109,4.7
2024-09-03,P001,Paket nasi lauk,makanan_minuman,18000,56,33,23,414000,0,0,0,offline,Tuesday,0,9,0,berawan,68,4.5
2024-09-03,P002,Minuman kopi susu,makanan_minuman,15000,41,4,37,555000,0,0,0,online,Tuesday,0,9,0,berawan,68,4.2
2024-09-03,P003,Snack kemasan lokal,makanan_minuman,9000,45,9,36,324000,0,0,0,online,Tuesday,0,9,0,berawan,68,4.4
2024-09-03,P004,Kaos basic,fashion,64000,14,3,11,704000,0,0,0,online,Tuesday,0,9,0,berawan,68,4.2
2024-09-03,P005,Hijab polos,fashion,41500,25,13,12,498000,0,0,0,offline,Tuesday,0,9,0,berawan,68,4.3
2024-09-03,P006,Sandal harian,fashion,55000,13,6,7,385000,0,0,0,offline,Tuesday,0,9,0,berawan,68,4.1
2024-09-03,P007,Sabun cuci literan,kebutuhan_rumah,17500,25,1,24,420000,0,0,0,offline,Tuesday,0,9,0,berawan,68,4.2
2024-09-03,P008,Beras 5 kg,kebutuhan_rumah,69500,18,7,11,764500,0,0,0,offline,Tuesday,0,9,0,berawan,68,4.7
2024-09-03,P009,Minyak goreng 1 liter,kebutuhan_rumah,18500,44,23,21,388500,0,0,0,offline,Tuesday,0,9,0,berawan,68,4.3
2024-09-03,P010,Aksesori ponsel,aksesoris,24000,37,17,20,480000,0,0,0,offline,Tuesday,0,9,0,berawan,68,4.1
2024-09-03,P011,Buket mini,kerajinan,43500,9,0,9,391500,0,0,0,online,Tuesday,0,9,0,berawan,68,4.5
2024-09-03,P012,Paket hampers,kerajinan,98500,8,0,8,748600,5,1,39400,offline,Tuesday,0,9,0,berawan,68,4.8
2024-09-04,P001,Paket nasi lauk,makanan_minuman,18000,58,9,49,882000,0,0,0,offline,Wednesday,0,9,0,cerah,120,4.6
2024-09-04,P002,Minuman kopi susu,makanan_minuman,14500,52,11,41,594500,0,0,0,online,Wednesday,0,9,0,cerah,120,4.5
2024-09-04,P003,Snack kemasan lokal,makanan_minuman,9500,89,41,48,456000,0,0,0,online,Wednesday,0,9,0,cerah,120,4.1
2024-09-04,P004,Kaos basic,fashion,65000,22,6,16,1040000,0,0,0,campuran,Wednesday,0,9,0,cerah,120,4.6
2024-09-04,P005,Hijab polos,fashion,44500,21,3,18,801000,0,0,0,online,Wednesday,0,9,0,cerah,120,4.6
2024-09-04,P006,Sandal harian,fashion,54500,17,5,12,654000,0,0,0,campuran,Wednesday,0,9,0,cerah,120,3.8
2024-09-04,P007,Sabun cuci literan,kebutuhan_rumah,17000,63,21,42,678300,5,1,35700,campuran,Wednesday,0,9,0,cerah,120,4.2
2024-09-04,P008,Beras 5 kg,kebutuhan_rumah,70000,23,1,22,1540000,0,0,0,offline,Wednesday,0,9,0,cerah,120,4.7
2024-09-04,P009,Minyak goreng 1 liter,kebutuhan_rumah,19500,90,38,52,912600,10,1,101400,campuran,Wednesday,0,9,0,cerah,120,4.2
2024-09-04,P010,Aksesori ponsel,aksesoris,24500,36,14,22,539000,0,0,0,offline,Wednesday,0,9,0,cerah,120,3.9
2024-09-04,P011,Buket mini,kerajinan,44500,13,0,13,578500,0,0,0,offline,Wednesday,0,9,0,cerah,120,4.8
2024-09-04,P012,Paket hampers,kerajinan,103000,14,4,10,824000,20,1,206000,offline,Wednesday,0,9,0,cerah,120,4.6
2024-09-05,P001,Paket nasi lauk,makanan_minuman,18500,43,17,26,481000,0,0,0,online,Thursday,0,9,0,berawan,98,4.9
2024-09-05,P002,Minuman kopi susu,makanan_minuman,15000,65,27,38,570000,0,0,0,offline,Thursday,0,9,0,berawan,98,4.5
2024-09-05,P003,Snack kemasan lokal,makanan_minuman,9500,68,13,55,522500,0,0,0,campuran,Thursday,0,9,0,berawan,98,4.3
2024-09-05,P004,Kaos basic,fashion,65500,15,5,10,655000,0,0,0,offline,Thursday,0,9,0,berawan,98,4.1
2024-09-05,P005,Hijab polos,fashion,39000,21,0,21,819000,0,0,0,online,Thursday,0,9,0,berawan,98,4.1
2024-09-05,P006,Sandal harian,fashion,53500,13,0,13,695500,0,0,0,campuran,Thursday,0,9,0,berawan,98,4.0
2024-09-05,P007,Sabun cuci literan,kebutuhan_rumah,17000,46,17,29,468400,5,1,24600,offline,Thursday,0,9,0,berawan,98,4.1
2024-09-05,P008,Beras 5 kg,kebutuhan_rumah,68500,20,1,19,1301500,0,0,0,offline,Thursday,0,9,0,berawan,98,4.4
2024-09-05,P009,Minyak goreng 1 liter,kebutuhan_rumah,20500,45,20,25,512500,0,0,0,campuran,Thursday,0,9,0,berawan,98,4.5
2024-09-05,P010,Aksesori ponsel,aksesoris,23500,32,14,18,423000,0,0,0,online,Thursday,0,9,0,berawan,98,4.3
2024-09-05,P011,Buket mini,kerajinan,44000,10,1,9,396000,0,0,0,offline,Thursday,0,9,0,berawan,98,5.0
2024-09-05,P012,Paket hampers,kerajinan,90000,10,6,4,360000,0,0,0,offline,Thursday,0,9,0,berawan,98,4.4
2024-09-06,P001,Paket nasi lauk,makanan_minuman,19000,42,12,30,570000,0,0,0,online,Friday,0,9,0,berawan,86,4.5
2024-09-06,P002,Minuman kopi susu,makanan_minuman,15000,51,13,38,570000,0,0,0,online,Friday,0,9,0,berawan,86,4.5
2024-09-06,P003,Snack kemasan lokal,makanan_minuman,9000,62,25,37,333000,0,0,0,offline,Friday,0,9,0,berawan,86,4.2
2024-09-06,P004,Kaos basic,fashion,65500,16,10,6,393000,0,0,0,offline,Friday,0,9,0,berawan,86,4.2
2024-09-06,P005,Hijab polos,fashion,44000,20,7,13,572000,0,0,0,campuran,Friday,0,9,0,berawan,86,4.3
2024-09-06,P006,Sandal harian,fashion,55500,15,3,12,666000,0,0,0,offline,Friday,0,9,0,berawan,86,3.8
2024-09-06,P007,Sabun cuci literan,kebutuhan_rumah,17000,33,14,19,323000,0,0,0,offline,Friday,0,9,0,berawan,86,4.4
2024-09-06,P008,Beras 5 kg,kebutuhan_rumah,73500,18,6,12,882000,0,0,0,offline,Friday,0,9,0,berawan,86,4.7
2024-09-06,P009,Minyak goreng 1 liter,kebutuhan_rumah,18500,32,2,30,555000,0,0,0,offline,Friday,0,9,0,berawan,86,4.5
2024-09-06,P010,Aksesori ponsel,aksesoris,25000,29,8,21,525000,0,0,0,online,Friday,0,9,0,berawan,86,4.0
2024-09-06,P011,Buket mini,kerajinan,43500,16,6,10,435000,0,0,0,offline,Friday,0,9,0,berawan,86,4.7
2024-09-06,P012,Paket hampers,kerajinan,93000,6,2,4,372000,0,0,0,online,Friday,0,9,0,berawan,86,4.6
2024-09-07,P001,Paket nasi lauk,makanan_minuman,18000,95,35,60,1080000,0,0,0,offline,Saturday,1,9,0,cerah,150,4.6
2024-09-07,P002,Minuman kopi susu,makanan_minuman,14500,131,52,79,1145500,0,0,0,campuran,Saturday,1,9,0,cerah,150,4.4
2024-09-07,P003,Snack kemasan lokal,makanan_minuman,9000,134,62,72,648000,0,0,0,campuran,Saturday,1,9,0,cerah,150,4.2
2024-09-07,P004,Kaos basic,fashion,66000,34,12,22,1452000,0,0,0,campuran,Saturday,1,9,0,cerah,150,4.0
2024-09-07,P005,Hijab polos,fashion,40500,30,7,23,931500,0,0,0,online,Saturday,1,9,0,cerah,150,4.5
2024-09-07,P006,Sandal harian,fashion,53000,23,5,18,954000,0,0,0,online,Saturday,1,9,0,cerah,150,4.1
2024-09-07,P007,Sabun cuci literan,kebutuhan_rumah,17000,62,28,34,578000,0,0,0,campuran,Saturday,1,9,0,cerah,150,4.4
2024-09-07,P008,Beras 5 kg,kebutuhan_rumah,67500,38,12,26,1755000,0,0,0,campuran,Saturday,1,9,0,cerah,150,4.5
2024-09-07,P009,Minyak goreng 1 liter,kebutuhan_rumah,19000,65,26,39,741000,0,0,0,online,Saturday,1,9,0,cerah,150,4.4
2024-09-07,P010,Aksesori ponsel,aksesoris,26500,45,23,22,583000,0,0,0,online,Saturday,1,9,0,cerah,150,4.1
2024-09-07,P011,Buket mini,kerajinan,46000,25,12,13,598000,0,0,0,offline,Saturday,1,9,0,cerah,150,4.6
2024-09-07,P012,Paket hampers,kerajinan,92500,8,1,7,647500,0,0,0,offline,Saturday,1,9,0,cerah,150,4.3
2024-09-08,P001,Paket nasi lauk,makanan_minuman,18000,104,45,59,902700,15,1,159300,offline,Sunday,1,9,0,hujan_ringan,123,4.6
2024-09-08,P002,Minuman kopi susu,makanan_minuman,15000,64,11,53,795000,0,0,0,online,Sunday,1,9,0,hujan_ringan,123,4.5
2024-09-08,P003,Snack kemasan lokal,makanan_minuman,8500,118,49,69,557200,5,1,29300,online,Sunday,1,9,0,hujan_ringan,123,4.3
2024-09-08,P004,Kaos basic,fashion,60500,39,14,25,1285600,15,1,226900,campuran,Sunday,1,9,0,hujan_ringan,123,4.2
2024-09-08,P005,Hijab polos,fashion,43500,53,29,24,991800,5,1,52200,offline,Sunday,1,9,0,hujan_ringan,123,4.5
2024-09-08,P006,Sandal harian,fashion,56500,19,7,12,678000,0,0,0,campuran,Sunday,1,9,0,hujan_ringan,123,4.3
2024-09-08,P007,Sabun cuci literan,kebutuhan_rumah,16500,40,13,27,445500,0,0,0,offline,Sunday,1,9,0,hujan_ringan,123,4.0
2024-09-08,P008,Beras 5 kg,kebutuhan_rumah,70000,31,7,24,1596000,5,1,84000,offline,Sunday,1,9,0,hujan_ringan,123,4.6
2024-09-08,P009,Minyak goreng 1 liter,kebutuhan_rumah,20500,37,5,32,656000,0,0,0,online,Sunday,1,9,0,hujan_ringan,123,4.5
2024-09-08,P010,Aksesori ponsel,aksesoris,25000,33,7,26,650000,0,0,0,online,Sunday,1,9,0,hujan_ringan,123,3.9
2024-09-08,P011,Buket mini,kerajinan,44500,26,13,13,549600,5,1,28900,offline,Sunday,1,9,0,hujan_ringan,123,4.7
2024-09-08,P012,Paket hampers,kerajinan,93000,11,2,9,837000,0,0,0,offline,Sunday,1,9,0,hujan_ringan,123,4.7
2024-09-09,P001,Paket nasi lauk,makanan_minuman,18500,81,32,49,906500,0,0,0,offline,Monday,0,9,0,cerah,135,4.6
2024-09-09,P002,Minuman kopi susu,makanan_minuman,15500,82,34,48,744000,0,0,0,offline,Monday,0,9,0,cerah,135,4.5
2024-09-09,P003,Snack kemasan lokal,makanan_minuman,9000,118,40,78,631800,10,1,70200,online,Monday,0,9,0,cerah,135,4.1
2024-09-09,P004,Kaos basic,fashion,67500,27,7,20,1215000,10,1,135000,online,Monday,0,9,0,cerah,135,4.2
2024-09-09,P005,Hijab polos,fashion,42000,36,18,18,756000,0,0,0,offline,Monday,0,9,0,cerah,135,4.6
2024-09-09,P006,Sandal harian,fashion,55500,19,4,15,832500,0,0,0,campuran,Monday,0,9,0,cerah,135,4.3
2024-09-09,P007,Sabun cuci literan,kebutuhan_rumah,17500,54,24,30,525000,0,0,0,campuran,Monday,0,9,0,cerah,135,4.3
2024-09-09,P008,Beras 5 kg,kebutuhan_rumah,73500,24,9,15,1102500,0,0,0,offline,Monday,0,9,0,cerah,135,4.6
2024-09-09,P009,Minyak goreng 1 liter,kebutuhan_rumah,17500,52,16,36,630000,0,0,0,online,Monday,0,9,0,cerah,135,4.7
2024-09-09,P010,Aksesori ponsel,aksesoris,25000,34,12,22,550000,0,0,0,offline,Monday,0,9,0,cerah,135,4.1
2024-09-09,P011,Buket mini,kerajinan,44500,26,10,16,605200,15,1,106800,campuran,Monday,0,9,0,cerah,135,5.0
2024-09-09,P012,Paket hampers,kerajinan,93500,8,1,7,654500,0,0,0,campuran,Monday,0,9,0,cerah,135,4.6
2024-09-10,P001,Paket nasi lauk,makanan_minuman,19500,53,19,34,663000,0,0,0,online,Tuesday,0,9,0,berawan,106,4.4
2024-09-10,P002,Minuman kopi susu,makanan_minuman,15500,60,18,42,651000,0,0,0,campuran,Tuesday,0,9,0,berawan,106,4.4
2024-09-10,P003,Snack kemasan lokal,makanan_minuman,9000,103,58,45,405000,0,0,0,campuran,Tuesday,0,9,0,berawan,106,4.5
2024-09-10,P004,Kaos basic,fashion,65000,19,9,10,650000,0,0,0,online,Tuesday,0,9,0,berawan,106,4.1
2024-09-10,P005,Hijab polos,fashion,42000,21,7,14,588000,0,0,0,offline,Tuesday,0,9,0,berawan,106,4.8
2024-09-10,P006,Sandal harian,fashion,56500,16,8,8,452000,0,0,0,offline,Tuesday,0,9,0,berawan,106,4.1
2024-09-10,P007,Sabun cuci literan,kebutuhan_rumah,16500,35,14,21,346500,0,0,0,online,Tuesday,0,9,0,berawan,106,4.2
2024-09-10,P008,Beras 5 kg,kebutuhan_rumah,69000,22,4,18,1242000,0,0,0,campuran,Tuesday,0,9,0,berawan,106,4.7
2024-09-10,P009,Minyak goreng 1 liter,kebutuhan_rumah,19000,67,40,27,513000,0,0,0,campuran,Tuesday,0,9,0,berawan,106,4.5
2024-09-10,P010,Aksesori ponsel,aksesoris,24000,33,6,27,648000,0,0,0,offline,Tuesday,0,9,0,berawan,106,4.0
2024-09-10,P011,Buket mini,kerajinan,42000,11,3,8,336000,0,0,0,online,Tuesday,0,9,0,berawan,106,4.8
2024-09-10,P012,Paket hampers,kerajinan,92000,7,0,7,644000,0,0,0,offline,Tuesday,0,9,0,berawan,106,4.6
2024-09-11,P001,Paket nasi lauk,makanan_minuman,16500,53,28,25,412500,0,0,0,offline,Wednesday,0,9,0,hujan_ringan,71,4.3
2024-09-11,P002,Minuman kopi susu,makanan_minuman,16000,48,11,37,592000,0,0,0,offline,Wednesday,0,9,0,hujan_ringan,71,4.0
2024-09-11,P003,Snack kemasan lokal,makanan_minuman,9500,48,21,27,256500,0,0,0,online,Wednesday,0,9,0,hujan_ringan,71,4.2
2024-09-11,P004,Kaos basic,fashion,64000,15,0,15,960000,0,0,0,offline,Wednesday,0,9,0,hujan_ringan,71,4.4
2024-09-11,P005,Hijab polos,fashion,42000,29,15,14,558600,5,1,29400,online,Wednesday,0,9,0,hujan_ringan,71,4.5
2024-09-11,P006,Sandal harian,fashion,52500,11,8,3,157500,0,0,0,online,Wednesday,0,9,0,hujan_ringan,71,4.1
2024-09-11,P007,Sabun cuci literan,kebutuhan_rumah,17000,31,9,22,374000,0,0,0,offline,Wednesday,0,9,0,hujan_ringan,71,4.2
2024-09-11,P008,Beras 5 kg,kebutuhan_rumah,69500,19,12,7,486500,0,0,0,offline,Wednesday,0,9,0,hujan_ringan,71,4.5
2024-09-11,P009,Minyak goreng 1 liter,kebutuhan_rumah,18500,25,3,22,407000,0,0,0,online,Wednesday,0,9,0,hujan_ringan,71,4.2
2024-09-11,P010,Aksesori ponsel,aksesoris,24500,29,13,16,392000,0,0,0,campuran,Wednesday,0,9,0,hujan_ringan,71,3.9
2024-09-11,P011,Buket mini,kerajinan,44000,12,6,6,264000,0,0,0,offline,Wednesday,0,9,0,hujan_ringan,71,4.6
2024-09-11,P012,Paket hampers,kerajinan,96000,7,5,2,192000,0,0,0,online,Wednesday,0,9,0,hujan_ringan,71,4.5
2024-09-12,P001,Paket nasi lauk,makanan_minuman,18500,78,43,35,647500,0,0,0,offline,Thursday,0,9,0,cerah,124,4.6
2024-09-12,P002,Minuman kopi susu,makanan_minuman,15000,59,20,39,585000,0,0,0,offline,Thursday,0,9,0,cerah,124,4.6
2024-09-12,P003,Snack kemasan lokal,makanan_minuman,8500,80,25,55,467500,0,0,0,online,Thursday,0,9,0,cerah,124,4.2
2024-09-12,P004,Kaos basic,fashion,65000,24,10,14,910000,0,0,0,campuran,Thursday,0,9,0,cerah,124,4.7
2024-09-12,P005,Hijab polos,fashion,42500,30,19,11,467500,0,0,0,offline,Thursday,0,9,0,cerah,124,4.5
2024-09-12,P006,Sandal harian,fashion,52000,21,13,8,416000,0,0,0,offline,Thursday,0,9,0,cerah,124,4.0
2024-09-12,P007,Sabun cuci literan,kebutuhan_rumah,17500,39,16,23,402500,0,0,0,offline,Thursday,0,9,0,cerah,124,4.2
2024-09-12,P008,Beras 5 kg,kebutuhan_rumah,69500,24,11,13,903500,0,0,0,online,Thursday,0,9,0,cerah,124,4.6
2024-09-12,P009,Minyak goreng 1 liter,kebutuhan_rumah,18500,47,28,19,351500,0,0,0,online,Thursday,0,9,0,cerah,124,4.4
2024-09-12,P010,Aksesori ponsel,aksesoris,24000,38,25,13,312000,0,0,0,online,Thursday,0,9,0,cerah,124,4.0
2024-09-12,P011,Buket mini,kerajinan,46000,20,7,13,568100,5,1,29900,offline,Thursday,0,9,0,cerah,124,4.6
2024-09-12,P012,Paket hampers,kerajinan,89000,15,1,14,1246000,0,0,0,campuran,Thursday,0,9,0,cerah,124,4.6
2024-09-13,P001,Paket nasi lauk,makanan_minuman,18000,58,27,31,558000,0,0,0,online,Friday,0,9,0,cerah,82,4.4
2024-09-13,P002,Minuman kopi susu,makanan_minuman,15000,50,6,44,660000,0,0,0,offline,Friday,0,9,0,cerah,82,4.4
2024-09-13,P003,Snack kemasan lokal,makanan_minuman,9000,89,46,43,387000,0,0,0,offline,Friday,0,9,0,cerah,82,3.7
2024-09-13,P004,Kaos basic,fashion,68000,21,14,7,476000,0,0,0,campuran,Friday,0,9,0,cerah,82,4.6
2024-09-13,P005,Hijab polos,fashion,45500,23,5,18,819000,0,0,0,online,Friday,0,9,0,cerah,82,4.6
2024-09-13,P006,Sandal harian,fashion,53500,16,7,9,481500,0,0,0,campuran,Friday,0,9,0,cerah,82,4.5
2024-09-13,P007,Sabun cuci literan,kebutuhan_rumah,16500,44,20,24,396000,0,0,0,offline,Friday,0,9,0,cerah,82,4.4
2024-09-13,P008,Beras 5 kg,kebutuhan_rumah,73500,11,6,5,367500,0,0,0,offline,Friday,0,9,0,cerah,82,4.7
2024-09-13,P009,Minyak goreng 1 liter,kebutuhan_rumah,19500,41,15,26,507000,0,0,0,offline,Friday,0,9,0,cerah,82,4.4
2024-09-13,P010,Aksesori ponsel,aksesoris,24000,15,0,15,360000,0,0,0,offline,Friday,0,9,0,cerah,82,3.6
2024-09-13,P011,Buket mini,kerajinan,43000,14,3,11,473000,0,0,0,campuran,Friday,0,9,0,cerah,82,5.0
2024-09-13,P012,Paket hampers,kerajinan,97000,14,2,12,989400,15,1,174600,online,Friday,0,9,0,cerah,82,4.6
2024-09-14,P001,Paket nasi lauk,makanan_minuman,18500,44,0,44,814000,0,0,0,offline,Saturday,1,9,0,berawan,143,4.6
2024-09-14,P002,Minuman kopi susu,makanan_minuman,15000,125,79,46,690000,0,0,0,offline,Saturday,1,9,0,berawan,143,4.2
2024-09-14,P003,Snack kemasan lokal,makanan_minuman,9000,120,56,64,576000,0,0,0,campuran,Saturday,1,9,0,berawan,143,4.2
2024-09-14,P004,Kaos basic,fashion,64500,21,3,18,1161000,0,0,0,online,Saturday,1,9,0,berawan,143,4.3
2024-09-14,P005,Hijab polos,fashion,45000,30,7,23,1035000,0,0,0,online,Saturday,1,9,0,berawan,143,4.6
2024-09-14,P006,Sandal harian,fashion,58000,35,10,25,1305000,10,1,145000,campuran,Saturday,1,9,0,berawan,143,4.1
2024-09-14,P007,Sabun cuci literan,kebutuhan_rumah,16500,79,32,47,659200,15,1,116300,online,Saturday,1,9,0,berawan,143,4.2
2024-09-14,P008,Beras 5 kg,kebutuhan_rumah,68000,33,12,21,1428000,0,0,0,campuran,Saturday,1,9,0,berawan,143,4.5
2024-09-14,P009,Minyak goreng 1 liter,kebutuhan_rumah,19000,68,29,39,741000,0,0,0,online,Saturday,1,9,0,berawan,143,4.2
2024-09-14,P010,Aksesori ponsel,aksesoris,25500,60,22,38,872100,10,1,96900,offline,Saturday,1,9,0,berawan,143,4.1
2024-09-14,P011,Buket mini,kerajinan,44500,17,2,15,600800,10,1,66800,online,Saturday,1,9,0,berawan,143,4.6
2024-09-14,P012,Paket hampers,kerajinan,96000,14,6,8,768000,0,0,0,offline,Saturday,1,9,0,berawan,143,4.7
2024-09-15,P001,Paket nasi lauk,makanan_minuman,17500,105,44,61,1014100,5,1,53400,offline,Sunday,1,9,0,berawan,131,4.5
2024-09-15,P002,Minuman kopi susu,makanan_minuman,14500,55,0,55,797500,0,0,0,offline,Sunday,1,9,0,berawan,131,4.4
2024-09-15,P003,Snack kemasan lokal,makanan_minuman,9000,104,43,61,549000,0,0,0,online,Sunday,1,9,0,berawan,131,4.5
2024-09-15,P004,Kaos basic,fashion,60500,21,8,13,786500,0,0,0,offline,Sunday,1,9,0,berawan,131,4.3
2024-09-15,P005,Hijab polos,fashion,41000,32,6,26,1066000,0,0,0,campuran,Sunday,1,9,0,berawan,131,4.7
2024-09-15,P006,Sandal harian,fashion,52000,30,13,17,839800,5,1,44200,offline,Sunday,1,9,0,berawan,131,4.1
2024-09-15,P007,Sabun cuci literan,kebutuhan_rumah,17500,66,34,32,476000,15,1,84000,offline,Sunday,1,9,0,berawan,131,4.2
2024-09-15,P008,Beras 5 kg,kebutuhan_rumah,73500,22,1,21,1543500,0,0,0,online,Sunday,1,9,0,berawan,131,4.7
2024-09-15,P009,Minyak goreng 1 liter,kebutuhan_rumah,18000,77,45,32,576000,0,0,0,offline,Sunday,1,9,0,berawan,131,4.4
2024-09-15,P010,Aksesori ponsel,aksesoris,25500,43,16,27,688500,0,0,0,online,Sunday,1,9,0,berawan,131,4.0
2024-09-15,P011,Buket mini,kerajinan,46500,16,4,12,558000,0,0,0,online,Sunday,1,9,0,berawan,131,4.8
2024-09-15,P012,Paket hampers,kerajinan,97500,14,0,14,1365000,0,0,0,offline,Sunday,1,9,0,berawan,131,4.7
2024-09-16,P001,Paket nasi lauk,makanan_minuman,17500,59,31,28,490000,0,0,0,offline,Monday,0,9,0,cerah,91,4.7
2024-09-16,P002,Minuman kopi susu,makanan_minuman,15500,49,0,49,759500,0,0,0,campuran,Monday,0,9,0,cerah,91,4.4
2024-09-16,P003,Snack kemasan lokal,makanan_minuman,9500,55,0,55,522500,0,0,0,offline,Monday,0,9,0,cerah,91,4.2
2024-09-16,P004,Kaos basic,fashion,68500,20,6,14,959000,0,0,0,campuran,Monday,0,9,0,cerah,91,4.4
2024-09-16,P005,Hijab polos,fashion,42000,31,18,13,546000,0,0,0,online,Monday,0,9,0,cerah,91,4.6
2024-09-16,P006,Sandal harian,fashion,53000,8,3,5,265000,0,0,0,online,Monday,0,9,0,cerah,91,4.0
2024-09-16,P007,Sabun cuci literan,kebutuhan_rumah,17500,51,16,35,612500,0,0,0,campuran,Monday,0,9,0,cerah,91,4.4
2024-09-16,P008,Beras 5 kg,kebutuhan_rumah,74500,25,11,14,1043000,0,0,0,campuran,Monday,0,9,0,cerah,91,4.7
2024-09-16,P009,Minyak goreng 1 liter,kebutuhan_rumah,18000,56,29,27,486000,0,0,0,campuran,Monday,0,9,0,cerah,91,4.2
2024-09-16,P010,Aksesori ponsel,aksesoris,24500,32,9,23,563500,0,0,0,offline,Monday,0,9,0,cerah,91,4.2
2024-09-16,P011,Buket mini,kerajinan,47000,9,1,8,376000,0,0,0,online,Monday,0,9,0,cerah,91,4.7
2024-09-16,P012,Paket hampers,kerajinan,90500,16,8,8,687800,5,1,36200,offline,Monday,0,9,0,cerah,91,4.4
2024-09-17,P001,Paket nasi lauk,makanan_minuman,19000,66,24,42,798000,0,0,0,campuran,Tuesday,0,9,0,cerah,108,4.5
2024-09-17,P002,Minuman kopi susu,makanan_minuman,15500,69,32,37,573500,0,0,0,offline,Tuesday,0,9,0,cerah,108,4.2
2024-09-17,P003,Snack kemasan lokal,makanan_minuman,9000,85,39,46,414000,0,0,0,online,Tuesday,0,9,0,cerah,108,4.2
2024-09-17,P004,Kaos basic,fashion,66500,12,2,10,665000,0,0,0,offline,Tuesday,0,9,0,cerah,108,4.3
2024-09-17,P005,Hijab polos,fashion,42000,40,5,35,1396500,5,1,73500,offline,Tuesday,0,9,0,cerah,108,4.5
2024-09-17,P006,Sandal harian,fashion,52500,16,3,13,682500,0,0,0,offline,Tuesday,0,9,0,cerah,108,4.2
2024-09-17,P007,Sabun cuci literan,kebutuhan_rumah,16500,38,15,23,379500,0,0,0,online,Tuesday,0,9,0,cerah,108,4.2
2024-09-17,P008,Beras 5 kg,kebutuhan_rumah,76000,23,1,22,1672000,0,0,0,campuran,Tuesday,0,9,0,cerah,108,4.7
2024-09-17,P009,Minyak goreng 1 liter,kebutuhan_rumah,19500,40,23,17,331500,0,0,0,online,Tuesday,0,9,0,cerah,108,4.4
2024-09-17,P010,Aksesori ponsel,aksesoris,24500,38,21,17,416500,0,0,0,online,Tuesday,0,9,0,cerah,108,4.0
2024-09-17,P011,Buket mini,kerajinan,46000,17,7,10,460000,0,0,0,offline,Tuesday,0,9,0,cerah,108,4.7
2024-09-17,P012,Paket hampers,kerajinan,94000,11,4,7,658000,0,0,0,online,Tuesday,0,9,0,cerah,108,4.7
2024-09-18,P001,Paket nasi lauk,makanan_minuman,18500,87,41,46,765900,10,1,85100,offline,Wednesday,0,9,0,cerah,87,4.5
2024-09-18,P002,Minuman kopi susu,makanan_minuman,15000,54,14,40,600000,0,0,0,offline,Wednesday,0,9,0,cerah,87,4.5
2024-09-18,P003,Snack kemasan lokal,makanan_minuman,9000,75,20,55,495000,0,0,0,campuran,Wednesday,0,9,0,cerah,87,4.3
2024-09-18,P004,Kaos basic,fashion,65000,23,17,6,390000,0,0,0,campuran,Wednesday,0,9,0,cerah,87,4.6
2024-09-18,P005,Hijab polos,fashion,41500,25,14,11,456500,0,0,0,online,Wednesday,0,9,0,cerah,87,4.5
2024-09-18,P006,Sandal harian,fashion,53500,10,1,9,481500,0,0,0,offline,Wednesday,0,9,0,cerah,87,4.2
2024-09-18,P007,Sabun cuci literan,kebutuhan_rumah,16500,37,9,28,462000,0,0,0,offline,Wednesday,0,9,0,cerah,87,4.1
2024-09-18,P008,Beras 5 kg,kebutuhan_rumah,70500,24,7,17,1198500,0,0,0,offline,Wednesday,0,9,0,cerah,87,4.6
2024-09-18,P009,Minyak goreng 1 liter,kebutuhan_rumah,18500,66,19,47,826000,5,1,43500,offline,Wednesday,0,9,0,cerah,87,4.3
2024-09-18,P010,Aksesori ponsel,aksesoris,25000,54,32,22,522500,5,1,27500,offline,Wednesday,0,9,0,cerah,87,4.0
2024-09-18,P011,Buket mini,kerajinan,46500,14,0,14,651000,0,0,0,offline,Wednesday,0,9,0,cerah,87,4.8
2024-09-18,P012,Paket hampers,kerajinan,93000,8,0,8,744000,0,0,0,online,Wednesday,0,9,0,cerah,87,4.7
2024-09-19,P001,Paket nasi lauk,makanan_minuman,19000,48,7,41,779000,0,0,0,online,Thursday,0,9,0,cerah,109,4.6
2024-09-19,P002,Minuman kopi susu,makanan_minuman,15000,102,44,58,783000,10,1,87000,campuran,Thursday,0,9,0,cerah,109,4.4
2024-09-19,P003,Snack kemasan lokal,makanan_minuman,9000,111,61,50,450000,0,0,0,offline,Thursday,0,9,0,cerah,109,4.0
2024-09-19,P004,Kaos basic,fashion,64000,14,0,14,896000,0,0,0,offline,Thursday,0,9,0,cerah,109,4.1
2024-09-19,P005,Hijab polos,fashion,42000,26,4,22,924000,0,0,0,online,Thursday,0,9,0,cerah,109,4.5
2024-09-19,P006,Sandal harian,fashion,54500,18,5,13,708500,0,0,0,offline,Thursday,0,9,0,cerah,109,3.9
2024-09-19,P007,Sabun cuci literan,kebutuhan_rumah,16500,35,11,24,396000,0,0,0,online,Thursday,0,9,0,cerah,109,4.1
2024-09-19,P008,Beras 5 kg,kebutuhan_rumah,72000,30,8,22,1584000,0,0,0,campuran,Thursday,0,9,0,cerah,109,4.4
2024-09-19,P009,Minyak goreng 1 liter,kebutuhan_rumah,18500,42,14,28,518000,0,0,0,online,Thursday,0,9,0,cerah,109,4.4
2024-09-19,P010,Aksesori ponsel,aksesoris,24500,54,12,42,874600,15,1,154400,campuran,Thursday,0,9,0,cerah,109,4.1
2024-09-19,P011,Buket mini,kerajinan,47500,7,0,7,332500,0,0,0,offline,Thursday,0,9,0,cerah,109,4.7
2024-09-19,P012,Paket hampers,kerajinan,98500,16,11,5,443200,10,1,49200,offline,Thursday,0,9,0,cerah,109,4.4
2024-09-20,P001,Paket nasi lauk,makanan_minuman,20000,59,28,31,620000,0,0,0,campuran,Friday,0,9,0,berawan,71,4.5
2024-09-20,P002,Minuman kopi susu,makanan_minuman,15000,68,25,43,645000,0,0,0,offline,Friday,0,9,0,berawan,71,4.4
2024-09-20,P003,Snack kemasan lokal,makanan_minuman,8500,63,25,38,323000,0,0,0,offline,Friday,0,9,0,berawan,71,4.3
2024-09-20,P004,Kaos basic,fashion,64500,29,15,14,767600,15,1,135400,online,Friday,0,9,0,berawan,71,4.2
2024-09-20,P005,Hijab polos,fashion,43000,17,4,13,559000,0,0,0,offline,Friday,0,9,0,berawan,71,4.2
2024-09-20,P006,Sandal harian,fashion,55500,12,6,6,333000,0,0,0,campuran,Friday,0,9,0,berawan,71,4.5
2024-09-20,P007,Sabun cuci literan,kebutuhan_rumah,16500,27,3,24,396000,0,0,0,offline,Friday,0,9,0,berawan,71,4.0
2024-09-20,P008,Beras 5 kg,kebutuhan_rumah,70500,16,5,11,775500,0,0,0,offline,Friday,0,9,0,berawan,71,4.7
2024-09-20,P009,Minyak goreng 1 liter,kebutuhan_rumah,18500,45,16,29,536500,0,0,0,campuran,Friday,0,9,0,berawan,71,4.5
2024-09-20,P010,Aksesori ponsel,aksesoris,25000,24,0,24,600000,0,0,0,offline,Friday,0,9,0,berawan,71,4.2
2024-09-20,P011,Buket mini,kerajinan,44500,15,6,9,360400,10,1,40000,offline,Friday,0,9,0,berawan,71,4.7
2024-09-20,P012,Paket hampers,kerajinan,102000,7,1,6,612000,0,0,0,online,Friday,0,9,0,berawan,71,4.1
2024-09-21,P001,Paket nasi lauk,makanan_minuman,17500,131,62,69,1086800,10,1,120800,offline,Saturday,1,9,0,cerah,133,4.4
2024-09-21,P002,Minuman kopi susu,makanan_minuman,16000,164,81,83,1128800,15,1,199200,campuran,Saturday,1,9,0,cerah,133,4.4
2024-09-21,P003,Snack kemasan lokal,makanan_minuman,8500,101,47,54,459000,0,0,0,offline,Saturday,1,9,0,cerah,133,4.4
2024-09-21,P004,Kaos basic,fashion,64000,30,10,20,1216000,5,1,64000,campuran,Saturday,1,9,0,cerah,133,4.4
2024-09-21,P005,Hijab polos,fashion,44000,56,20,36,1267200,20,1,316800,offline,Saturday,1,9,0,cerah,133,4.6
2024-09-21,P006,Sandal harian,fashion,56000,29,6,23,1094800,15,1,193200,online,Saturday,1,9,0,cerah,133,3.8
2024-09-21,P007,Sabun cuci literan,kebutuhan_rumah,16500,77,36,41,676500,0,0,0,campuran,Saturday,1,9,0,cerah,133,3.7
2024-09-21,P008,Beras 5 kg,kebutuhan_rumah,73000,41,25,16,1109600,5,1,58400,offline,Saturday,1,9,0,cerah,133,4.7
2024-09-21,P009,Minyak goreng 1 liter,kebutuhan_rumah,18000,54,15,39,702000,0,0,0,online,Saturday,1,9,0,cerah,133,4.2
2024-09-21,P010,Aksesori ponsel,aksesoris,26500,47,18,29,768500,0,0,0,offline,Saturday,1,9,0,cerah,133,4.0
2024-09-21,P011,Buket mini,kerajinan,45500,21,6,15,682500,0,0,0,offline,Saturday,1,9,0,cerah,133,4.7
2024-09-21,P012,Paket hampers,kerajinan,95500,12,5,7,668500,0,0,0,offline,Saturday,1,9,0,cerah,133,4.5
2024-09-22,P001,Paket nasi lauk,makanan_minuman,18500,55,6,49,906500,0,0,0,offline,Sunday,1,9,0,hujan_ringan,112,4.5
2024-09-22,P002,Minuman kopi susu,makanan_minuman,15000,61,15,46,690000,0,0,0,online,Sunday,1,9,0,hujan_ringan,112,4.5
2024-09-22,P003,Snack kemasan lokal,makanan_minuman,9500,79,29,50,475000,0,0,0,offline,Sunday,1,9,0,hujan_ringan,112,4.0
2024-09-22,P004,Kaos basic,fashion,66000,19,11,8,528000,0,0,0,offline,Sunday,1,9,0,hujan_ringan,112,4.3
2024-09-22,P005,Hijab polos,fashion,41000,50,25,25,922500,10,1,102500,campuran,Sunday,1,9,0,hujan_ringan,112,4.5
2024-09-22,P006,Sandal harian,fashion,55000,14,7,7,385000,0,0,0,online,Sunday,1,9,0,hujan_ringan,112,4.2
2024-09-22,P007,Sabun cuci literan,kebutuhan_rumah,18000,33,4,29,522000,0,0,0,online,Sunday,1,9,0,hujan_ringan,112,3.9
2024-09-22,P008,Beras 5 kg,kebutuhan_rumah,76000,26,9,17,1292000,0,0,0,online,Sunday,1,9,0,hujan_ringan,112,4.8
2024-09-22,P009,Minyak goreng 1 liter,kebutuhan_rumah,19000,68,28,40,684000,10,1,76000,online,Sunday,1,9,0,hujan_ringan,112,4.7
2024-09-22,P010,Aksesori ponsel,aksesoris,24000,29,5,24,576000,0,0,0,online,Sunday,1,9,0,hujan_ringan,112,4.1
2024-09-22,P011,Buket mini,kerajinan,44500,21,4,17,643000,15,1,113500,offline,Sunday,1,9,0,hujan_ringan,112,4.5
2024-09-22,P012,Paket hampers,kerajinan,96500,8,2,6,579000,0,0,0,online,Sunday,1,9,0,hujan_ringan,112,4.7
2024-09-23,P001,Paket nasi lauk,makanan_minuman,19000,46,8,38,722000,0,0,0,online,Monday,0,9,0,cerah,139,4.3
2024-09-23,P002,Minuman kopi susu,makanan_minuman,14500,88,13,75,978800,10,1,108800,campuran,Monday,0,9,0,cerah,139,4.5
2024-09-23,P003,Snack kemasan lokal,makanan_minuman,9000,140,76,64,576000,0,0,0,campuran,Monday,0,9,0,cerah,139,4.1
2024-09-23,P004,Kaos basic,fashion,62000,20,9,11,682000,0,0,0,offline,Monday,0,9,0,cerah,139,4.2
2024-09-23,P005,Hijab polos,fashion,44000,31,14,17,748000,0,0,0,offline,Monday,0,9,0,cerah,139,4.6
2024-09-23,P006,Sandal harian,fashion,53500,19,11,8,428000,0,0,0,offline,Monday,0,9,0,cerah,139,3.8
2024-09-23,P007,Sabun cuci literan,kebutuhan_rumah,17500,55,29,26,455000,0,0,0,offline,Monday,0,9,0,cerah,139,4.3
2024-09-23,P008,Beras 5 kg,kebutuhan_rumah,75000,27,8,19,1425000,0,0,0,offline,Monday,0,9,0,cerah,139,4.9
2024-09-23,P009,Minyak goreng 1 liter,kebutuhan_rumah,19500,46,24,22,429000,0,0,0,offline,Monday,0,9,0,cerah,139,4.3
2024-09-23,P010,Aksesori ponsel,aksesoris,26000,36,9,27,702000,0,0,0,offline,Monday,0,9,0,cerah,139,3.6
2024-09-23,P011,Buket mini,kerajinan,47500,17,9,8,342000,10,1,38000,offline,Monday,0,9,0,cerah,139,4.8
2024-09-23,P012,Paket hampers,kerajinan,98000,10,3,7,686000,0,0,0,online,Monday,0,9,0,cerah,139,4.2
2024-09-24,P001,Paket nasi lauk,makanan_minuman,18500,53,19,34,629000,0,0,0,offline,Tuesday,0,9,0,berawan,107,4.4
2024-09-24,P002,Minuman kopi susu,makanan_minuman,14500,73,36,37,536500,0,0,0,offline,Tuesday,0,9,0,berawan,107,4.8
2024-09-24,P003,Snack kemasan lokal,makanan_minuman,9000,144,57,87,665600,15,1,117400,campuran,Tuesday,0,9,0,berawan,107,4.3
2024-09-24,P004,Kaos basic,fashion,65000,17,4,13,845000,0,0,0,offline,Tuesday,0,9,0,berawan,107,4.4
2024-09-24,P005,Hijab polos,fashion,42500,19,5,14,595000,0,0,0,online,Tuesday,0,9,0,berawan,107,4.5
2024-09-24,P006,Sandal harian,fashion,54000,21,6,15,729000,10,1,81000,offline,Tuesday,0,9,0,berawan,107,4.1
2024-09-24,P007,Sabun cuci literan,kebutuhan_rumah,16000,42,16,26,416000,0,0,0,offline,Tuesday,0,9,0,berawan,107,4.0
2024-09-24,P008,Beras 5 kg,kebutuhan_rumah,76000,21,5,16,1216000,0,0,0,offline,Tuesday,0,9,0,berawan,107,4.7
2024-09-24,P009,Minyak goreng 1 liter,kebutuhan_rumah,18000,36,9,27,486000,0,0,0,online,Tuesday,0,9,0,berawan,107,4.8
2024-09-24,P010,Aksesori ponsel,aksesoris,24500,29,11,18,441000,0,0,0,online,Tuesday,0,9,0,berawan,107,4.0
2024-09-24,P011,Buket mini,kerajinan,45000,11,0,11,495000,0,0,0,online,Tuesday,0,9,0,berawan,107,4.5
2024-09-24,P012,Paket hampers,kerajinan,92000,10,7,3,276000,0,0,0,offline,Tuesday,0,9,0,berawan,107,4.5
2024-09-25,P001,Paket nasi lauk,makanan_minuman,18500,43,12,31,573500,0,0,0,offline,Wednesday,0,9,0,hujan_ringan,85,4.5
2024-09-25,P002,Minuman kopi susu,makanan_minuman,15000,58,21,37,555000,0,0,0,offline,Wednesday,0,9,0,hujan_ringan,85,4.5
2024-09-25,P003,Snack kemasan lokal,makanan_minuman,9000,56,18,38,342000,0,0,0,offline,Wednesday,0,9,0,hujan_ringan,85,4.1
2024-09-25,P004,Kaos basic,fashion,66000,13,3,10,660000,0,0,0,online,Wednesday,0,9,0,hujan_ringan,85,4.1
2024-09-25,P005,Hijab polos,fashion,44000,16,9,7,308000,0,0,0,online,Wednesday,0,9,0,hujan_ringan,85,4.3
2024-09-25,P006,Sandal harian,fashion,54500,14,9,5,272500,0,0,0,online,Wednesday,0,9,0,hujan_ringan,85,4.3
2024-09-25,P007,Sabun cuci literan,kebutuhan_rumah,17000,30,7,23,391000,0,0,0,offline,Wednesday,0,9,0,hujan_ringan,85,4.1
2024-09-25,P008,Beras 5 kg,kebutuhan_rumah,71500,26,4,22,1494400,5,1,78600,campuran,Wednesday,0,9,0,hujan_ringan,85,4.6
2024-09-25,P009,Minyak goreng 1 liter,kebutuhan_rumah,19000,40,19,21,399000,0,0,0,campuran,Wednesday,0,9,0,hujan_ringan,85,4.3
2024-09-25,P010,Aksesori ponsel,aksesoris,25000,25,14,11,275000,0,0,0,offline,Wednesday,0,9,0,hujan_ringan,85,4.0
2024-09-25,P011,Buket mini,kerajinan,48500,11,5,6,291000,0,0,0,offline,Wednesday,0,9,0,hujan_ringan,85,4.6
2024-09-25,P012,Paket hampers,kerajinan,92500,11,3,8,703000,5,1,37000,campuran,Wednesday,0,9,0,hujan_ringan,85,4.7
2024-09-26,P001,Paket nasi lauk,makanan_minuman,18000,52,21,31,558000,0,0,0,online,Thursday,0,9,0,cerah,86,4.3
2024-09-26,P002,Minuman kopi susu,makanan_minuman,15000,56,14,42,630000,0,0,0,online,Thursday,0,9,0,cerah,86,4.2
2024-09-26,P003,Snack kemasan lokal,makanan_minuman,8500,78,10,68,520200,10,1,57800,online,Thursday,0,9,0,cerah,86,4.1
2024-09-26,P004,Kaos basic,fashion,65500,21,8,13,808900,5,1,42600,offline,Thursday,0,9,0,cerah,86,4.4
2024-09-26,P005,Hijab polos,fashion,42000,22,7,15,630000,0,0,0,offline,Thursday,0,9,0,cerah,86,4.5
2024-09-26,P006,Sandal harian,fashion,56000,11,6,5,280000,0,0,0,offline,Thursday,0,9,0,cerah,86,4.1
2024-09-26,P007,Sabun cuci literan,kebutuhan_rumah,17500,26,9,17,297500,0,0,0,online,Thursday,0,9,0,cerah,86,4.1
2024-09-26,P008,Beras 5 kg,kebutuhan_rumah,76000,18,6,12,912000,0,0,0,campuran,Thursday,0,9,0,cerah,86,4.5
2024-09-26,P009,Minyak goreng 1 liter,kebutuhan_rumah,18500,52,19,33,580000,5,1,30500,offline,Thursday,0,9,0,cerah,86,4.3
2024-09-26,P010,Aksesori ponsel,aksesoris,25500,34,13,21,535500,0,0,0,offline,Thursday,0,9,0,cerah,86,3.9
2024-09-26,P011,Buket mini,kerajinan,46500,11,6,5,232500,0,0,0,offline,Thursday,0,9,0,cerah,86,4.7
2024-09-26,P012,Paket hampers,kerajinan,95000,9,2,7,665000,0,0,0,campuran,Thursday,0,9,0,cerah,86,4.5
2024-09-27,P001,Paket nasi lauk,makanan_minuman,18500,46,5,41,758500,0,0,0,offline,Friday,0,9,0,cerah,115,4.5
2024-09-27,P002,Minuman kopi susu,makanan_minuman,14500,66,24,42,609000,0,0,0,offline,Friday,0,9,0,cerah,115,4.5
2024-09-27,P003,Snack kemasan lokal,makanan_minuman,8500,98,43,55,467500,0,0,0,offline,Friday,0,9,0,cerah,115,4.1
2024-09-27,P004,Kaos basic,fashion,61000,17,0,17,1037000,0,0,0,offline,Friday,0,9,0,cerah,115,4.4
2024-09-27,P005,Hijab polos,fashion,42000,28,9,19,798000,0,0,0,offline,Friday,0,9,0,cerah,115,4.6
2024-09-27,P006,Sandal harian,fashion,56000,19,12,7,392000,0,0,0,online,Friday,0,9,0,cerah,115,4.2
2024-09-27,P007,Sabun cuci literan,kebutuhan_rumah,18000,42,26,16,288000,0,0,0,online,Friday,0,9,0,cerah,115,4.2
2024-09-27,P008,Beras 5 kg,kebutuhan_rumah,71000,24,0,24,1618800,5,1,85200,offline,Friday,0,9,0,cerah,115,4.5
2024-09-27,P009,Minyak goreng 1 liter,kebutuhan_rumah,19000,34,7,27,513000,0,0,0,offline,Friday,0,9,0,cerah,115,4.6
2024-09-27,P010,Aksesori ponsel,aksesoris,25000,34,9,25,625000,0,0,0,offline,Friday,0,9,0,cerah,115,4.1
2024-09-27,P011,Buket mini,kerajinan,44000,13,7,6,264000,0,0,0,offline,Friday,0,9,0,cerah,115,4.5
2024-09-27,P012,Paket hampers,kerajinan,96500,10,6,4,386000,0,0,0,campuran,Friday,0,9,0,cerah,115,4.3
2024-09-28,P001,Paket nasi lauk,makanan_minuman,18000,80,26,54,972000,0,0,0,offline,Saturday,1,9,0,berawan,129,4.5
2024-09-28,P002,Minuman kopi susu,makanan_minuman,14500,138,62,76,991800,10,1,110200,campuran,Saturday,1,9,0,berawan,129,4.5
2024-09-28,P003,Snack kemasan lokal,makanan_minuman,9500,84,23,61,579500,0,0,0,offline,Saturday,1,9,0,berawan,129,4.2
2024-09-28,P004,Kaos basic,fashion,65500,18,10,8,524000,0,0,0,online,Saturday,1,9,0,berawan,129,4.2
2024-09-28,P005,Hijab polos,fashion,43000,34,19,15,645000,0,0,0,offline,Saturday,1,9,0,berawan,129,4.7
2024-09-28,P006,Sandal harian,fashion,57000,23,7,16,912000,0,0,0,online,Saturday,1,9,0,berawan,129,4.1
2024-09-28,P007,Sabun cuci literan,kebutuhan_rumah,17000,41,2,39,663000,0,0,0,campuran,Saturday,1,9,0,berawan,129,4.1
2024-09-28,P008,Beras 5 kg,kebutuhan_rumah,70000,46,22,24,1428000,15,1,252000,campuran,Saturday,1,9,0,berawan,129,4.8
2024-09-28,P009,Minyak goreng 1 liter,kebutuhan_rumah,21000,64,32,32,672000,0,0,0,online,Saturday,1,9,0,berawan,129,4.1
2024-09-28,P010,Aksesori ponsel,aksesoris,27500,38,8,30,825000,0,0,0,offline,Saturday,1,9,0,berawan,129,4.3
2024-09-28,P011,Buket mini,kerajinan,44500,16,1,15,667500,0,0,0,campuran,Saturday,1,9,0,berawan,129,4.7
2024-09-28,P012,Paket hampers,kerajinan,97500,17,8,9,877500,0,0,0,campuran,Saturday,1,9,0,berawan,129,4.7
2024-09-29,P001,Paket nasi lauk,makanan_minuman,18000,163,98,65,1111500,5,1,58500,offline,Sunday,1,9,0,cerah,141,4.4
2024-09-29,P002,Minuman kopi susu,makanan_minuman,14500,103,51,52,754000,0,0,0,campuran,Sunday,1,9,0,cerah,141,4.5
2024-09-29,P003,Snack kemasan lokal,makanan_minuman,9500,161,57,104,839800,15,1,148200,offline,Sunday,1,9,0,cerah,141,4.2
2024-09-29,P004,Kaos basic,fashion,64000,33,16,17,924800,15,1,163200,online,Sunday,1,9,0,cerah,141,4.4
2024-09-29,P005,Hijab polos,fashion,40000,40,1,39,1560000,0,0,0,offline,Sunday,1,9,0,cerah,141,4.2
2024-09-29,P006,Sandal harian,fashion,54000,36,22,14,680400,10,1,75600,online,Sunday,1,9,0,cerah,141,4.1
2024-09-29,P007,Sabun cuci literan,kebutuhan_rumah,18000,91,31,60,864000,20,1,216000,offline,Sunday,1,9,0,cerah,141,4.2
2024-09-29,P008,Beras 5 kg,kebutuhan_rumah,75000,31,15,16,1200000,0,0,0,offline,Sunday,1,9,0,cerah,141,4.4
2024-09-29,P009,Minyak goreng 1 liter,kebutuhan_rumah,17500,71,23,48,840000,0,0,0,campuran,Sunday,1,9,0,cerah,141,4.3
2024-09-29,P010,Aksesori ponsel,aksesoris,24500,34,0,34,833000,0,0,0,online,Sunday,1,9,0,cerah,141,4.1
2024-09-29,P011,Buket mini,kerajinan,44000,21,5,16,704000,0,0,0,campuran,Sunday,1,9,0,cerah,141,4.8
2024-09-29,P012,Paket hampers,kerajinan,90500,14,7,7,601800,5,1,31700,online,Sunday,1,9,0,cerah,141,4.6
2024-09-30,P001,Paket nasi lauk,makanan_minuman,18500,58,10,48,888000,0,0,0,campuran,Monday,0,9,0,cerah,104,4.5
2024-09-30,P002,Minuman kopi susu,makanan_minuman,15000,80,35,45,641200,5,1,33800,offline,Monday,0,9,0,cerah,104,4.2
2024-09-30,P003,Snack kemasan lokal,makanan_minuman,8500,78,20,58,493000,0,0,0,offline,Monday,0,9,0,cerah,104,4.1
2024-09-30,P004,Kaos basic,fashion,66500,14,6,8,532000,0,0,0,offline,Monday,0,9,0,cerah,104,4.3
2024-09-30,P005,Hijab polos,fashion,42500,21,3,18,765000,0,0,0,online,Monday,0,9,0,cerah,104,4.7
2024-09-30,P006,Sandal harian,fashion,56000,17,4,13,728000,0,0,0,online,Monday,0,9,0,cerah,104,4.1
2024-09-30,P007,Sabun cuci literan,kebutuhan_rumah,17000,75,22,53,765800,15,1,135200,campuran,Monday,0,9,0,cerah,104,3.9
2024-09-30,P008,Beras 5 kg,kebutuhan_rumah,73000,24,6,18,1116900,15,1,197100,online,Monday,0,9,0,cerah,104,4.5
2024-09-30,P009,Minyak goreng 1 liter,kebutuhan_rumah,19500,44,25,19,370500,0,0,0,online,Monday,0,9,0,cerah,104,4.5
2024-09-30,P010,Aksesori ponsel,aksesoris,26000,23,0,23,598000,0,0,0,offline,Monday,0,9,0,cerah,104,3.8
2024-09-30,P011,Buket mini,kerajinan,44000,9,1,8,352000,0,0,0,offline,Monday,0,9,0,cerah,104,4.8
2024-09-30,P012,Paket hampers,kerajinan,101000,9,0,9,909000,0,0,0,offline,Monday,0,9,0,cerah,104,4.3
2024-10-01,P001,Paket nasi lauk,makanan_minuman,18000,67,34,33,594000,0,0,0,online,Tuesday,0,10,0,cerah,117,4.4
2024-10-01,P002,Minuman kopi susu,makanan_minuman,15500,56,12,44,682000,0,0,0,campuran,Tuesday,0,10,0,cerah,117,4.3
2024-10-01,P003,Snack kemasan lokal,makanan_minuman,9000,98,42,56,478800,5,1,25200,online,Tuesday,0,10,0,cerah,117,4.2
2024-10-01,P004,Kaos basic,fashion,68500,21,7,14,959000,0,0,0,offline,Tuesday,0,10,0,cerah,117,4.4
2024-10-01,P005,Hijab polos,fashion,40500,35,16,19,769500,0,0,0,campuran,Tuesday,0,10,0,cerah,117,4.4
2024-10-01,P006,Sandal harian,fashion,57000,14,3,11,627000,0,0,0,offline,Tuesday,0,10,0,cerah,117,4.2
2024-10-01,P007,Sabun cuci literan,kebutuhan_rumah,16000,41,20,21,336000,0,0,0,offline,Tuesday,0,10,0,cerah,117,4.1
2024-10-01,P008,Beras 5 kg,kebutuhan_rumah,73500,21,6,15,1102500,0,0,0,offline,Tuesday,0,10,0,cerah,117,4.5
2024-10-01,P009,Minyak goreng 1 liter,kebutuhan_rumah,18500,44,5,39,721500,0,0,0,offline,Tuesday,0,10,0,cerah,117,4.5
2024-10-01,P010,Aksesori ponsel,aksesoris,25500,30,8,22,561000,0,0,0,online,Tuesday,0,10,0,cerah,117,4.0
2024-10-01,P011,Buket mini,kerajinan,44000,15,8,7,308000,0,0,0,online,Tuesday,0,10,0,cerah,117,4.7
2024-10-01,P012,Paket hampers,kerajinan,97500,10,1,9,877500,0,0,0,online,Tuesday,0,10,0,cerah,117,4.8
2024-10-02,P001,Paket nasi lauk,makanan_minuman,17000,40,16,24,408000,0,0,0,campuran,Wednesday,0,10,0,hujan_deras,89,4.4
2024-10-02,P002,Minuman kopi susu,makanan_minuman,14500,44,5,39,565500,0,0,0,campuran,Wednesday,0,10,0,hujan_deras,89,4.2
2024-10-02,P003,Snack kemasan lokal,makanan_minuman,9000,49,21,28,252000,0,0,0,offline,Wednesday,0,10,0,hujan_deras,89,4.3
2024-10-02,P004,Kaos basic,fashion,65000,11,2,9,585000,0,0,0,campuran,Wednesday,0,10,0,hujan_deras,89,4.2
2024-10-02,P005,Hijab polos,fashion,40500,20,8,12,486000,0,0,0,campuran,Wednesday,0,10,0,hujan_deras,89,4.5
2024-10-02,P006,Sandal harian,fashion,55500,11,4,7,388500,0,0,0,offline,Wednesday,0,10,0,hujan_deras,89,4.3
2024-10-02,P007,Sabun cuci literan,kebutuhan_rumah,17000,30,18,12,204000,0,0,0,online,Wednesday,0,10,0,hujan_deras,89,4.0
2024-10-02,P008,Beras 5 kg,kebutuhan_rumah,71500,13,2,11,786500,0,0,0,offline,Wednesday,0,10,0,hujan_deras,89,4.7
2024-10-02,P009,Minyak goreng 1 liter,kebutuhan_rumah,20000,28,5,23,460000,0,0,0,offline,Wednesday,0,10,0,hujan_deras,89,4.3
2024-10-02,P010,Aksesori ponsel,aksesoris,26500,23,7,16,424000,0,0,0,offline,Wednesday,0,10,0,hujan_deras,89,4.0
2024-10-02,P011,Buket mini,kerajinan,46000,10,3,7,322000,0,0,0,offline,Wednesday,0,10,0,hujan_deras,89,4.7
2024-10-02,P012,Paket hampers,kerajinan,93000,8,5,3,279000,0,0,0,online,Wednesday,0,10,0,hujan_deras,89,4.6
2024-10-03,P001,Paket nasi lauk,makanan_minuman,18500,44,10,34,629000,0,0,0,campuran,Thursday,0,10,0,hujan_ringan,78,4.6
2024-10-03,P002,Minuman kopi susu,makanan_minuman,15500,51,22,29,449500,0,0,0,online,Thursday,0,10,0,hujan_ringan,78,4.5
2024-10-03,P003,Snack kemasan lokal,makanan_minuman,8500,66,34,32,272000,0,0,0,online,Thursday,0,10,0,hujan_ringan,78,4.2
2024-10-03,P004,Kaos basic,fashion,60000,13,1,12,720000,0,0,0,campuran,Thursday,0,10,0,hujan_ringan,78,4.5
2024-10-03,P005,Hijab polos,fashion,42500,22,6,16,680000,0,0,0,campuran,Thursday,0,10,0,hujan_ringan,78,4.6
2024-10-03,P006,Sandal harian,fashion,54000,13,1,12,648000,0,0,0,offline,Thursday,0,10,0,hujan_ringan,78,3.9
2024-10-03,P007,Sabun cuci literan,kebutuhan_rumah,16500,32,14,18,297000,0,0,0,campuran,Thursday,0,10,0,hujan_ringan,78,4.1
2024-10-03,P008,Beras 5 kg,kebutuhan_rumah,74500,19,9,10,745000,0,0,0,campuran,Thursday,0,10,0,hujan_ringan,78,4.6
2024-10-03,P009,Minyak goreng 1 liter,kebutuhan_rumah,20000,24,7,17,340000,0,0,0,online,Thursday,0,10,0,hujan_ringan,78,4.5
2024-10-03,P010,Aksesori ponsel,aksesoris,26000,21,8,13,338000,0,0,0,offline,Thursday,0,10,0,hujan_ringan,78,4.1
2024-10-03,P011,Buket mini,kerajinan,44000,10,5,5,220000,0,0,0,online,Thursday,0,10,0,hujan_ringan,78,4.9
2024-10-03,P012,Paket hampers,kerajinan,98000,6,4,2,196000,0,0,0,offline,Thursday,0,10,0,hujan_ringan,78,4.5
2024-10-04,P001,Paket nasi lauk,makanan_minuman,17500,54,12,42,624800,15,1,110200,offline,Friday,0,10,0,berawan,84,4.6
2024-10-04,P002,Minuman kopi susu,makanan_minuman,15000,46,13,33,495000,0,0,0,online,Friday,0,10,0,berawan,84,4.4
2024-10-04,P003,Snack kemasan lokal,makanan_minuman,9000,75,33,42,378000,0,0,0,online,Friday,0,10,0,berawan,84,4.4
2024-10-04,P004,Kaos basic,fashion,68500,11,2,9,616500,0,0,0,online,Friday,0,10,0,berawan,84,4.3
2024-10-04,P005,Hijab polos,fashion,42500,33,16,17,722500,0,0,0,campuran,Friday,0,10,0,berawan,84,4.2
2024-10-04,P006,Sandal harian,fashion,54500,16,4,12,654000,0,0,0,campuran,Friday,0,10,0,berawan,84,4.1
2024-10-04,P007,Sabun cuci literan,kebutuhan_rumah,18000,27,6,21,378000,0,0,0,offline,Friday,0,10,0,berawan,84,4.3
2024-10-04,P008,Beras 5 kg,kebutuhan_rumah,70500,18,9,9,634500,0,0,0,online,Friday,0,10,0,berawan,84,4.6
2024-10-04,P009,Minyak goreng 1 liter,kebutuhan_rumah,19500,57,27,30,526500,10,1,58500,offline,Friday,0,10,0,berawan,84,4.4
2024-10-04,P010,Aksesori ponsel,aksesoris,24500,22,0,22,539000,0,0,0,online,Friday,0,10,0,berawan,84,4.1
2024-10-04,P011,Buket mini,kerajinan,46000,9,0,9,414000,0,0,0,online,Friday,0,10,0,berawan,84,4.7
2024-10-04,P012,Paket hampers,kerajinan,98500,5,0,5,492500,0,0,0,online,Friday,0,10,0,berawan,84,4.6
2024-10-05,P001,Paket nasi lauk,makanan_minuman,18000,75,31,44,792000,0,0,0,offline,Saturday,1,10,0,hujan_ringan,125,4.5
2024-10-05,P002,Minuman kopi susu,makanan_minuman,15000,72,32,40,600000,0,0,0,campuran,Saturday,1,10,0,hujan_ringan,125,4.6
2024-10-05,P003,Snack kemasan lokal,makanan_minuman,9000,80,41,39,351000,0,0,0,online,Saturday,1,10,0,hujan_ringan,125,4.3
2024-10-05,P004,Kaos basic,fashion,66500,26,15,11,658400,10,1,73200,online,Saturday,1,10,0,hujan_ringan,125,4.4
2024-10-05,P005,Hijab polos,fashion,44000,45,15,30,1254000,5,1,66000,online,Saturday,1,10,0,hujan_ringan,125,4.7
2024-10-05,P006,Sandal harian,fashion,53500,24,3,21,1011200,10,1,112400,offline,Saturday,1,10,0,hujan_ringan,125,3.9
2024-10-05,P007,Sabun cuci literan,kebutuhan_rumah,17500,54,21,33,577500,0,0,0,offline,Saturday,1,10,0,hujan_ringan,125,3.9
2024-10-05,P008,Beras 5 kg,kebutuhan_rumah,73000,30,14,16,1168000,0,0,0,offline,Saturday,1,10,0,hujan_ringan,125,4.5
2024-10-05,P009,Minyak goreng 1 liter,kebutuhan_rumah,19000,32,1,31,589000,0,0,0,offline,Saturday,1,10,0,hujan_ringan,125,4.4
2024-10-05,P010,Aksesori ponsel,aksesoris,26500,37,20,17,450500,0,0,0,offline,Saturday,1,10,0,hujan_ringan,125,4.0
2024-10-05,P011,Buket mini,kerajinan,46000,19,7,12,552000,0,0,0,offline,Saturday,1,10,0,hujan_ringan,125,4.9
2024-10-05,P012,Paket hampers,kerajinan,93000,9,0,9,837000,0,0,0,online,Saturday,1,10,0,hujan_ringan,125,4.6
2024-10-06,P001,Paket nasi lauk,makanan_minuman,18000,64,35,29,522000,0,0,0,online,Sunday,1,10,0,hujan_ringan,104,4.4
2024-10-06,P002,Minuman kopi susu,makanan_minuman,15500,82,39,43,666500,0,0,0,offline,Sunday,1,10,0,hujan_ringan,104,4.5
2024-10-06,P003,Snack kemasan lokal,makanan_minuman,8500,100,24,76,581400,10,1,64600,online,Sunday,1,10,0,hujan_ringan,104,4.1
2024-10-06,P004,Kaos basic,fashion,65500,21,7,14,917000,0,0,0,campuran,Sunday,1,10,0,hujan_ringan,104,4.4
2024-10-06,P005,Hijab polos,fashion,41000,24,12,12,492000,0,0,0,online,Sunday,1,10,0,hujan_ringan,104,4.6
2024-10-06,P006,Sandal harian,fashion,50500,20,0,20,959500,5,1,50500,campuran,Sunday,1,10,0,hujan_ringan,104,4.2
2024-10-06,P007,Sabun cuci literan,kebutuhan_rumah,17500,50,17,33,577500,0,0,0,campuran,Sunday,1,10,0,hujan_ringan,104,4.3
2024-10-06,P008,Beras 5 kg,kebutuhan_rumah,72500,23,12,11,797500,0,0,0,online,Sunday,1,10,0,hujan_ringan,104,4.5
2024-10-06,P009,Minyak goreng 1 liter,kebutuhan_rumah,19000,56,15,41,701100,10,1,77900,offline,Sunday,1,10,0,hujan_ringan,104,4.2
2024-10-06,P010,Aksesori ponsel,aksesoris,25500,41,14,27,688500,0,0,0,offline,Sunday,1,10,0,hujan_ringan,104,3.9
2024-10-06,P011,Buket mini,kerajinan,42000,12,8,4,168000,0,0,0,online,Sunday,1,10,0,hujan_ringan,104,4.7
2024-10-06,P012,Paket hampers,kerajinan,93500,13,7,6,561000,0,0,0,campuran,Sunday,1,10,0,hujan_ringan,104,4.3
2024-10-07,P001,Paket nasi lauk,makanan_minuman,18000,107,46,61,933300,15,1,164700,campuran,Monday,0,10,0,berawan,107,4.5
2024-10-07,P002,Minuman kopi susu,makanan_minuman,14000,71,33,38,532000,0,0,0,offline,Monday,0,10,0,berawan,107,4.8
2024-10-07,P003,Snack kemasan lokal,makanan_minuman,9000,76,28,48,432000,0,0,0,offline,Monday,0,10,0,berawan,107,4.1
2024-10-07,P004,Kaos basic,fashion,64500,22,9,13,796600,5,1,41900,offline,Monday,0,10,0,berawan,107,4.2
2024-10-07,P005,Hijab polos,fashion,40500,29,13,16,648000,0,0,0,offline,Monday,0,10,0,berawan,107,4.6
2024-10-07,P006,Sandal harian,fashion,59000,11,5,6,354000,0,0,0,online,Monday,0,10,0,berawan,107,4.2
2024-10-07,P007,Sabun cuci literan,kebutuhan_rumah,17500,48,24,24,420000,0,0,0,offline,Monday,0,10,0,berawan,107,4.4
2024-10-07,P008,Beras 5 kg,kebutuhan_rumah,74500,19,6,13,968500,0,0,0,online,Monday,0,10,0,berawan,107,4.7
2024-10-07,P009,Minyak goreng 1 liter,kebutuhan_rumah,18000,38,9,29,522000,0,0,0,offline,Monday,0,10,0,berawan,107,4.0
2024-10-07,P010,Aksesori ponsel,aksesoris,24000,33,16,17,408000,0,0,0,online,Monday,0,10,0,berawan,107,4.2
2024-10-07,P011,Buket mini,kerajinan,44000,16,3,13,572000,0,0,0,offline,Monday,0,10,0,berawan,107,4.8
2024-10-07,P012,Paket hampers,kerajinan,96500,9,7,2,193000,0,0,0,campuran,Monday,0,10,0,berawan,107,4.7
2024-10-08,P001,Paket nasi lauk,makanan_minuman,16500,42,0,42,658400,5,1,34600,offline,Tuesday,0,10,0,cerah,114,4.3
2024-10-08,P002,Minuman kopi susu,makanan_minuman,15000,76,26,50,750000,0,0,0,offline,Tuesday,0,10,0,cerah,114,4.5
2024-10-08,P003,Snack kemasan lokal,makanan_minuman,9000,89,21,68,581400,5,1,30600,online,Tuesday,0,10,0,cerah,114,4.2
2024-10-08,P004,Kaos basic,fashion,64000,15,5,10,640000,0,0,0,online,Tuesday,0,10,0,cerah,114,4.2
2024-10-08,P005,Hijab polos,fashion,42500,25,3,22,935000,0,0,0,online,Tuesday,0,10,0,cerah,114,4.7
2024-10-08,P006,Sandal harian,fashion,53000,19,1,18,954000,0,0,0,online,Tuesday,0,10,0,cerah,114,4.2
2024-10-08,P007,Sabun cuci literan,kebutuhan_rumah,16500,48,11,37,610500,0,0,0,offline,Tuesday,0,10,0,cerah,114,4.2
2024-10-08,P008,Beras 5 kg,kebutuhan_rumah,74000,17,6,11,814000,0,0,0,online,Tuesday,0,10,0,cerah,114,4.7
2024-10-08,P009,Minyak goreng 1 liter,kebutuhan_rumah,20500,48,19,29,594500,0,0,0,offline,Tuesday,0,10,0,cerah,114,4.2
2024-10-08,P010,Aksesori ponsel,aksesoris,26000,35,9,26,676000,0,0,0,online,Tuesday,0,10,0,cerah,114,4.1
2024-10-08,P011,Buket mini,kerajinan,42500,16,11,5,212500,0,0,0,online,Tuesday,0,10,0,cerah,114,4.7
2024-10-08,P012,Paket hampers,kerajinan,92000,10,7,3,276000,0,0,0,offline,Tuesday,0,10,0,cerah,114,4.7
2024-10-09,P001,Paket nasi lauk,makanan_minuman,17500,37,2,35,612500,0,0,0,campuran,Wednesday,0,10,0,berawan,91,4.7
2024-10-09,P002,Minuman kopi susu,makanan_minuman,15500,51,16,35,542500,0,0,0,offline,Wednesday,0,10,0,berawan,91,4.1
2024-10-09,P003,Snack kemasan lokal,makanan_minuman,9000,84,35,49,441000,0,0,0,offline,Wednesday,0,10,0,berawan,91,4.2
2024-10-09,P004,Kaos basic,fashion,67500,18,5,13,877500,0,0,0,offline,Wednesday,0,10,0,berawan,91,4.2
2024-10-09,P005,Hijab polos,fashion,40000,21,8,13,520000,0,0,0,online,Wednesday,0,10,0,berawan,91,4.6
2024-10-09,P006,Sandal harian,fashion,52500,15,8,7,367500,0,0,0,online,Wednesday,0,10,0,berawan,91,4.3
2024-10-09,P007,Sabun cuci literan,kebutuhan_rumah,17500,49,19,30,525000,0,0,0,campuran,Wednesday,0,10,0,berawan,91,4.3
2024-10-09,P008,Beras 5 kg,kebutuhan_rumah,69500,21,7,14,973000,0,0,0,offline,Wednesday,0,10,0,berawan,91,4.6
2024-10-09,P009,Minyak goreng 1 liter,kebutuhan_rumah,18000,48,21,27,486000,0,0,0,offline,Wednesday,0,10,0,berawan,91,4.4
2024-10-09,P010,Aksesori ponsel,aksesoris,25500,45,17,28,678300,5,1,35700,campuran,Wednesday,0,10,0,berawan,91,4.0
2024-10-09,P011,Buket mini,kerajinan,43500,14,4,10,435000,0,0,0,campuran,Wednesday,0,10,0,berawan,91,4.8
2024-10-09,P012,Paket hampers,kerajinan,98500,17,8,9,842200,5,1,44300,campuran,Wednesday,0,10,0,berawan,91,4.5
2024-10-10,P001,Paket nasi lauk,makanan_minuman,16500,80,40,40,627000,5,1,33000,offline,Thursday,0,10,0,berawan,95,4.4
2024-10-10,P002,Minuman kopi susu,makanan_minuman,14500,62,33,29,420500,0,0,0,online,Thursday,0,10,0,berawan,95,4.4
2024-10-10,P003,Snack kemasan lokal,makanan_minuman,8500,54,7,47,399500,0,0,0,offline,Thursday,0,10,0,berawan,95,3.9
2024-10-10,P004,Kaos basic,fashion,65000,20,5,15,828800,15,1,146200,campuran,Thursday,0,10,0,berawan,95,4.3
2024-10-10,P005,Hijab polos,fashion,41500,22,4,18,747000,0,0,0,offline,Thursday,0,10,0,berawan,95,4.8
2024-10-10,P006,Sandal harian,fashion,55000,17,4,13,679200,5,1,35800,offline,Thursday,0,10,0,berawan,95,4.2
2024-10-10,P007,Sabun cuci literan,kebutuhan_rumah,17000,37,9,28,476000,0,0,0,offline,Thursday,0,10,0,berawan,95,4.2
2024-10-10,P008,Beras 5 kg,kebutuhan_rumah,75000,21,10,11,825000,0,0,0,offline,Thursday,0,10,0,berawan,95,4.7
2024-10-10,P009,Minyak goreng 1 liter,kebutuhan_rumah,19500,30,2,28,546000,0,0,0,offline,Thursday,0,10,0,berawan,95,4.7
2024-10-10,P010,Aksesori ponsel,aksesoris,24500,39,16,23,563500,0,0,0,offline,Thursday,0,10,0,berawan,95,4.0
2024-10-10,P011,Buket mini,kerajinan,45000,11,2,9,405000,0,0,0,online,Thursday,0,10,0,berawan,95,4.8
2024-10-10,P012,Paket hampers,kerajinan,92000,11,1,10,920000,0,0,0,offline,Thursday,0,10,0,berawan,95,4.6
2024-10-11,P001,Paket nasi lauk,makanan_minuman,17500,53,13,40,665000,5,1,35000,offline,Friday,0,10,0,hujan_ringan,113,4.5
2024-10-11,P002,Minuman kopi susu,makanan_minuman,15000,46,6,40,600000,0,0,0,online,Friday,0,10,0,hujan_ringan,113,4.5
2024-10-11,P003,Snack kemasan lokal,makanan_minuman,8500,54,5,49,416500,0,0,0,offline,Friday,0,10,0,hujan_ringan,113,4.2
2024-10-11,P004,Kaos basic,fashion,66500,19,2,17,1074000,5,1,56500,offline,Friday,0,10,0,hujan_ringan,113,4.2
2024-10-11,P005,Hijab polos,fashion,41500,28,13,15,622500,0,0,0,campuran,Friday,0,10,0,hujan_ringan,113,4.6
2024-10-11,P006,Sandal harian,fashion,56500,14,1,13,734500,0,0,0,online,Friday,0,10,0,hujan_ringan,113,3.9
2024-10-11,P007,Sabun cuci literan,kebutuhan_rumah,16000,34,16,18,288000,0,0,0,online,Friday,0,10,0,hujan_ringan,113,4.1
2024-10-11,P008,Beras 5 kg,kebutuhan_rumah,74000,27,9,18,1265400,5,1,66600,campuran,Friday,0,10,0,hujan_ringan,113,4.3
2024-10-11,P009,Minyak goreng 1 liter,kebutuhan_rumah,19000,58,29,29,551000,0,0,0,campuran,Friday,0,10,0,hujan_ringan,113,4.3
2024-10-11,P010,Aksesori ponsel,aksesoris,25000,26,5,21,525000,0,0,0,offline,Friday,0,10,0,hujan_ringan,113,4.0
2024-10-11,P011,Buket mini,kerajinan,43500,10,0,10,435000,0,0,0,online,Friday,0,10,0,hujan_ringan,113,4.7
2024-10-11,P012,Paket hampers,kerajinan,95000,9,7,2,190000,0,0,0,online,Friday,0,10,0,hujan_ringan,113,4.5
2024-10-12,P001,Paket nasi lauk,makanan_minuman,18000,69,14,55,990000,0,0,0,campuran,Saturday,1,10,0,berawan,120,4.6
2024-10-12,P002,Minuman kopi susu,makanan_minuman,14500,122,47,75,978800,10,1,108800,offline,Saturday,1,10,0,berawan,120,4.2
2024-10-12,P003,Snack kemasan lokal,makanan_minuman,8500,86,14,72,612000,0,0,0,offline,Saturday,1,10,0,berawan,120,4.2
2024-10-12,P004,Kaos basic,fashion,64500,45,17,28,1625400,10,1,180600,campuran,Saturday,1,10,0,berawan,120,4.4
2024-10-12,P005,Hijab polos,fashion,42000,34,15,19,798000,0,0,0,online,Saturday,1,10,0,berawan,120,4.6
2024-10-12,P006,Sandal harian,fashion,50500,26,16,10,505000,0,0,0,offline,Saturday,1,10,0,berawan,120,3.7
2024-10-12,P007,Sabun cuci literan,kebutuhan_rumah,17500,38,10,28,490000,0,0,0,online,Saturday,1,10,0,berawan,120,4.3
2024-10-12,P008,Beras 5 kg,kebutuhan_rumah,72500,31,19,12,870000,0,0,0,offline,Saturday,1,10,0,berawan,120,4.5
2024-10-12,P009,Minyak goreng 1 liter,kebutuhan_rumah,19000,41,9,32,608000,0,0,0,online,Saturday,1,10,0,berawan,120,4.4
2024-10-12,P010,Aksesori ponsel,aksesoris,26000,61,23,38,889200,10,1,98800,campuran,Saturday,1,10,0,berawan,120,4.0
2024-10-12,P011,Buket mini,kerajinan,42500,15,2,13,552500,0,0,0,offline,Saturday,1,10,0,berawan,120,4.8
2024-10-12,P012,Paket hampers,kerajinan,99500,20,3,17,1522400,10,1,169200,campuran,Saturday,1,10,0,berawan,120,4.8
2024-10-13,P001,Paket nasi lauk,makanan_minuman,18000,80,34,46,828000,0,0,0,offline,Sunday,1,10,0,berawan,134,4.5
2024-10-13,P002,Minuman kopi susu,makanan_minuman,15500,95,41,54,837000,0,0,0,offline,Sunday,1,10,0,berawan,134,4.4
2024-10-13,P003,Snack kemasan lokal,makanan_minuman,9000,97,28,69,621000,0,0,0,offline,Sunday,1,10,0,berawan,134,3.9
2024-10-13,P004,Kaos basic,fashion,66500,24,9,15,997500,0,0,0,offline,Sunday,1,10,0,berawan,134,4.1
2024-10-13,P005,Hijab polos,fashion,43000,46,17,29,1247000,0,0,0,campuran,Sunday,1,10,0,berawan,134,4.5
2024-10-13,P006,Sandal harian,fashion,53500,26,13,13,695500,0,0,0,online,Sunday,1,10,0,berawan,134,4.2
2024-10-13,P007,Sabun cuci literan,kebutuhan_rumah,18000,37,13,24,432000,0,0,0,online,Sunday,1,10,0,berawan,134,4.3
2024-10-13,P008,Beras 5 kg,kebutuhan_rumah,72000,31,9,22,1584000,0,0,0,offline,Sunday,1,10,0,berawan,134,4.8
2024-10-13,P009,Minyak goreng 1 liter,kebutuhan_rumah,18500,96,56,40,666000,10,1,74000,campuran,Sunday,1,10,0,berawan,134,4.5
2024-10-13,P010,Aksesori ponsel,aksesoris,25000,37,17,20,500000,0,0,0,campuran,Sunday,1,10,0,berawan,134,3.9
2024-10-13,P011,Buket mini,kerajinan,41000,13,0,13,533000,0,0,0,offline,Sunday,1,10,0,berawan,134,4.5
2024-10-13,P012,Paket hampers,kerajinan,95000,15,5,10,950000,0,0,0,campuran,Sunday,1,10,0,berawan,134,4.6
2024-10-14,P001,Paket nasi lauk,makanan_minuman,19000,67,29,38,722000,0,0,0,offline,Monday,0,10,0,cerah,94,4.3
2024-10-14,P002,Minuman kopi susu,makanan_minuman,15500,77,28,49,683600,10,1,76000,online,Monday,0,10,0,cerah,94,4.6
2024-10-14,P003,Snack kemasan lokal,makanan_minuman,9500,73,31,42,399000,0,0,0,online,Monday,0,10,0,cerah,94,4.2
2024-10-14,P004,Kaos basic,fashion,63500,16,9,7,444500,0,0,0,offline,Monday,0,10,0,cerah,94,4.4
2024-10-14,P005,Hijab polos,fashion,39000,30,18,12,468000,0,0,0,offline,Monday,0,10,0,cerah,94,4.7
2024-10-14,P006,Sandal harian,fashion,58000,19,11,8,464000,0,0,0,campuran,Monday,0,10,0,cerah,94,4.2
2024-10-14,P007,Sabun cuci literan,kebutuhan_rumah,17000,40,17,23,391000,0,0,0,offline,Monday,0,10,0,cerah,94,4.2
2024-10-14,P008,Beras 5 kg,kebutuhan_rumah,75500,24,7,17,1283500,0,0,0,campuran,Monday,0,10,0,cerah,94,4.5
2024-10-14,P009,Minyak goreng 1 liter,kebutuhan_rumah,20000,53,17,36,720000,0,0,0,offline,Monday,0,10,0,cerah,94,4.4
2024-10-14,P010,Aksesori ponsel,aksesoris,24500,31,10,21,514500,0,0,0,online,Monday,0,10,0,cerah,94,3.7
2024-10-14,P011,Buket mini,kerajinan,46500,12,4,8,372000,0,0,0,online,Monday,0,10,0,cerah,94,4.7
2024-10-14,P012,Paket hampers,kerajinan,97500,9,0,9,877500,0,0,0,campuran,Monday,0,10,0,cerah,94,5.0
2024-10-15,P001,Paket nasi lauk,makanan_minuman,16500,45,15,30,495000,0,0,0,offline,Tuesday,0,10,0,hujan_deras,90,4.7
2024-10-15,P002,Minuman kopi susu,makanan_minuman,14500,46,6,40,580000,0,0,0,offline,Tuesday,0,10,0,hujan_deras,90,4.4
2024-10-15,P003,Snack kemasan lokal,makanan_minuman,9000,52,19,33,297000,0,0,0,online,Tuesday,0,10,0,hujan_deras,90,4.3
2024-10-15,P004,Kaos basic,fashion,65500,13,6,7,458500,0,0,0,campuran,Tuesday,0,10,0,hujan_deras,90,4.5
2024-10-15,P005,Hijab polos,fashion,42000,17,5,12,504000,0,0,0,offline,Tuesday,0,10,0,hujan_deras,90,4.5
2024-10-15,P006,Sandal harian,fashion,53000,10,3,7,371000,0,0,0,offline,Tuesday,0,10,0,hujan_deras,90,4.2
2024-10-15,P007,Sabun cuci literan,kebutuhan_rumah,18000,26,5,21,378000,0,0,0,offline,Tuesday,0,10,0,hujan_deras,90,4.0
2024-10-15,P008,Beras 5 kg,kebutuhan_rumah,67000,12,5,7,469000,0,0,0,offline,Tuesday,0,10,0,hujan_deras,90,4.5
2024-10-15,P009,Minyak goreng 1 liter,kebutuhan_rumah,19000,33,9,24,456000,0,0,0,offline,Tuesday,0,10,0,hujan_deras,90,4.4
2024-10-15,P010,Aksesori ponsel,aksesoris,26500,29,3,26,585600,15,1,103400,offline,Tuesday,0,10,0,hujan_deras,90,4.1
2024-10-15,P011,Buket mini,kerajinan,44000,10,9,1,44000,0,0,0,campuran,Tuesday,0,10,0,hujan_deras,90,4.7
2024-10-15,P012,Paket hampers,kerajinan,94500,6,1,5,472500,0,0,0,offline,Tuesday,0,10,0,hujan_deras,90,4.3
2024-10-16,P001,Paket nasi lauk,makanan_minuman,18500,59,12,47,695600,20,1,173900,online,Wednesday,0,10,0,hujan_ringan,88,4.7
2024-10-16,P002,Minuman kopi susu,makanan_minuman,15500,47,13,34,527000,0,0,0,offline,Wednesday,0,10,0,hujan_ringan,88,4.4
2024-10-16,P003,Snack kemasan lokal,makanan_minuman,8500,59,22,37,314500,0,0,0,offline,Wednesday,0,10,0,hujan_ringan,88,4.4
2024-10-16,P004,Kaos basic,fashion,66500,20,10,10,598500,10,1,66500,offline,Wednesday,0,10,0,hujan_ringan,88,4.5
2024-10-16,P005,Hijab polos,fashion,43500,25,17,8,348000,0,0,0,online,Wednesday,0,10,0,hujan_ringan,88,4.5
2024-10-16,P006,Sandal harian,fashion,54500,13,4,9,490500,0,0,0,online,Wednesday,0,10,0,hujan_ringan,88,4.3
2024-10-16,P007,Sabun cuci literan,kebutuhan_rumah,17500,48,30,18,283500,10,1,31500,online,Wednesday,0,10,0,hujan_ringan,88,4.3
2024-10-16,P008,Beras 5 kg,kebutuhan_rumah,72500,20,10,10,725000,0,0,0,online,Wednesday,0,10,0,hujan_ringan,88,4.6
2024-10-16,P009,Minyak goreng 1 liter,kebutuhan_rumah,18000,25,0,25,450000,0,0,0,offline,Wednesday,0,10,0,hujan_ringan,88,4.5
2024-10-16,P010,Aksesori ponsel,aksesoris,24000,25,3,22,528000,0,0,0,online,Wednesday,0,10,0,hujan_ringan,88,4.1
2024-10-16,P011,Buket mini,kerajinan,45500,12,9,3,136500,0,0,0,offline,Wednesday,0,10,0,hujan_ringan,88,4.8
2024-10-16,P012,Paket hampers,kerajinan,94500,6,2,4,378000,0,0,0,online,Wednesday,0,10,0,hujan_ringan,88,4.5
2024-10-17,P001,Paket nasi lauk,makanan_minuman,17000,56,38,18,306000,0,0,0,campuran,Thursday,0,10,0,hujan_ringan,93,4.4
2024-10-17,P002,Minuman kopi susu,makanan_minuman,15000,79,12,67,904500,10,1,100500,campuran,Thursday,0,10,0,hujan_ringan,93,4.4
2024-10-17,P003,Snack kemasan lokal,makanan_minuman,10000,63,16,47,470000,0,0,0,campuran,Thursday,0,10,0,hujan_ringan,93,4.2
2024-10-17,P004,Kaos basic,fashion,63500,13,7,6,381000,0,0,0,online,Thursday,0,10,0,hujan_ringan,93,4.2
2024-10-17,P005,Hijab polos,fashion,41500,27,19,8,332000,0,0,0,campuran,Thursday,0,10,0,hujan_ringan,93,4.4
2024-10-17,P006,Sandal harian,fashion,52000,14,5,9,468000,0,0,0,online,Thursday,0,10,0,hujan_ringan,93,4.1
2024-10-17,P007,Sabun cuci literan,kebutuhan_rumah,17000,30,15,15,255000,0,0,0,online,Thursday,0,10,0,hujan_ringan,93,4.0
2024-10-17,P008,Beras 5 kg,kebutuhan_rumah,73500,19,7,12,882000,0,0,0,campuran,Thursday,0,10,0,hujan_ringan,93,4.6
2024-10-17,P009,Minyak goreng 1 liter,kebutuhan_rumah,18500,47,15,32,592000,0,0,0,offline,Thursday,0,10,0,hujan_ringan,93,4.5
2024-10-17,P010,Aksesori ponsel,aksesoris,24500,28,11,17,416500,0,0,0,online,Thursday,0,10,0,hujan_ringan,93,4.2
2024-10-17,P011,Buket mini,kerajinan,41000,16,8,8,311600,5,1,16400,online,Thursday,0,10,0,hujan_ringan,93,4.7
2024-10-17,P012,Paket hampers,kerajinan,93000,8,6,2,186000,0,0,0,offline,Thursday,0,10,0,hujan_ringan,93,4.7
2024-10-18,P001,Paket nasi lauk,makanan_minuman,18000,63,15,48,777600,10,1,86400,offline,Friday,0,10,0,cerah,91,4.5
2024-10-18,P002,Minuman kopi susu,makanan_minuman,15000,79,54,25,375000,0,0,0,offline,Friday,0,10,0,cerah,91,4.2
2024-10-18,P003,Snack kemasan lokal,makanan_minuman,9500,54,12,42,399000,0,0,0,offline,Friday,0,10,0,cerah,91,4.2
2024-10-18,P004,Kaos basic,fashion,70000,18,5,13,910000,0,0,0,campuran,Friday,0,10,0,cerah,91,4.2
2024-10-18,P005,Hijab polos,fashion,43000,20,5,15,645000,0,0,0,online,Friday,0,10,0,cerah,91,4.4
2024-10-18,P006,Sandal harian,fashion,53500,12,4,8,428000,0,0,0,offline,Friday,0,10,0,cerah,91,4.0
2024-10-18,P007,Sabun cuci literan,kebutuhan_rumah,17500,42,13,29,507500,0,0,0,offline,Friday,0,10,0,cerah,91,4.2
2024-10-18,P008,Beras 5 kg,kebutuhan_rumah,73500,26,5,21,1466300,5,1,77200,offline,Friday,0,10,0,cerah,91,4.5
2024-10-18,P009,Minyak goreng 1 liter,kebutuhan_rumah,19000,57,18,39,741000,0,0,0,campuran,Friday,0,10,0,cerah,91,4.6
2024-10-18,P010,Aksesori ponsel,aksesoris,25000,28,10,18,450000,0,0,0,online,Friday,0,10,0,cerah,91,4.1
2024-10-18,P011,Buket mini,kerajinan,43500,20,0,20,739500,15,1,130500,campuran,Friday,0,10,0,cerah,91,4.9
2024-10-18,P012,Paket hampers,kerajinan,98500,10,6,4,394000,0,0,0,offline,Friday,0,10,0,cerah,91,4.3
2024-10-19,P001,Paket nasi lauk,makanan_minuman,19500,66,27,39,760500,0,0,0,offline,Saturday,1,10,0,berawan,112,4.6
2024-10-19,P002,Minuman kopi susu,makanan_minuman,13500,113,48,65,789800,10,1,87800,online,Saturday,1,10,0,berawan,112,4.3
2024-10-19,P003,Snack kemasan lokal,makanan_minuman,9000,83,11,72,648000,0,0,0,online,Saturday,1,10,0,berawan,112,4.4
2024-10-19,P004,Kaos basic,fashion,64500,17,5,12,774000,0,0,0,online,Saturday,1,10,0,berawan,112,4.4
2024-10-19,P005,Hijab polos,fashion,42000,35,9,26,1092000,0,0,0,campuran,Saturday,1,10,0,berawan,112,4.4
2024-10-19,P006,Sandal harian,fashion,55500,15,3,12,666000,0,0,0,online,Saturday,1,10,0,berawan,112,4.1
2024-10-19,P007,Sabun cuci literan,kebutuhan_rumah,17500,45,12,33,577500,0,0,0,online,Saturday,1,10,0,berawan,112,4.3
2024-10-19,P008,Beras 5 kg,kebutuhan_rumah,74500,39,13,26,1840200,5,1,96800,offline,Saturday,1,10,0,berawan,112,4.6
2024-10-19,P009,Minyak goreng 1 liter,kebutuhan_rumah,19500,68,19,49,812200,15,1,143300,online,Saturday,1,10,0,berawan,112,4.5
2024-10-19,P010,Aksesori ponsel,aksesoris,26000,38,11,27,702000,0,0,0,offline,Saturday,1,10,0,berawan,112,4.0
2024-10-19,P011,Buket mini,kerajinan,49500,12,1,11,544500,0,0,0,offline,Saturday,1,10,0,berawan,112,4.6
2024-10-19,P012,Paket hampers,kerajinan,99000,10,4,6,594000,0,0,0,online,Saturday,1,10,0,berawan,112,4.7
2024-10-20,P001,Paket nasi lauk,makanan_minuman,18000,70,4,66,1188000,0,0,0,campuran,Sunday,1,10,0,cerah,135,4.6
2024-10-20,P002,Minuman kopi susu,makanan_minuman,15000,102,42,60,900000,0,0,0,campuran,Sunday,1,10,0,cerah,135,4.4
2024-10-20,P003,Snack kemasan lokal,makanan_minuman,9000,121,9,112,907200,10,1,100800,offline,Sunday,1,10,0,cerah,135,4.3
2024-10-20,P004,Kaos basic,fashion,64500,26,14,12,774000,0,0,0,online,Sunday,1,10,0,cerah,135,4.5
2024-10-20,P005,Hijab polos,fashion,41500,34,5,29,1203500,0,0,0,online,Sunday,1,10,0,cerah,135,4.4
2024-10-20,P006,Sandal harian,fashion,59500,37,13,24,1285200,10,1,142800,campuran,Sunday,1,10,0,cerah,135,4.1
2024-10-20,P007,Sabun cuci literan,kebutuhan_rumah,16500,56,29,27,445500,0,0,0,online,Sunday,1,10,0,cerah,135,4.2
2024-10-20,P008,Beras 5 kg,kebutuhan_rumah,70500,33,7,26,1833000,0,0,0,offline,Sunday,1,10,0,cerah,135,4.8
2024-10-20,P009,Minyak goreng 1 liter,kebutuhan_rumah,18000,102,45,57,872100,15,1,153900,offline,Sunday,1,10,0,cerah,135,4.3
2024-10-20,P010,Aksesori ponsel,aksesoris,25000,62,22,40,800000,20,1,200000,offline,Sunday,1,10,0,cerah,135,4.0
2024-10-20,P011,Buket mini,kerajinan,43500,19,5,14,609000,0,0,0,campuran,Sunday,1,10,0,cerah,135,4.4
2024-10-20,P012,Paket hampers,kerajinan,91000,12,2,10,910000,0,0,0,online,Sunday,1,10,0,cerah,135,4.7
2024-10-21,P001,Paket nasi lauk,makanan_minuman,18000,50,4,46,828000,0,0,0,online,Monday,0,10,0,berawan,121,4.7
2024-10-21,P002,Minuman kopi susu,makanan_minuman,14000,73,37,36,504000,0,0,0,offline,Monday,0,10,0,berawan,121,4.5
2024-10-21,P003,Snack kemasan lokal,makanan_minuman,9000,76,25,51,459000,0,0,0,campuran,Monday,0,10,0,berawan,121,4.2
2024-10-21,P004,Kaos basic,fashion,66500,11,1,10,665000,0,0,0,online,Monday,0,10,0,berawan,121,4.2
2024-10-21,P005,Hijab polos,fashion,41000,21,2,19,779000,0,0,0,offline,Monday,0,10,0,berawan,121,4.7
2024-10-21,P006,Sandal harian,fashion,57500,16,3,13,747500,0,0,0,online,Monday,0,10,0,berawan,121,4.1
2024-10-21,P007,Sabun cuci literan,kebutuhan_rumah,18000,48,23,25,450000,0,0,0,offline,Monday,0,10,0,berawan,121,4.1
2024-10-21,P008,Beras 5 kg,kebutuhan_rumah,69500,21,8,13,903500,0,0,0,online,Monday,0,10,0,berawan,121,4.5
2024-10-21,P009,Minyak goreng 1 liter,kebutuhan_rumah,19500,51,24,27,526500,0,0,0,online,Monday,0,10,0,berawan,121,4.3
2024-10-21,P010,Aksesori ponsel,aksesoris,25000,34,15,19,475000,0,0,0,offline,Monday,0,10,0,berawan,121,4.3
2024-10-21,P011,Buket mini,kerajinan,45500,10,6,4,182000,0,0,0,online,Monday,0,10,0,berawan,121,4.8
2024-10-21,P012,Paket hampers,kerajinan,95500,9,0,9,859500,0,0,0,offline,Monday,0,10,0,berawan,121,4.6
2024-10-22,P001,Paket nasi lauk,makanan_minuman,17500,35,16,19,332500,0,0,0,offline,Tuesday,0,10,0,hujan_deras,88,4.5
2024-10-22,P002,Minuman kopi susu,makanan_minuman,15000,75,43,32,408000,15,1,72000,online,Tuesday,0,10,0,hujan_deras,88,4.5
2024-10-22,P003,Snack kemasan lokal,makanan_minuman,9500,58,14,44,376200,10,1,41800,offline,Tuesday,0,10,0,hujan_deras,88,4.3
2024-10-22,P004,Kaos basic,fashion,65000,12,5,7,455000,0,0,0,offline,Tuesday,0,10,0,hujan_deras,88,4.3
2024-10-22,P005,Hijab polos,fashion,39500,16,7,9,355500,0,0,0,offline,Tuesday,0,10,0,hujan_deras,88,4.6
2024-10-22,P006,Sandal harian,fashion,57000,10,6,4,228000,0,0,0,online,Tuesday,0,10,0,hujan_deras,88,4.0
2024-10-22,P007,Sabun cuci literan,kebutuhan_rumah,17000,42,20,22,355300,5,1,18700,offline,Tuesday,0,10,0,hujan_deras,88,4.0
2024-10-22,P008,Beras 5 kg,kebutuhan_rumah,69500,19,10,9,625500,0,0,0,offline,Tuesday,0,10,0,hujan_deras,88,4.7
2024-10-22,P009,Minyak goreng 1 liter,kebutuhan_rumah,19500,22,1,21,409500,0,0,0,online,Tuesday,0,10,0,hujan_deras,88,4.5
2024-10-22,P010,Aksesori ponsel,aksesoris,26000,23,12,11,286000,0,0,0,offline,Tuesday,0,10,0,hujan_deras,88,3.9
2024-10-22,P011,Buket mini,kerajinan,45000,8,3,5,225000,0,0,0,campuran,Tuesday,0,10,0,hujan_deras,88,4.9
2024-10-22,P012,Paket hampers,kerajinan,84000,5,3,2,168000,0,0,0,online,Tuesday,0,10,0,hujan_deras,88,4.7
2024-10-23,P001,Paket nasi lauk,makanan_minuman,18500,38,14,24,444000,0,0,0,online,Wednesday,0,10,0,hujan_deras,93,4.3
2024-10-23,P002,Minuman kopi susu,makanan_minuman,15500,41,18,23,356500,0,0,0,offline,Wednesday,0,10,0,hujan_deras,93,4.5
2024-10-23,P003,Snack kemasan lokal,makanan_minuman,9000,43,8,35,315000,0,0,0,offline,Wednesday,0,10,0,hujan_deras,93,4.0
2024-10-23,P004,Kaos basic,fashion,61000,16,14,2,122000,0,0,0,offline,Wednesday,0,10,0,hujan_deras,93,4.5
2024-10-23,P005,Hijab polos,fashion,44000,14,6,8,352000,0,0,0,online,Wednesday,0,10,0,hujan_deras,93,4.4
2024-10-23,P006,Sandal harian,fashion,55000,15,11,4,220000,0,0,0,campuran,Wednesday,0,10,0,hujan_deras,93,4.0
2024-10-23,P007,Sabun cuci literan,kebutuhan_rumah,16500,20,6,14,231000,0,0,0,online,Wednesday,0,10,0,hujan_deras,93,4.4
2024-10-23,P008,Beras 5 kg,kebutuhan_rumah,71500,15,6,9,643500,0,0,0,offline,Wednesday,0,10,0,hujan_deras,93,4.6
2024-10-23,P009,Minyak goreng 1 liter,kebutuhan_rumah,18000,23,6,17,306000,0,0,0,online,Wednesday,0,10,0,hujan_deras,93,4.3
2024-10-23,P010,Aksesori ponsel,aksesoris,26000,16,1,15,390000,0,0,0,online,Wednesday,0,10,0,hujan_deras,93,4.0
2024-10-23,P011,Buket mini,kerajinan,44000,9,0,9,396000,0,0,0,offline,Wednesday,0,10,0,hujan_deras,93,4.5
2024-10-23,P012,Paket hampers,kerajinan,92500,6,3,3,277500,0,0,0,online,Wednesday,0,10,0,hujan_deras,93,4.8
2024-10-24,P001,Paket nasi lauk,makanan_minuman,17500,68,16,52,864500,5,1,45500,online,Thursday,0,10,0,berawan,101,4.3
2024-10-24,P002,Minuman kopi susu,makanan_minuman,15000,60,3,57,726800,15,1,128200,campuran,Thursday,0,10,0,berawan,101,4.4
2024-10-24,P003,Snack kemasan lokal,makanan_minuman,9000,59,19,40,360000,0,0,0,online,Thursday,0,10,0,berawan,101,4.3
2024-10-24,P004,Kaos basic,fashion,66000,16,11,5,330000,0,0,0,offline,Thursday,0,10,0,berawan,101,4.4
2024-10-24,P005,Hijab polos,fashion,42500,21,5,16,680000,0,0,0,online,Thursday,0,10,0,berawan,101,4.6
2024-10-24,P006,Sandal harian,fashion,57000,14,0,14,798000,0,0,0,campuran,Thursday,0,10,0,berawan,101,4.1
2024-10-24,P007,Sabun cuci literan,kebutuhan_rumah,17500,35,6,29,507500,0,0,0,offline,Thursday,0,10,0,berawan,101,4.1
2024-10-24,P008,Beras 5 kg,kebutuhan_rumah,72500,17,10,7,507500,0,0,0,online,Thursday,0,10,0,berawan,101,4.6
2024-10-24,P009,Minyak goreng 1 liter,kebutuhan_rumah,19000,30,5,25,475000,0,0,0,offline,Thursday,0,10,0,berawan,101,4.5
2024-10-24,P010,Aksesori ponsel,aksesoris,25000,26,8,18,450000,0,0,0,online,Thursday,0,10,0,berawan,101,4.1
2024-10-24,P011,Buket mini,kerajinan,47000,15,1,14,625100,5,1,32900,offline,Thursday,0,10,0,berawan,101,4.6
2024-10-24,P012,Paket hampers,kerajinan,99500,5,0,5,497500,0,0,0,online,Thursday,0,10,0,berawan,101,4.6
2024-10-25,P001,Paket nasi lauk,makanan_minuman,18000,51,20,31,558000,0,0,0,online,Friday,0,10,0,cerah,107,4.4
2024-10-25,P002,Minuman kopi susu,makanan_minuman,15500,61,11,50,775000,0,0,0,online,Friday,0,10,0,cerah,107,4.2
2024-10-25,P003,Snack kemasan lokal,makanan_minuman,9500,72,12,60,513000,10,1,57000,online,Friday,0,10,0,cerah,107,4.5
2024-10-25,P004,Kaos basic,fashion,70000,17,0,17,1190000,0,0,0,campuran,Friday,0,10,0,cerah,107,4.3
2024-10-25,P005,Hijab polos,fashion,41500,25,10,15,622500,0,0,0,online,Friday,0,10,0,cerah,107,4.6
2024-10-25,P006,Sandal harian,fashion,57000,14,3,11,627000,0,0,0,online,Friday,0,10,0,cerah,107,4.2
2024-10-25,P007,Sabun cuci literan,kebutuhan_rumah,16500,25,11,14,231000,0,0,0,offline,Friday,0,10,0,cerah,107,4.1
2024-10-25,P008,Beras 5 kg,kebutuhan_rumah,73000,26,14,12,876000,0,0,0,online,Friday,0,10,0,cerah,107,4.7
2024-10-25,P009,Minyak goreng 1 liter,kebutuhan_rumah,20000,44,14,30,600000,0,0,0,online,Friday,0,10,0,cerah,107,4.5
2024-10-25,P010,Aksesori ponsel,aksesoris,27500,29,13,16,440000,0,0,0,offline,Friday,0,10,0,cerah,107,4.3
2024-10-25,P011,Buket mini,kerajinan,44000,17,9,8,352000,0,0,0,online,Friday,0,10,0,cerah,107,4.6
2024-10-25,P012,Paket hampers,kerajinan,96000,12,4,8,768000,0,0,0,campuran,Friday,0,10,0,cerah,107,4.5
2024-10-26,P001,Paket nasi lauk,makanan_minuman,18500,94,32,62,1089600,5,1,57400,offline,Saturday,1,10,0,berawan,124,4.7
2024-10-26,P002,Minuman kopi susu,makanan_minuman,15000,101,43,58,870000,0,0,0,campuran,Saturday,1,10,0,berawan,124,4.6
2024-10-26,P003,Snack kemasan lokal,makanan_minuman,9500,80,17,63,598500,0,0,0,offline,Saturday,1,10,0,berawan,124,4.2
2024-10-26,P004,Kaos basic,fashion,69000,29,13,16,1104000,0,0,0,offline,Saturday,1,10,0,berawan,124,4.2
2024-10-26,P005,Hijab polos,fashion,44000,42,18,24,1056000,0,0,0,campuran,Saturday,1,10,0,berawan,124,4.4
2024-10-26,P006,Sandal harian,fashion,56000,33,23,10,504000,10,1,56000,campuran,Saturday,1,10,0,berawan,124,3.9
2024-10-26,P007,Sabun cuci literan,kebutuhan_rumah,17500,51,15,36,630000,0,0,0,offline,Saturday,1,10,0,berawan,124,4.4
2024-10-26,P008,Beras 5 kg,kebutuhan_rumah,71000,31,7,24,1448400,15,1,255600,online,Saturday,1,10,0,berawan,124,4.5
2024-10-26,P009,Minyak goreng 1 liter,kebutuhan_rumah,17500,74,12,62,976500,10,1,108500,offline,Saturday,1,10,0,berawan,124,4.2
2024-10-26,P010,Aksesori ponsel,aksesoris,25000,66,22,44,935000,15,1,165000,campuran,Saturday,1,10,0,berawan,124,4.0
2024-10-26,P011,Buket mini,kerajinan,47000,18,6,12,564000,0,0,0,campuran,Saturday,1,10,0,berawan,124,4.7
2024-10-26,P012,Paket hampers,kerajinan,94500,19,5,14,1190700,10,1,132300,offline,Saturday,1,10,0,berawan,124,4.7
2024-10-27,P001,Paket nasi lauk,makanan_minuman,18000,70,28,42,756000,0,0,0,offline,Sunday,1,10,0,cerah,147,4.6
2024-10-27,P002,Minuman kopi susu,makanan_minuman,14500,95,32,63,913500,0,0,0,online,Sunday,1,10,0,cerah,147,4.5
2024-10-27,P003,Snack kemasan lokal,makanan_minuman,9000,107,21,86,774000,0,0,0,campuran,Sunday,1,10,0,cerah,147,4.2
2024-10-27,P004,Kaos basic,fashion,62500,36,25,11,687500,0,0,0,offline,Sunday,1,10,0,cerah,147,4.3
2024-10-27,P005,Hijab polos,fashion,40000,40,17,23,920000,0,0,0,online,Sunday,1,10,0,cerah,147,4.3
2024-10-27,P006,Sandal harian,fashion,55000,22,8,14,770000,0,0,0,campuran,Sunday,1,10,0,cerah,147,3.9
2024-10-27,P007,Sabun cuci literan,kebutuhan_rumah,17500,62,25,37,647500,0,0,0,online,Sunday,1,10,0,cerah,147,4.0
2024-10-27,P008,Beras 5 kg,kebutuhan_rumah,71500,27,4,23,1644500,0,0,0,offline,Sunday,1,10,0,cerah,147,4.8
2024-10-27,P009,Minyak goreng 1 liter,kebutuhan_rumah,19000,68,31,37,703000,0,0,0,online,Sunday,1,10,0,cerah,147,4.5
2024-10-27,P010,Aksesori ponsel,aksesoris,24500,86,15,71,1478600,15,1,260900,campuran,Sunday,1,10,0,cerah,147,4.0
2024-10-27,P011,Buket mini,kerajinan,42500,22,8,14,595000,0,0,0,offline,Sunday,1,10,0,cerah,147,4.8
2024-10-27,P012,Paket hampers,kerajinan,94000,26,9,17,1358300,15,1,239700,campuran,Sunday,1,10,0,cerah,147,4.7
2024-10-28,P001,Paket nasi lauk,makanan_minuman,18000,50,22,28,504000,0,0,0,offline,Monday,0,10,0,cerah,69,4.4
2024-10-28,P002,Minuman kopi susu,makanan_minuman,16000,44,10,34,544000,0,0,0,online,Monday,0,10,0,cerah,69,4.2
2024-10-28,P003,Snack kemasan lokal,makanan_minuman,9500,66,24,42,399000,0,0,0,campuran,Monday,0,10,0,cerah,69,4.2
2024-10-28,P004,Kaos basic,fashion,63500,18,3,15,952500,0,0,0,campuran,Monday,0,10,0,cerah,69,4.2
2024-10-28,P005,Hijab polos,fashion,40500,30,9,21,808000,5,1,42500,offline,Monday,0,10,0,cerah,69,4.3
2024-10-28,P006,Sandal harian,fashion,54000,15,9,6,324000,0,0,0,offline,Monday,0,10,0,cerah,69,4.1
2024-10-28,P007,Sabun cuci literan,kebutuhan_rumah,18000,31,6,25,450000,0,0,0,offline,Monday,0,10,0,cerah,69,4.4
2024-10-28,P008,Beras 5 kg,kebutuhan_rumah,74000,18,6,12,888000,0,0,0,online,Monday,0,10,0,cerah,69,4.8
2024-10-28,P009,Minyak goreng 1 liter,kebutuhan_rumah,18500,35,19,16,296000,0,0,0,offline,Monday,0,10,0,cerah,69,4.5
2024-10-28,P010,Aksesori ponsel,aksesoris,25500,22,3,19,484500,0,0,0,online,Monday,0,10,0,cerah,69,3.8
2024-10-28,P011,Buket mini,kerajinan,47000,18,11,7,329000,0,0,0,campuran,Monday,0,10,0,cerah,69,4.8
2024-10-28,P012,Paket hampers,kerajinan,91000,15,10,5,432200,5,1,22800,online,Monday,0,10,0,cerah,69,4.6
2024-10-29,P001,Paket nasi lauk,makanan_minuman,17000,66,40,26,442000,0,0,0,online,Tuesday,0,10,0,cerah,99,4.7
2024-10-29,P002,Minuman kopi susu,makanan_minuman,15000,70,29,41,615000,0,0,0,offline,Tuesday,0,10,0,cerah,99,4.4
2024-10-29,P003,Snack kemasan lokal,makanan_minuman,9000,72,19,53,477000,0,0,0,offline,Tuesday,0,10,0,cerah,99,4.3
2024-10-29,P004,Kaos basic,fashion,67500,17,3,14,945000,0,0,0,online,Tuesday,0,10,0,cerah,99,4.4
2024-10-29,P005,Hijab polos,fashion,41500,26,0,26,1079000,0,0,0,offline,Tuesday,0,10,0,cerah,99,4.4
2024-10-29,P006,Sandal harian,fashion,54500,29,13,16,784800,10,1,87200,campuran,Tuesday,0,10,0,cerah,99,3.9
2024-10-29,P007,Sabun cuci literan,kebutuhan_rumah,17500,38,15,23,402500,0,0,0,campuran,Tuesday,0,10,0,cerah,99,4.0
2024-10-29,P008,Beras 5 kg,kebutuhan_rumah,67000,27,15,12,804000,0,0,0,online,Tuesday,0,10,0,cerah,99,5.0
2024-10-29,P009,Minyak goreng 1 liter,kebutuhan_rumah,19000,70,38,32,577600,5,1,30400,campuran,Tuesday,0,10,0,cerah,99,4.2
2024-10-29,P010,Aksesori ponsel,aksesoris,24000,33,13,20,480000,0,0,0,offline,Tuesday,0,10,0,cerah,99,3.9
2024-10-29,P011,Buket mini,kerajinan,43500,5,0,5,206600,5,1,10900,online,Tuesday,0,10,0,cerah,99,4.7
2024-10-29,P012,Paket hampers,kerajinan,94000,9,1,8,752000,0,0,0,offline,Tuesday,0,10,0,cerah,99,4.6
2024-10-30,P001,Paket nasi lauk,makanan_minuman,18000,55,17,38,684000,0,0,0,offline,Wednesday,0,10,0,berawan,64,4.3
2024-10-30,P002,Minuman kopi susu,makanan_minuman,15000,51,29,22,330000,0,0,0,online,Wednesday,0,10,0,berawan,64,4.3
2024-10-30,P003,Snack kemasan lokal,makanan_minuman,8500,37,1,36,306000,0,0,0,online,Wednesday,0,10,0,berawan,64,4.2
2024-10-30,P004,Kaos basic,fashion,61500,24,6,18,885600,20,1,221400,offline,Wednesday,0,10,0,berawan,64,4.5
2024-10-30,P005,Hijab polos,fashion,43000,25,14,11,449400,5,1,23600,offline,Wednesday,0,10,0,berawan,64,4.3
2024-10-30,P006,Sandal harian,fashion,54500,26,10,16,784800,10,1,87200,campuran,Wednesday,0,10,0,berawan,64,4.1
2024-10-30,P007,Sabun cuci literan,kebutuhan_rumah,16500,38,9,29,478500,0,0,0,campuran,Wednesday,0,10,0,berawan,64,4.3
2024-10-30,P008,Beras 5 kg,kebutuhan_rumah,73500,19,8,11,768100,5,1,40400,online,Wednesday,0,10,0,berawan,64,4.9
2024-10-30,P009,Minyak goreng 1 liter,kebutuhan_rumah,19000,32,13,19,361000,0,0,0,offline,Wednesday,0,10,0,berawan,64,4.5
2024-10-30,P010,Aksesori ponsel,aksesoris,24000,35,10,25,600000,0,0,0,campuran,Wednesday,0,10,0,berawan,64,4.1
2024-10-30,P011,Buket mini,kerajinan,45000,11,0,11,445500,10,1,49500,online,Wednesday,0,10,0,berawan,64,5.0
2024-10-30,P012,Paket hampers,kerajinan,89000,9,7,2,178000,0,0,0,campuran,Wednesday,0,10,0,berawan,64,4.4
2024-10-31,P001,Paket nasi lauk,makanan_minuman,18500,34,8,26,481000,0,0,0,offline,Thursday,0,10,0,cerah,97,4.5
2024-10-31,P002,Minuman kopi susu,makanan_minuman,14500,55,31,24,348000,0,0,0,online,Thursday,0,10,0,cerah,97,4.4
2024-10-31,P003,Snack kemasan lokal,makanan_minuman,8500,72,16,56,476000,0,0,0,campuran,Thursday,0,10,0,cerah,97,4.2
2024-10-31,P004,Kaos basic,fashion,63000,17,0,17,1071000,0,0,0,offline,Thursday,0,10,0,cerah,97,4.5
2024-10-31,P005,Hijab polos,fashion,41000,19,0,19,779000,0,0,0,online,Thursday,0,10,0,cerah,97,4.6
2024-10-31,P006,Sandal harian,fashion,54000,23,11,12,583200,10,1,64800,online,Thursday,0,10,0,cerah,97,4.1
2024-10-31,P007,Sabun cuci literan,kebutuhan_rumah,16500,42,30,12,198000,0,0,0,offline,Thursday,0,10,0,cerah,97,4.2
2024-10-31,P008,Beras 5 kg,kebutuhan_rumah,69000,19,10,9,621000,0,0,0,online,Thursday,0,10,0,cerah,97,4.8
2024-10-31,P009,Minyak goreng 1 liter,kebutuhan_rumah,19000,47,18,29,551000,0,0,0,offline,Thursday,0,10,0,cerah,97,4.4
2024-10-31,P010,Aksesori ponsel,aksesoris,24500,37,13,24,588000,0,0,0,campuran,Thursday,0,10,0,cerah,97,4.1
2024-10-31,P011,Buket mini,kerajinan,43500,17,0,17,739500,0,0,0,campuran,Thursday,0,10,0,cerah,97,4.6
2024-10-31,P012,Paket hampers,kerajinan,98000,9,3,6,588000,0,0,0,online,Thursday,0,10,0,cerah,97,4.7
2024-11-01,P001,Paket nasi lauk,makanan_minuman,17000,69,28,41,697000,0,0,0,offline,Friday,0,11,0,berawan,103,4.5
2024-11-01,P002,Minuman kopi susu,makanan_minuman,15000,27,0,27,405000,0,0,0,offline,Friday,0,11,0,berawan,103,4.4
2024-11-01,P003,Snack kemasan lokal,makanan_minuman,9000,127,31,96,734400,15,1,129600,campuran,Friday,0,11,0,berawan,103,4.1
2024-11-01,P004,Kaos basic,fashion,64500,19,9,10,645000,0,0,0,offline,Friday,0,11,0,berawan,103,4.4
2024-11-01,P005,Hijab polos,fashion,40500,40,17,23,791800,15,1,139700,online,Friday,0,11,0,berawan,103,4.6
2024-11-01,P006,Sandal harian,fashion,53000,23,12,11,583000,0,0,0,campuran,Friday,0,11,0,berawan,103,4.2
2024-11-01,P007,Sabun cuci literan,kebutuhan_rumah,15500,39,20,19,294500,0,0,0,offline,Friday,0,11,0,berawan,103,4.2
2024-11-01,P008,Beras 5 kg,kebutuhan_rumah,74000,26,11,15,1054500,5,1,55500,offline,Friday,0,11,0,berawan,103,4.8
2024-11-01,P009,Minyak goreng 1 liter,kebutuhan_rumah,19500,31,2,29,565500,0,0,0,offline,Friday,0,11,0,berawan,103,4.2
2024-11-01,P010,Aksesori ponsel,aksesoris,25000,56,22,34,765000,10,1,85000,campuran,Friday,0,11,0,berawan,103,4.0
2024-11-01,P011,Buket mini,kerajinan,49000,8,1,7,343000,0,0,0,online,Friday,0,11,0,berawan,103,4.9
2024-11-01,P012,Paket hampers,kerajinan,90500,9,2,7,633500,0,0,0,online,Friday,0,11,0,berawan,103,4.9
2024-11-02,P001,Paket nasi lauk,makanan_minuman,19500,73,26,47,916500,0,0,0,campuran,Saturday,1,11,0,berawan,107,4.3
2024-11-02,P002,Minuman kopi susu,makanan_minuman,16000,88,24,64,1024000,0,0,0,campuran,Saturday,1,11,0,berawan,107,4.4
2024-11-02,P003,Snack kemasan lokal,makanan_minuman,8500,143,60,83,599700,15,1,105800,online,Saturday,1,11,0,berawan,107,4.3
2024-11-02,P004,Kaos basic,fashion,63500,27,14,13,825500,0,0,0,campuran,Saturday,1,11,0,berawan,107,4.6
2024-11-02,P005,Hijab polos,fashion,41000,24,7,17,697000,0,0,0,online,Saturday,1,11,0,berawan,107,4.8
2024-11-02,P006,Sandal harian,fashion,55000,24,1,23,1265000,0,0,0,campuran,Saturday,1,11,0,berawan,107,4.2
2024-11-02,P007,Sabun cuci literan,kebutuhan_rumah,17500,57,11,46,724500,10,1,80500,online,Saturday,1,11,0,berawan,107,4.2
2024-11-02,P008,Beras 5 kg,kebutuhan_rumah,73500,23,1,22,1617000,0,0,0,online,Saturday,1,11,0,berawan,107,4.7
2024-11-02,P009,Minyak goreng 1 liter,kebutuhan_rumah,18500,49,25,24,444000,0,0,0,online,Saturday,1,11,0,berawan,107,4.7
2024-11-02,P010,Aksesori ponsel,aksesoris,25000,44,15,29,725000,0,0,0,campuran,Saturday,1,11,0,berawan,107,4.0
2024-11-02,P011,Buket mini,kerajinan,42000,17,6,11,462000,0,0,0,offline,Saturday,1,11,0,berawan,107,4.6
2024-11-02,P012,Paket hampers,kerajinan,86500,12,6,6,519000,0,0,0,offline,Saturday,1,11,0,berawan,107,5.0
2024-11-03,P001,Paket nasi lauk,makanan_minuman,18000,40,0,40,720000,0,0,0,online,Sunday,1,11,0,hujan_ringan,122,4.6
2024-11-03,P002,Minuman kopi susu,makanan_minuman,15500,60,14,46,713000,0,0,0,online,Sunday,1,11,0,hujan_ringan,122,4.6
2024-11-03,P003,Snack kemasan lokal,makanan_minuman,10000,146,68,78,702000,10,1,78000,online,Sunday,1,11,0,hujan_ringan,122,4.1
2024-11-03,P004,Kaos basic,fashion,68500,29,10,19,1106300,15,1,195200,offline,Sunday,1,11,0,hujan_ringan,122,4.2
2024-11-03,P005,Hijab polos,fashion,41000,31,6,25,1025000,0,0,0,offline,Sunday,1,11,0,hujan_ringan,122,4.5
2024-11-03,P006,Sandal harian,fashion,59000,25,8,17,902700,10,1,100300,campuran,Sunday,1,11,0,hujan_ringan,122,4.2
2024-11-03,P007,Sabun cuci literan,kebutuhan_rumah,18000,55,27,28,504000,0,0,0,campuran,Sunday,1,11,0,hujan_ringan,122,4.2
2024-11-03,P008,Beras 5 kg,kebutuhan_rumah,74500,23,4,19,1415500,0,0,0,campuran,Sunday,1,11,0,hujan_ringan,122,4.5
2024-11-03,P009,Minyak goreng 1 liter,kebutuhan_rumah,18500,41,0,41,720600,5,1,37900,online,Sunday,1,11,0,hujan_ringan,122,4.7
2024-11-03,P010,Aksesori ponsel,aksesoris,25500,29,0,29,739500,0,0,0,campuran,Sunday,1,11,0,hujan_ringan,122,4.0
2024-11-03,P011,Buket mini,kerajinan,47500,19,4,15,641200,10,1,71200,offline,Sunday,1,11,0,hujan_ringan,122,5.0
2024-11-03,P012,Paket hampers,kerajinan,98500,9,0,9,886500,0,0,0,online,Sunday,1,11,0,hujan_ringan,122,4.5
2024-11-04,P001,Paket nasi lauk,makanan_minuman,18500,32,10,22,407000,0,0,0,online,Monday,0,11,0,hujan_deras,82,4.5
2024-11-04,P002,Minuman kopi susu,makanan_minuman,17000,44,10,34,578000,0,0,0,campuran,Monday,0,11,0,hujan_deras,82,4.6
2024-11-04,P003,Snack kemasan lokal,makanan_minuman,9000,55,19,36,324000,0,0,0,campuran,Monday,0,11,0,hujan_deras,82,4.0
2024-11-04,P004,Kaos basic,fashion,64500,11,4,7,451500,0,0,0,offline,Monday,0,11,0,hujan_deras,82,4.2
2024-11-04,P005,Hijab polos,fashion,42500,23,11,12,510000,0,0,0,offline,Monday,0,11,0,hujan_deras,82,4.5
2024-11-04,P006,Sandal harian,fashion,55500,11,11,0,0,0,0,0,offline,Monday,0,11,0,hujan_deras,82,4.1
2024-11-04,P007,Sabun cuci literan,kebutuhan_rumah,17500,39,17,22,365800,5,1,19200,offline,Monday,0,11,0,hujan_deras,82,4.3
2024-11-04,P008,Beras 5 kg,kebutuhan_rumah,74500,13,7,6,447000,0,0,0,online,Monday,0,11,0,hujan_deras,82,4.9
2024-11-04,P009,Minyak goreng 1 liter,kebutuhan_rumah,19500,48,30,18,333400,5,1,17600,online,Monday,0,11,0,hujan_deras,82,4.5
2024-11-04,P010,Aksesori ponsel,aksesoris,25500,20,0,20,510000,0,0,0,offline,Monday,0,11,0,hujan_deras,82,4.1
2024-11-04,P011,Buket mini,kerajinan,46000,8,0,8,368000,0,0,0,online,Monday,0,11,0,hujan_deras,82,4.7
2024-11-04,P012,Paket hampers,kerajinan,92500,7,3,4,370000,0,0,0,offline,Monday,0,11,0,hujan_deras,82,4.5
2024-11-05,P001,Paket nasi lauk,makanan_minuman,18000,31,2,29,522000,0,0,0,offline,Tuesday,0,11,0,hujan_ringan,68,4.4
2024-11-05,P002,Minuman kopi susu,makanan_minuman,16000,46,5,41,656000,0,0,0,offline,Tuesday,0,11,0,hujan_ringan,68,4.4
2024-11-05,P003,Snack kemasan lokal,makanan_minuman,9000,51,13,38,342000,0,0,0,offline,Tuesday,0,11,0,hujan_ringan,68,4.1
2024-11-05,P004,Kaos basic,fashion,63500,12,3,9,571500,0,0,0,offline,Tuesday,0,11,0,hujan_ringan,68,4.3
2024-11-05,P005,Hijab polos,fashion,41500,34,6,28,987700,15,1,174300,offline,Tuesday,0,11,0,hujan_ringan,68,4.4
2024-11-05,P006,Sandal harian,fashion,54500,17,6,11,539600,10,1,60000,campuran,Tuesday,0,11,0,hujan_ringan,68,4.3
2024-11-05,P007,Sabun cuci literan,kebutuhan_rumah,16500,49,26,23,360500,5,1,19000,campuran,Tuesday,0,11,0,hujan_ringan,68,4.1
2024-11-05,P008,Beras 5 kg,kebutuhan_rumah,72000,19,9,10,720000,0,0,0,online,Tuesday,0,11,0,hujan_ringan,68,4.6
2024-11-05,P009,Minyak goreng 1 liter,kebutuhan_rumah,18500,40,26,14,259000,0,0,0,offline,Tuesday,0,11,0,hujan_ringan,68,4.3
2024-11-05,P010,Aksesori ponsel,aksesoris,23500,24,12,12,282000,0,0,0,offline,Tuesday,0,11,0,hujan_ringan,68,3.8
2024-11-05,P011,Buket mini,kerajinan,46000,12,5,7,322000,0,0,0,offline,Tuesday,0,11,0,hujan_ringan,68,4.7
2024-11-05,P012,Paket hampers,kerajinan,91500,9,6,3,274500,0,0,0,offline,Tuesday,0,11,0,hujan_ringan,68,4.3
2024-11-06,P001,Paket nasi lauk,makanan_minuman,18500,43,18,25,462500,0,0,0,offline,Wednesday,0,11,0,hujan_ringan,91,4.4
2024-11-06,P002,Minuman kopi susu,makanan_minuman,15000,67,21,46,690000,0,0,0,campuran,Wednesday,0,11,0,hujan_ringan,91,4.6
2024-11-06,P003,Snack kemasan lokal,makanan_minuman,9000,60,33,27,243000,0,0,0,online,Wednesday,0,11,0,hujan_ringan,91,4.1
2024-11-06,P004,Kaos basic,fashion,67500,12,6,6,405000,0,0,0,offline,Wednesday,0,11,0,hujan_ringan,91,4.5
2024-11-06,P005,Hijab polos,fashion,41500,23,13,10,415000,0,0,0,online,Wednesday,0,11,0,hujan_ringan,91,4.7
2024-11-06,P006,Sandal harian,fashion,53000,14,6,8,424000,0,0,0,campuran,Wednesday,0,11,0,hujan_ringan,91,4.3
2024-11-06,P007,Sabun cuci literan,kebutuhan_rumah,17000,33,11,22,374000,0,0,0,online,Wednesday,0,11,0,hujan_ringan,91,4.3
2024-11-06,P008,Beras 5 kg,kebutuhan_rumah,73500,24,14,10,735000,0,0,0,campuran,Wednesday,0,11,0,hujan_ringan,91,4.4
2024-11-06,P009,Minyak goreng 1 liter,kebutuhan_rumah,19000,69,32,37,632700,10,1,70300,campuran,Wednesday,0,11,0,hujan_ringan,91,4.3
2024-11-06,P010,Aksesori ponsel,aksesoris,25500,32,13,19,484500,0,0,0,campuran,Wednesday,0,11,0,hujan_ringan,91,4.2
2024-11-06,P011,Buket mini,kerajinan,46000,13,8,5,230000,0,0,0,offline,Wednesday,0,11,0,hujan_ringan,91,4.7
2024-11-06,P012,Paket hampers,kerajinan,96500,9,4,5,458400,5,1,24100,campuran,Wednesday,0,11,0,hujan_ringan,91,4.5
2024-11-07,P001,Paket nasi lauk,makanan_minuman,18000,42,7,35,598500,5,1,31500,online,Thursday,0,11,0,hujan_ringan,88,4.5
2024-11-07,P002,Minuman kopi susu,makanan_minuman,15500,46,14,32,496000,0,0,0,offline,Thursday,0,11,0,hujan_ringan,88,4.4
2024-11-07,P003,Snack kemasan lokal,makanan_minuman,8500,65,32,33,280500,0,0,0,offline,Thursday,0,11,0,hujan_ringan,88,4.5
2024-11-07,P004,Kaos basic,fashion,70000,10,0,10,700000,0,0,0,online,Thursday,0,11,0,hujan_ringan,88,4.0
2024-11-07,P005,Hijab polos,fashion,43500,20,3,17,739500,0,0,0,offline,Thursday,0,11,0,hujan_ringan,88,4.5
2024-11-07,P006,Sandal harian,fashion,52000,14,7,7,364000,0,0,0,online,Thursday,0,11,0,hujan_ringan,88,4.0
2024-11-07,P007,Sabun cuci literan,kebutuhan_rumah,17000,33,22,11,187000,0,0,0,online,Thursday,0,11,0,hujan_ringan,88,4.1
2024-11-07,P008,Beras 5 kg,kebutuhan_rumah,70500,29,6,23,1459400,10,1,162200,online,Thursday,0,11,0,hujan_ringan,88,4.5
2024-11-07,P009,Minyak goreng 1 liter,kebutuhan_rumah,19000,29,11,18,342000,0,0,0,online,Thursday,0,11,0,hujan_ringan,88,4.5
2024-11-07,P010,Aksesori ponsel,aksesoris,25500,28,13,15,382500,0,0,0,offline,Thursday,0,11,0,hujan_ringan,88,3.9
2024-11-07,P011,Buket mini,kerajinan,41000,9,5,4,164000,0,0,0,online,Thursday,0,11,0,hujan_ringan,88,4.5
2024-11-07,P012,Paket hampers,kerajinan,93000,7,1,6,558000,0,0,0,online,Thursday,0,11,0,hujan_ringan,88,4.8
2024-11-08,P001,Paket nasi lauk,makanan_minuman,18000,57,18,39,666900,5,1,35100,offline,Friday,0,11,0,hujan_deras,89,4.6
2024-11-08,P002,Minuman kopi susu,makanan_minuman,14500,40,10,30,435000,0,0,0,offline,Friday,0,11,0,hujan_deras,89,4.6
2024-11-08,P003,Snack kemasan lokal,makanan_minuman,9000,55,15,40,360000,0,0,0,campuran,Friday,0,11,0,hujan_deras,89,4.2
2024-11-08,P004,Kaos basic,fashion,61500,11,5,6,369000,0,0,0,offline,Friday,0,11,0,hujan_deras,89,4.2
2024-11-08,P005,Hijab polos,fashion,41500,19,0,19,788500,0,0,0,offline,Friday,0,11,0,hujan_deras,89,4.5
2024-11-08,P006,Sandal harian,fashion,54000,9,1,8,432000,0,0,0,online,Friday,0,11,0,hujan_deras,89,4.0
2024-11-08,P007,Sabun cuci literan,kebutuhan_rumah,17000,37,8,29,468400,5,1,24600,online,Friday,0,11,0,hujan_deras,89,4.1
2024-11-08,P008,Beras 5 kg,kebutuhan_rumah,70000,18,7,11,770000,0,0,0,offline,Friday,0,11,0,hujan_deras,89,4.5
2024-11-08,P009,Minyak goreng 1 liter,kebutuhan_rumah,18000,43,25,18,324000,0,0,0,campuran,Friday,0,11,0,hujan_deras,89,4.3
2024-11-08,P010,Aksesori ponsel,aksesoris,26000,20,4,16,416000,0,0,0,offline,Friday,0,11,0,hujan_deras,89,4.0
2024-11-08,P011,Buket mini,kerajinan,47500,12,1,11,470200,10,1,52200,online,Friday,0,11,0,hujan_deras,89,4.7
2024-11-08,P012,Paket hampers,kerajinan,92500,6,2,4,370000,0,0,0,online,Friday,0,11,0,hujan_deras,89,4.6
2024-11-09,P001,Paket nasi lauk,makanan_minuman,18000,77,38,39,702000,0,0,0,online,Saturday,1,11,0,cerah,149,4.5
2024-11-09,P002,Minuman kopi susu,makanan_minuman,14500,121,60,61,884500,0,0,0,offline,Saturday,1,11,0,cerah,149,4.3
2024-11-09,P003,Snack kemasan lokal,makanan_minuman,9000,146,72,74,666000,0,0,0,offline,Saturday,1,11,0,cerah,149,4.3
2024-11-09,P004,Kaos basic,fashion,62000,30,11,19,1178000,0,0,0,offline,Saturday,1,11,0,cerah,149,4.1
2024-11-09,P005,Hijab polos,fashion,43500,41,19,22,957000,0,0,0,online,Saturday,1,11,0,cerah,149,4.3
2024-11-09,P006,Sandal harian,fashion,57500,34,19,15,776200,10,1,86200,online,Saturday,1,11,0,cerah,149,4.0
2024-11-09,P007,Sabun cuci literan,kebutuhan_rumah,17500,82,37,45,787500,0,0,0,campuran,Saturday,1,11,0,cerah,149,4.0
2024-11-09,P008,Beras 5 kg,kebutuhan_rumah,67000,60,34,26,1567800,10,1,174200,offline,Saturday,1,11,0,cerah,149,4.6
2024-11-09,P009,Minyak goreng 1 liter,kebutuhan_rumah,19000,69,20,49,931000,0,0,0,offline,Saturday,1,11,0,cerah,149,4.3
2024-11-09,P010,Aksesori ponsel,aksesoris,25000,44,18,26,650000,0,0,0,offline,Saturday,1,11,0,cerah,149,4.2
2024-11-09,P011,Buket mini,kerajinan,44000,21,2,19,836000,0,0,0,campuran,Saturday,1,11,0,cerah,149,4.7
2024-11-09,P012,Paket hampers,kerajinan,94000,19,10,9,846000,0,0,0,campuran,Saturday,1,11,0,cerah,149,4.8
2024-11-10,P001,Paket nasi lauk,makanan_minuman,17500,62,9,53,881100,5,1,46400,online,Sunday,1,11,0,hujan_ringan,93,4.2
2024-11-10,P002,Minuman kopi susu,makanan_minuman,15000,74,32,42,598500,5,1,31500,online,Sunday,1,11,0,hujan_ringan,93,4.3
2024-11-10,P003,Snack kemasan lokal,makanan_minuman,9000,110,68,42,378000,0,0,0,online,Sunday,1,11,0,hujan_ringan,93,4.2
2024-11-10,P004,Kaos basic,fashion,67500,13,2,11,742500,0,0,0,offline,Sunday,1,11,0,hujan_ringan,93,4.2
2024-11-10,P005,Hijab polos,fashion,39000,26,18,8,312000,0,0,0,online,Sunday,1,11,0,hujan_ringan,93,4.5
2024-11-10,P006,Sandal harian,fashion,53500,26,15,11,559100,5,1,29400,online,Sunday,1,11,0,hujan_ringan,93,4.3
2024-11-10,P007,Sabun cuci literan,kebutuhan_rumah,16500,65,23,42,623700,10,1,69300,offline,Sunday,1,11,0,hujan_ringan,93,4.2
2024-11-10,P008,Beras 5 kg,kebutuhan_rumah,68000,28,9,19,1098200,15,1,193800,offline,Sunday,1,11,0,hujan_ringan,93,4.5
2024-11-10,P009,Minyak goreng 1 liter,kebutuhan_rumah,19500,38,4,34,663000,0,0,0,offline,Sunday,1,11,0,hujan_ringan,93,4.6
2024-11-10,P010,Aksesori ponsel,aksesoris,23500,31,8,23,540500,0,0,0,online,Sunday,1,11,0,hujan_ringan,93,4.0
2024-11-10,P011,Buket mini,kerajinan,43500,16,0,16,591600,15,1,104400,offline,Sunday,1,11,0,hujan_ringan,93,4.7
2024-11-10,P012,Paket hampers,kerajinan,89500,11,2,9,805500,0,0,0,offline,Sunday,1,11,0,hujan_ringan,93,4.6
2024-11-11,P001,Paket nasi lauk,makanan_minuman,19000,82,43,39,666900,10,1,74100,offline,Monday,0,11,0,berawan,100,4.8
2024-11-11,P002,Minuman kopi susu,makanan_minuman,14000,46,2,44,616000,0,0,0,offline,Monday,0,11,0,berawan,100,4.4
2024-11-11,P003,Snack kemasan lokal,makanan_minuman,8500,93,33,60,484500,5,1,25500,offline,Monday,0,11,0,berawan,100,3.8
2024-11-11,P004,Kaos basic,fashion,65500,17,4,13,851500,0,0,0,offline,Monday,0,11,0,berawan,100,4.7
2024-11-11,P005,Hijab polos,fashion,44500,19,2,17,756500,0,0,0,offline,Monday,0,11,0,berawan,100,4.6
2024-11-11,P006,Sandal harian,fashion,52000,17,5,12,624000,0,0,0,online,Monday,0,11,0,berawan,100,4.0
2024-11-11,P007,Sabun cuci literan,kebutuhan_rumah,18000,36,14,22,396000,0,0,0,offline,Monday,0,11,0,berawan,100,4.1
2024-11-11,P008,Beras 5 kg,kebutuhan_rumah,68500,24,7,17,1164500,0,0,0,campuran,Monday,0,11,0,berawan,100,4.4
2024-11-11,P009,Minyak goreng 1 liter,kebutuhan_rumah,19500,54,20,34,563600,15,1,99400,online,Monday,0,11,0,berawan,100,4.6
2024-11-11,P010,Aksesori ponsel,aksesoris,24000,19,3,16,384000,0,0,0,online,Monday,0,11,0,berawan,100,4.2
2024-11-11,P011,Buket mini,kerajinan,45000,17,6,11,396000,20,1,99000,online,Monday,0,11,0,berawan,100,4.8
2024-11-11,P012,Paket hampers,kerajinan,94500,11,4,7,661500,0,0,0,campuran,Monday,0,11,0,berawan,100,4.7
2024-11-12,P001,Paket nasi lauk,makanan_minuman,17500,92,43,49,814600,5,1,42900,offline,Tuesday,0,11,0,cerah,89,4.4
2024-11-12,P002,Minuman kopi susu,makanan_minuman,15500,51,22,29,449500,0,0,0,online,Tuesday,0,11,0,cerah,89,4.7
2024-11-12,P003,Snack kemasan lokal,makanan_minuman,9000,56,18,38,342000,0,0,0,offline,Tuesday,0,11,0,cerah,89,4.3
2024-11-12,P004,Kaos basic,fashion,62000,20,8,12,744000,0,0,0,online,Tuesday,0,11,0,cerah,89,4.4
2024-11-12,P005,Hijab polos,fashion,43500,23,8,15,652500,0,0,0,online,Tuesday,0,11,0,cerah,89,4.7
2024-11-12,P006,Sandal harian,fashion,53500,16,9,7,374500,0,0,0,campuran,Tuesday,0,11,0,cerah,89,4.1
2024-11-12,P007,Sabun cuci literan,kebutuhan_rumah,18000,26,5,21,378000,0,0,0,online,Tuesday,0,11,0,cerah,89,4.2
2024-11-12,P008,Beras 5 kg,kebutuhan_rumah,73000,30,6,24,1664400,5,1,87600,campuran,Tuesday,0,11,0,cerah,89,4.5
2024-11-12,P009,Minyak goreng 1 liter,kebutuhan_rumah,19000,55,24,31,500600,15,1,88400,offline,Tuesday,0,11,0,cerah,89,4.3
2024-11-12,P010,Aksesori ponsel,aksesoris,25500,36,21,15,382500,0,0,0,offline,Tuesday,0,11,0,cerah,89,4.0
2024-11-12,P011,Buket mini,kerajinan,47500,13,3,10,475000,0,0,0,offline,Tuesday,0,11,0,cerah,89,4.7
2024-11-12,P012,Paket hampers,kerajinan,91500,15,2,13,1011100,15,1,178400,offline,Tuesday,0,11,0,cerah,89,4.7
2024-11-13,P001,Paket nasi lauk,makanan_minuman,18000,28,0,28,504000,0,0,0,campuran,Wednesday,0,11,0,hujan_deras,64,4.4
2024-11-13,P002,Minuman kopi susu,makanan_minuman,15000,45,21,24,360000,0,0,0,online,Wednesday,0,11,0,hujan_deras,64,4.3
2024-11-13,P003,Snack kemasan lokal,makanan_minuman,9000,44,17,27,243000,0,0,0,online,Wednesday,0,11,0,hujan_deras,64,4.3
2024-11-13,P004,Kaos basic,fashion,61500,13,5,8,492000,0,0,0,campuran,Wednesday,0,11,0,hujan_deras,64,4.1
2024-11-13,P005,Hijab polos,fashion,43000,11,0,11,473000,0,0,0,online,Wednesday,0,11,0,hujan_deras,64,4.4
2024-11-13,P006,Sandal harian,fashion,53500,17,11,6,305000,5,1,16000,offline,Wednesday,0,11,0,hujan_deras,64,4.1
2024-11-13,P007,Sabun cuci literan,kebutuhan_rumah,17500,27,9,18,315000,0,0,0,offline,Wednesday,0,11,0,hujan_deras,64,4.2
2024-11-13,P008,Beras 5 kg,kebutuhan_rumah,75500,14,8,6,453000,0,0,0,offline,Wednesday,0,11,0,hujan_deras,64,4.4
2024-11-13,P009,Minyak goreng 1 liter,kebutuhan_rumah,19000,24,6,18,342000,0,0,0,online,Wednesday,0,11,0,hujan_deras,64,4.2
2024-11-13,P010,Aksesori ponsel,aksesoris,25500,19,3,16,408000,0,0,0,offline,Wednesday,0,11,0,hujan_deras,64,4.0
2024-11-13,P011,Buket mini,kerajinan,45000,12,7,5,191200,15,1,33800,offline,Wednesday,0,11,0,hujan_deras,64,4.6
2024-11-13,P012,Paket hampers,kerajinan,95000,4,0,4,380000,0,0,0,online,Wednesday,0,11,0,hujan_deras,64,4.4
2024-11-14,P001,Paket nasi lauk,makanan_minuman,18500,49,24,25,462500,0,0,0,offline,Thursday,0,11,0,berawan,79,4.5
2024-11-14,P002,Minuman kopi susu,makanan_minuman,14500,79,34,45,652500,0,0,0,campuran,Thursday,0,11,0,berawan,79,4.3
2024-11-14,P003,Snack kemasan lokal,makanan_minuman,9500,59,9,50,475000,0,0,0,online,Thursday,0,11,0,berawan,79,4.1
2024-11-14,P004,Kaos basic,fashion,64000,15,5,10,640000,0,0,0,offline,Thursday,0,11,0,berawan,79,4.3
2024-11-14,P005,Hijab polos,fashion,42500,34,19,15,605600,5,1,31900,offline,Thursday,0,11,0,berawan,79,4.5
2024-11-14,P006,Sandal harian,fashion,54500,13,4,9,490500,0,0,0,offline,Thursday,0,11,0,berawan,79,4.1
2024-11-14,P007,Sabun cuci literan,kebutuhan_rumah,17000,52,19,33,504900,10,1,56100,offline,Thursday,0,11,0,berawan,79,4.1
2024-11-14,P008,Beras 5 kg,kebutuhan_rumah,77500,21,8,13,1007500,0,0,0,offline,Thursday,0,11,0,berawan,79,4.5
2024-11-14,P009,Minyak goreng 1 liter,kebutuhan_rumah,19000,34,8,26,494000,0,0,0,online,Thursday,0,11,0,berawan,79,4.3
2024-11-14,P010,Aksesori ponsel,aksesoris,24500,36,12,24,588000,0,0,0,offline,Thursday,0,11,0,berawan,79,3.8
2024-11-14,P011,Buket mini,kerajinan,47500,11,4,7,332500,0,0,0,offline,Thursday,0,11,0,berawan,79,4.8
2024-11-14,P012,Paket hampers,kerajinan,99000,12,0,12,1128600,5,1,59400,campuran,Thursday,0,11,0,berawan,79,4.8
2024-11-15,P001,Paket nasi lauk,makanan_minuman,18500,56,19,37,684500,0,0,0,campuran,Friday,0,11,0,berawan,81,4.5
2024-11-15,P002,Minuman kopi susu,makanan_minuman,14500,59,25,34,493000,0,0,0,offline,Friday,0,11,0,berawan,81,4.6
2024-11-15,P003,Snack kemasan lokal,makanan_minuman,9500,68,24,44,418000,0,0,0,offline,Friday,0,11,0,berawan,81,4.8
2024-11-15,P004,Kaos basic,fashion,63500,23,12,11,698500,0,0,0,campuran,Friday,0,11,0,berawan,81,4.2
2024-11-15,P005,Hijab polos,fashion,41000,23,8,15,615000,0,0,0,offline,Friday,0,11,0,berawan,81,4.3
2024-11-15,P006,Sandal harian,fashion,55000,22,13,9,495000,0,0,0,campuran,Friday,0,11,0,berawan,81,4.1
2024-11-15,P007,Sabun cuci literan,kebutuhan_rumah,16500,27,5,22,363000,0,0,0,offline,Friday,0,11,0,berawan,81,4.2
2024-11-15,P008,Beras 5 kg,kebutuhan_rumah,69000,29,14,15,983200,5,1,51800,offline,Friday,0,11,0,berawan,81,4.9
2024-11-15,P009,Minyak goreng 1 liter,kebutuhan_rumah,19000,41,15,26,494000,0,0,0,offline,Friday,0,11,0,berawan,81,4.3
2024-11-15,P010,Aksesori ponsel,aksesoris,25500,24,3,21,535500,0,0,0,campuran,Friday,0,11,0,berawan,81,3.9
2024-11-15,P011,Buket mini,kerajinan,45500,10,1,9,409500,0,0,0,offline,Friday,0,11,0,berawan,81,4.8
2024-11-15,P012,Paket hampers,kerajinan,91500,10,5,5,457500,0,0,0,campuran,Friday,0,11,0,berawan,81,4.7
2024-11-16,P001,Paket nasi lauk,makanan_minuman,18000,66,19,47,846000,0,0,0,offline,Saturday,1,11,0,cerah,120,4.2
2024-11-16,P002,Minuman kopi susu,makanan_minuman,15000,140,61,79,1125800,5,1,59200,campuran,Saturday,1,11,0,cerah,120,4.6
2024-11-16,P003,Snack kemasan lokal,makanan_minuman,9500,170,71,99,893500,5,1,47000,campuran,Saturday,1,11,0,cerah,120,4.2
2024-11-16,P004,Kaos basic,fashion,64000,31,12,19,1216000,0,0,0,online,Saturday,1,11,0,cerah,120,4.3
2024-11-16,P005,Hijab polos,fashion,40500,44,19,25,1012500,0,0,0,campuran,Saturday,1,11,0,cerah,120,4.3
2024-11-16,P006,Sandal harian,fashion,56000,21,10,11,616000,0,0,0,offline,Saturday,1,11,0,cerah,120,4.0
2024-11-16,P007,Sabun cuci literan,kebutuhan_rumah,18000,59,19,40,720000,0,0,0,offline,Saturday,1,11,0,cerah,120,4.3
2024-11-16,P008,Beras 5 kg,kebutuhan_rumah,74500,34,5,29,2160500,0,0,0,online,Saturday,1,11,0,cerah,120,4.6
2024-11-16,P009,Minyak goreng 1 liter,kebutuhan_rumah,20000,55,17,38,760000,0,0,0,campuran,Saturday,1,11,0,cerah,120,4.4
2024-11-16,P010,Aksesori ponsel,aksesoris,26000,47,13,34,884000,0,0,0,campuran,Saturday,1,11,0,cerah,120,3.9
2024-11-16,P011,Buket mini,kerajinan,43500,29,9,20,826500,5,1,43500,campuran,Saturday,1,11,0,cerah,120,4.6
2024-11-16,P012,Paket hampers,kerajinan,95500,28,14,14,1270200,5,1,66800,campuran,Saturday,1,11,0,cerah,120,4.5
2024-11-17,P001,Paket nasi lauk,makanan_minuman,18000,94,42,52,936000,0,0,0,online,Sunday,1,11,0,cerah,156,4.6
2024-11-17,P002,Minuman kopi susu,makanan_minuman,15500,122,71,51,790500,0,0,0,offline,Sunday,1,11,0,cerah,156,4.3
2024-11-17,P003,Snack kemasan lokal,makanan_minuman,9000,125,38,87,783000,0,0,0,campuran,Sunday,1,11,0,cerah,156,4.4
2024-11-17,P004,Kaos basic,fashion,69000,49,17,32,1987200,10,1,220800,campuran,Sunday,1,11,0,cerah,156,4.4
2024-11-17,P005,Hijab polos,fashion,42000,32,9,23,966000,0,0,0,online,Sunday,1,11,0,cerah,156,4.4
2024-11-17,P006,Sandal harian,fashion,57000,28,16,12,684000,0,0,0,offline,Sunday,1,11,0,cerah,156,4.0
2024-11-17,P007,Sabun cuci literan,kebutuhan_rumah,17000,70,37,33,561000,0,0,0,campuran,Sunday,1,11,0,cerah,156,4.0
2024-11-17,P008,Beras 5 kg,kebutuhan_rumah,73000,62,25,37,2430900,10,1,270100,campuran,Sunday,1,11,0,cerah,156,4.7
2024-11-17,P009,Minyak goreng 1 liter,kebutuhan_rumah,18500,57,17,40,740000,0,0,0,online,Sunday,1,11,0,cerah,156,4.6
2024-11-17,P010,Aksesori ponsel,aksesoris,26500,62,17,45,1132900,5,1,59600,offline,Sunday,1,11,0,cerah,156,4.1
2024-11-17,P011,Buket mini,kerajinan,44000,23,0,23,1012000,0,0,0,campuran,Sunday,1,11,0,cerah,156,4.6
2024-11-17,P012,Paket hampers,kerajinan,96000,15,0,15,1368000,5,1,72000,online,Sunday,1,11,0,cerah,156,4.5
2024-11-18,P001,Paket nasi lauk,makanan_minuman,18500,46,16,30,555000,0,0,0,offline,Monday,0,11,0,hujan_ringan,101,4.3
2024-11-18,P002,Minuman kopi susu,makanan_minuman,14500,58,15,43,623500,0,0,0,offline,Monday,0,11,0,hujan_ringan,101,4.6
2024-11-18,P003,Snack kemasan lokal,makanan_minuman,9000,100,53,47,401800,5,1,21200,offline,Monday,0,11,0,hujan_ringan,101,3.9
2024-11-18,P004,Kaos basic,fashion,63500,19,9,10,635000,0,0,0,offline,Monday,0,11,0,hujan_ringan,101,4.4
2024-11-18,P005,Hijab polos,fashion,43500,21,9,12,522000,0,0,0,offline,Monday,0,11,0,hujan_ringan,101,4.4
2024-11-18,P006,Sandal harian,fashion,56000,11,4,7,392000,0,0,0,offline,Monday,0,11,0,hujan_ringan,101,4.1
2024-11-18,P007,Sabun cuci literan,kebutuhan_rumah,17000,27,1,26,442000,0,0,0,campuran,Monday,0,11,0,hujan_ringan,101,4.2
2024-11-18,P008,Beras 5 kg,kebutuhan_rumah,71000,17,2,15,1065000,0,0,0,offline,Monday,0,11,0,hujan_ringan,101,4.8
2024-11-18,P009,Minyak goreng 1 liter,kebutuhan_rumah,19000,63,31,32,577600,5,1,30400,campuran,Monday,0,11,0,hujan_ringan,101,4.5
2024-11-18,P010,Aksesori ponsel,aksesoris,25500,30,11,19,484500,0,0,0,offline,Monday,0,11,0,hujan_ringan,101,3.9
2024-11-18,P011,Buket mini,kerajinan,44500,11,4,7,311500,0,0,0,online,Monday,0,11,0,hujan_ringan,101,4.7
2024-11-18,P012,Paket hampers,kerajinan,91500,8,5,3,274500,0,0,0,online,Monday,0,11,0,hujan_ringan,101,4.4
2024-11-19,P001,Paket nasi lauk,makanan_minuman,17500,55,19,36,598500,5,1,31500,offline,Tuesday,0,11,0,berawan,71,4.5
2024-11-19,P002,Minuman kopi susu,makanan_minuman,15500,52,30,22,341000,0,0,0,online,Tuesday,0,11,0,berawan,71,4.5
2024-11-19,P003,Snack kemasan lokal,makanan_minuman,9500,90,39,51,436000,10,1,48400,online,Tuesday,0,11,0,berawan,71,3.9
2024-11-19,P004,Kaos basic,fashion,68000,16,7,9,612000,0,0,0,offline,Tuesday,0,11,0,berawan,71,4.7
2024-11-19,P005,Hijab polos,fashion,43000,35,15,20,774000,10,1,86000,campuran,Tuesday,0,11,0,berawan,71,4.4
2024-11-19,P006,Sandal harian,fashion,55000,8,0,8,440000,0,0,0,offline,Tuesday,0,11,0,berawan,71,4.2
2024-11-19,P007,Sabun cuci literan,kebutuhan_rumah,18000,27,5,22,396000,0,0,0,offline,Tuesday,0,11,0,berawan,71,4.2
2024-11-19,P008,Beras 5 kg,kebutuhan_rumah,74500,18,0,18,1341000,0,0,0,online,Tuesday,0,11,0,berawan,71,4.6
2024-11-19,P009,Minyak goreng 1 liter,kebutuhan_rumah,18000,41,18,23,414000,0,0,0,offline,Tuesday,0,11,0,berawan,71,4.4
2024-11-19,P010,Aksesori ponsel,aksesoris,25000,25,11,14,350000,0,0,0,offline,Tuesday,0,11,0,berawan,71,3.9
2024-11-19,P011,Buket mini,kerajinan,45000,8,4,4,180000,0,0,0,online,Tuesday,0,11,0,berawan,71,4.7
2024-11-19,P012,Paket hampers,kerajinan,98500,7,0,7,689500,0,0,0,offline,Tuesday,0,11,0,berawan,71,4.5
2024-11-20,P001,Paket nasi lauk,makanan_minuman,18000,50,24,26,468000,0,0,0,campuran,Wednesday,0,11,0,hujan_ringan,73,4.3
2024-11-20,P002,Minuman kopi susu,makanan_minuman,14500,37,0,37,536500,0,0,0,online,Wednesday,0,11,0,hujan_ringan,73,4.4
2024-11-20,P003,Snack kemasan lokal,makanan_minuman,9000,58,25,33,297000,0,0,0,online,Wednesday,0,11,0,hujan_ringan,73,4.2
2024-11-20,P004,Kaos basic,fashion,61500,14,5,9,553500,0,0,0,online,Wednesday,0,11,0,hujan_ringan,73,4.4
2024-11-20,P005,Hijab polos,fashion,41000,21,6,15,615000,0,0,0,campuran,Wednesday,0,11,0,hujan_ringan,73,4.5
2024-11-20,P006,Sandal harian,fashion,58000,11,2,9,522000,0,0,0,campuran,Wednesday,0,11,0,hujan_ringan,73,4.0
2024-11-20,P007,Sabun cuci literan,kebutuhan_rumah,17000,36,11,25,425000,0,0,0,campuran,Wednesday,0,11,0,hujan_ringan,73,4.1
2024-11-20,P008,Beras 5 kg,kebutuhan_rumah,74500,27,9,18,1206900,10,1,134100,offline,Wednesday,0,11,0,hujan_ringan,73,4.5
2024-11-20,P009,Minyak goreng 1 liter,kebutuhan_rumah,19500,31,6,25,487500,0,0,0,online,Wednesday,0,11,0,hujan_ringan,73,4.2
2024-11-20,P010,Aksesori ponsel,aksesoris,26000,25,8,17,442000,0,0,0,campuran,Wednesday,0,11,0,hujan_ringan,73,4.1
2024-11-20,P011,Buket mini,kerajinan,43500,16,11,5,195800,10,1,21800,offline,Wednesday,0,11,0,hujan_ringan,73,4.7
2024-11-20,P012,Paket hampers,kerajinan,99500,8,5,3,298500,0,0,0,online,Wednesday,0,11,0,hujan_ringan,73,4.3
2024-11-21,P001,Paket nasi lauk,makanan_minuman,20000,67,16,51,867000,15,1,153000,online,Thursday,0,11,0,cerah,102,4.2
2024-11-21,P002,Minuman kopi susu,makanan_minuman,15500,92,44,48,744000,0,0,0,campuran,Thursday,0,11,0,cerah,102,4.4
2024-11-21,P003,Snack kemasan lokal,makanan_minuman,9500,85,48,37,351500,0,0,0,offline,Thursday,0,11,0,cerah,102,4.4
2024-11-21,P004,Kaos basic,fashion,66000,33,16,17,1065900,5,1,56100,campuran,Thursday,0,11,0,cerah,102,4.2
2024-11-21,P005,Hijab polos,fashion,41000,27,8,19,779000,0,0,0,offline,Thursday,0,11,0,cerah,102,4.6
2024-11-21,P006,Sandal harian,fashion,51500,17,7,10,515000,0,0,0,offline,Thursday,0,11,0,cerah,102,3.9
2024-11-21,P007,Sabun cuci literan,kebutuhan_rumah,18000,26,0,26,468000,0,0,0,online,Thursday,0,11,0,cerah,102,4.2
2024-11-21,P008,Beras 5 kg,kebutuhan_rumah,69000,19,7,12,828000,0,0,0,online,Thursday,0,11,0,cerah,102,4.5
2024-11-21,P009,Minyak goreng 1 liter,kebutuhan_rumah,20000,39,14,25,500000,0,0,0,online,Thursday,0,11,0,cerah,102,4.1
2024-11-21,P010,Aksesori ponsel,aksesoris,25500,42,8,34,823600,5,1,43400,offline,Thursday,0,11,0,cerah,102,4.0
2024-11-21,P011,Buket mini,kerajinan,47500,11,6,5,237500,0,0,0,offline,Thursday,0,11,0,cerah,102,4.8
2024-11-21,P012,Paket hampers,kerajinan,92000,8,1,7,644000,0,0,0,offline,Thursday,0,11,0,cerah,102,4.5
2024-11-22,P001,Paket nasi lauk,makanan_minuman,19000,46,12,34,646000,0,0,0,offline,Friday,0,11,0,berawan,102,4.8
2024-11-22,P002,Minuman kopi susu,makanan_minuman,16000,82,45,37,592000,0,0,0,campuran,Friday,0,11,0,berawan,102,4.4
2024-11-22,P003,Snack kemasan lokal,makanan_minuman,9000,69,24,45,405000,0,0,0,campuran,Friday,0,11,0,berawan,102,4.5
2024-11-22,P004,Kaos basic,fashion,62500,21,13,8,500000,0,0,0,offline,Friday,0,11,0,berawan,102,4.4
2024-11-22,P005,Hijab polos,fashion,41000,19,5,14,574000,0,0,0,online,Friday,0,11,0,berawan,102,4.3
2024-11-22,P006,Sandal harian,fashion,52500,16,3,13,682500,0,0,0,online,Friday,0,11,0,berawan,102,4.3
2024-11-22,P007,Sabun cuci literan,kebutuhan_rumah,18000,27,8,19,342000,0,0,0,online,Friday,0,11,0,berawan,102,4.2
2024-11-22,P008,Beras 5 kg,kebutuhan_rumah,71500,24,0,24,1630200,5,1,85800,campuran,Friday,0,11,0,berawan,102,4.4
2024-11-22,P009,Minyak goreng 1 liter,kebutuhan_rumah,18000,61,20,41,701100,5,1,36900,offline,Friday,0,11,0,berawan,102,4.2
2024-11-22,P010,Aksesori ponsel,aksesoris,23500,27,7,20,470000,0,0,0,campuran,Friday,0,11,0,berawan,102,4.3
2024-11-22,P011,Buket mini,kerajinan,43000,27,19,8,292400,15,1,51600,campuran,Friday,0,11,0,berawan,102,4.8
2024-11-22,P012,Paket hampers,kerajinan,96000,11,4,7,672000,0,0,0,campuran,Friday,0,11,0,berawan,102,4.7
2024-11-23,P001,Paket nasi lauk,makanan_minuman,16500,77,46,31,511500,0,0,0,campuran,Saturday,1,11,0,hujan_deras,135,4.1
2024-11-23,P002,Minuman kopi susu,makanan_minuman,14500,91,33,58,756900,10,1,84100,campuran,Saturday,1,11,0,hujan_deras,135,4.5
2024-11-23,P003,Snack kemasan lokal,makanan_minuman,9000,169,84,85,612000,20,1,153000,campuran,Saturday,1,11,0,hujan_deras,135,4.4
2024-11-23,P004,Kaos basic,fashion,66500,22,13,9,598500,0,0,0,offline,Saturday,1,11,0,hujan_deras,135,4.3
2024-11-23,P005,Hijab polos,fashion,41000,29,12,17,697000,0,0,0,campuran,Saturday,1,11,0,hujan_deras,135,4.8
2024-11-23,P006,Sandal harian,fashion,56000,20,12,8,448000,0,0,0,campuran,Saturday,1,11,0,hujan_deras,135,4.2
2024-11-23,P007,Sabun cuci literan,kebutuhan_rumah,17500,39,11,28,490000,0,0,0,online,Saturday,1,11,0,hujan_deras,135,4.3
2024-11-23,P008,Beras 5 kg,kebutuhan_rumah,74000,23,14,9,666000,0,0,0,offline,Saturday,1,11,0,hujan_deras,135,4.6
2024-11-23,P009,Minyak goreng 1 liter,kebutuhan_rumah,19000,62,30,32,608000,0,0,0,campuran,Saturday,1,11,0,hujan_deras,135,4.2
2024-11-23,P010,Aksesori ponsel,aksesoris,24500,48,24,24,470400,20,1,117600,offline,Saturday,1,11,0,hujan_deras,135,4.1
2024-11-23,P011,Buket mini,kerajinan,45000,13,4,9,405000,0,0,0,offline,Saturday,1,11,0,hujan_deras,135,5.0
2024-11-23,P012,Paket hampers,kerajinan,94500,11,6,5,401600,15,1,70900,online,Saturday,1,11,0,hujan_deras,135,4.4
2024-11-24,P001,Paket nasi lauk,makanan_minuman,17500,83,32,51,758600,15,1,133900,online,Sunday,1,11,0,hujan_ringan,93,4.5
2024-11-24,P002,Minuman kopi susu,makanan_minuman,14000,55,23,32,448000,0,0,0,offline,Sunday,1,11,0,hujan_ringan,93,4.6
2024-11-24,P003,Snack kemasan lokal,makanan_minuman,9000,72,28,44,396000,0,0,0,online,Sunday,1,11,0,hujan_ringan,93,4.3
2024-11-24,P004,Kaos basic,fashion,66000,23,7,16,1056000,0,0,0,campuran,Sunday,1,11,0,hujan_ringan,93,4.5
2024-11-24,P005,Hijab polos,fashion,43000,40,12,28,1023400,15,1,180600,online,Sunday,1,11,0,hujan_ringan,93,4.5
2024-11-24,P006,Sandal harian,fashion,55500,14,6,8,444000,0,0,0,offline,Sunday,1,11,0,hujan_ringan,93,4.1
2024-11-24,P007,Sabun cuci literan,kebutuhan_rumah,18000,47,17,30,540000,0,0,0,offline,Sunday,1,11,0,hujan_ringan,93,4.5
2024-11-24,P008,Beras 5 kg,kebutuhan_rumah,71500,26,16,10,715000,0,0,0,campuran,Sunday,1,11,0,hujan_ringan,93,4.4
2024-11-24,P009,Minyak goreng 1 liter,kebutuhan_rumah,19000,53,18,35,598500,10,1,66500,online,Sunday,1,11,0,hujan_ringan,93,4.5
2024-11-24,P010,Aksesori ponsel,aksesoris,25000,39,21,18,450000,0,0,0,offline,Sunday,1,11,0,hujan_ringan,93,4.0
2024-11-24,P011,Buket mini,kerajinan,45000,16,11,5,225000,0,0,0,offline,Sunday,1,11,0,hujan_ringan,93,4.8
2024-11-24,P012,Paket hampers,kerajinan,98000,10,5,5,490000,0,0,0,campuran,Sunday,1,11,0,hujan_ringan,93,4.7
2024-11-25,P001,Paket nasi lauk,makanan_minuman,19000,54,11,43,735300,10,1,81700,online,Monday,0,11,0,cerah,69,4.4
2024-11-25,P002,Minuman kopi susu,makanan_minuman,15000,58,28,30,450000,0,0,0,offline,Monday,0,11,0,cerah,69,4.4
2024-11-25,P003,Snack kemasan lokal,makanan_minuman,9500,67,30,37,351500,0,0,0,offline,Monday,0,11,0,cerah,69,4.4
2024-11-25,P004,Kaos basic,fashion,67000,15,10,5,335000,0,0,0,offline,Monday,0,11,0,cerah,69,4.1
2024-11-25,P005,Hijab polos,fashion,40500,23,5,18,729000,0,0,0,offline,Monday,0,11,0,cerah,69,4.7
2024-11-25,P006,Sandal harian,fashion,56500,23,15,8,384200,15,1,67800,offline,Monday,0,11,0,cerah,69,4.0
2024-11-25,P007,Sabun cuci literan,kebutuhan_rumah,17000,44,23,21,357000,0,0,0,campuran,Monday,0,11,0,cerah,69,4.3
2024-11-25,P008,Beras 5 kg,kebutuhan_rumah,71500,14,0,14,1001000,0,0,0,offline,Monday,0,11,0,cerah,69,4.7
2024-11-25,P009,Minyak goreng 1 liter,kebutuhan_rumah,19000,47,19,28,532000,0,0,0,offline,Monday,0,11,0,cerah,69,4.7
2024-11-25,P010,Aksesori ponsel,aksesoris,24000,29,10,19,456000,0,0,0,offline,Monday,0,11,0,cerah,69,3.9
2024-11-25,P011,Buket mini,kerajinan,43500,11,3,8,348000,0,0,0,offline,Monday,0,11,0,cerah,69,4.4
2024-11-25,P012,Paket hampers,kerajinan,92000,6,0,6,552000,0,0,0,offline,Monday,0,11,0,cerah,69,4.6
2024-11-26,P001,Paket nasi lauk,makanan_minuman,18000,26,6,20,360000,0,0,0,offline,Tuesday,0,11,0,hujan_deras,85,4.6
2024-11-26,P002,Minuman kopi susu,makanan_minuman,15500,46,21,25,387500,0,0,0,online,Tuesday,0,11,0,hujan_deras,85,4.4
2024-11-26,P003,Snack kemasan lokal,makanan_minuman,8500,45,10,35,297500,0,0,0,offline,Tuesday,0,11,0,hujan_deras,85,4.2
2024-11-26,P004,Kaos basic,fashion,70500,12,4,8,564000,0,0,0,offline,Tuesday,0,11,0,hujan_deras,85,4.1
2024-11-26,P005,Hijab polos,fashion,42500,19,1,18,765000,0,0,0,offline,Tuesday,0,11,0,hujan_deras,85,4.7
2024-11-26,P006,Sandal harian,fashion,53500,8,0,8,428000,0,0,0,offline,Tuesday,0,11,0,hujan_deras,85,4.1
2024-11-26,P007,Sabun cuci literan,kebutuhan_rumah,16500,30,4,26,429000,0,0,0,offline,Tuesday,0,11,0,hujan_deras,85,4.5
2024-11-26,P008,Beras 5 kg,kebutuhan_rumah,74500,16,6,10,745000,0,0,0,offline,Tuesday,0,11,0,hujan_deras,85,4.5
2024-11-26,P009,Minyak goreng 1 liter,kebutuhan_rumah,19000,30,4,26,494000,0,0,0,online,Tuesday,0,11,0,hujan_deras,85,4.4
2024-11-26,P010,Aksesori ponsel,aksesoris,25000,29,4,25,593800,5,1,31200,campuran,Tuesday,0,11,0,hujan_deras,85,4.0
2024-11-26,P011,Buket mini,kerajinan,46000,11,6,5,230000,0,0,0,offline,Tuesday,0,11,0,hujan_deras,85,4.6
2024-11-26,P012,Paket hampers,kerajinan,87000,8,5,3,261000,0,0,0,offline,Tuesday,0,11,0,hujan_deras,85,4.8
2024-11-27,P001,Paket nasi lauk,makanan_minuman,18000,69,24,45,769500,5,1,40500,online,Wednesday,0,11,0,berawan,92,4.6
2024-11-27,P002,Minuman kopi susu,makanan_minuman,15000,76,32,44,660000,0,0,0,campuran,Wednesday,0,11,0,berawan,92,4.3
2024-11-27,P003,Snack kemasan lokal,makanan_minuman,8500,70,20,50,425000,0,0,0,offline,Wednesday,0,11,0,berawan,92,4.2
2024-11-27,P004,Kaos basic,fashion,66500,16,6,10,665000,0,0,0,campuran,Wednesday,0,11,0,berawan,92,4.3
2024-11-27,P005,Hijab polos,fashion,40000,19,13,6,240000,0,0,0,campuran,Wednesday,0,11,0,berawan,92,4.6
2024-11-27,P006,Sandal harian,fashion,56500,12,7,5,282500,0,0,0,online,Wednesday,0,11,0,berawan,92,4.1
2024-11-27,P007,Sabun cuci literan,kebutuhan_rumah,18000,20,0,20,360000,0,0,0,online,Wednesday,0,11,0,berawan,92,4.3
2024-11-27,P008,Beras 5 kg,kebutuhan_rumah,75000,19,5,14,1050000,0,0,0,offline,Wednesday,0,11,0,berawan,92,4.5
2024-11-27,P009,Minyak goreng 1 liter,kebutuhan_rumah,19000,22,0,22,418000,0,0,0,online,Wednesday,0,11,0,berawan,92,4.4
2024-11-27,P010,Aksesori ponsel,aksesoris,27500,34,9,25,687500,0,0,0,offline,Wednesday,0,11,0,berawan,92,4.2
2024-11-27,P011,Buket mini,kerajinan,46000,14,0,14,644000,0,0,0,campuran,Wednesday,0,11,0,berawan,92,4.5
2024-11-27,P012,Paket hampers,kerajinan,96500,8,0,8,733400,5,1,38600,offline,Wednesday,0,11,0,berawan,92,4.5
2024-11-28,P001,Paket nasi lauk,makanan_minuman,17500,109,48,61,907400,15,1,160100,campuran,Thursday,0,11,0,cerah,102,4.7
2024-11-28,P002,Minuman kopi susu,makanan_minuman,15000,75,37,38,570000,0,0,0,offline,Thursday,0,11,0,cerah,102,4.2
2024-11-28,P003,Snack kemasan lokal,makanan_minuman,8500,81,25,56,476000,0,0,0,online,Thursday,0,11,0,cerah,102,4.1
2024-11-28,P004,Kaos basic,fashion,66500,19,8,11,694900,5,1,36600,offline,Thursday,0,11,0,cerah,102,4.6
2024-11-28,P005,Hijab polos,fashion,42500,35,0,35,1264400,15,1,223100,campuran,Thursday,0,11,0,cerah,102,4.4
2024-11-28,P006,Sandal harian,fashion,55000,14,6,8,440000,0,0,0,offline,Thursday,0,11,0,cerah,102,4.4
2024-11-28,P007,Sabun cuci literan,kebutuhan_rumah,17000,41,10,31,527000,0,0,0,campuran,Thursday,0,11,0,cerah,102,4.2
2024-11-28,P008,Beras 5 kg,kebutuhan_rumah,71500,22,7,15,1072500,0,0,0,offline,Thursday,0,11,0,cerah,102,4.6
2024-11-28,P009,Minyak goreng 1 liter,kebutuhan_rumah,18500,48,20,28,518000,0,0,0,offline,Thursday,0,11,0,cerah,102,4.6
2024-11-28,P010,Aksesori ponsel,aksesoris,24500,35,11,24,588000,0,0,0,offline,Thursday,0,11,0,cerah,102,4.0
2024-11-28,P011,Buket mini,kerajinan,50000,10,1,9,450000,0,0,0,offline,Thursday,0,11,0,cerah,102,4.6
2024-11-28,P012,Paket hampers,kerajinan,92500,13,0,13,1082200,10,1,120200,campuran,Thursday,0,11,0,cerah,102,4.6
2024-11-29,P001,Paket nasi lauk,makanan_minuman,18000,27,0,27,486000,0,0,0,offline,Friday,0,11,0,hujan_deras,80,4.5
2024-11-29,P002,Minuman kopi susu,makanan_minuman,15500,45,14,31,480500,0,0,0,offline,Friday,0,11,0,hujan_deras,80,4.1
2024-11-29,P003,Snack kemasan lokal,makanan_minuman,9000,64,20,44,376200,5,1,19800,offline,Friday,0,11,0,hujan_deras,80,3.9
2024-11-29,P004,Kaos basic,fashion,64500,6,1,5,322500,0,0,0,online,Friday,0,11,0,hujan_deras,80,4.4
2024-11-29,P005,Hijab polos,fashion,42000,21,9,12,504000,0,0,0,online,Friday,0,11,0,hujan_deras,80,4.4
2024-11-29,P006,Sandal harian,fashion,58000,7,0,7,406000,0,0,0,online,Friday,0,11,0,hujan_deras,80,4.1
2024-11-29,P007,Sabun cuci literan,kebutuhan_rumah,17000,23,6,17,289000,0,0,0,offline,Friday,0,11,0,hujan_deras,80,4.3
2024-11-29,P008,Beras 5 kg,kebutuhan_rumah,70500,23,3,20,1128000,20,1,282000,offline,Friday,0,11,0,hujan_deras,80,4.7
2024-11-29,P009,Minyak goreng 1 liter,kebutuhan_rumah,19000,28,11,17,323000,0,0,0,online,Friday,0,11,0,hujan_deras,80,4.4
2024-11-29,P010,Aksesori ponsel,aksesoris,25000,24,15,9,225000,0,0,0,online,Friday,0,11,0,hujan_deras,80,4.1
2024-11-29,P011,Buket mini,kerajinan,45500,10,6,4,182000,0,0,0,campuran,Friday,0,11,0,hujan_deras,80,4.9
2024-11-29,P012,Paket hampers,kerajinan,91500,8,1,7,640500,0,0,0,offline,Friday,0,11,0,hujan_deras,80,4.5
2024-11-30,P001,Paket nasi lauk,makanan_minuman,17500,56,22,34,595000,0,0,0,offline,Saturday,1,11,0,hujan_deras,84,4.3
2024-11-30,P002,Minuman kopi susu,makanan_minuman,15000,64,18,46,690000,0,0,0,offline,Saturday,1,11,0,hujan_deras,84,4.4
2024-11-30,P003,Snack kemasan lokal,makanan_minuman,9000,87,39,48,432000,0,0,0,campuran,Saturday,1,11,0,hujan_deras,84,4.1
2024-11-30,P004,Kaos basic,fashion,61500,16,0,16,836400,15,1,147600,offline,Saturday,1,11,0,hujan_deras,84,4.2
2024-11-30,P005,Hijab polos,fashion,43000,23,5,18,774000,0,0,0,campuran,Saturday,1,11,0,hujan_deras,84,4.4
2024-11-30,P006,Sandal harian,fashion,57000,14,4,10,570000,0,0,0,offline,Saturday,1,11,0,hujan_deras,84,4.1
2024-11-30,P007,Sabun cuci literan,kebutuhan_rumah,17500,38,12,26,455000,0,0,0,offline,Saturday,1,11,0,hujan_deras,84,4.4
2024-11-30,P008,Beras 5 kg,kebutuhan_rumah,71500,23,6,17,1215500,0,0,0,campuran,Saturday,1,11,0,hujan_deras,84,4.9
2024-11-30,P009,Minyak goreng 1 liter,kebutuhan_rumah,19500,46,18,28,464100,15,1,81900,online,Saturday,1,11,0,hujan_deras,84,4.2
2024-11-30,P010,Aksesori ponsel,aksesoris,26000,31,19,12,312000,0,0,0,offline,Saturday,1,11,0,hujan_deras,84,4.1
2024-11-30,P011,Buket mini,kerajinan,43000,14,7,7,301000,0,0,0,offline,Saturday,1,11,0,hujan_deras,84,4.7
2024-11-30,P012,Paket hampers,kerajinan,93000,12,4,8,669600,10,1,74400,campuran,Saturday,1,11,0,hujan_deras,84,4.7
2024-12-01,P001,Paket nasi lauk,makanan_minuman,18000,55,0,55,990000,0,0,0,online,Sunday,1,12,0,cerah,143,4.5
2024-12-01,P002,Minuman kopi susu,makanan_minuman,14500,122,72,50,725000,0,0,0,online,Sunday,1,12,0,cerah,143,4.4
2024-12-01,P003,Snack kemasan lokal,makanan_minuman,9000,111,21,90,810000,0,0,0,campuran,Sunday,1,12,0,cerah,143,4.4
2024-12-01,P004,Kaos basic,fashion,63000,50,20,30,1795500,5,1,94500,offline,Sunday,1,12,0,cerah,143,4.4
2024-12-01,P005,Hijab polos,fashion,41500,42,2,40,1660000,0,0,0,campuran,Sunday,1,12,0,cerah,143,4.6
2024-12-01,P006,Sandal harian,fashion,53500,28,2,26,1391000,0,0,0,campuran,Sunday,1,12,0,cerah,143,4.1
2024-12-01,P007,Sabun cuci literan,kebutuhan_rumah,17500,52,15,37,647500,0,0,0,online,Sunday,1,12,0,cerah,143,4.4
2024-12-01,P008,Beras 5 kg,kebutuhan_rumah,68500,38,14,24,1561800,5,1,82200,offline,Sunday,1,12,0,cerah,143,4.6
2024-12-01,P009,Minyak goreng 1 liter,kebutuhan_rumah,19500,85,22,63,982800,20,1,245700,online,Sunday,1,12,0,cerah,143,4.3
2024-12-01,P010,Aksesori ponsel,aksesoris,25000,58,20,38,950000,0,0,0,campuran,Sunday,1,12,0,cerah,143,4.2
2024-12-01,P011,Buket mini,kerajinan,45500,24,16,8,364000,0,0,0,online,Sunday,1,12,0,cerah,143,4.6
2024-12-01,P012,Paket hampers,kerajinan,103500,14,7,7,724500,0,0,0,offline,Sunday,1,12,0,cerah,143,4.5
2024-12-02,P001,Paket nasi lauk,makanan_minuman,18000,49,16,33,594000,0,0,0,offline,Monday,0,12,0,berawan,88,4.7
2024-12-02,P002,Minuman kopi susu,makanan_minuman,14500,47,16,31,449500,0,0,0,online,Monday,0,12,0,berawan,88,4.4
2024-12-02,P003,Snack kemasan lokal,makanan_minuman,8500,76,39,37,314500,0,0,0,campuran,Monday,0,12,0,berawan,88,3.9
2024-12-02,P004,Kaos basic,fashion,67000,25,15,10,670000,0,0,0,offline,Monday,0,12,0,berawan,88,4.5
2024-12-02,P005,Hijab polos,fashion,40000,46,19,27,972000,10,1,108000,campuran,Monday,0,12,0,berawan,88,4.3
2024-12-02,P006,Sandal harian,fashion,55500,28,14,14,621600,20,1,155400,offline,Monday,0,12,0,berawan,88,4.1
2024-12-02,P007,Sabun cuci literan,kebutuhan_rumah,18000,46,15,31,558000,0,0,0,campuran,Monday,0,12,0,berawan,88,4.1
2024-12-02,P008,Beras 5 kg,kebutuhan_rumah,73500,24,12,12,882000,0,0,0,online,Monday,0,12,0,berawan,88,4.6
2024-12-02,P009,Minyak goreng 1 liter,kebutuhan_rumah,19500,42,14,28,546000,0,0,0,offline,Monday,0,12,0,berawan,88,4.2
2024-12-02,P010,Aksesori ponsel,aksesoris,25000,32,17,15,375000,0,0,0,offline,Monday,0,12,0,berawan,88,4.0
2024-12-02,P011,Buket mini,kerajinan,46500,15,2,13,604500,0,0,0,online,Monday,0,12,0,berawan,88,4.7
2024-12-02,P012,Paket hampers,kerajinan,91500,20,6,14,1152900,10,1,128100,campuran,Monday,0,12,0,berawan,88,4.5
2024-12-03,P001,Paket nasi lauk,makanan_minuman,17500,65,27,38,665000,0,0,0,offline,Tuesday,0,12,0,berawan,133,4.5
2024-12-03,P002,Minuman kopi susu,makanan_minuman,15500,57,5,52,806000,0,0,0,offline,Tuesday,0,12,0,berawan,133,4.2
2024-12-03,P003,Snack kemasan lokal,makanan_minuman,9000,119,61,58,443700,15,1,78300,online,Tuesday,0,12,0,berawan,133,4.1
2024-12-03,P004,Kaos basic,fashion,65000,17,0,17,1105000,0,0,0,offline,Tuesday,0,12,0,berawan,133,4.3
2024-12-03,P005,Hijab polos,fashion,42500,30,14,16,680000,0,0,0,offline,Tuesday,0,12,0,berawan,133,4.5
2024-12-03,P006,Sandal harian,fashion,55500,31,5,26,1298700,10,1,144300,offline,Tuesday,0,12,0,berawan,133,4.2
2024-12-03,P007,Sabun cuci literan,kebutuhan_rumah,17500,46,13,33,577500,0,0,0,online,Tuesday,0,12,0,berawan,133,4.0
2024-12-03,P008,Beras 5 kg,kebutuhan_rumah,75500,27,5,22,1661000,0,0,0,offline,Tuesday,0,12,0,berawan,133,4.6
2024-12-03,P009,Minyak goreng 1 liter,kebutuhan_rumah,18000,51,13,38,684000,0,0,0,offline,Tuesday,0,12,0,berawan,133,4.5
2024-12-03,P010,Aksesori ponsel,aksesoris,23500,26,0,26,611000,0,0,0,offline,Tuesday,0,12,0,berawan,133,4.0
2024-12-03,P011,Buket mini,kerajinan,43500,18,4,14,609000,0,0,0,offline,Tuesday,0,12,0,berawan,133,4.6
2024-12-03,P012,Paket hampers,kerajinan,100500,12,2,10,1005000,0,0,0,offline,Tuesday,0,12,0,berawan,133,4.6
2024-12-04,P001,Paket nasi lauk,makanan_minuman,18500,45,14,31,573500,0,0,0,online,Wednesday,0,12,0,hujan_ringan,65,4.6
2024-12-04,P002,Minuman kopi susu,makanan_minuman,15000,51,28,23,345000,0,0,0,offline,Wednesday,0,12,0,hujan_ringan,65,4.4
2024-12-04,P003,Snack kemasan lokal,makanan_minuman,9500,114,53,61,550500,5,1,29000,campuran,Wednesday,0,12,0,hujan_ringan,65,4.2
2024-12-04,P004,Kaos basic,fashion,66000,31,11,20,1188000,10,1,132000,offline,Wednesday,0,12,0,hujan_ringan,65,4.2
2024-12-04,P005,Hijab polos,fashion,43500,27,15,12,522000,0,0,0,online,Wednesday,0,12,0,hujan_ringan,65,4.5
2024-12-04,P006,Sandal harian,fashion,54000,21,8,13,631800,10,1,70200,offline,Wednesday,0,12,0,hujan_ringan,65,3.9
2024-12-04,P007,Sabun cuci literan,kebutuhan_rumah,16500,25,7,18,297000,0,0,0,online,Wednesday,0,12,0,hujan_ringan,65,4.4
2024-12-04,P008,Beras 5 kg,kebutuhan_rumah,73500,18,5,13,955500,0,0,0,offline,Wednesday,0,12,0,hujan_ringan,65,4.5
2024-12-04,P009,Minyak goreng 1 liter,kebutuhan_rumah,19000,35,6,29,551000,0,0,0,campuran,Wednesday,0,12,0,hujan_ringan,65,4.4
2024-12-04,P010,Aksesori ponsel,aksesoris,26500,20,8,12,318000,0,0,0,offline,Wednesday,0,12,0,hujan_ringan,65,4.1
2024-12-04,P011,Buket mini,kerajinan,45500,17,11,6,273000,0,0,0,offline,Wednesday,0,12,0,hujan_ringan,65,4.9
2024-12-04,P012,Paket hampers,kerajinan,95000,7,0,7,665000,0,0,0,offline,Wednesday,0,12,0,hujan_ringan,65,4.7
2024-12-05,P001,Paket nasi lauk,makanan_minuman,19000,29,12,17,323000,0,0,0,online,Thursday,0,12,0,hujan_deras,67,4.3
2024-12-05,P002,Minuman kopi susu,makanan_minuman,15500,51,15,36,558000,0,0,0,campuran,Thursday,0,12,0,hujan_deras,67,4.0
2024-12-05,P003,Snack kemasan lokal,makanan_minuman,9000,45,3,42,378000,0,0,0,campuran,Thursday,0,12,0,hujan_deras,67,4.6
2024-12-05,P004,Kaos basic,fashion,61000,12,2,10,610000,0,0,0,campuran,Thursday,0,12,0,hujan_deras,67,4.3
2024-12-05,P005,Hijab polos,fashion,42000,21,11,10,420000,0,0,0,campuran,Thursday,0,12,0,hujan_deras,67,4.5
2024-12-05,P006,Sandal harian,fashion,55500,12,8,4,222000,0,0,0,offline,Thursday,0,12,0,hujan_deras,67,4.1
2024-12-05,P007,Sabun cuci literan,kebutuhan_rumah,17000,42,16,26,397800,10,1,44200,online,Thursday,0,12,0,hujan_deras,67,4.3
2024-12-05,P008,Beras 5 kg,kebutuhan_rumah,71500,19,7,12,858000,0,0,0,offline,Thursday,0,12,0,hujan_deras,67,4.5
2024-12-05,P009,Minyak goreng 1 liter,kebutuhan_rumah,19000,34,3,31,589000,0,0,0,offline,Thursday,0,12,0,hujan_deras,67,4.4
2024-12-05,P010,Aksesori ponsel,aksesoris,26500,18,4,14,371000,0,0,0,offline,Thursday,0,12,0,hujan_deras,67,3.7
2024-12-05,P011,Buket mini,kerajinan,43000,15,3,12,490200,5,1,25800,offline,Thursday,0,12,0,hujan_deras,67,4.8
2024-12-05,P012,Paket hampers,kerajinan,94500,8,0,8,756000,0,0,0,offline,Thursday,0,12,0,hujan_deras,67,4.6
2024-12-06,P001,Paket nasi lauk,makanan_minuman,17000,44,11,33,561000,0,0,0,campuran,Friday,0,12,0,hujan_ringan,79,4.7
2024-12-06,P002,Minuman kopi susu,makanan_minuman,14500,44,20,24,348000,0,0,0,online,Friday,0,12,0,hujan_ringan,79,4.4
2024-12-06,P003,Snack kemasan lokal,makanan_minuman,9000,55,24,31,279000,0,0,0,campuran,Friday,0,12,0,hujan_ringan,79,4.0
2024-12-06,P004,Kaos basic,fashion,62500,19,10,9,562500,0,0,0,offline,Friday,0,12,0,hujan_ringan,79,4.4
2024-12-06,P005,Hijab polos,fashion,45000,17,1,16,720000,0,0,0,online,Friday,0,12,0,hujan_ringan,79,4.4
2024-12-06,P006,Sandal harian,fashion,53500,19,7,12,642000,0,0,0,campuran,Friday,0,12,0,hujan_ringan,79,3.9
2024-12-06,P007,Sabun cuci literan,kebutuhan_rumah,18000,30,11,19,342000,0,0,0,offline,Friday,0,12,0,hujan_ringan,79,4.1
2024-12-06,P008,Beras 5 kg,kebutuhan_rumah,71000,14,1,13,923000,0,0,0,offline,Friday,0,12,0,hujan_ringan,79,4.6
2024-12-06,P009,Minyak goreng 1 liter,kebutuhan_rumah,18500,44,20,24,444000,0,0,0,offline,Friday,0,12,0,hujan_ringan,79,4.3
2024-12-06,P010,Aksesori ponsel,aksesoris,23500,21,9,12,282000,0,0,0,offline,Friday,0,12,0,hujan_ringan,79,4.1
2024-12-06,P011,Buket mini,kerajinan,43500,14,4,10,435000,0,0,0,online,Friday,0,12,0,hujan_ringan,79,4.9
2024-12-06,P012,Paket hampers,kerajinan,95500,10,7,3,286500,0,0,0,online,Friday,0,12,0,hujan_ringan,79,4.2
2024-12-07,P001,Paket nasi lauk,makanan_minuman,17000,71,35,36,612000,0,0,0,offline,Saturday,1,12,0,hujan_ringan,121,4.6
2024-12-07,P002,Minuman kopi susu,makanan_minuman,15500,68,13,55,852500,0,0,0,offline,Saturday,1,12,0,hujan_ringan,121,4.3
2024-12-07,P003,Snack kemasan lokal,makanan_minuman,8500,163,94,69,527800,10,1,58600,offline,Saturday,1,12,0,hujan_ringan,121,4.1
2024-12-07,P004,Kaos basic,fashion,70000,30,17,13,910000,0,0,0,offline,Saturday,1,12,0,hujan_ringan,121,4.0
2024-12-07,P005,Hijab polos,fashion,41500,44,23,21,871500,0,0,0,offline,Saturday,1,12,0,hujan_ringan,121,4.4
2024-12-07,P006,Sandal harian,fashion,55500,35,14,21,1049000,10,1,116600,offline,Saturday,1,12,0,hujan_ringan,121,4.1
2024-12-07,P007,Sabun cuci literan,kebutuhan_rumah,17500,58,26,32,560000,0,0,0,campuran,Saturday,1,12,0,hujan_ringan,121,4.4
2024-12-07,P008,Beras 5 kg,kebutuhan_rumah,72500,18,1,17,1232500,0,0,0,online,Saturday,1,12,0,hujan_ringan,121,4.7
2024-12-07,P009,Minyak goreng 1 liter,kebutuhan_rumah,20000,51,19,32,640000,0,0,0,campuran,Saturday,1,12,0,hujan_ringan,121,4.3
2024-12-07,P010,Aksesori ponsel,aksesoris,26000,47,20,27,702000,0,0,0,campuran,Saturday,1,12,0,hujan_ringan,121,3.8
2024-12-07,P011,Buket mini,kerajinan,43500,26,13,13,565500,0,0,0,campuran,Saturday,1,12,0,hujan_ringan,121,4.9
2024-12-07,P012,Paket hampers,kerajinan,100000,20,6,14,1400000,0,0,0,campuran,Saturday,1,12,0,hujan_ringan,121,4.5
2024-12-08,P001,Paket nasi lauk,makanan_minuman,17000,62,11,51,867000,0,0,0,offline,Sunday,1,12,0,hujan_ringan,126,4.6
2024-12-08,P002,Minuman kopi susu,makanan_minuman,14000,62,10,52,728000,0,0,0,offline,Sunday,1,12,0,hujan_ringan,126,4.4
2024-12-08,P003,Snack kemasan lokal,makanan_minuman,9000,108,57,51,459000,0,0,0,offline,Sunday,1,12,0,hujan_ringan,126,4.1
2024-12-08,P004,Kaos basic,fashion,66500,24,11,13,864500,0,0,0,online,Sunday,1,12,0,hujan_ringan,126,4.4
2024-12-08,P005,Hijab polos,fashion,40000,63,26,37,1406000,5,1,74000,campuran,Sunday,1,12,0,hujan_ringan,126,4.6
2024-12-08,P006,Sandal harian,fashion,58000,19,0,19,1102000,0,0,0,campuran,Sunday,1,12,0,hujan_ringan,126,4.0
2024-12-08,P007,Sabun cuci literan,kebutuhan_rumah,17500,75,34,41,681600,5,1,35900,campuran,Sunday,1,12,0,hujan_ringan,126,3.9
2024-12-08,P008,Beras 5 kg,kebutuhan_rumah,74500,28,14,14,1043000,0,0,0,online,Sunday,1,12,0,hujan_ringan,126,4.4
2024-12-08,P009,Minyak goreng 1 liter,kebutuhan_rumah,19000,49,21,28,532000,0,0,0,online,Sunday,1,12,0,hujan_ringan,126,4.6
2024-12-08,P010,Aksesori ponsel,aksesoris,26000,39,8,31,725400,10,1,80600,offline,Sunday,1,12,0,hujan_ringan,126,4.1
2024-12-08,P011,Buket mini,kerajinan,47500,27,4,23,1037900,5,1,54600,campuran,Sunday,1,12,0,hujan_ringan,126,4.5
2024-12-08,P012,Paket hampers,kerajinan,92500,20,7,13,1142400,5,1,60100,online,Sunday,1,12,0,hujan_ringan,126,4.9
2024-12-09,P001,Paket nasi lauk,makanan_minuman,17500,68,36,32,504000,10,1,56000,offline,Monday,0,12,0,hujan_ringan,81,4.6
2024-12-09,P002,Minuman kopi susu,makanan_minuman,15000,40,12,28,420000,0,0,0,online,Monday,0,12,0,hujan_ringan,81,4.1
2024-12-09,P003,Snack kemasan lokal,makanan_minuman,8500,77,21,56,476000,0,0,0,campuran,Monday,0,12,0,hujan_ringan,81,4.5
2024-12-09,P004,Kaos basic,fashion,64000,29,15,14,761600,15,1,134400,offline,Monday,0,12,0,hujan_ringan,81,4.4
2024-12-09,P005,Hijab polos,fashion,42500,21,0,21,892500,0,0,0,online,Monday,0,12,0,hujan_ringan,81,4.6
2024-12-09,P006,Sandal harian,fashion,52500,16,2,14,735000,0,0,0,offline,Monday,0,12,0,hujan_ringan,81,4.1
2024-12-09,P007,Sabun cuci literan,kebutuhan_rumah,18000,35,14,21,378000,0,0,0,offline,Monday,0,12,0,hujan_ringan,81,4.2
2024-12-09,P008,Beras 5 kg,kebutuhan_rumah,74500,19,6,13,968500,0,0,0,offline,Monday,0,12,0,hujan_ringan,81,4.4
2024-12-09,P009,Minyak goreng 1 liter,kebutuhan_rumah,19000,34,4,30,570000,0,0,0,online,Monday,0,12,0,hujan_ringan,81,4.4
2024-12-09,P010,Aksesori ponsel,aksesoris,25000,22,3,19,475000,0,0,0,offline,Monday,0,12,0,hujan_ringan,81,3.9
2024-12-09,P011,Buket mini,kerajinan,44500,16,11,5,222500,0,0,0,offline,Monday,0,12,0,hujan_ringan,81,4.6
2024-12-09,P012,Paket hampers,kerajinan,94000,10,5,5,470000,0,0,0,online,Monday,0,12,0,hujan_ringan,81,4.6
2024-12-10,P001,Paket nasi lauk,makanan_minuman,18500,55,23,32,592000,0,0,0,offline,Tuesday,0,12,0,cerah,108,4.5
2024-12-10,P002,Minuman kopi susu,makanan_minuman,15000,64,23,41,615000,0,0,0,offline,Tuesday,0,12,0,cerah,108,4.3
2024-12-10,P003,Snack kemasan lokal,makanan_minuman,9000,91,55,36,324000,0,0,0,offline,Tuesday,0,12,0,cerah,108,4.2
2024-12-10,P004,Kaos basic,fashion,64500,27,7,20,1290000,0,0,0,campuran,Tuesday,0,12,0,cerah,108,4.5
2024-12-10,P005,Hijab polos,fashion,41500,31,9,22,913000,0,0,0,offline,Tuesday,0,12,0,cerah,108,4.7
2024-12-10,P006,Sandal harian,fashion,54500,20,11,9,490500,0,0,0,online,Tuesday,0,12,0,cerah,108,4.0
2024-12-10,P007,Sabun cuci literan,kebutuhan_rumah,17000,30,0,30,510000,0,0,0,offline,Tuesday,0,12,0,cerah,108,4.2
2024-12-10,P008,Beras 5 kg,kebutuhan_rumah,71000,24,5,19,1349000,0,0,0,campuran,Tuesday,0,12,0,cerah,108,4.5
2024-12-10,P009,Minyak goreng 1 liter,kebutuhan_rumah,18500,78,31,47,739100,15,1,130400,offline,Tuesday,0,12,0,cerah,108,4.3
2024-12-10,P010,Aksesori ponsel,aksesoris,25000,31,0,31,775000,0,0,0,campuran,Tuesday,0,12,0,cerah,108,3.9
2024-12-10,P011,Buket mini,kerajinan,47500,16,10,6,285000,0,0,0,online,Tuesday,0,12,0,cerah,108,4.7
2024-12-10,P012,Paket hampers,kerajinan,93500,14,9,5,467500,0,0,0,online,Tuesday,0,12,0,cerah,108,4.6
2024-12-11,P001,Paket nasi lauk,makanan_minuman,18000,49,18,31,558000,0,0,0,offline,Wednesday,0,12,0,hujan_ringan,97,4.4
2024-12-11,P002,Minuman kopi susu,makanan_minuman,15500,34,0,34,527000,0,0,0,offline,Wednesday,0,12,0,hujan_ringan,97,4.3
2024-12-11,P003,Snack kemasan lokal,makanan_minuman,9500,66,30,36,342000,0,0,0,online,Wednesday,0,12,0,hujan_ringan,97,4.2
2024-12-11,P004,Kaos basic,fashion,70000,19,9,10,700000,0,0,0,offline,Wednesday,0,12,0,hujan_ringan,97,4.4
2024-12-11,P005,Hijab polos,fashion,41000,15,0,15,615000,0,0,0,offline,Wednesday,0,12,0,hujan_ringan,97,4.4
2024-12-11,P006,Sandal harian,fashion,56500,12,4,8,452000,0,0,0,online,Wednesday,0,12,0,hujan_ringan,97,4.5
2024-12-11,P007,Sabun cuci literan,kebutuhan_rumah,17500,26,12,14,245000,0,0,0,online,Wednesday,0,12,0,hujan_ringan,97,4.3
2024-12-11,P008,Beras 5 kg,kebutuhan_rumah,76000,17,0,17,1292000,0,0,0,online,Wednesday,0,12,0,hujan_ringan,97,4.3
2024-12-11,P009,Minyak goreng 1 liter,kebutuhan_rumah,18000,53,12,41,701100,5,1,36900,offline,Wednesday,0,12,0,hujan_ringan,97,4.5
2024-12-11,P010,Aksesori ponsel,aksesoris,25500,20,2,18,459000,0,0,0,campuran,Wednesday,0,12,0,hujan_ringan,97,3.9
2024-12-11,P011,Buket mini,kerajinan,44500,24,15,9,380500,5,1,20000,offline,Wednesday,0,12,0,hujan_ringan,97,4.9
2024-12-11,P012,Paket hampers,kerajinan,95000,8,6,2,190000,0,0,0,offline,Wednesday,0,12,0,hujan_ringan,97,4.6
2024-12-12,P001,Paket nasi lauk,makanan_minuman,17500,53,22,31,542500,0,0,0,offline,Thursday,0,12,0,berawan,104,4.7
2024-12-12,P002,Minuman kopi susu,makanan_minuman,15000,81,33,48,720000,0,0,0,campuran,Thursday,0,12,0,berawan,104,4.4
2024-12-12,P003,Snack kemasan lokal,makanan_minuman,9500,60,24,36,342000,0,0,0,online,Thursday,0,12,0,berawan,104,4.3
2024-12-12,P004,Kaos basic,fashion,63000,21,3,18,1134000,0,0,0,campuran,Thursday,0,12,0,berawan,104,4.0
2024-12-12,P005,Hijab polos,fashion,44000,27,5,22,968000,0,0,0,offline,Thursday,0,12,0,berawan,104,4.6
2024-12-12,P006,Sandal harian,fashion,54500,21,5,16,828400,5,1,43600,offline,Thursday,0,12,0,berawan,104,4.1
2024-12-12,P007,Sabun cuci literan,kebutuhan_rumah,16500,50,29,21,346500,0,0,0,online,Thursday,0,12,0,berawan,104,4.1
2024-12-12,P008,Beras 5 kg,kebutuhan_rumah,70000,26,14,12,840000,0,0,0,campuran,Thursday,0,12,0,berawan,104,4.3
2024-12-12,P009,Minyak goreng 1 liter,kebutuhan_rumah,19500,46,13,33,643500,0,0,0,online,Thursday,0,12,0,berawan,104,4.3
2024-12-12,P010,Aksesori ponsel,aksesoris,25500,30,15,15,382500,0,0,0,online,Thursday,0,12,0,berawan,104,4.0
2024-12-12,P011,Buket mini,kerajinan,44500,19,17,2,89000,0,0,0,online,Thursday,0,12,0,berawan,104,4.8
2024-12-12,P012,Paket hampers,kerajinan,92000,19,1,18,1407600,15,1,248400,online,Thursday,0,12,0,berawan,104,4.5
2024-12-13,P001,Paket nasi lauk,makanan_minuman,18500,34,4,30,555000,0,0,0,online,Friday,0,12,0,berawan,95,4.5
2024-12-13,P002,Minuman kopi susu,makanan_minuman,15500,63,40,23,356500,0,0,0,offline,Friday,0,12,0,berawan,95,4.2
2024-12-13,P003,Snack kemasan lokal,makanan_minuman,9000,74,35,39,351000,0,0,0,offline,Friday,0,12,0,berawan,95,4.1
2024-12-13,P004,Kaos basic,fashion,64000,13,3,10,640000,0,0,0,offline,Friday,0,12,0,berawan,95,4.3
2024-12-13,P005,Hijab polos,fashion,43000,23,1,22,946000,0,0,0,offline,Friday,0,12,0,berawan,95,4.2
2024-12-13,P006,Sandal harian,fashion,54000,15,8,7,378000,0,0,0,online,Friday,0,12,0,berawan,95,4.0
2024-12-13,P007,Sabun cuci literan,kebutuhan_rumah,17000,47,13,34,578000,0,0,0,offline,Friday,0,12,0,berawan,95,4.2
2024-12-13,P008,Beras 5 kg,kebutuhan_rumah,76000,23,4,19,1444000,0,0,0,offline,Friday,0,12,0,berawan,95,4.8
2024-12-13,P009,Minyak goreng 1 liter,kebutuhan_rumah,20000,54,25,29,580000,0,0,0,campuran,Friday,0,12,0,berawan,95,4.5
2024-12-13,P010,Aksesori ponsel,aksesoris,26000,30,11,19,494000,0,0,0,campuran,Friday,0,12,0,berawan,95,3.9
2024-12-13,P011,Buket mini,kerajinan,48000,17,4,13,624000,0,0,0,campuran,Friday,0,12,0,berawan,95,4.5
2024-12-13,P012,Paket hampers,kerajinan,88500,15,10,5,442500,0,0,0,online,Friday,0,12,0,berawan,95,4.6
2024-12-14,P001,Paket nasi lauk,makanan_minuman,19000,70,25,45,855000,0,0,0,offline,Saturday,1,12,0,cerah,128,4.6
2024-12-14,P002,Minuman kopi susu,makanan_minuman,15500,133,50,83,1157800,10,1,128600,campuran,Saturday,1,12,0,cerah,128,4.5
2024-12-14,P003,Snack kemasan lokal,makanan_minuman,9500,131,30,101,863600,10,1,96000,offline,Saturday,1,12,0,cerah,128,4.2
2024-12-14,P004,Kaos basic,fashion,63500,34,17,17,1079500,0,0,0,offline,Saturday,1,12,0,cerah,128,4.2
2024-12-14,P005,Hijab polos,fashion,40000,42,2,40,1600000,0,0,0,online,Saturday,1,12,0,cerah,128,4.6
2024-12-14,P006,Sandal harian,fashion,53500,54,18,36,1637100,15,1,288900,campuran,Saturday,1,12,0,cerah,128,4.1
2024-12-14,P007,Sabun cuci literan,kebutuhan_rumah,16500,52,7,45,742500,0,0,0,online,Saturday,1,12,0,cerah,128,4.1
2024-12-14,P008,Beras 5 kg,kebutuhan_rumah,67500,36,18,18,1215000,0,0,0,campuran,Saturday,1,12,0,cerah,128,4.6
2024-12-14,P009,Minyak goreng 1 liter,kebutuhan_rumah,19500,65,15,50,975000,0,0,0,online,Saturday,1,12,0,cerah,128,4.4
2024-12-14,P010,Aksesori ponsel,aksesoris,25000,32,14,18,450000,0,0,0,online,Saturday,1,12,0,cerah,128,3.7
2024-12-14,P011,Buket mini,kerajinan,44500,31,14,17,756500,0,0,0,offline,Saturday,1,12,0,cerah,128,4.6
2024-12-14,P012,Paket hampers,kerajinan,92000,22,15,7,644000,0,0,0,offline,Saturday,1,12,0,cerah,128,4.4
2024-12-15,P001,Paket nasi lauk,makanan_minuman,17000,76,33,43,731000,0,0,0,campuran,Sunday,1,12,0,hujan_ringan,113,4.4
2024-12-15,P002,Minuman kopi susu,makanan_minuman,15500,61,11,50,775000,0,0,0,online,Sunday,1,12,0,hujan_ringan,113,4.3
2024-12-15,P003,Snack kemasan lokal,makanan_minuman,9000,96,56,40,360000,0,0,0,online,Sunday,1,12,0,hujan_ringan,113,4.4
2024-12-15,P004,Kaos basic,fashion,62500,21,3,18,1125000,0,0,0,online,Sunday,1,12,0,hujan_ringan,113,4.2
2024-12-15,P005,Hijab polos,fashion,42000,29,0,29,1218000,0,0,0,online,Sunday,1,12,0,hujan_ringan,113,4.8
2024-12-15,P006,Sandal harian,fashion,56000,34,8,26,1237600,15,1,218400,offline,Sunday,1,12,0,hujan_ringan,113,4.2
2024-12-15,P007,Sabun cuci literan,kebutuhan_rumah,17000,47,13,34,578000,0,0,0,offline,Sunday,1,12,0,hujan_ringan,113,4.0
2024-12-15,P008,Beras 5 kg,kebutuhan_rumah,66500,32,13,19,1263500,0,0,0,offline,Sunday,1,12,0,hujan_ringan,113,4.8
2024-12-15,P009,Minyak goreng 1 liter,kebutuhan_rumah,20000,90,40,50,850000,15,1,150000,offline,Sunday,1,12,0,hujan_ringan,113,4.4
2024-12-15,P010,Aksesori ponsel,aksesoris,24500,57,15,42,874600,15,1,154400,campuran,Sunday,1,12,0,hujan_ringan,113,3.8
2024-12-15,P011,Buket mini,kerajinan,46500,17,7,10,465000,0,0,0,online,Sunday,1,12,0,hujan_ringan,113,4.5
2024-12-15,P012,Paket hampers,kerajinan,93500,17,9,8,748000,0,0,0,campuran,Sunday,1,12,0,hujan_ringan,113,4.6
2024-12-16,P001,Paket nasi lauk,makanan_minuman,18500,54,9,45,790900,5,1,41600,offline,Monday,0,12,0,berawan,92,4.5
2024-12-16,P002,Minuman kopi susu,makanan_minuman,16000,54,16,38,608000,0,0,0,campuran,Monday,0,12,0,berawan,92,4.4
2024-12-16,P003,Snack kemasan lokal,makanan_minuman,9000,63,29,34,306000,0,0,0,online,Monday,0,12,0,berawan,92,4.3
2024-12-16,P004,Kaos basic,fashion,64000,20,10,10,640000,0,0,0,offline,Monday,0,12,0,berawan,92,4.1
2024-12-16,P005,Hijab polos,fashion,42500,21,5,16,680000,0,0,0,offline,Monday,0,12,0,berawan,92,4.6
2024-12-16,P006,Sandal harian,fashion,53000,19,8,11,583000,0,0,0,offline,Monday,0,12,0,berawan,92,3.9
2024-12-16,P007,Sabun cuci literan,kebutuhan_rumah,18500,46,5,41,682600,10,1,75800,online,Monday,0,12,0,berawan,92,4.2
2024-12-16,P008,Beras 5 kg,kebutuhan_rumah,70500,17,0,17,1198500,0,0,0,offline,Monday,0,12,0,berawan,92,4.8
2024-12-16,P009,Minyak goreng 1 liter,kebutuhan_rumah,19000,35,6,29,551000,0,0,0,campuran,Monday,0,12,0,berawan,92,4.2
2024-12-16,P010,Aksesori ponsel,aksesoris,24000,22,3,19,456000,0,0,0,offline,Monday,0,12,0,berawan,92,3.8
2024-12-16,P011,Buket mini,kerajinan,46000,15,0,15,690000,0,0,0,offline,Monday,0,12,0,berawan,92,4.8
2024-12-16,P012,Paket hampers,kerajinan,99500,19,9,10,945200,5,1,49800,campuran,Monday,0,12,0,berawan,92,4.5
2024-12-17,P001,Paket nasi lauk,makanan_minuman,18000,65,19,46,828000,0,0,0,offline,Tuesday,0,12,0,cerah,91,4.5
2024-12-17,P002,Minuman kopi susu,makanan_minuman,15000,92,35,57,812200,5,1,42800,online,Tuesday,0,12,0,cerah,91,4.1
2024-12-17,P003,Snack kemasan lokal,makanan_minuman,9000,94,47,47,423000,0,0,0,campuran,Tuesday,0,12,0,cerah,91,4.0
2024-12-17,P004,Kaos basic,fashion,63500,22,7,15,952500,0,0,0,online,Tuesday,0,12,0,cerah,91,4.1
2024-12-17,P005,Hijab polos,fashion,41000,56,22,34,1184900,15,1,209100,offline,Tuesday,0,12,0,cerah,91,4.4
2024-12-17,P006,Sandal harian,fashion,56500,18,4,14,791000,0,0,0,offline,Tuesday,0,12,0,cerah,91,4.2
2024-12-17,P007,Sabun cuci literan,kebutuhan_rumah,17500,40,23,17,297500,0,0,0,online,Tuesday,0,12,0,cerah,91,4.2
2024-12-17,P008,Beras 5 kg,kebutuhan_rumah,73500,33,0,33,2183000,10,1,242600,campuran,Tuesday,0,12,0,cerah,91,4.3
2024-12-17,P009,Minyak goreng 1 liter,kebutuhan_rumah,18500,62,16,46,765900,10,1,85100,campuran,Tuesday,0,12,0,cerah,91,4.3
2024-12-17,P010,Aksesori ponsel,aksesoris,26000,32,10,22,572000,0,0,0,offline,Tuesday,0,12,0,cerah,91,4.1
2024-12-17,P011,Buket mini,kerajinan,45000,22,11,11,470200,5,1,24800,offline,Tuesday,0,12,0,cerah,91,4.6
2024-12-17,P012,Paket hampers,kerajinan,97500,13,3,10,975000,0,0,0,offline,Tuesday,0,12,0,cerah,91,4.6
2024-12-18,P001,Paket nasi lauk,makanan_minuman,17000,47,4,43,731000,0,0,0,offline,Wednesday,0,12,0,berawan,101,4.4
2024-12-18,P002,Minuman kopi susu,makanan_minuman,14000,105,52,53,630700,15,1,111300,online,Wednesday,0,12,0,berawan,101,4.6
2024-12-18,P003,Snack kemasan lokal,makanan_minuman,9000,61,22,39,351000,0,0,0,online,Wednesday,0,12,0,berawan,101,4.4
2024-12-18,P004,Kaos basic,fashion,65000,20,9,11,715000,0,0,0,online,Wednesday,0,12,0,berawan,101,4.4
2024-12-18,P005,Hijab polos,fashion,44500,32,6,26,1099200,5,1,57800,offline,Wednesday,0,12,0,berawan,101,4.5
2024-12-18,P006,Sandal harian,fashion,53500,19,7,12,642000,0,0,0,online,Wednesday,0,12,0,berawan,101,4.2
2024-12-18,P007,Sabun cuci literan,kebutuhan_rumah,17000,35,14,21,357000,0,0,0,online,Wednesday,0,12,0,berawan,101,4.3
2024-12-18,P008,Beras 5 kg,kebutuhan_rumah,76000,9,0,9,684000,0,0,0,online,Wednesday,0,12,0,berawan,101,4.5
2024-12-18,P009,Minyak goreng 1 liter,kebutuhan_rumah,19000,42,5,37,703000,0,0,0,offline,Wednesday,0,12,0,berawan,101,4.5
2024-12-18,P010,Aksesori ponsel,aksesoris,24500,48,27,21,488800,5,1,25700,online,Wednesday,0,12,0,berawan,101,4.1
2024-12-18,P011,Buket mini,kerajinan,44500,21,12,9,400500,0,0,0,offline,Wednesday,0,12,0,berawan,101,4.8
2024-12-18,P012,Paket hampers,kerajinan,87500,18,4,14,1041200,15,1,183800,online,Wednesday,0,12,0,berawan,101,4.4
2024-12-19,P001,Paket nasi lauk,makanan_minuman,17500,38,2,36,630000,0,0,0,campuran,Thursday,0,12,0,hujan_ringan,75,4.4
2024-12-19,P002,Minuman kopi susu,makanan_minuman,15500,51,16,35,542500,0,0,0,online,Thursday,0,12,0,hujan_ringan,75,4.3
2024-12-19,P003,Snack kemasan lokal,makanan_minuman,9000,64,33,31,279000,0,0,0,online,Thursday,0,12,0,hujan_ringan,75,4.6
2024-12-19,P004,Kaos basic,fashion,63000,14,0,14,882000,0,0,0,offline,Thursday,0,12,0,hujan_ringan,75,4.4
2024-12-19,P005,Hijab polos,fashion,42500,16,0,16,680000,0,0,0,online,Thursday,0,12,0,hujan_ringan,75,4.8
2024-12-19,P006,Sandal harian,fashion,57000,16,4,12,684000,0,0,0,campuran,Thursday,0,12,0,hujan_ringan,75,4.1
2024-12-19,P007,Sabun cuci literan,kebutuhan_rumah,17000,24,0,24,408000,0,0,0,offline,Thursday,0,12,0,hujan_ringan,75,4.4
2024-12-19,P008,Beras 5 kg,kebutuhan_rumah,73000,28,4,24,1576800,10,1,175200,offline,Thursday,0,12,0,hujan_ringan,75,4.7
2024-12-19,P009,Minyak goreng 1 liter,kebutuhan_rumah,18500,30,4,26,481000,0,0,0,campuran,Thursday,0,12,0,hujan_ringan,75,4.5
2024-12-19,P010,Aksesori ponsel,aksesoris,25500,25,12,13,331500,0,0,0,offline,Thursday,0,12,0,hujan_ringan,75,3.8
2024-12-19,P011,Buket mini,kerajinan,44500,16,10,6,267000,0,0,0,campuran,Thursday,0,12,0,hujan_ringan,75,4.7
2024-12-19,P012,Paket hampers,kerajinan,92000,7,0,7,644000,0,0,0,online,Thursday,0,12,0,hujan_ringan,75,4.8
2024-12-20,P001,Paket nasi lauk,makanan_minuman,18000,50,13,37,666000,0,0,0,online,Friday,0,12,0,cerah,94,4.9
2024-12-20,P002,Minuman kopi susu,makanan_minuman,14500,79,14,65,895400,5,1,47100,offline,Friday,0,12,0,cerah,94,4.2
2024-12-20,P003,Snack kemasan lokal,makanan_minuman,9000,72,12,60,540000,0,0,0,offline,Friday,0,12,0,cerah,94,4.3
2024-12-20,P004,Kaos basic,fashion,64500,18,7,11,709500,0,0,0,offline,Friday,0,12,0,cerah,94,4.3
2024-12-20,P005,Hijab polos,fashion,42000,30,17,13,546000,0,0,0,online,Friday,0,12,0,cerah,94,4.4
2024-12-20,P006,Sandal harian,fashion,50000,27,17,10,500000,0,0,0,offline,Friday,0,12,0,cerah,94,4.0
2024-12-20,P007,Sabun cuci literan,kebutuhan_rumah,17000,44,22,22,374000,0,0,0,offline,Friday,0,12,0,cerah,94,4.2
2024-12-20,P008,Beras 5 kg,kebutuhan_rumah,68500,20,11,9,616500,0,0,0,offline,Friday,0,12,0,cerah,94,4.7
2024-12-20,P009,Minyak goreng 1 liter,kebutuhan_rumah,19500,45,19,26,507000,0,0,0,online,Friday,0,12,0,cerah,94,4.4
2024-12-20,P010,Aksesori ponsel,aksesoris,24500,34,9,25,520600,15,1,91900,online,Friday,0,12,0,cerah,94,3.9
2024-12-20,P011,Buket mini,kerajinan,44000,26,4,22,919600,5,1,48400,campuran,Friday,0,12,0,cerah,94,4.6
2024-12-20,P012,Paket hampers,kerajinan,100000,12,5,7,700000,0,0,0,offline,Friday,0,12,0,cerah,94,4.5
2024-12-21,P001,Paket nasi lauk,makanan_minuman,18500,51,15,36,666000,0,0,0,offline,Saturday,1,12,0,hujan_deras,107,4.3
2024-12-21,P002,Minuman kopi susu,makanan_minuman,14000,56,35,21,294000,0,0,0,online,Saturday,1,12,0,hujan_deras,107,4.5
2024-12-21,P003,Snack kemasan lokal,makanan_minuman,9000,61,14,47,423000,0,0,0,offline,Saturday,1,12,0,hujan_deras,107,3.8
2024-12-21,P004,Kaos basic,fashion,59000,22,9,13,767000,0,0,0,online,Saturday,1,12,0,hujan_deras,107,4.4
2024-12-21,P005,Hijab polos,fashion,42000,31,12,19,798000,0,0,0,offline,Saturday,1,12,0,hujan_deras,107,4.3
2024-12-21,P006,Sandal harian,fashion,53500,21,12,9,481500,0,0,0,campuran,Saturday,1,12,0,hujan_deras,107,4.2
2024-12-21,P007,Sabun cuci literan,kebutuhan_rumah,17000,34,3,31,527000,0,0,0,offline,Saturday,1,12,0,hujan_deras,107,4.1
2024-12-21,P008,Beras 5 kg,kebutuhan_rumah,72000,26,7,19,1368000,0,0,0,campuran,Saturday,1,12,0,hujan_deras,107,4.5
2024-12-21,P009,Minyak goreng 1 liter,kebutuhan_rumah,20500,65,2,63,1162400,10,1,129200,campuran,Saturday,1,12,0,hujan_deras,107,4.4
2024-12-21,P010,Aksesori ponsel,aksesoris,24000,36,7,29,696000,0,0,0,campuran,Saturday,1,12,0,hujan_deras,107,3.8
2024-12-21,P011,Buket mini,kerajinan,46000,19,4,15,690000,0,0,0,campuran,Saturday,1,12,0,hujan_deras,107,4.7
2024-12-21,P012,Paket hampers,kerajinan,94500,11,0,11,987500,5,1,52000,online,Saturday,1,12,0,hujan_deras,107,4.7
2024-12-22,P001,Paket nasi lauk,makanan_minuman,19000,57,9,48,912000,0,0,0,online,Sunday,1,12,0,hujan_ringan,136,4.2
2024-12-22,P002,Minuman kopi susu,makanan_minuman,14000,91,40,51,714000,0,0,0,offline,Sunday,1,12,0,hujan_ringan,136,4.4
2024-12-22,P003,Snack kemasan lokal,makanan_minuman,8500,74,6,68,578000,0,0,0,offline,Sunday,1,12,0,hujan_ringan,136,4.4
2024-12-22,P004,Kaos basic,fashion,63000,37,17,20,1134000,10,1,126000,offline,Sunday,1,12,0,hujan_ringan,136,4.2
2024-12-22,P005,Hijab polos,fashion,41500,44,10,34,1411000,0,0,0,offline,Sunday,1,12,0,hujan_ringan,136,4.5
2024-12-22,P006,Sandal harian,fashion,54000,29,11,18,972000,0,0,0,campuran,Sunday,1,12,0,hujan_ringan,136,4.3
2024-12-22,P007,Sabun cuci literan,kebutuhan_rumah,17000,37,0,37,629000,0,0,0,online,Sunday,1,12,0,hujan_ringan,136,4.1
2024-12-22,P008,Beras 5 kg,kebutuhan_rumah,74500,37,26,11,819500,0,0,0,offline,Sunday,1,12,0,hujan_ringan,136,4.6
2024-12-22,P009,Minyak goreng 1 liter,kebutuhan_rumah,18500,98,51,47,695600,20,1,173900,offline,Sunday,1,12,0,hujan_ringan,136,4.4
2024-12-22,P010,Aksesori ponsel,aksesoris,26000,41,10,31,806000,0,0,0,offline,Sunday,1,12,0,hujan_ringan,136,4.1
2024-12-22,P011,Buket mini,kerajinan,44500,31,17,14,623000,0,0,0,offline,Sunday,1,12,0,hujan_ringan,136,4.8
2024-12-22,P012,Paket hampers,kerajinan,96500,26,4,22,1804600,15,1,318400,campuran,Sunday,1,12,0,hujan_ringan,136,4.6
2024-12-23,P001,Paket nasi lauk,makanan_minuman,19000,56,17,39,741000,0,0,0,campuran,Monday,0,12,0,hujan_ringan,66,4.5
2024-12-23,P002,Minuman kopi susu,makanan_minuman,15000,41,14,27,405000,0,0,0,online,Monday,0,12,0,hujan_ringan,66,4.3
2024-12-23,P003,Snack kemasan lokal,makanan_minuman,9500,54,13,41,389500,0,0,0,offline,Monday,0,12,0,hujan_ringan,66,4.2
2024-12-23,P004,Kaos basic,fashion,66500,13,0,13,864500,0,0,0,offline,Monday,0,12,0,hujan_ringan,66,4.3
2024-12-23,P005,Hijab polos,fashion,44500,23,1,22,979000,0,0,0,online,Monday,0,12,0,hujan_ringan,66,4.3
2024-12-23,P006,Sandal harian,fashion,55000,16,8,8,440000,0,0,0,online,Monday,0,12,0,hujan_ringan,66,4.0
2024-12-23,P007,Sabun cuci literan,kebutuhan_rumah,17000,35,17,18,306000,0,0,0,offline,Monday,0,12,0,hujan_ringan,66,4.1
2024-12-23,P008,Beras 5 kg,kebutuhan_rumah,73500,19,1,18,1323000,0,0,0,campuran,Monday,0,12,0,hujan_ringan,66,4.7
2024-12-23,P009,Minyak goreng 1 liter,kebutuhan_rumah,17500,65,33,32,476000,15,1,84000,online,Monday,0,12,0,hujan_ringan,66,4.3
2024-12-23,P010,Aksesori ponsel,aksesoris,25000,22,4,18,450000,0,0,0,campuran,Monday,0,12,0,hujan_ringan,66,4.1
2024-12-23,P011,Buket mini,kerajinan,46000,19,12,7,305900,5,1,16100,campuran,Monday,0,12,0,hujan_ringan,66,4.7
2024-12-23,P012,Paket hampers,kerajinan,95000,14,0,14,1197000,10,1,133000,offline,Monday,0,12,0,hujan_ringan,66,4.6
2024-12-24,P001,Paket nasi lauk,makanan_minuman,18500,39,8,31,573500,0,0,0,offline,Tuesday,0,12,0,hujan_deras,110,4.6
2024-12-24,P002,Minuman kopi susu,makanan_minuman,15000,79,23,56,798000,5,1,42000,campuran,Tuesday,0,12,0,hujan_deras,110,4.2
2024-12-24,P003,Snack kemasan lokal,makanan_minuman,9500,75,29,46,371400,15,1,65600,online,Tuesday,0,12,0,hujan_deras,110,4.2
2024-12-24,P004,Kaos basic,fashion,64500,16,9,7,451500,0,0,0,online,Tuesday,0,12,0,hujan_deras,110,4.1
2024-12-24,P005,Hijab polos,fashion,41500,28,12,16,664000,0,0,0,campuran,Tuesday,0,12,0,hujan_deras,110,4.4
2024-12-24,P006,Sandal harian,fashion,55000,16,3,13,715000,0,0,0,campuran,Tuesday,0,12,0,hujan_deras,110,4.1
2024-12-24,P007,Sabun cuci literan,kebutuhan_rumah,17000,39,18,21,357000,0,0,0,campuran,Tuesday,0,12,0,hujan_deras,110,4.1
2024-12-24,P008,Beras 5 kg,kebutuhan_rumah,67500,18,10,8,540000,0,0,0,online,Tuesday,0,12,0,hujan_deras,110,4.5
2024-12-24,P009,Minyak goreng 1 liter,kebutuhan_rumah,18000,36,11,25,450000,0,0,0,offline,Tuesday,0,12,0,hujan_deras,110,4.6
2024-12-24,P010,Aksesori ponsel,aksesoris,25000,22,11,11,275000,0,0,0,offline,Tuesday,0,12,0,hujan_deras,110,4.1
2024-12-24,P011,Buket mini,kerajinan,43500,16,2,14,578600,5,1,30400,offline,Tuesday,0,12,0,hujan_deras,110,4.6
2024-12-24,P012,Paket hampers,kerajinan,90500,11,6,5,452500,0,0,0,offline,Tuesday,0,12,0,hujan_deras,110,4.8
2024-12-25,P001,Paket nasi lauk,makanan_minuman,18000,54,25,29,522000,0,0,0,campuran,Wednesday,0,12,0,hujan_ringan,82,4.6
2024-12-25,P002,Minuman kopi susu,makanan_minuman,15500,55,23,32,496000,0,0,0,online,Wednesday,0,12,0,hujan_ringan,82,4.7
2024-12-25,P003,Snack kemasan lokal,makanan_minuman,9500,70,13,57,541500,0,0,0,campuran,Wednesday,0,12,0,hujan_ringan,82,4.2
2024-12-25,P004,Kaos basic,fashion,65000,16,9,7,455000,0,0,0,online,Wednesday,0,12,0,hujan_ringan,82,4.7
2024-12-25,P005,Hijab polos,fashion,38500,28,12,16,616000,0,0,0,online,Wednesday,0,12,0,hujan_ringan,82,4.7
2024-12-25,P006,Sandal harian,fashion,55000,16,8,8,440000,0,0,0,online,Wednesday,0,12,0,hujan_ringan,82,3.9
2024-12-25,P007,Sabun cuci literan,kebutuhan_rumah,17000,34,8,26,442000,0,0,0,online,Wednesday,0,12,0,hujan_ringan,82,4.5
2024-12-25,P008,Beras 5 kg,kebutuhan_rumah,74500,21,5,16,1192000,0,0,0,offline,Wednesday,0,12,0,hujan_ringan,82,4.5
2024-12-25,P009,Minyak goreng 1 liter,kebutuhan_rumah,20000,44,19,25,500000,0,0,0,campuran,Wednesday,0,12,0,hujan_ringan,82,4.5
2024-12-25,P010,Aksesori ponsel,aksesoris,26000,20,12,8,208000,0,0,0,offline,Wednesday,0,12,0,hujan_ringan,82,3.9
2024-12-25,P011,Buket mini,kerajinan,43500,17,3,14,609000,0,0,0,campuran,Wednesday,0,12,0,hujan_ringan,82,4.6
2024-12-25,P012,Paket hampers,kerajinan,100000,8,3,5,500000,0,0,0,online,Wednesday,0,12,0,hujan_ringan,82,4.5
2024-12-26,P001,Paket nasi lauk,makanan_minuman,18500,57,33,24,444000,0,0,0,offline,Thursday,0,12,0,hujan_ringan,69,4.5
2024-12-26,P002,Minuman kopi susu,makanan_minuman,16000,30,0,30,480000,0,0,0,offline,Thursday,0,12,0,hujan_ringan,69,4.4
2024-12-26,P003,Snack kemasan lokal,makanan_minuman,9000,68,30,38,342000,0,0,0,campuran,Thursday,0,12,0,hujan_ringan,69,4.5
2024-12-26,P004,Kaos basic,fashion,65000,19,9,10,650000,0,0,0,online,Thursday,0,12,0,hujan_ringan,69,4.4
2024-12-26,P005,Hijab polos,fashion,43000,30,20,10,430000,0,0,0,offline,Thursday,0,12,0,hujan_ringan,69,4.7
2024-12-26,P006,Sandal harian,fashion,56500,19,9,10,508500,10,1,56500,offline,Thursday,0,12,0,hujan_ringan,69,4.0
2024-12-26,P007,Sabun cuci literan,kebutuhan_rumah,17000,35,10,25,425000,0,0,0,offline,Thursday,0,12,0,hujan_ringan,69,4.1
2024-12-26,P008,Beras 5 kg,kebutuhan_rumah,68000,24,6,18,1224000,0,0,0,campuran,Thursday,0,12,0,hujan_ringan,69,4.4
2024-12-26,P009,Minyak goreng 1 liter,kebutuhan_rumah,19000,41,21,20,380000,0,0,0,campuran,Thursday,0,12,0,hujan_ringan,69,4.3
2024-12-26,P010,Aksesori ponsel,aksesoris,24000,32,0,32,729600,5,1,38400,campuran,Thursday,0,12,0,hujan_ringan,69,3.8
2024-12-26,P011,Buket mini,kerajinan,44500,12,3,9,400500,0,0,0,campuran,Thursday,0,12,0,hujan_ringan,69,4.9
2024-12-26,P012,Paket hampers,kerajinan,94500,11,0,11,935600,10,1,104000,offline,Thursday,0,12,0,hujan_ringan,69,4.5
2024-12-27,P001,Paket nasi lauk,makanan_minuman,17500,44,9,35,612500,0,0,0,campuran,Friday,0,12,0,hujan_deras,70,4.5
2024-12-27,P002,Minuman kopi susu,makanan_minuman,15000,48,23,25,375000,0,0,0,offline,Friday,0,12,0,hujan_deras,70,4.3
2024-12-27,P003,Snack kemasan lokal,makanan_minuman,9000,43,5,38,342000,0,0,0,online,Friday,0,12,0,hujan_deras,70,4.1
2024-12-27,P004,Kaos basic,fashion,64000,19,9,10,576000,10,1,64000,online,Friday,0,12,0,hujan_deras,70,4.3
2024-12-27,P005,Hijab polos,fashion,43000,22,12,10,430000,0,0,0,online,Friday,0,12,0,hujan_deras,70,4.6
2024-12-27,P006,Sandal harian,fashion,55000,15,6,9,495000,0,0,0,offline,Friday,0,12,0,hujan_deras,70,4.5
2024-12-27,P007,Sabun cuci literan,kebutuhan_rumah,18000,34,16,18,324000,0,0,0,campuran,Friday,0,12,0,hujan_deras,70,4.3
2024-12-27,P008,Beras 5 kg,kebutuhan_rumah,72000,12,2,10,720000,0,0,0,offline,Friday,0,12,0,hujan_deras,70,4.7
2024-12-27,P009,Minyak goreng 1 liter,kebutuhan_rumah,19000,32,4,28,532000,0,0,0,offline,Friday,0,12,0,hujan_deras,70,4.3
2024-12-27,P010,Aksesori ponsel,aksesoris,24500,23,10,13,302600,5,1,15900,online,Friday,0,12,0,hujan_deras,70,3.9
2024-12-27,P011,Buket mini,kerajinan,42000,11,5,6,252000,0,0,0,offline,Friday,0,12,0,hujan_deras,70,4.9
2024-12-27,P012,Paket hampers,kerajinan,94000,13,6,7,559300,15,1,98700,offline,Friday,0,12,0,hujan_deras,70,4.4
2024-12-28,P001,Paket nasi lauk,makanan_minuman,17500,66,13,53,927500,0,0,0,campuran,Saturday,1,12,0,hujan_ringan,122,4.3
2024-12-28,P002,Minuman kopi susu,makanan_minuman,15000,60,8,52,780000,0,0,0,offline,Saturday,1,12,0,hujan_ringan,122,4.1
2024-12-28,P003,Snack kemasan lokal,makanan_minuman,9500,72,25,47,446500,0,0,0,offline,Saturday,1,12,0,hujan_ringan,122,4.2
2024-12-28,P004,Kaos basic,fashion,66500,38,19,19,1200300,5,1,63200,online,Saturday,1,12,0,hujan_ringan,122,4.2
2024-12-28,P005,Hijab polos,fashion,40500,36,20,16,648000,0,0,0,online,Saturday,1,12,0,hujan_ringan,122,4.3
2024-12-28,P006,Sandal harian,fashion,55000,29,17,12,660000,0,0,0,campuran,Saturday,1,12,0,hujan_ringan,122,3.9
2024-12-28,P007,Sabun cuci literan,kebutuhan_rumah,17000,52,9,43,731000,0,0,0,campuran,Saturday,1,12,0,hujan_ringan,122,4.2
2024-12-28,P008,Beras 5 kg,kebutuhan_rumah,71500,31,15,16,1144000,0,0,0,offline,Saturday,1,12,0,hujan_ringan,122,4.4
2024-12-28,P009,Minyak goreng 1 liter,kebutuhan_rumah,19000,72,33,39,741000,0,0,0,offline,Saturday,1,12,0,hujan_ringan,122,4.6
2024-12-28,P010,Aksesori ponsel,aksesoris,26000,56,15,41,959400,10,1,106600,campuran,Saturday,1,12,0,hujan_ringan,122,3.8
2024-12-28,P011,Buket mini,kerajinan,45000,21,1,20,900000,0,0,0,campuran,Saturday,1,12,0,hujan_ringan,122,4.6
2024-12-28,P012,Paket hampers,kerajinan,95000,24,7,17,1453500,10,1,161500,campuran,Saturday,1,12,0,hujan_ringan,122,4.9
2024-12-29,P001,Paket nasi lauk,makanan_minuman,18000,79,25,54,972000,0,0,0,offline,Sunday,1,12,0,cerah,150,4.8
2024-12-29,P002,Minuman kopi susu,makanan_minuman,15500,129,50,79,1102000,10,1,122400,offline,Sunday,1,12,0,cerah,150,4.2
2024-12-29,P003,Snack kemasan lokal,makanan_minuman,9500,97,23,74,703000,0,0,0,offline,Sunday,1,12,0,cerah,150,4.1
2024-12-29,P004,Kaos basic,fashion,66000,43,19,24,1425600,10,1,158400,online,Sunday,1,12,0,cerah,150,4.1
2024-12-29,P005,Hijab polos,fashion,42000,55,20,35,1470000,0,0,0,campuran,Sunday,1,12,0,cerah,150,4.7
2024-12-29,P006,Sandal harian,fashion,51500,36,18,18,927000,0,0,0,offline,Sunday,1,12,0,cerah,150,4.1
2024-12-29,P007,Sabun cuci literan,kebutuhan_rumah,17000,66,22,44,748000,0,0,0,offline,Sunday,1,12,0,cerah,150,4.1
2024-12-29,P008,Beras 5 kg,kebutuhan_rumah,71500,46,20,26,1859000,0,0,0,campuran,Sunday,1,12,0,cerah,150,4.8
2024-12-29,P009,Minyak goreng 1 liter,kebutuhan_rumah,20500,72,32,40,820000,0,0,0,offline,Sunday,1,12,0,cerah,150,4.5
2024-12-29,P010,Aksesori ponsel,aksesoris,24500,80,21,59,1156400,20,1,289100,campuran,Sunday,1,12,0,cerah,150,4.3
2024-12-29,P011,Buket mini,kerajinan,44500,33,3,30,1268200,5,1,66800,offline,Sunday,1,12,0,cerah,150,4.7
2024-12-29,P012,Paket hampers,kerajinan,93500,22,10,12,1122000,0,0,0,online,Sunday,1,12,0,cerah,150,4.9
2024-12-30,P001,Paket nasi lauk,makanan_minuman,19000,48,17,31,589000,0,0,0,offline,Monday,0,12,0,hujan_ringan,64,4.7
2024-12-30,P002,Minuman kopi susu,makanan_minuman,15000,62,21,41,615000,0,0,0,offline,Monday,0,12,0,hujan_ringan,64,4.4
2024-12-30,P003,Snack kemasan lokal,makanan_minuman,8500,62,20,42,357000,0,0,0,campuran,Monday,0,12,0,hujan_ringan,64,4.3
2024-12-30,P004,Kaos basic,fashion,65500,15,0,15,982500,0,0,0,campuran,Monday,0,12,0,hujan_ringan,64,4.4
2024-12-30,P005,Hijab polos,fashion,41500,39,16,23,859000,10,1,95400,online,Monday,0,12,0,hujan_ringan,64,4.4
2024-12-30,P006,Sandal harian,fashion,55000,12,3,9,495000,0,0,0,online,Monday,0,12,0,hujan_ringan,64,4.0
2024-12-30,P007,Sabun cuci literan,kebutuhan_rumah,16000,42,8,34,462400,15,1,81600,online,Monday,0,12,0,hujan_ringan,64,4.4
2024-12-30,P008,Beras 5 kg,kebutuhan_rumah,70000,19,12,7,490000,0,0,0,online,Monday,0,12,0,hujan_ringan,64,4.5
2024-12-30,P009,Minyak goreng 1 liter,kebutuhan_rumah,18500,31,0,31,573500,0,0,0,offline,Monday,0,12,0,hujan_ringan,64,4.3
2024-12-30,P010,Aksesori ponsel,aksesoris,25000,19,7,12,300000,0,0,0,offline,Monday,0,12,0,hujan_ringan,64,4.1
2024-12-30,P011,Buket mini,kerajinan,44000,15,7,8,352000,0,0,0,offline,Monday,0,12,0,hujan_ringan,64,4.5
2024-12-30,P012,Paket hampers,kerajinan,93500,7,0,7,654500,0,0,0,online,Monday,0,12,0,hujan_ringan,64,4.7
2024-12-31,P001,Paket nasi lauk,makanan_minuman,18000,61,27,34,612000,0,0,0,campuran,Tuesday,0,12,0,berawan,96,4.6
2024-12-31,P002,Minuman kopi susu,makanan_minuman,16000,55,16,39,624000,0,0,0,online,Tuesday,0,12,0,berawan,96,4.7
2024-12-31,P003,Snack kemasan lokal,makanan_minuman,9000,70,25,45,405000,0,0,0,online,Tuesday,0,12,0,berawan,96,4.1
2024-12-31,P004,Kaos basic,fashion,67500,23,7,16,1080000,0,0,0,online,Tuesday,0,12,0,berawan,96,4.3
2024-12-31,P005,Hijab polos,fashion,43000,45,14,31,1266400,5,1,66600,offline,Tuesday,0,12,0,berawan,96,4.6
2024-12-31,P006,Sandal harian,fashion,52500,22,15,7,367500,0,0,0,campuran,Tuesday,0,12,0,berawan,96,4.0
2024-12-31,P007,Sabun cuci literan,kebutuhan_rumah,17000,45,5,40,612000,10,1,68000,campuran,Tuesday,0,12,0,berawan,96,4.2
2024-12-31,P008,Beras 5 kg,kebutuhan_rumah,73500,26,0,26,1719900,10,1,191100,offline,Tuesday,0,12,0,berawan,96,4.8
2024-12-31,P009,Minyak goreng 1 liter,kebutuhan_rumah,20500,30,0,30,615000,0,0,0,offline,Tuesday,0,12,0,berawan,96,4.4
2024-12-31,P010,Aksesori ponsel,aksesoris,24500,45,24,21,488800,5,1,25700,campuran,Tuesday,0,12,0,berawan,96,4.1
2024-12-31,P011,Buket mini,kerajinan,44000,18,6,12,528000,0,0,0,offline,Tuesday,0,12,0,berawan,96,4.6
2024-12-31,P012,Paket hampers,kerajinan,90000,8,5,3,270000,0,0,0,online,Tuesday,0,12,0,berawan,96,4.4
2025-01-01,P001,Paket nasi lauk,makanan_minuman,18500,39,5,34,629000,0,0,0,online,Wednesday,0,1,0,cerah,99,4.4
2025-01-01,P002,Minuman kopi susu,makanan_minuman,15000,63,19,44,660000,0,0,0,offline,Wednesday,0,1,0,cerah,99,4.6
2025-01-01,P003,Snack kemasan lokal,makanan_minuman,9000,91,41,50,450000,0,0,0,campuran,Wednesday,0,1,0,cerah,99,4.5
2025-01-01,P004,Kaos basic,fashion,70000,18,8,10,700000,0,0,0,offline,Wednesday,0,1,0,cerah,99,4.1
2025-01-01,P005,Hijab polos,fashion,43500,28,15,13,565500,0,0,0,offline,Wednesday,0,1,0,cerah,99,4.3
2025-01-01,P006,Sandal harian,fashion,55000,19,16,3,165000,0,0,0,offline,Wednesday,0,1,0,cerah,99,4.1
2025-01-01,P007,Sabun cuci literan,kebutuhan_rumah,16500,40,8,32,528000,0,0,0,online,Wednesday,0,1,0,cerah,99,4.2
2025-01-01,P008,Beras 5 kg,kebutuhan_rumah,75500,22,4,18,1359000,0,0,0,offline,Wednesday,0,1,0,cerah,99,4.6
2025-01-01,P009,Minyak goreng 1 liter,kebutuhan_rumah,19000,40,17,23,437000,0,0,0,online,Wednesday,0,1,0,cerah,99,4.5
2025-01-01,P010,Aksesori ponsel,aksesoris,25000,33,5,28,700000,0,0,0,online,Wednesday,0,1,0,cerah,99,3.9
2025-01-01,P011,Buket mini,kerajinan,45000,9,3,6,270000,0,0,0,online,Wednesday,0,1,0,cerah,99,4.5
2025-01-01,P012,Paket hampers,kerajinan,96000,8,1,7,672000,0,0,0,online,Wednesday,0,1,0,cerah,99,4.4
2025-01-02,P001,Paket nasi lauk,makanan_minuman,18000,50,28,22,376200,5,1,19800,offline,Thursday,0,1,0,hujan_deras,56,4.2
2025-01-02,P002,Minuman kopi susu,makanan_minuman,16500,34,10,24,396000,0,0,0,offline,Thursday,0,1,0,hujan_deras,56,4.4
2025-01-02,P003,Snack kemasan lokal,makanan_minuman,10000,55,19,36,360000,0,0,0,offline,Thursday,0,1,0,hujan_deras,56,4.4
2025-01-02,P004,Kaos basic,fashion,68000,11,0,11,748000,0,0,0,offline,Thursday,0,1,0,hujan_deras,56,4.4
2025-01-02,P005,Hijab polos,fashion,41500,14,1,13,539500,0,0,0,offline,Thursday,0,1,0,hujan_deras,56,4.6
2025-01-02,P006,Sandal harian,fashion,57000,9,1,8,456000,0,0,0,online,Thursday,0,1,0,hujan_deras,56,4.0
2025-01-02,P007,Sabun cuci literan,kebutuhan_rumah,16500,23,2,21,346500,0,0,0,online,Thursday,0,1,0,hujan_deras,56,3.9
2025-01-02,P008,Beras 5 kg,kebutuhan_rumah,74000,14,9,5,370000,0,0,0,online,Thursday,0,1,0,hujan_deras,56,4.6
2025-01-02,P009,Minyak goreng 1 liter,kebutuhan_rumah,19500,23,1,22,429000,0,0,0,offline,Thursday,0,1,0,hujan_deras,56,4.4
2025-01-02,P010,Aksesori ponsel,aksesoris,23500,16,0,16,376000,0,0,0,campuran,Thursday,0,1,0,hujan_deras,56,3.9
2025-01-02,P011,Buket mini,kerajinan,43500,4,0,4,174000,0,0,0,online,Thursday,0,1,0,hujan_deras,56,4.8
2025-01-02,P012,Paket hampers,kerajinan,95500,3,1,2,191000,0,0,0,offline,Thursday,0,1,0,hujan_deras,56,4.6
2025-01-03,P001,Paket nasi lauk,makanan_minuman,19000,43,16,27,513000,0,0,0,online,Friday,0,1,0,hujan_ringan,105,4.2
2025-01-03,P002,Minuman kopi susu,makanan_minuman,15000,58,23,35,525000,0,0,0,offline,Friday,0,1,0,hujan_ringan,105,4.4
2025-01-03,P003,Snack kemasan lokal,makanan_minuman,9000,77,30,47,423000,0,0,0,offline,Friday,0,1,0,hujan_ringan,105,4.1
2025-01-03,P004,Kaos basic,fashion,65000,15,4,11,715000,0,0,0,campuran,Friday,0,1,0,hujan_ringan,105,4.3
2025-01-03,P005,Hijab polos,fashion,42000,15,4,11,462000,0,0,0,campuran,Friday,0,1,0,hujan_ringan,105,4.5
2025-01-03,P006,Sandal harian,fashion,55500,18,9,9,499500,0,0,0,campuran,Friday,0,1,0,hujan_ringan,105,4.0
2025-01-03,P007,Sabun cuci literan,kebutuhan_rumah,16000,27,2,25,400000,0,0,0,offline,Friday,0,1,0,hujan_ringan,105,4.1
2025-01-03,P008,Beras 5 kg,kebutuhan_rumah,71500,29,11,18,1094000,15,1,193000,online,Friday,0,1,0,hujan_ringan,105,4.6
2025-01-03,P009,Minyak goreng 1 liter,kebutuhan_rumah,19000,36,11,25,475000,0,0,0,campuran,Friday,0,1,0,hujan_ringan,105,4.3
2025-01-03,P010,Aksesori ponsel,aksesoris,25000,38,7,31,736200,5,1,38800,online,Friday,0,1,0,hujan_ringan,105,4.0
2025-01-03,P011,Buket mini,kerajinan,45000,8,3,5,225000,0,0,0,offline,Friday,0,1,0,hujan_ringan,105,4.4
2025-01-03,P012,Paket hampers,kerajinan,96500,15,2,13,1003600,20,1,250900,campuran,Friday,0,1,0,hujan_ringan,105,4.5
2025-01-04,P001,Paket nasi lauk,makanan_minuman,19500,77,31,46,897000,0,0,0,offline,Saturday,1,1,0,cerah,139,4.4
2025-01-04,P002,Minuman kopi susu,makanan_minuman,14000,98,52,46,644000,0,0,0,online,Saturday,1,1,0,cerah,139,4.3
2025-01-04,P003,Snack kemasan lokal,makanan_minuman,9000,210,129,81,729000,0,0,0,campuran,Saturday,1,1,0,cerah,139,4.3
2025-01-04,P004,Kaos basic,fashion,66500,39,16,23,1453000,5,1,76500,offline,Saturday,1,1,0,cerah,139,4.3
2025-01-04,P005,Hijab polos,fashion,43500,34,1,33,1363700,5,1,71800,offline,Saturday,1,1,0,cerah,139,4.5
2025-01-04,P006,Sandal harian,fashion,52500,16,0,16,840000,0,0,0,offline,Saturday,1,1,0,cerah,139,4.2
2025-01-04,P007,Sabun cuci literan,kebutuhan_rumah,17500,69,31,38,665000,0,0,0,online,Saturday,1,1,0,cerah,139,4.5
2025-01-04,P008,Beras 5 kg,kebutuhan_rumah,73000,39,31,8,584000,0,0,0,campuran,Saturday,1,1,0,cerah,139,4.8
2025-01-04,P009,Minyak goreng 1 liter,kebutuhan_rumah,18500,62,9,53,980500,0,0,0,offline,Saturday,1,1,0,cerah,139,4.8
2025-01-04,P010,Aksesori ponsel,aksesoris,24500,59,9,50,1041200,15,1,183800,online,Saturday,1,1,0,cerah,139,3.7
2025-01-04,P011,Buket mini,kerajinan,44000,18,2,16,704000,0,0,0,offline,Saturday,1,1,0,cerah,139,4.8
2025-01-04,P012,Paket hampers,kerajinan,96000,14,2,12,1152000,0,0,0,online,Saturday,1,1,0,cerah,139,4.5
2025-01-05,P001,Paket nasi lauk,makanan_minuman,17000,69,13,56,952000,0,0,0,campuran,Sunday,1,1,0,hujan_ringan,117,4.7
2025-01-05,P002,Minuman kopi susu,makanan_minuman,15000,69,9,60,900000,0,0,0,campuran,Sunday,1,1,0,hujan_ringan,117,4.4
2025-01-05,P003,Snack kemasan lokal,makanan_minuman,9000,112,41,71,575100,10,1,63900,offline,Sunday,1,1,0,hujan_ringan,117,4.0
2025-01-05,P004,Kaos basic,fashion,67000,33,18,15,954800,5,1,50200,campuran,Sunday,1,1,0,hujan_ringan,117,4.5
2025-01-05,P005,Hijab polos,fashion,44000,42,22,20,836000,5,1,44000,offline,Sunday,1,1,0,hujan_ringan,117,4.4
2025-01-05,P006,Sandal harian,fashion,55500,18,7,11,610500,0,0,0,campuran,Sunday,1,1,0,hujan_ringan,117,3.8
2025-01-05,P007,Sabun cuci literan,kebutuhan_rumah,17500,29,7,22,385000,0,0,0,online,Sunday,1,1,0,hujan_ringan,117,4.0
2025-01-05,P008,Beras 5 kg,kebutuhan_rumah,70000,18,0,18,1260000,0,0,0,offline,Sunday,1,1,0,hujan_ringan,117,4.5
2025-01-05,P009,Minyak goreng 1 liter,kebutuhan_rumah,19000,58,9,49,931000,0,0,0,campuran,Sunday,1,1,0,hujan_ringan,117,4.5
2025-01-05,P010,Aksesori ponsel,aksesoris,24500,28,2,26,637000,0,0,0,offline,Sunday,1,1,0,hujan_ringan,117,4.4
2025-01-05,P011,Buket mini,kerajinan,46000,34,11,23,899300,15,1,158700,campuran,Sunday,1,1,0,hujan_ringan,117,4.7
2025-01-05,P012,Paket hampers,kerajinan,99000,9,3,6,594000,0,0,0,online,Sunday,1,1,0,hujan_ringan,117,4.6
2025-01-06,P001,Paket nasi lauk,makanan_minuman,18000,60,12,48,820800,5,1,43200,campuran,Monday,0,1,0,hujan_ringan,87,4.4
2025-01-06,P002,Minuman kopi susu,makanan_minuman,15500,52,16,36,558000,0,0,0,online,Monday,0,1,0,hujan_ringan,87,4.4
2025-01-06,P003,Snack kemasan lokal,makanan_minuman,9500,75,38,37,351500,0,0,0,offline,Monday,0,1,0,hujan_ringan,87,4.0
2025-01-06,P004,Kaos basic,fashion,64500,13,0,13,838500,0,0,0,offline,Monday,0,1,0,hujan_ringan,87,4.1
2025-01-06,P005,Hijab polos,fashion,41500,20,3,17,705500,0,0,0,offline,Monday,0,1,0,hujan_ringan,87,4.5
2025-01-06,P006,Sandal harian,fashion,56500,8,0,8,452000,0,0,0,offline,Monday,0,1,0,hujan_ringan,87,4.1
2025-01-06,P007,Sabun cuci literan,kebutuhan_rumah,16500,44,16,28,462000,0,0,0,campuran,Monday,0,1,0,hujan_ringan,87,4.2
2025-01-06,P008,Beras 5 kg,kebutuhan_rumah,71500,21,9,12,858000,0,0,0,campuran,Monday,0,1,0,hujan_ringan,87,4.5
2025-01-06,P009,Minyak goreng 1 liter,kebutuhan_rumah,18500,36,13,23,425500,0,0,0,online,Monday,0,1,0,hujan_ringan,87,4.6
2025-01-06,P010,Aksesori ponsel,aksesoris,25500,24,14,10,255000,0,0,0,offline,Monday,0,1,0,hujan_ringan,87,4.1
2025-01-06,P011,Buket mini,kerajinan,47000,9,3,6,282000,0,0,0,campuran,Monday,0,1,0,hujan_ringan,87,4.8
2025-01-06,P012,Paket hampers,kerajinan,97000,8,2,6,582000,0,0,0,offline,Monday,0,1,0,hujan_ringan,87,4.5
2025-01-07,P001,Paket nasi lauk,makanan_minuman,18000,45,31,14,252000,0,0,0,offline,Tuesday,0,1,0,hujan_deras,70,4.6
2025-01-07,P002,Minuman kopi susu,makanan_minuman,15000,53,22,31,465000,0,0,0,campuran,Tuesday,0,1,0,hujan_deras,70,4.5
2025-01-07,P003,Snack kemasan lokal,makanan_minuman,9000,58,28,30,270000,0,0,0,offline,Tuesday,0,1,0,hujan_deras,70,4.2
2025-01-07,P004,Kaos basic,fashion,64500,13,6,7,451500,0,0,0,campuran,Tuesday,0,1,0,hujan_deras,70,4.4
2025-01-07,P005,Hijab polos,fashion,44500,15,0,15,667500,0,0,0,campuran,Tuesday,0,1,0,hujan_deras,70,4.8
2025-01-07,P006,Sandal harian,fashion,53500,18,11,7,355800,5,1,18700,offline,Tuesday,0,1,0,hujan_deras,70,4.3
2025-01-07,P007,Sabun cuci literan,kebutuhan_rumah,17500,37,22,15,262500,0,0,0,offline,Tuesday,0,1,0,hujan_deras,70,4.2
2025-01-07,P008,Beras 5 kg,kebutuhan_rumah,72500,17,9,8,580000,0,0,0,offline,Tuesday,0,1,0,hujan_deras,70,4.8
2025-01-07,P009,Minyak goreng 1 liter,kebutuhan_rumah,17500,42,17,25,415600,5,1,21900,offline,Tuesday,0,1,0,hujan_deras,70,4.5
2025-01-07,P010,Aksesori ponsel,aksesoris,25000,32,21,11,275000,0,0,0,campuran,Tuesday,0,1,0,hujan_deras,70,4.0
2025-01-07,P011,Buket mini,kerajinan,44500,6,1,5,222500,0,0,0,campuran,Tuesday,0,1,0,hujan_deras,70,4.9
2025-01-07,P012,Paket hampers,kerajinan,99500,5,0,5,497500,0,0,0,online,Tuesday,0,1,0,hujan_deras,70,4.5
2025-01-08,P001,Paket nasi lauk,makanan_minuman,18000,83,21,62,1004400,10,1,111600,campuran,Wednesday,0,1,0,berawan,90,4.3
2025-01-08,P002,Minuman kopi susu,makanan_minuman,15500,47,2,45,697500,0,0,0,offline,Wednesday,0,1,0,berawan,90,4.4
2025-01-08,P003,Snack kemasan lokal,makanan_minuman,9500,70,26,44,418000,0,0,0,offline,Wednesday,0,1,0,berawan,90,4.0
2025-01-08,P004,Kaos basic,fashion,64000,16,2,14,896000,0,0,0,offline,Wednesday,0,1,0,berawan,90,4.3
2025-01-08,P005,Hijab polos,fashion,41500,25,5,20,830000,0,0,0,campuran,Wednesday,0,1,0,berawan,90,4.6
2025-01-08,P006,Sandal harian,fashion,55000,15,8,7,385000,0,0,0,offline,Wednesday,0,1,0,berawan,90,4.1
2025-01-08,P007,Sabun cuci literan,kebutuhan_rumah,17000,41,19,22,374000,0,0,0,campuran,Wednesday,0,1,0,berawan,90,4.0
2025-01-08,P008,Beras 5 kg,kebutuhan_rumah,73500,21,8,13,955500,0,0,0,offline,Wednesday,0,1,0,berawan,90,4.3
2025-01-08,P009,Minyak goreng 1 liter,kebutuhan_rumah,18500,45,8,37,616000,10,1,68400,online,Wednesday,0,1,0,berawan,90,4.6
2025-01-08,P010,Aksesori ponsel,aksesoris,23500,26,7,19,446500,0,0,0,offline,Wednesday,0,1,0,berawan,90,3.9
2025-01-08,P011,Buket mini,kerajinan,45000,14,1,13,526500,10,1,58500,offline,Wednesday,0,1,0,berawan,90,4.9
2025-01-08,P012,Paket hampers,kerajinan,92500,6,1,5,462500,0,0,0,online,Wednesday,0,1,0,berawan,90,4.4
2025-01-09,P001,Paket nasi lauk,makanan_minuman,17000,60,22,38,646000,0,0,0,campuran,Thursday,0,1,0,cerah,101,4.6
2025-01-09,P002,Minuman kopi susu,makanan_minuman,14500,73,11,62,719200,20,1,179800,online,Thursday,0,1,0,cerah,101,4.3
2025-01-09,P003,Snack kemasan lokal,makanan_minuman,9000,64,6,58,522000,0,0,0,campuran,Thursday,0,1,0,cerah,101,4.3
2025-01-09,P004,Kaos basic,fashion,63000,18,7,11,693000,0,0,0,offline,Thursday,0,1,0,cerah,101,4.2
2025-01-09,P005,Hijab polos,fashion,44500,27,5,22,979000,0,0,0,campuran,Thursday,0,1,0,cerah,101,4.6
2025-01-09,P006,Sandal harian,fashion,56000,20,10,10,560000,0,0,0,campuran,Thursday,0,1,0,cerah,101,4.1
2025-01-09,P007,Sabun cuci literan,kebutuhan_rumah,17500,56,36,20,350000,0,0,0,offline,Thursday,0,1,0,cerah,101,4.0
2025-01-09,P008,Beras 5 kg,kebutuhan_rumah,72500,29,16,13,942500,0,0,0,offline,Thursday,0,1,0,cerah,101,4.6
2025-01-09,P009,Minyak goreng 1 liter,kebutuhan_rumah,20000,57,27,30,600000,0,0,0,offline,Thursday,0,1,0,cerah,101,4.4
2025-01-09,P010,Aksesori ponsel,aksesoris,24500,23,0,23,563500,0,0,0,campuran,Thursday,0,1,0,cerah,101,3.9
2025-01-09,P011,Buket mini,kerajinan,44500,12,5,7,311500,0,0,0,offline,Thursday,0,1,0,cerah,101,4.8
2025-01-09,P012,Paket hampers,kerajinan,98000,9,4,5,490000,0,0,0,online,Thursday,0,1,0,cerah,101,4.7
2025-01-10,P001,Paket nasi lauk,makanan_minuman,18000,88,32,56,856800,15,1,151200,campuran,Friday,0,1,0,berawan,100,4.6
2025-01-10,P002,Minuman kopi susu,makanan_minuman,14500,72,21,51,702500,5,1,37000,online,Friday,0,1,0,berawan,100,4.4
2025-01-10,P003,Snack kemasan lokal,makanan_minuman,9500,80,39,41,389500,0,0,0,campuran,Friday,0,1,0,berawan,100,4.2
2025-01-10,P004,Kaos basic,fashion,64000,16,7,9,576000,0,0,0,offline,Friday,0,1,0,berawan,100,4.6
2025-01-10,P005,Hijab polos,fashion,42000,24,10,14,588000,0,0,0,campuran,Friday,0,1,0,berawan,100,4.4
2025-01-10,P006,Sandal harian,fashion,53000,13,6,7,371000,0,0,0,online,Friday,0,1,0,berawan,100,4.2
2025-01-10,P007,Sabun cuci literan,kebutuhan_rumah,17000,45,23,22,374000,0,0,0,online,Friday,0,1,0,berawan,100,4.0
2025-01-10,P008,Beras 5 kg,kebutuhan_rumah,70000,22,6,16,1120000,0,0,0,offline,Friday,0,1,0,berawan,100,4.5
2025-01-10,P009,Minyak goreng 1 liter,kebutuhan_rumah,19000,64,30,34,581400,10,1,64600,campuran,Friday,0,1,0,berawan,100,4.6
2025-01-10,P010,Aksesori ponsel,aksesoris,24000,31,12,19,456000,0,0,0,online,Friday,0,1,0,berawan,100,4.0
2025-01-10,P011,Buket mini,kerajinan,45000,12,5,7,315000,0,0,0,offline,Friday,0,1,0,berawan,100,4.7
2025-01-10,P012,Paket hampers,kerajinan,92500,10,2,8,666000,10,1,74000,offline,Friday,0,1,0,berawan,100,4.5
2025-01-11,P001,Paket nasi lauk,makanan_minuman,18000,66,35,31,558000,0,0,0,online,Saturday,1,1,0,hujan_ringan,109,4.4
2025-01-11,P002,Minuman kopi susu,makanan_minuman,14500,96,48,48,696000,0,0,0,offline,Saturday,1,1,0,hujan_ringan,109,4.4
2025-01-11,P003,Snack kemasan lokal,makanan_minuman,9000,91,44,47,423000,0,0,0,online,Saturday,1,1,0,hujan_ringan,109,4.0
2025-01-11,P004,Kaos basic,fashion,63500,18,6,12,762000,0,0,0,campuran,Saturday,1,1,0,hujan_ringan,109,4.4
2025-01-11,P005,Hijab polos,fashion,41000,30,9,21,861000,0,0,0,offline,Saturday,1,1,0,hujan_ringan,109,4.6
2025-01-11,P006,Sandal harian,fashion,53000,22,6,16,720800,15,1,127200,online,Saturday,1,1,0,hujan_ringan,109,4.1
2025-01-11,P007,Sabun cuci literan,kebutuhan_rumah,16000,69,26,43,688000,0,0,0,campuran,Saturday,1,1,0,hujan_ringan,109,4.2
2025-01-11,P008,Beras 5 kg,kebutuhan_rumah,73500,27,2,25,1653800,10,1,183800,online,Saturday,1,1,0,hujan_ringan,109,4.6
2025-01-11,P009,Minyak goreng 1 liter,kebutuhan_rumah,19500,81,26,55,911600,15,1,160900,offline,Saturday,1,1,0,hujan_ringan,109,4.2
2025-01-11,P010,Aksesori ponsel,aksesoris,26500,59,27,32,805600,5,1,42400,offline,Saturday,1,1,0,hujan_ringan,109,4.1
2025-01-11,P011,Buket mini,kerajinan,46000,15,7,8,368000,0,0,0,offline,Saturday,1,1,0,hujan_ringan,109,4.7
2025-01-11,P012,Paket hampers,kerajinan,97500,15,3,12,1111500,5,1,58500,campuran,Saturday,1,1,0,hujan_ringan,109,4.6
2025-01-12,P001,Paket nasi lauk,makanan_minuman,19000,64,17,47,803700,10,1,89300,campuran,Sunday,1,1,0,hujan_deras,119,4.2
2025-01-12,P002,Minuman kopi susu,makanan_minuman,15000,89,35,54,769500,5,1,40500,online,Sunday,1,1,0,hujan_deras,119,4.4
2025-01-12,P003,Snack kemasan lokal,makanan_minuman,9500,66,18,48,456000,0,0,0,campuran,Sunday,1,1,0,hujan_deras,119,4.2
2025-01-12,P004,Kaos basic,fashion,65500,21,2,19,1120000,10,1,124400,offline,Sunday,1,1,0,hujan_deras,119,4.5
2025-01-12,P005,Hijab polos,fashion,41500,37,15,22,821700,10,1,91300,offline,Sunday,1,1,0,hujan_deras,119,4.6
2025-01-12,P006,Sandal harian,fashion,54500,13,2,11,599500,0,0,0,offline,Sunday,1,1,0,hujan_deras,119,4.0
2025-01-12,P007,Sabun cuci literan,kebutuhan_rumah,17500,38,8,30,525000,0,0,0,offline,Sunday,1,1,0,hujan_deras,119,4.4
2025-01-12,P008,Beras 5 kg,kebutuhan_rumah,72000,19,3,16,1152000,0,0,0,offline,Sunday,1,1,0,hujan_deras,119,4.7
2025-01-12,P009,Minyak goreng 1 liter,kebutuhan_rumah,18500,80,34,46,808400,5,1,42600,offline,Sunday,1,1,0,hujan_deras,119,4.3
2025-01-12,P010,Aksesori ponsel,aksesoris,25000,36,4,32,720000,10,1,80000,offline,Sunday,1,1,0,hujan_deras,119,4.2
2025-01-12,P011,Buket mini,kerajinan,46000,17,0,17,703800,10,1,78200,offline,Sunday,1,1,0,hujan_deras,119,4.7
2025-01-12,P012,Paket hampers,kerajinan,95000,12,4,8,722000,5,1,38000,campuran,Sunday,1,1,0,hujan_deras,119,4.3
2025-01-13,P001,Paket nasi lauk,makanan_minuman,18500,40,16,24,444000,0,0,0,online,Monday,0,1,0,hujan_ringan,63,4.6
2025-01-13,P002,Minuman kopi susu,makanan_minuman,15500,58,29,29,449500,0,0,0,campuran,Monday,0,1,0,hujan_ringan,63,4.2
2025-01-13,P003,Snack kemasan lokal,makanan_minuman,9500,40,14,26,247000,0,0,0,online,Monday,0,1,0,hujan_ringan,63,4.3
2025-01-13,P004,Kaos basic,fashion,63000,13,7,6,378000,0,0,0,offline,Monday,0,1,0,hujan_ringan,63,4.2
2025-01-13,P005,Hijab polos,fashion,43000,15,8,7,301000,0,0,0,online,Monday,0,1,0,hujan_ringan,63,4.5
2025-01-13,P006,Sandal harian,fashion,56000,10,8,2,112000,0,0,0,offline,Monday,0,1,0,hujan_ringan,63,4.0
2025-01-13,P007,Sabun cuci literan,kebutuhan_rumah,17500,25,3,22,385000,0,0,0,offline,Monday,0,1,0,hujan_ringan,63,4.2
2025-01-13,P008,Beras 5 kg,kebutuhan_rumah,71000,16,5,11,781000,0,0,0,offline,Monday,0,1,0,hujan_ringan,63,4.7
2025-01-13,P009,Minyak goreng 1 liter,kebutuhan_rumah,19000,35,13,22,418000,0,0,0,online,Monday,0,1,0,hujan_ringan,63,4.3
2025-01-13,P010,Aksesori ponsel,aksesoris,27500,17,6,11,302500,0,0,0,online,Monday,0,1,0,hujan_ringan,63,4.2
2025-01-13,P011,Buket mini,kerajinan,46000,9,7,2,92000,0,0,0,offline,Monday,0,1,0,hujan_ringan,63,4.6
2025-01-13,P012,Paket hampers,kerajinan,92000,7,0,7,644000,0,0,0,online,Monday,0,1,0,hujan_ringan,63,4.4
2025-01-14,P001,Paket nasi lauk,makanan_minuman,17500,61,23,38,665000,0,0,0,campuran,Tuesday,0,1,0,cerah,80,4.5
2025-01-14,P002,Minuman kopi susu,makanan_minuman,15000,68,21,47,705000,0,0,0,campuran,Tuesday,0,1,0,cerah,80,4.2
2025-01-14,P003,Snack kemasan lokal,makanan_minuman,9000,56,9,47,423000,0,0,0,online,Tuesday,0,1,0,cerah,80,4.5
2025-01-14,P004,Kaos basic,fashion,68500,14,8,6,411000,0,0,0,online,Tuesday,0,1,0,cerah,80,4.2
2025-01-14,P005,Hijab polos,fashion,41000,22,12,10,410000,0,0,0,offline,Tuesday,0,1,0,cerah,80,4.5
2025-01-14,P006,Sandal harian,fashion,56000,12,1,11,616000,0,0,0,campuran,Tuesday,0,1,0,cerah,80,4.3
2025-01-14,P007,Sabun cuci literan,kebutuhan_rumah,17000,40,13,27,459000,0,0,0,offline,Tuesday,0,1,0,cerah,80,4.2
2025-01-14,P008,Beras 5 kg,kebutuhan_rumah,72000,17,0,17,1224000,0,0,0,campuran,Tuesday,0,1,0,cerah,80,4.5
2025-01-14,P009,Minyak goreng 1 liter,kebutuhan_rumah,19000,36,0,36,684000,0,0,0,campuran,Tuesday,0,1,0,cerah,80,4.4
2025-01-14,P010,Aksesori ponsel,aksesoris,24500,51,18,33,727600,10,1,80800,offline,Tuesday,0,1,0,cerah,80,3.8
2025-01-14,P011,Buket mini,kerajinan,44500,9,2,7,311500,0,0,0,online,Tuesday,0,1,0,cerah,80,5.0
2025-01-14,P012,Paket hampers,kerajinan,103000,6,0,6,618000,0,0,0,offline,Tuesday,0,1,0,cerah,80,4.8
2025-01-15,P001,Paket nasi lauk,makanan_minuman,17000,39,19,20,340000,0,0,0,campuran,Wednesday,0,1,0,hujan_deras,80,4.3
2025-01-15,P002,Minuman kopi susu,makanan_minuman,14500,42,20,22,319000,0,0,0,offline,Wednesday,0,1,0,hujan_deras,80,4.3
2025-01-15,P003,Snack kemasan lokal,makanan_minuman,8500,65,24,41,348500,0,0,0,campuran,Wednesday,0,1,0,hujan_deras,80,4.0
2025-01-15,P004,Kaos basic,fashion,67000,13,2,11,737000,0,0,0,campuran,Wednesday,0,1,0,hujan_deras,80,4.3
2025-01-15,P005,Hijab polos,fashion,41000,14,2,12,492000,0,0,0,online,Wednesday,0,1,0,hujan_deras,80,4.5
2025-01-15,P006,Sandal harian,fashion,52500,9,3,6,315000,0,0,0,online,Wednesday,0,1,0,hujan_deras,80,4.4
2025-01-15,P007,Sabun cuci literan,kebutuhan_rumah,17500,28,17,11,192500,0,0,0,offline,Wednesday,0,1,0,hujan_deras,80,4.3
2025-01-15,P008,Beras 5 kg,kebutuhan_rumah,75000,22,9,13,877500,10,1,97500,campuran,Wednesday,0,1,0,hujan_deras,80,4.5
2025-01-15,P009,Minyak goreng 1 liter,kebutuhan_rumah,18000,38,21,17,306000,0,0,0,offline,Wednesday,0,1,0,hujan_deras,80,4.4
2025-01-15,P010,Aksesori ponsel,aksesoris,23000,19,3,16,368000,0,0,0,online,Wednesday,0,1,0,hujan_deras,80,4.0
2025-01-15,P011,Buket mini,kerajinan,43000,9,0,9,387000,0,0,0,offline,Wednesday,0,1,0,hujan_deras,80,4.9
2025-01-15,P012,Paket hampers,kerajinan,96500,6,0,6,579000,0,0,0,offline,Wednesday,0,1,0,hujan_deras,80,4.6
2025-01-16,P001,Paket nasi lauk,makanan_minuman,18000,46,15,31,558000,0,0,0,online,Thursday,0,1,0,berawan,87,4.6
2025-01-16,P002,Minuman kopi susu,makanan_minuman,15000,68,28,40,600000,0,0,0,campuran,Thursday,0,1,0,berawan,87,4.4
2025-01-16,P003,Snack kemasan lokal,makanan_minuman,8500,82,18,64,462400,15,1,81600,online,Thursday,0,1,0,berawan,87,4.1
2025-01-16,P004,Kaos basic,fashion,65000,20,10,10,650000,0,0,0,offline,Thursday,0,1,0,berawan,87,4.1
2025-01-16,P005,Hijab polos,fashion,44500,31,13,18,801000,0,0,0,campuran,Thursday,0,1,0,berawan,87,4.4
2025-01-16,P006,Sandal harian,fashion,56000,15,5,10,560000,0,0,0,offline,Thursday,0,1,0,berawan,87,4.2
2025-01-16,P007,Sabun cuci literan,kebutuhan_rumah,16500,39,14,25,412500,0,0,0,online,Thursday,0,1,0,berawan,87,4.2
2025-01-16,P008,Beras 5 kg,kebutuhan_rumah,71500,34,12,22,1494400,5,1,78600,campuran,Thursday,0,1,0,berawan,87,4.5
2025-01-16,P009,Minyak goreng 1 liter,kebutuhan_rumah,18000,31,0,31,558000,0,0,0,online,Thursday,0,1,0,berawan,87,4.1
2025-01-16,P010,Aksesori ponsel,aksesoris,23000,22,9,13,299000,0,0,0,online,Thursday,0,1,0,berawan,87,4.1
2025-01-16,P011,Buket mini,kerajinan,44000,12,0,12,528000,0,0,0,offline,Thursday,0,1,0,berawan,87,4.7
2025-01-16,P012,Paket hampers,kerajinan,99000,15,3,12,1069200,10,1,118800,campuran,Thursday,0,1,0,berawan,87,4.6
2025-01-17,P001,Paket nasi lauk,makanan_minuman,17500,36,10,26,455000,0,0,0,online,Friday,0,1,0,hujan_ringan,106,4.4
2025-01-17,P002,Minuman kopi susu,makanan_minuman,15000,56,29,27,405000,0,0,0,offline,Friday,0,1,0,hujan_ringan,106,4.4
2025-01-17,P003,Snack kemasan lokal,makanan_minuman,9000,50,0,50,450000,0,0,0,offline,Friday,0,1,0,hujan_ringan,106,4.0
2025-01-17,P004,Kaos basic,fashion,60500,14,7,7,423500,0,0,0,offline,Friday,0,1,0,hujan_ringan,106,4.0
2025-01-17,P005,Hijab polos,fashion,42000,14,0,14,588000,0,0,0,offline,Friday,0,1,0,hujan_ringan,106,4.6
2025-01-17,P006,Sandal harian,fashion,54000,13,1,12,648000,0,0,0,offline,Friday,0,1,0,hujan_ringan,106,4.2
2025-01-17,P007,Sabun cuci literan,kebutuhan_rumah,16500,25,0,25,412500,0,0,0,offline,Friday,0,1,0,hujan_ringan,106,4.2
2025-01-17,P008,Beras 5 kg,kebutuhan_rumah,66500,30,14,16,1064000,0,0,0,campuran,Friday,0,1,0,hujan_ringan,106,4.7
2025-01-17,P009,Minyak goreng 1 liter,kebutuhan_rumah,20500,32,2,30,615000,0,0,0,online,Friday,0,1,0,hujan_ringan,106,4.3
2025-01-17,P010,Aksesori ponsel,aksesoris,25000,30,4,26,650000,0,0,0,offline,Friday,0,1,0,hujan_ringan,106,3.7
2025-01-17,P011,Buket mini,kerajinan,43500,11,2,9,391500,0,0,0,offline,Friday,0,1,0,hujan_ringan,106,4.4
2025-01-17,P012,Paket hampers,kerajinan,95500,9,2,7,668500,0,0,0,campuran,Friday,0,1,0,hujan_ringan,106,4.4
2025-01-18,P001,Paket nasi lauk,makanan_minuman,18000,56,24,32,576000,0,0,0,online,Saturday,1,1,0,hujan_ringan,108,4.7
2025-01-18,P002,Minuman kopi susu,makanan_minuman,15500,115,41,74,975000,15,1,172000,campuran,Saturday,1,1,0,hujan_ringan,108,4.5
2025-01-18,P003,Snack kemasan lokal,makanan_minuman,8500,90,41,49,416500,0,0,0,offline,Saturday,1,1,0,hujan_ringan,108,4.3
2025-01-18,P004,Kaos basic,fashion,68000,29,15,14,809200,15,1,142800,offline,Saturday,1,1,0,hujan_ringan,108,4.4
2025-01-18,P005,Hijab polos,fashion,40500,19,0,19,769500,0,0,0,offline,Saturday,1,1,0,hujan_ringan,108,4.5
2025-01-18,P006,Sandal harian,fashion,54500,30,20,10,517800,5,1,27200,campuran,Saturday,1,1,0,hujan_ringan,108,3.8
2025-01-18,P007,Sabun cuci literan,kebutuhan_rumah,17000,48,20,28,476000,0,0,0,offline,Saturday,1,1,0,hujan_ringan,108,4.3
2025-01-18,P008,Beras 5 kg,kebutuhan_rumah,69000,26,1,25,1638800,5,1,86200,online,Saturday,1,1,0,hujan_ringan,108,4.7
2025-01-18,P009,Minyak goreng 1 liter,kebutuhan_rumah,19000,59,28,31,589000,0,0,0,offline,Saturday,1,1,0,hujan_ringan,108,4.3
2025-01-18,P010,Aksesori ponsel,aksesoris,25000,28,11,17,425000,0,0,0,online,Saturday,1,1,0,hujan_ringan,108,4.0
2025-01-18,P011,Buket mini,kerajinan,44500,13,3,10,445000,0,0,0,online,Saturday,1,1,0,hujan_ringan,108,4.3
2025-01-18,P012,Paket hampers,kerajinan,99000,9,3,6,594000,0,0,0,online,Saturday,1,1,0,hujan_ringan,108,4.7
2025-01-19,P001,Paket nasi lauk,makanan_minuman,18500,140,57,83,1382000,10,1,153600,offline,Sunday,1,1,0,cerah,156,4.2
2025-01-19,P002,Minuman kopi susu,makanan_minuman,15500,111,64,47,728500,0,0,0,online,Sunday,1,1,0,cerah,156,4.6
2025-01-19,P003,Snack kemasan lokal,makanan_minuman,9000,166,54,112,957600,5,1,50400,offline,Sunday,1,1,0,cerah,156,4.3
2025-01-19,P004,Kaos basic,fashion,69000,23,4,19,1311000,0,0,0,offline,Sunday,1,1,0,cerah,156,4.4
2025-01-19,P005,Hijab polos,fashion,40500,45,17,28,1134000,0,0,0,offline,Sunday,1,1,0,cerah,156,4.5
2025-01-19,P006,Sandal harian,fashion,53000,32,20,12,636000,0,0,0,offline,Sunday,1,1,0,cerah,156,4.2
2025-01-19,P007,Sabun cuci literan,kebutuhan_rumah,17000,77,35,42,714000,0,0,0,online,Sunday,1,1,0,cerah,156,4.2
2025-01-19,P008,Beras 5 kg,kebutuhan_rumah,74000,43,16,27,1798200,10,1,199800,online,Sunday,1,1,0,cerah,156,4.7
2025-01-19,P009,Minyak goreng 1 liter,kebutuhan_rumah,19000,76,31,45,855000,0,0,0,offline,Sunday,1,1,0,cerah,156,4.6
2025-01-19,P010,Aksesori ponsel,aksesoris,25500,75,34,41,993200,5,1,52300,offline,Sunday,1,1,0,cerah,156,4.0
2025-01-19,P011,Buket mini,kerajinan,43000,23,10,13,559000,0,0,0,campuran,Sunday,1,1,0,cerah,156,4.7
2025-01-19,P012,Paket hampers,kerajinan,99000,12,5,7,693000,0,0,0,offline,Sunday,1,1,0,cerah,156,4.6
2025-01-20,P001,Paket nasi lauk,makanan_minuman,18000,36,13,23,414000,0,0,0,offline,Monday,0,1,0,hujan_deras,57,4.4
2025-01-20,P002,Minuman kopi susu,makanan_minuman,15500,30,5,25,368100,5,1,19400,online,Monday,0,1,0,hujan_deras,57,4.3
2025-01-20,P003,Snack kemasan lokal,makanan_minuman,9000,57,5,52,397800,15,1,70200,campuran,Monday,0,1,0,hujan_deras,57,4.1
2025-01-20,P004,Kaos basic,fashion,63000,11,0,11,658400,5,1,34600,offline,Monday,0,1,0,hujan_deras,57,4.5
2025-01-20,P005,Hijab polos,fashion,41000,19,5,14,487900,15,1,86100,online,Monday,0,1,0,hujan_deras,57,4.6
2025-01-20,P006,Sandal harian,fashion,55000,14,4,10,522500,5,1,27500,campuran,Monday,0,1,0,hujan_deras,57,4.1
2025-01-20,P007,Sabun cuci literan,kebutuhan_rumah,18000,24,4,20,360000,0,0,0,online,Monday,0,1,0,hujan_deras,57,4.2
2025-01-20,P008,Beras 5 kg,kebutuhan_rumah,71500,19,3,16,1144000,0,0,0,campuran,Monday,0,1,0,hujan_deras,57,4.6
2025-01-20,P009,Minyak goreng 1 liter,kebutuhan_rumah,18500,41,14,27,499500,0,0,0,campuran,Monday,0,1,0,hujan_deras,57,4.4
2025-01-20,P010,Aksesori ponsel,aksesoris,25500,33,7,26,629800,5,1,33200,campuran,Monday,0,1,0,hujan_deras,57,4.0
2025-01-20,P011,Buket mini,kerajinan,47500,7,2,5,237500,0,0,0,campuran,Monday,0,1,0,hujan_deras,57,4.5
2025-01-20,P012,Paket hampers,kerajinan,97500,5,3,2,195000,0,0,0,online,Monday,0,1,0,hujan_deras,57,4.6
2025-01-21,P001,Paket nasi lauk,makanan_minuman,17500,35,7,28,490000,0,0,0,online,Tuesday,0,1,0,hujan_ringan,68,4.6
2025-01-21,P002,Minuman kopi susu,makanan_minuman,14500,59,19,40,551000,5,1,29000,online,Tuesday,0,1,0,hujan_ringan,68,4.3
2025-01-21,P003,Snack kemasan lokal,makanan_minuman,8500,49,4,45,382500,0,0,0,offline,Tuesday,0,1,0,hujan_ringan,68,4.1
2025-01-21,P004,Kaos basic,fashion,65000,14,0,14,910000,0,0,0,online,Tuesday,0,1,0,hujan_ringan,68,4.4
2025-01-21,P005,Hijab polos,fashion,43000,17,5,12,516000,0,0,0,offline,Tuesday,0,1,0,hujan_ringan,68,4.6
2025-01-21,P006,Sandal harian,fashion,56500,19,0,19,1019800,5,1,53700,offline,Tuesday,0,1,0,hujan_ringan,68,3.8
2025-01-21,P007,Sabun cuci literan,kebutuhan_rumah,16500,22,0,22,363000,0,0,0,offline,Tuesday,0,1,0,hujan_ringan,68,4.3
2025-01-21,P008,Beras 5 kg,kebutuhan_rumah,71500,18,0,18,1287000,0,0,0,campuran,Tuesday,0,1,0,hujan_ringan,68,4.4
2025-01-21,P009,Minyak goreng 1 liter,kebutuhan_rumah,19500,56,22,34,629800,5,1,33200,offline,Tuesday,0,1,0,hujan_ringan,68,4.3
2025-01-21,P010,Aksesori ponsel,aksesoris,24500,17,1,16,392000,0,0,0,offline,Tuesday,0,1,0,hujan_ringan,68,4.1
2025-01-21,P011,Buket mini,kerajinan,45500,12,0,12,546000,0,0,0,campuran,Tuesday,0,1,0,hujan_ringan,68,4.8
2025-01-21,P012,Paket hampers,kerajinan,94500,11,4,7,661500,0,0,0,campuran,Tuesday,0,1,0,hujan_ringan,68,4.6
2025-01-22,P001,Paket nasi lauk,makanan_minuman,17500,41,0,41,717500,0,0,0,campuran,Wednesday,0,1,0,hujan_ringan,80,4.6
2025-01-22,P002,Minuman kopi susu,makanan_minuman,15000,50,23,27,405000,0,0,0,offline,Wednesday,0,1,0,hujan_ringan,80,4.4
2025-01-22,P003,Snack kemasan lokal,makanan_minuman,9500,57,25,32,304000,0,0,0,offline,Wednesday,0,1,0,hujan_ringan,80,4.3
2025-01-22,P004,Kaos basic,fashion,63500,17,10,7,444500,0,0,0,offline,Wednesday,0,1,0,hujan_ringan,80,4.0
2025-01-22,P005,Hijab polos,fashion,45000,22,5,17,765000,0,0,0,campuran,Wednesday,0,1,0,hujan_ringan,80,4.5
2025-01-22,P006,Sandal harian,fashion,55500,13,3,10,555000,0,0,0,campuran,Wednesday,0,1,0,hujan_ringan,80,4.1
2025-01-22,P007,Sabun cuci literan,kebutuhan_rumah,17500,68,42,26,432200,5,1,22800,campuran,Wednesday,0,1,0,hujan_ringan,80,4.2
2025-01-22,P008,Beras 5 kg,kebutuhan_rumah,72000,15,2,13,936000,0,0,0,offline,Wednesday,0,1,0,hujan_ringan,80,4.5
2025-01-22,P009,Minyak goreng 1 liter,kebutuhan_rumah,19000,38,0,38,722000,0,0,0,campuran,Wednesday,0,1,0,hujan_ringan,80,4.4
2025-01-22,P010,Aksesori ponsel,aksesoris,24000,21,0,21,504000,0,0,0,campuran,Wednesday,0,1,0,hujan_ringan,80,3.8
2025-01-22,P011,Buket mini,kerajinan,43000,11,3,8,344000,0,0,0,offline,Wednesday,0,1,0,hujan_ringan,80,4.7
2025-01-22,P012,Paket hampers,kerajinan,96500,6,3,3,289500,0,0,0,online,Wednesday,0,1,0,hujan_ringan,80,4.8
2025-01-23,P001,Paket nasi lauk,makanan_minuman,18000,34,11,23,414000,0,0,0,offline,Thursday,0,1,0,hujan_ringan,93,4.7
2025-01-23,P002,Minuman kopi susu,makanan_minuman,16000,52,22,30,480000,0,0,0,offline,Thursday,0,1,0,hujan_ringan,93,4.6
2025-01-23,P003,Snack kemasan lokal,makanan_minuman,9000,58,20,38,342000,0,0,0,offline,Thursday,0,1,0,hujan_ringan,93,4.2
2025-01-23,P004,Kaos basic,fashion,65000,12,3,9,585000,0,0,0,offline,Thursday,0,1,0,hujan_ringan,93,4.4
2025-01-23,P005,Hijab polos,fashion,39500,21,8,13,513500,0,0,0,online,Thursday,0,1,0,hujan_ringan,93,4.2
2025-01-23,P006,Sandal harian,fashion,52500,12,2,10,525000,0,0,0,offline,Thursday,0,1,0,hujan_ringan,93,4.0
2025-01-23,P007,Sabun cuci literan,kebutuhan_rumah,16500,36,6,30,495000,0,0,0,offline,Thursday,0,1,0,hujan_ringan,93,4.2
2025-01-23,P008,Beras 5 kg,kebutuhan_rumah,68500,17,6,11,753500,0,0,0,offline,Thursday,0,1,0,hujan_ringan,93,4.3
2025-01-23,P009,Minyak goreng 1 liter,kebutuhan_rumah,19500,34,3,31,604500,0,0,0,offline,Thursday,0,1,0,hujan_ringan,93,4.3
2025-01-23,P010,Aksesori ponsel,aksesoris,26000,24,3,21,546000,0,0,0,offline,Thursday,0,1,0,hujan_ringan,93,4.2
2025-01-23,P011,Buket mini,kerajinan,45000,9,0,9,405000,0,0,0,online,Thursday,0,1,0,hujan_ringan,93,4.7
2025-01-23,P012,Paket hampers,kerajinan,92000,7,6,1,92000,0,0,0,online,Thursday,0,1,0,hujan_ringan,93,4.4
2025-01-24,P001,Paket nasi lauk,makanan_minuman,18000,53,18,35,630000,0,0,0,online,Friday,0,1,0,berawan,87,4.7
2025-01-24,P002,Minuman kopi susu,makanan_minuman,15000,65,23,42,630000,0,0,0,campuran,Friday,0,1,0,berawan,87,4.6
2025-01-24,P003,Snack kemasan lokal,makanan_minuman,9000,71,22,49,441000,0,0,0,offline,Friday,0,1,0,berawan,87,4.3
2025-01-24,P004,Kaos basic,fashion,65500,16,6,10,655000,0,0,0,offline,Friday,0,1,0,berawan,87,4.2
2025-01-24,P005,Hijab polos,fashion,42000,31,10,21,749700,15,1,132300,offline,Friday,0,1,0,berawan,87,4.3
2025-01-24,P006,Sandal harian,fashion,56500,11,0,11,621500,0,0,0,online,Friday,0,1,0,berawan,87,4.1
2025-01-24,P007,Sabun cuci literan,kebutuhan_rumah,17500,37,12,25,437500,0,0,0,online,Friday,0,1,0,berawan,87,3.9
2025-01-24,P008,Beras 5 kg,kebutuhan_rumah,67500,19,0,19,1282500,0,0,0,offline,Friday,0,1,0,berawan,87,4.6
2025-01-24,P009,Minyak goreng 1 liter,kebutuhan_rumah,19000,65,27,38,649800,10,1,72200,offline,Friday,0,1,0,berawan,87,4.5
2025-01-24,P010,Aksesori ponsel,aksesoris,25500,30,11,19,484500,0,0,0,campuran,Friday,0,1,0,berawan,87,3.9
2025-01-24,P011,Buket mini,kerajinan,44500,18,8,10,445000,0,0,0,campuran,Friday,0,1,0,berawan,87,4.7
2025-01-24,P012,Paket hampers,kerajinan,92000,9,3,6,552000,0,0,0,offline,Friday,0,1,0,berawan,87,4.8
2025-01-25,P001,Paket nasi lauk,makanan_minuman,18000,38,12,26,468000,0,0,0,offline,Saturday,1,1,0,hujan_deras,96,4.5
2025-01-25,P002,Minuman kopi susu,makanan_minuman,14000,63,23,40,560000,0,0,0,offline,Saturday,1,1,0,hujan_deras,96,4.4
2025-01-25,P003,Snack kemasan lokal,makanan_minuman,8500,92,48,44,374000,0,0,0,offline,Saturday,1,1,0,hujan_deras,96,4.1
2025-01-25,P004,Kaos basic,fashion,64000,22,6,16,921600,10,1,102400,online,Saturday,1,1,0,hujan_deras,96,4.5
2025-01-25,P005,Hijab polos,fashion,42000,28,2,26,873600,20,1,218400,online,Saturday,1,1,0,hujan_deras,96,4.5
2025-01-25,P006,Sandal harian,fashion,56500,13,5,8,452000,0,0,0,campuran,Saturday,1,1,0,hujan_deras,96,4.4
2025-01-25,P007,Sabun cuci literan,kebutuhan_rumah,18000,36,15,21,378000,0,0,0,online,Saturday,1,1,0,hujan_deras,96,4.3
2025-01-25,P008,Beras 5 kg,kebutuhan_rumah,72500,24,11,13,942500,0,0,0,offline,Saturday,1,1,0,hujan_deras,96,4.5
2025-01-25,P009,Minyak goreng 1 liter,kebutuhan_rumah,19000,50,20,30,570000,0,0,0,offline,Saturday,1,1,0,hujan_deras,96,4.3
2025-01-25,P010,Aksesori ponsel,aksesoris,24500,29,13,16,392000,0,0,0,online,Saturday,1,1,0,hujan_deras,96,4.0
2025-01-25,P011,Buket mini,kerajinan,42000,11,6,5,210000,0,0,0,offline,Saturday,1,1,0,hujan_deras,96,4.9
2025-01-25,P012,Paket hampers,kerajinan,91500,9,4,5,457500,0,0,0,offline,Saturday,1,1,0,hujan_deras,96,4.7
2025-01-26,P001,Paket nasi lauk,makanan_minuman,17500,85,25,60,1050000,0,0,0,campuran,Sunday,1,1,0,cerah,131,4.5
2025-01-26,P002,Minuman kopi susu,makanan_minuman,15000,104,30,74,1110000,0,0,0,campuran,Sunday,1,1,0,cerah,131,4.4
2025-01-26,P003,Snack kemasan lokal,makanan_minuman,8500,151,38,113,912500,5,1,48000,campuran,Sunday,1,1,0,cerah,131,4.2
2025-01-26,P004,Kaos basic,fashion,68000,22,13,9,612000,0,0,0,online,Sunday,1,1,0,cerah,131,4.2
2025-01-26,P005,Hijab polos,fashion,44000,63,38,25,935000,15,1,165000,campuran,Sunday,1,1,0,cerah,131,4.5
2025-01-26,P006,Sandal harian,fashion,54500,37,15,22,1079100,10,1,119900,online,Sunday,1,1,0,cerah,131,4.2
2025-01-26,P007,Sabun cuci literan,kebutuhan_rumah,17500,59,0,59,1032500,0,0,0,campuran,Sunday,1,1,0,cerah,131,4.1
2025-01-26,P008,Beras 5 kg,kebutuhan_rumah,71000,49,17,32,2044800,10,1,227200,campuran,Sunday,1,1,0,cerah,131,4.8
2025-01-26,P009,Minyak goreng 1 liter,kebutuhan_rumah,20000,55,7,48,960000,0,0,0,offline,Sunday,1,1,0,cerah,131,4.2
2025-01-26,P010,Aksesori ponsel,aksesoris,26000,43,12,31,806000,0,0,0,offline,Sunday,1,1,0,cerah,131,3.7
2025-01-26,P011,Buket mini,kerajinan,46000,16,5,11,506000,0,0,0,online,Sunday,1,1,0,cerah,131,4.5
2025-01-26,P012,Paket hampers,kerajinan,98000,15,4,11,1078000,0,0,0,offline,Sunday,1,1,0,cerah,131,4.6
2025-01-27,P001,Paket nasi lauk,makanan_minuman,19500,62,20,42,819000,0,0,0,offline,Monday,0,1,0,cerah,107,4.8
2025-01-27,P002,Minuman kopi susu,makanan_minuman,14000,67,36,31,434000,0,0,0,offline,Monday,0,1,0,cerah,107,4.4
2025-01-27,P003,Snack kemasan lokal,makanan_minuman,9000,77,29,48,432000,0,0,0,online,Monday,0,1,0,cerah,107,3.9
2025-01-27,P004,Kaos basic,fashion,68000,22,3,19,1292000,0,0,0,offline,Monday,0,1,0,cerah,107,4.4
2025-01-27,P005,Hijab polos,fashion,43000,34,21,13,559000,0,0,0,campuran,Monday,0,1,0,cerah,107,4.8
2025-01-27,P006,Sandal harian,fashion,54000,11,2,9,486000,0,0,0,online,Monday,0,1,0,cerah,107,4.4
2025-01-27,P007,Sabun cuci literan,kebutuhan_rumah,17000,42,12,30,510000,0,0,0,offline,Monday,0,1,0,cerah,107,4.2
2025-01-27,P008,Beras 5 kg,kebutuhan_rumah,66000,25,13,12,792000,0,0,0,campuran,Monday,0,1,0,cerah,107,4.5
2025-01-27,P009,Minyak goreng 1 liter,kebutuhan_rumah,19000,63,28,35,665000,0,0,0,offline,Monday,0,1,0,cerah,107,4.6
2025-01-27,P010,Aksesori ponsel,aksesoris,26500,21,0,21,556500,0,0,0,campuran,Monday,0,1,0,cerah,107,4.0
2025-01-27,P011,Buket mini,kerajinan,45500,17,4,13,591500,0,0,0,campuran,Monday,0,1,0,cerah,107,4.7
2025-01-27,P012,Paket hampers,kerajinan,92000,12,7,5,460000,0,0,0,offline,Monday,0,1,0,cerah,107,4.6
2025-01-28,P001,Paket nasi lauk,makanan_minuman,17000,19,0,19,323000,0,0,0,offline,Tuesday,0,1,0,hujan_ringan,88,4.6
2025-01-28,P002,Minuman kopi susu,makanan_minuman,15000,58,19,39,585000,0,0,0,offline,Tuesday,0,1,0,hujan_ringan,88,4.4
2025-01-28,P003,Snack kemasan lokal,makanan_minuman,9000,50,4,46,414000,0,0,0,offline,Tuesday,0,1,0,hujan_ringan,88,4.2
2025-01-28,P004,Kaos basic,fashion,71000,11,1,10,710000,0,0,0,offline,Tuesday,0,1,0,hujan_ringan,88,4.1
2025-01-28,P005,Hijab polos,fashion,42000,19,8,11,462000,0,0,0,online,Tuesday,0,1,0,hujan_ringan,88,4.5
2025-01-28,P006,Sandal harian,fashion,56000,15,8,7,392000,0,0,0,offline,Tuesday,0,1,0,hujan_ringan,88,3.9
2025-01-28,P007,Sabun cuci literan,kebutuhan_rumah,17000,33,17,16,272000,0,0,0,offline,Tuesday,0,1,0,hujan_ringan,88,4.1
2025-01-28,P008,Beras 5 kg,kebutuhan_rumah,74500,25,16,9,670500,0,0,0,campuran,Tuesday,0,1,0,hujan_ringan,88,4.6
2025-01-28,P009,Minyak goreng 1 liter,kebutuhan_rumah,19000,44,15,29,551000,0,0,0,offline,Tuesday,0,1,0,hujan_ringan,88,4.4
2025-01-28,P010,Aksesori ponsel,aksesoris,27500,27,15,12,330000,0,0,0,online,Tuesday,0,1,0,hujan_ringan,88,4.0
2025-01-28,P011,Buket mini,kerajinan,46500,6,0,6,279000,0,0,0,online,Tuesday,0,1,0,hujan_ringan,88,4.5
2025-01-28,P012,Paket hampers,kerajinan,93500,8,3,5,467500,0,0,0,offline,Tuesday,0,1,0,hujan_ringan,88,4.6
2025-01-29,P001,Paket nasi lauk,makanan_minuman,17500,37,14,23,402500,0,0,0,offline,Wednesday,0,1,0,hujan_ringan,78,4.7
2025-01-29,P002,Minuman kopi susu,makanan_minuman,14000,52,12,40,560000,0,0,0,offline,Wednesday,0,1,0,hujan_ringan,78,4.4
2025-01-29,P003,Snack kemasan lokal,makanan_minuman,9500,76,35,41,389500,0,0,0,offline,Wednesday,0,1,0,hujan_ringan,78,4.2
2025-01-29,P004,Kaos basic,fashion,66500,15,9,6,399000,0,0,0,campuran,Wednesday,0,1,0,hujan_ringan,78,4.4
2025-01-29,P005,Hijab polos,fashion,43000,24,11,13,559000,0,0,0,online,Wednesday,0,1,0,hujan_ringan,78,4.4
2025-01-29,P006,Sandal harian,fashion,57000,12,1,11,627000,0,0,0,campuran,Wednesday,0,1,0,hujan_ringan,78,4.5
2025-01-29,P007,Sabun cuci literan,kebutuhan_rumah,16000,42,17,25,400000,0,0,0,campuran,Wednesday,0,1,0,hujan_ringan,78,4.0
2025-01-29,P008,Beras 5 kg,kebutuhan_rumah,69500,20,7,13,903500,0,0,0,offline,Wednesday,0,1,0,hujan_ringan,78,4.7
2025-01-29,P009,Minyak goreng 1 liter,kebutuhan_rumah,18500,55,28,27,474500,5,1,25000,offline,Wednesday,0,1,0,hujan_ringan,78,4.4
2025-01-29,P010,Aksesori ponsel,aksesoris,27000,18,0,18,486000,0,0,0,offline,Wednesday,0,1,0,hujan_ringan,78,4.4
2025-01-29,P011,Buket mini,kerajinan,46500,9,3,6,265000,5,1,14000,offline,Wednesday,0,1,0,hujan_ringan,78,4.6
2025-01-29,P012,Paket hampers,kerajinan,96000,8,6,2,192000,0,0,0,offline,Wednesday,0,1,0,hujan_ringan,78,4.5
2025-01-30,P001,Paket nasi lauk,makanan_minuman,18000,79,35,44,712800,10,1,79200,campuran,Thursday,0,1,0,hujan_ringan,79,4.4
2025-01-30,P002,Minuman kopi susu,makanan_minuman,15500,59,18,41,635500,0,0,0,campuran,Thursday,0,1,0,hujan_ringan,79,4.6
2025-01-30,P003,Snack kemasan lokal,makanan_minuman,8500,49,12,37,314500,0,0,0,online,Thursday,0,1,0,hujan_ringan,79,4.1
2025-01-30,P004,Kaos basic,fashion,66500,24,12,12,718200,10,1,79800,offline,Thursday,0,1,0,hujan_ringan,79,4.3
2025-01-30,P005,Hijab polos,fashion,40000,24,10,14,560000,0,0,0,campuran,Thursday,0,1,0,hujan_ringan,79,4.5
2025-01-30,P006,Sandal harian,fashion,56500,17,1,16,904000,0,0,0,campuran,Thursday,0,1,0,hujan_ringan,79,4.1
2025-01-30,P007,Sabun cuci literan,kebutuhan_rumah,16500,35,13,22,363000,0,0,0,campuran,Thursday,0,1,0,hujan_ringan,79,4.2
2025-01-30,P008,Beras 5 kg,kebutuhan_rumah,69000,18,10,8,552000,0,0,0,offline,Thursday,0,1,0,hujan_ringan,79,4.5
2025-01-30,P009,Minyak goreng 1 liter,kebutuhan_rumah,18500,38,12,26,481000,0,0,0,offline,Thursday,0,1,0,hujan_ringan,79,4.2
2025-01-30,P010,Aksesori ponsel,aksesoris,26500,21,7,14,371000,0,0,0,online,Thursday,0,1,0,hujan_ringan,79,4.2
2025-01-30,P011,Buket mini,kerajinan,41000,12,8,4,164000,0,0,0,campuran,Thursday,0,1,0,hujan_ringan,79,4.7
2025-01-30,P012,Paket hampers,kerajinan,93500,8,4,4,355300,5,1,18700,offline,Thursday,0,1,0,hujan_ringan,79,4.4
2025-01-31,P001,Paket nasi lauk,makanan_minuman,18500,34,8,26,481000,0,0,0,campuran,Friday,0,1,0,hujan_deras,75,4.8
2025-01-31,P002,Minuman kopi susu,makanan_minuman,14500,52,32,20,290000,0,0,0,offline,Friday,0,1,0,hujan_deras,75,4.4
2025-01-31,P003,Snack kemasan lokal,makanan_minuman,8500,51,11,40,340000,0,0,0,offline,Friday,0,1,0,hujan_deras,75,4.1
2025-01-31,P004,Kaos basic,fashion,62500,9,5,4,250000,0,0,0,online,Friday,0,1,0,hujan_deras,75,3.9
2025-01-31,P005,Hijab polos,fashion,42500,25,11,14,565200,5,1,29800,offline,Friday,0,1,0,hujan_deras,75,4.6
2025-01-31,P006,Sandal harian,fashion,54000,10,3,7,378000,0,0,0,offline,Friday,0,1,0,hujan_deras,75,4.1
2025-01-31,P007,Sabun cuci literan,kebutuhan_rumah,16500,21,5,16,264000,0,0,0,offline,Friday,0,1,0,hujan_deras,75,4.1
2025-01-31,P008,Beras 5 kg,kebutuhan_rumah,72500,14,6,8,580000,0,0,0,online,Friday,0,1,0,hujan_deras,75,4.6
2025-01-31,P009,Minyak goreng 1 liter,kebutuhan_rumah,20500,38,6,32,656000,0,0,0,campuran,Friday,0,1,0,hujan_deras,75,4.3
2025-01-31,P010,Aksesori ponsel,aksesoris,24500,18,1,17,416500,0,0,0,online,Friday,0,1,0,hujan_deras,75,4.0
2025-01-31,P011,Buket mini,kerajinan,43000,11,3,8,344000,0,0,0,campuran,Friday,0,1,0,hujan_deras,75,4.8
2025-01-31,P012,Paket hampers,kerajinan,95000,7,3,4,380000,0,0,0,online,Friday,0,1,0,hujan_deras,75,4.3
2025-02-01,P001,Paket nasi lauk,makanan_minuman,18500,77,24,53,980500,0,0,0,campuran,Saturday,1,2,0,cerah,122,4.6
2025-02-01,P002,Minuman kopi susu,makanan_minuman,15000,98,23,75,1012500,10,1,112500,offline,Saturday,1,2,0,cerah,122,4.0
2025-02-01,P003,Snack kemasan lokal,makanan_minuman,8500,93,40,53,450500,0,0,0,online,Saturday,1,2,0,cerah,122,4.3
2025-02-01,P004,Kaos basic,fashion,65000,29,13,16,1040000,0,0,0,offline,Saturday,1,2,0,cerah,122,4.3
2025-02-01,P005,Hijab polos,fashion,40000,57,21,36,1368000,5,1,72000,campuran,Saturday,1,2,0,cerah,122,4.5
2025-02-01,P006,Sandal harian,fashion,57000,27,16,11,564300,10,1,62700,online,Saturday,1,2,0,cerah,122,4.3
2025-02-01,P007,Sabun cuci literan,kebutuhan_rumah,16500,39,14,25,412500,0,0,0,online,Saturday,1,2,0,cerah,122,4.0
2025-02-01,P008,Beras 5 kg,kebutuhan_rumah,75000,32,11,21,1575000,0,0,0,online,Saturday,1,2,0,cerah,122,4.7
2025-02-01,P009,Minyak goreng 1 liter,kebutuhan_rumah,18500,72,34,38,703000,0,0,0,online,Saturday,1,2,0,cerah,122,4.6
2025-02-01,P010,Aksesori ponsel,aksesoris,25000,51,20,31,775000,0,0,0,campuran,Saturday,1,2,0,cerah,122,4.1
2025-02-01,P011,Buket mini,kerajinan,44500,32,20,12,534000,0,0,0,campuran,Saturday,1,2,0,cerah,122,4.6
2025-02-01,P012,Paket hampers,kerajinan,93500,33,19,14,1243600,5,1,65400,campuran,Saturday,1,2,0,cerah,122,4.4
2025-02-02,P001,Paket nasi lauk,makanan_minuman,18500,85,36,49,906500,0,0,0,offline,Sunday,1,2,0,cerah,124,4.7
2025-02-02,P002,Minuman kopi susu,makanan_minuman,14500,132,41,91,1187600,10,1,132000,offline,Sunday,1,2,0,cerah,124,4.5
2025-02-02,P003,Snack kemasan lokal,makanan_minuman,8500,106,36,70,595000,0,0,0,offline,Sunday,1,2,0,cerah,124,4.0
2025-02-02,P004,Kaos basic,fashion,64500,23,6,17,1096500,0,0,0,offline,Sunday,1,2,0,cerah,124,4.4
2025-02-02,P005,Hijab polos,fashion,43000,51,21,30,1161000,10,1,129000,offline,Sunday,1,2,0,cerah,124,4.6
2025-02-02,P006,Sandal harian,fashion,59000,24,8,16,944000,0,0,0,campuran,Sunday,1,2,0,cerah,124,4.1
2025-02-02,P007,Sabun cuci literan,kebutuhan_rumah,17000,77,49,28,476000,0,0,0,campuran,Sunday,1,2,0,cerah,124,4.1
2025-02-02,P008,Beras 5 kg,kebutuhan_rumah,72000,44,5,39,2527200,10,1,280800,offline,Sunday,1,2,0,cerah,124,4.6
2025-02-02,P009,Minyak goreng 1 liter,kebutuhan_rumah,17500,63,28,35,612500,0,0,0,online,Sunday,1,2,0,cerah,124,4.3
2025-02-02,P010,Aksesori ponsel,aksesoris,25500,42,9,33,841500,0,0,0,online,Sunday,1,2,0,cerah,124,3.9
2025-02-02,P011,Buket mini,kerajinan,48000,27,7,20,960000,0,0,0,offline,Sunday,1,2,0,cerah,124,5.0
2025-02-02,P012,Paket hampers,kerajinan,94000,20,10,10,940000,0,0,0,campuran,Sunday,1,2,0,cerah,124,4.5
2025-02-03,P001,Paket nasi lauk,makanan_minuman,15500,87,30,57,751000,15,1,132500,campuran,Monday,0,2,0,cerah,112,4.6
2025-02-03,P002,Minuman kopi susu,makanan_minuman,14500,67,28,39,565500,0,0,0,offline,Monday,0,2,0,cerah,112,4.0
2025-02-03,P003,Snack kemasan lokal,makanan_minuman,8000,75,32,43,344000,0,0,0,offline,Monday,0,2,0,cerah,112,4.1
2025-02-03,P004,Kaos basic,fashion,66000,35,21,14,785400,15,1,138600,online,Monday,0,2,0,cerah,112,4.2
2025-02-03,P005,Hijab polos,fashion,42500,27,14,13,552500,0,0,0,campuran,Monday,0,2,0,cerah,112,4.7
2025-02-03,P006,Sandal harian,fashion,53500,19,10,9,481500,0,0,0,offline,Monday,0,2,0,cerah,112,4.0
2025-02-03,P007,Sabun cuci literan,kebutuhan_rumah,16500,46,19,27,445500,0,0,0,offline,Monday,0,2,0,cerah,112,4.2
2025-02-03,P008,Beras 5 kg,kebutuhan_rumah,70500,23,12,11,775500,0,0,0,online,Monday,0,2,0,cerah,112,4.8
2025-02-03,P009,Minyak goreng 1 liter,kebutuhan_rumah,18500,33,6,27,499500,0,0,0,online,Monday,0,2,0,cerah,112,4.3
2025-02-03,P010,Aksesori ponsel,aksesoris,24500,46,16,30,735000,0,0,0,offline,Monday,0,2,0,cerah,112,3.9
2025-02-03,P011,Buket mini,kerajinan,45000,25,10,15,641200,5,1,33800,offline,Monday,0,2,0,cerah,112,4.8
2025-02-03,P012,Paket hampers,kerajinan,92500,12,5,7,647500,0,0,0,campuran,Monday,0,2,0,cerah,112,4.5
2025-02-04,P001,Paket nasi lauk,makanan_minuman,17500,41,12,29,507500,0,0,0,campuran,Tuesday,0,2,0,hujan_ringan,73,4.2
2025-02-04,P002,Minuman kopi susu,makanan_minuman,14500,32,6,26,377000,0,0,0,online,Tuesday,0,2,0,hujan_ringan,73,4.7
2025-02-04,P003,Snack kemasan lokal,makanan_minuman,9000,82,40,42,378000,0,0,0,campuran,Tuesday,0,2,0,hujan_ringan,73,4.3
2025-02-04,P004,Kaos basic,fashion,66000,13,6,7,462000,0,0,0,online,Tuesday,0,2,0,hujan_ringan,73,4.4
2025-02-04,P005,Hijab polos,fashion,42000,24,13,11,462000,0,0,0,campuran,Tuesday,0,2,0,hujan_ringan,73,4.4
2025-02-04,P006,Sandal harian,fashion,53500,12,4,8,428000,0,0,0,online,Tuesday,0,2,0,hujan_ringan,73,4.2
2025-02-04,P007,Sabun cuci literan,kebutuhan_rumah,17500,26,3,23,402500,0,0,0,offline,Tuesday,0,2,0,hujan_ringan,73,4.2
2025-02-04,P008,Beras 5 kg,kebutuhan_rumah,73000,22,0,22,1445400,10,1,160600,offline,Tuesday,0,2,0,hujan_ringan,73,4.5
2025-02-04,P009,Minyak goreng 1 liter,kebutuhan_rumah,20000,29,7,22,440000,0,0,0,online,Tuesday,0,2,0,hujan_ringan,73,4.4
2025-02-04,P010,Aksesori ponsel,aksesoris,24500,29,14,15,367500,0,0,0,offline,Tuesday,0,2,0,hujan_ringan,73,3.9
2025-02-04,P011,Buket mini,kerajinan,45500,12,6,6,273000,0,0,0,online,Tuesday,0,2,0,hujan_ringan,73,4.8
2025-02-04,P012,Paket hampers,kerajinan,90000,9,3,6,540000,0,0,0,offline,Tuesday,0,2,0,hujan_ringan,73,4.7
2025-02-05,P001,Paket nasi lauk,makanan_minuman,18500,58,28,30,555000,0,0,0,campuran,Wednesday,0,2,0,berawan,92,4.4
2025-02-05,P002,Minuman kopi susu,makanan_minuman,14500,64,13,51,739500,0,0,0,campuran,Wednesday,0,2,0,berawan,92,4.3
2025-02-05,P003,Snack kemasan lokal,makanan_minuman,9000,154,91,63,453600,20,1,113400,campuran,Wednesday,0,2,0,berawan,92,4.0
2025-02-05,P004,Kaos basic,fashion,63500,8,0,8,508000,0,0,0,online,Wednesday,0,2,0,berawan,92,4.5
2025-02-05,P005,Hijab polos,fashion,41500,21,12,9,373500,0,0,0,online,Wednesday,0,2,0,berawan,92,4.6
2025-02-05,P006,Sandal harian,fashion,55000,13,2,11,605000,0,0,0,campuran,Wednesday,0,2,0,berawan,92,3.9
2025-02-05,P007,Sabun cuci literan,kebutuhan_rumah,16000,31,4,27,432000,0,0,0,online,Wednesday,0,2,0,berawan,92,4.1
2025-02-05,P008,Beras 5 kg,kebutuhan_rumah,71000,20,9,11,781000,0,0,0,offline,Wednesday,0,2,0,berawan,92,4.6
2025-02-05,P009,Minyak goreng 1 liter,kebutuhan_rumah,19000,42,14,28,532000,0,0,0,online,Wednesday,0,2,0,berawan,92,4.3
2025-02-05,P010,Aksesori ponsel,aksesoris,25000,41,12,29,688800,5,1,36200,offline,Wednesday,0,2,0,berawan,92,4.1
2025-02-05,P011,Buket mini,kerajinan,45000,18,10,8,360000,0,0,0,offline,Wednesday,0,2,0,berawan,92,4.9
2025-02-05,P012,Paket hampers,kerajinan,94000,12,2,10,940000,0,0,0,offline,Wednesday,0,2,0,berawan,92,4.6
2025-02-06,P001,Paket nasi lauk,makanan_minuman,17000,47,17,30,510000,0,0,0,online,Thursday,0,2,0,berawan,102,4.4
2025-02-06,P002,Minuman kopi susu,makanan_minuman,15000,67,24,43,612800,5,1,32200,online,Thursday,0,2,0,berawan,102,4.4
2025-02-06,P003,Snack kemasan lokal,makanan_minuman,9000,91,43,48,432000,0,0,0,campuran,Thursday,0,2,0,berawan,102,4.0
2025-02-06,P004,Kaos basic,fashion,62500,17,7,10,625000,0,0,0,offline,Thursday,0,2,0,berawan,102,4.3
2025-02-06,P005,Hijab polos,fashion,43500,25,11,14,609000,0,0,0,online,Thursday,0,2,0,berawan,102,4.7
2025-02-06,P006,Sandal harian,fashion,54000,16,5,11,594000,0,0,0,campuran,Thursday,0,2,0,berawan,102,4.1
2025-02-06,P007,Sabun cuci literan,kebutuhan_rumah,16000,40,14,26,416000,0,0,0,offline,Thursday,0,2,0,berawan,102,4.1
2025-02-06,P008,Beras 5 kg,kebutuhan_rumah,75500,40,17,23,1562800,10,1,173600,campuran,Thursday,0,2,0,berawan,102,4.3
2025-02-06,P009,Minyak goreng 1 liter,kebutuhan_rumah,18500,60,31,29,456000,15,1,80500,offline,Thursday,0,2,0,berawan,102,4.4
2025-02-06,P010,Aksesori ponsel,aksesoris,26000,31,20,11,286000,0,0,0,offline,Thursday,0,2,0,berawan,102,3.9
2025-02-06,P011,Buket mini,kerajinan,44000,18,0,18,792000,0,0,0,offline,Thursday,0,2,0,berawan,102,4.9
2025-02-06,P012,Paket hampers,kerajinan,90500,17,5,12,1031700,5,1,54300,offline,Thursday,0,2,0,berawan,102,4.5
2025-02-07,P001,Paket nasi lauk,makanan_minuman,18500,41,7,34,629000,0,0,0,online,Friday,0,2,0,berawan,112,4.5
2025-02-07,P002,Minuman kopi susu,makanan_minuman,14500,47,3,44,638000,0,0,0,offline,Friday,0,2,0,berawan,112,4.3
2025-02-07,P003,Snack kemasan lokal,makanan_minuman,9000,82,28,54,486000,0,0,0,online,Friday,0,2,0,berawan,112,4.3
2025-02-07,P004,Kaos basic,fashion,65000,12,4,8,520000,0,0,0,online,Friday,0,2,0,berawan,112,4.1
2025-02-07,P005,Hijab polos,fashion,41500,30,19,11,456500,0,0,0,offline,Friday,0,2,0,berawan,112,4.5
2025-02-07,P006,Sandal harian,fashion,52000,15,1,14,728000,0,0,0,campuran,Friday,0,2,0,berawan,112,4.0
2025-02-07,P007,Sabun cuci literan,kebutuhan_rumah,16500,38,19,19,313500,0,0,0,offline,Friday,0,2,0,berawan,112,4.2
2025-02-07,P008,Beras 5 kg,kebutuhan_rumah,72500,14,0,14,1015000,0,0,0,offline,Friday,0,2,0,berawan,112,4.7
2025-02-07,P009,Minyak goreng 1 liter,kebutuhan_rumah,19500,36,4,32,624000,0,0,0,offline,Friday,0,2,0,berawan,112,4.5
2025-02-07,P010,Aksesori ponsel,aksesoris,24500,39,14,25,612500,0,0,0,campuran,Friday,0,2,0,berawan,112,4.1
2025-02-07,P011,Buket mini,kerajinan,44500,19,10,9,400500,0,0,0,online,Friday,0,2,0,berawan,112,4.5
2025-02-07,P012,Paket hampers,kerajinan,97500,14,6,8,780000,0,0,0,campuran,Friday,0,2,0,berawan,112,4.4
2025-02-08,P001,Paket nasi lauk,makanan_minuman,18500,83,25,58,1073000,0,0,0,campuran,Saturday,1,2,0,cerah,125,4.5
2025-02-08,P002,Minuman kopi susu,makanan_minuman,14500,82,41,41,594500,0,0,0,offline,Saturday,1,2,0,cerah,125,4.6
2025-02-08,P003,Snack kemasan lokal,makanan_minuman,9000,124,28,96,820800,5,1,43200,offline,Saturday,1,2,0,cerah,125,4.3
2025-02-08,P004,Kaos basic,fashion,67500,23,9,14,945000,0,0,0,offline,Saturday,1,2,0,cerah,125,4.3
2025-02-08,P005,Hijab polos,fashion,41000,72,22,50,1742500,15,1,307500,campuran,Saturday,1,2,0,cerah,125,4.6
2025-02-08,P006,Sandal harian,fashion,53500,27,9,18,914800,5,1,48200,offline,Saturday,1,2,0,cerah,125,4.2
2025-02-08,P007,Sabun cuci literan,kebutuhan_rumah,17500,71,21,50,743800,15,1,131200,online,Saturday,1,2,0,cerah,125,4.5
2025-02-08,P008,Beras 5 kg,kebutuhan_rumah,72000,38,0,38,2462400,10,1,273600,offline,Saturday,1,2,0,cerah,125,4.7
2025-02-08,P009,Minyak goreng 1 liter,kebutuhan_rumah,19000,67,31,36,684000,0,0,0,offline,Saturday,1,2,0,cerah,125,4.3
2025-02-08,P010,Aksesori ponsel,aksesoris,25500,35,8,27,688500,0,0,0,online,Saturday,1,2,0,cerah,125,3.8
2025-02-08,P011,Buket mini,kerajinan,44500,32,12,20,845500,5,1,44500,campuran,Saturday,1,2,0,cerah,125,4.7
2025-02-08,P012,Paket hampers,kerajinan,100000,24,13,11,1100000,0,0,0,offline,Saturday,1,2,0,cerah,125,4.4
2025-02-09,P001,Paket nasi lauk,makanan_minuman,18000,67,11,56,1008000,0,0,0,online,Sunday,1,2,0,berawan,136,4.5
2025-02-09,P002,Minuman kopi susu,makanan_minuman,15500,82,14,68,1054000,0,0,0,offline,Sunday,1,2,0,berawan,136,4.2
2025-02-09,P003,Snack kemasan lokal,makanan_minuman,8500,124,49,75,605600,5,1,31900,offline,Sunday,1,2,0,berawan,136,4.3
2025-02-09,P004,Kaos basic,fashion,69500,21,1,20,1390000,0,0,0,offline,Sunday,1,2,0,berawan,136,4.3
2025-02-09,P005,Hijab polos,fashion,41500,62,34,28,1103900,5,1,58100,campuran,Sunday,1,2,0,berawan,136,4.4
2025-02-09,P006,Sandal harian,fashion,58500,24,10,14,819000,0,0,0,offline,Sunday,1,2,0,berawan,136,4.0
2025-02-09,P007,Sabun cuci literan,kebutuhan_rumah,17500,77,29,48,756000,10,1,84000,offline,Sunday,1,2,0,berawan,136,4.1
2025-02-09,P008,Beras 5 kg,kebutuhan_rumah,70000,26,5,21,1470000,0,0,0,online,Sunday,1,2,0,berawan,136,4.7
2025-02-09,P009,Minyak goreng 1 liter,kebutuhan_rumah,19000,77,37,40,760000,0,0,0,campuran,Sunday,1,2,0,berawan,136,4.2
2025-02-09,P010,Aksesori ponsel,aksesoris,26000,37,8,29,754000,0,0,0,offline,Sunday,1,2,0,berawan,136,4.0
2025-02-09,P011,Buket mini,kerajinan,45500,22,8,14,637000,0,0,0,online,Sunday,1,2,0,berawan,136,4.8
2025-02-09,P012,Paket hampers,kerajinan,93000,23,1,22,2046000,0,0,0,campuran,Sunday,1,2,0,berawan,136,4.3
2025-02-10,P001,Paket nasi lauk,makanan_minuman,18000,63,32,31,558000,0,0,0,offline,Monday,0,2,0,cerah,111,4.3
2025-02-10,P002,Minuman kopi susu,makanan_minuman,15500,92,25,67,882700,15,1,155800,online,Monday,0,2,0,cerah,111,4.5
2025-02-10,P003,Snack kemasan lokal,makanan_minuman,9000,132,67,65,555800,5,1,29200,online,Monday,0,2,0,cerah,111,4.2
2025-02-10,P004,Kaos basic,fashion,64000,15,0,15,960000,0,0,0,offline,Monday,0,2,0,cerah,111,4.3
2025-02-10,P005,Hijab polos,fashion,41500,30,9,21,871500,0,0,0,campuran,Monday,0,2,0,cerah,111,4.4
2025-02-10,P006,Sandal harian,fashion,58500,20,11,9,526500,0,0,0,campuran,Monday,0,2,0,cerah,111,4.3
2025-02-10,P007,Sabun cuci literan,kebutuhan_rumah,18000,41,9,32,576000,0,0,0,campuran,Monday,0,2,0,cerah,111,4.4
2025-02-10,P008,Beras 5 kg,kebutuhan_rumah,74000,24,8,16,1184000,0,0,0,online,Monday,0,2,0,cerah,111,4.5
2025-02-10,P009,Minyak goreng 1 liter,kebutuhan_rumah,18500,38,12,26,481000,0,0,0,online,Monday,0,2,0,cerah,111,4.5
2025-02-10,P010,Aksesori ponsel,aksesoris,24500,29,3,26,637000,0,0,0,online,Monday,0,2,0,cerah,111,3.9
2025-02-10,P011,Buket mini,kerajinan,44000,20,9,11,484000,0,0,0,campuran,Monday,0,2,0,cerah,111,4.7
2025-02-10,P012,Paket hampers,kerajinan,94500,12,2,10,945000,0,0,0,offline,Monday,0,2,0,cerah,111,4.7
2025-02-11,P001,Paket nasi lauk,makanan_minuman,18000,35,0,35,630000,0,0,0,online,Tuesday,0,2,0,berawan,107,4.6
2025-02-11,P002,Minuman kopi susu,makanan_minuman,14500,63,9,54,783000,0,0,0,offline,Tuesday,0,2,0,berawan,107,4.3
2025-02-11,P003,Snack kemasan lokal,makanan_minuman,9500,63,16,47,446500,0,0,0,online,Tuesday,0,2,0,berawan,107,4.0
2025-02-11,P004,Kaos basic,fashion,64500,15,6,9,580500,0,0,0,offline,Tuesday,0,2,0,berawan,107,4.0
2025-02-11,P005,Hijab polos,fashion,45500,31,15,16,655200,10,1,72800,online,Tuesday,0,2,0,berawan,107,4.6
2025-02-11,P006,Sandal harian,fashion,56000,15,6,9,504000,0,0,0,offline,Tuesday,0,2,0,berawan,107,4.1
2025-02-11,P007,Sabun cuci literan,kebutuhan_rumah,17500,49,19,30,525000,0,0,0,campuran,Tuesday,0,2,0,berawan,107,4.0
2025-02-11,P008,Beras 5 kg,kebutuhan_rumah,71500,20,4,16,972400,15,1,171600,online,Tuesday,0,2,0,berawan,107,4.7
2025-02-11,P009,Minyak goreng 1 liter,kebutuhan_rumah,18500,39,5,34,629000,0,0,0,campuran,Tuesday,0,2,0,berawan,107,4.1
2025-02-11,P010,Aksesori ponsel,aksesoris,24500,26,1,25,612500,0,0,0,offline,Tuesday,0,2,0,berawan,107,3.7
2025-02-11,P011,Buket mini,kerajinan,43000,22,8,14,602000,0,0,0,offline,Tuesday,0,2,0,berawan,107,4.5
2025-02-11,P012,Paket hampers,kerajinan,99000,15,11,4,396000,0,0,0,offline,Tuesday,0,2,0,berawan,107,4.6
2025-02-12,P001,Paket nasi lauk,makanan_minuman,18000,59,34,25,427500,5,1,22500,offline,Wednesday,0,2,0,hujan_deras,66,4.5
2025-02-12,P002,Minuman kopi susu,makanan_minuman,14500,40,5,35,507500,0,0,0,offline,Wednesday,0,2,0,hujan_deras,66,4.5
2025-02-12,P003,Snack kemasan lokal,makanan_minuman,9000,53,23,30,270000,0,0,0,online,Wednesday,0,2,0,hujan_deras,66,4.2
2025-02-12,P004,Kaos basic,fashion,65500,15,4,11,684500,5,1,36000,offline,Wednesday,0,2,0,hujan_deras,66,4.2
2025-02-12,P005,Hijab polos,fashion,42000,20,4,16,672000,0,0,0,offline,Wednesday,0,2,0,hujan_deras,66,4.7
2025-02-12,P006,Sandal harian,fashion,51000,10,8,2,102000,0,0,0,offline,Wednesday,0,2,0,hujan_deras,66,4.0
2025-02-12,P007,Sabun cuci literan,kebutuhan_rumah,16500,30,18,12,198000,0,0,0,online,Wednesday,0,2,0,hujan_deras,66,4.2
2025-02-12,P008,Beras 5 kg,kebutuhan_rumah,71500,12,1,11,786500,0,0,0,online,Wednesday,0,2,0,hujan_deras,66,4.4
2025-02-12,P009,Minyak goreng 1 liter,kebutuhan_rumah,19000,26,16,10,190000,0,0,0,online,Wednesday,0,2,0,hujan_deras,66,4.0
2025-02-12,P010,Aksesori ponsel,aksesoris,25000,23,5,18,450000,0,0,0,online,Wednesday,0,2,0,hujan_deras,66,4.4
2025-02-12,P011,Buket mini,kerajinan,45000,15,10,5,213800,5,1,11200,offline,Wednesday,0,2,0,hujan_deras,66,4.7
2025-02-12,P012,Paket hampers,kerajinan,95500,10,3,7,668500,0,0,0,online,Wednesday,0,2,0,hujan_deras,66,4.8
2025-02-13,P001,Paket nasi lauk,makanan_minuman,18500,43,18,25,462500,0,0,0,online,Thursday,0,2,0,berawan,106,4.7
2025-02-13,P002,Minuman kopi susu,makanan_minuman,15000,70,13,57,769500,10,1,85500,offline,Thursday,0,2,0,berawan,106,4.4
2025-02-13,P003,Snack kemasan lokal,makanan_minuman,9000,55,15,40,360000,0,0,0,online,Thursday,0,2,0,berawan,106,4.4
2025-02-13,P004,Kaos basic,fashion,64000,16,8,8,512000,0,0,0,online,Thursday,0,2,0,berawan,106,4.2
2025-02-13,P005,Hijab polos,fashion,42500,19,10,9,382500,0,0,0,online,Thursday,0,2,0,berawan,106,4.8
2025-02-13,P006,Sandal harian,fashion,55000,14,3,11,605000,0,0,0,online,Thursday,0,2,0,berawan,106,4.1
2025-02-13,P007,Sabun cuci literan,kebutuhan_rumah,17000,34,6,28,476000,0,0,0,campuran,Thursday,0,2,0,berawan,106,4.1
2025-02-13,P008,Beras 5 kg,kebutuhan_rumah,72500,24,14,10,725000,0,0,0,campuran,Thursday,0,2,0,berawan,106,4.8
2025-02-13,P009,Minyak goreng 1 liter,kebutuhan_rumah,19500,42,21,21,409500,0,0,0,online,Thursday,0,2,0,berawan,106,4.5
2025-02-13,P010,Aksesori ponsel,aksesoris,24500,16,0,16,392000,0,0,0,online,Thursday,0,2,0,berawan,106,4.0
2025-02-13,P011,Buket mini,kerajinan,46500,16,0,16,744000,0,0,0,online,Thursday,0,2,0,berawan,106,4.4
2025-02-13,P012,Paket hampers,kerajinan,91500,12,3,9,823500,0,0,0,offline,Thursday,0,2,0,berawan,106,4.6
2025-02-14,P001,Paket nasi lauk,makanan_minuman,18500,62,9,53,882400,10,1,98000,online,Friday,0,2,0,berawan,78,4.8
2025-02-14,P002,Minuman kopi susu,makanan_minuman,15000,59,18,41,615000,0,0,0,campuran,Friday,0,2,0,berawan,78,4.5
2025-02-14,P003,Snack kemasan lokal,makanan_minuman,8500,64,26,38,323000,0,0,0,offline,Friday,0,2,0,berawan,78,4.0
2025-02-14,P004,Kaos basic,fashion,64000,20,12,8,512000,0,0,0,campuran,Friday,0,2,0,berawan,78,4.6
2025-02-14,P005,Hijab polos,fashion,41500,22,8,14,581000,0,0,0,offline,Friday,0,2,0,berawan,78,4.6
2025-02-14,P006,Sandal harian,fashion,58500,15,9,6,351000,0,0,0,online,Friday,0,2,0,berawan,78,3.9
2025-02-14,P007,Sabun cuci literan,kebutuhan_rumah,18000,35,13,22,396000,0,0,0,online,Friday,0,2,0,berawan,78,4.1
2025-02-14,P008,Beras 5 kg,kebutuhan_rumah,72000,20,4,16,1152000,0,0,0,offline,Friday,0,2,0,berawan,78,4.5
2025-02-14,P009,Minyak goreng 1 liter,kebutuhan_rumah,20000,39,23,16,320000,0,0,0,online,Friday,0,2,0,berawan,78,4.6
2025-02-14,P010,Aksesori ponsel,aksesoris,25500,42,8,34,823600,5,1,43400,campuran,Friday,0,2,0,berawan,78,4.0
2025-02-14,P011,Buket mini,kerajinan,42500,16,6,10,425000,0,0,0,online,Friday,0,2,0,berawan,78,4.8
2025-02-14,P012,Paket hampers,kerajinan,96000,13,3,10,960000,0,0,0,offline,Friday,0,2,0,berawan,78,4.5
2025-02-15,P001,Paket nasi lauk,makanan_minuman,18000,50,0,50,900000,0,0,0,online,Saturday,1,2,0,berawan,93,4.7
2025-02-15,P002,Minuman kopi susu,makanan_minuman,15500,74,32,42,651000,0,0,0,campuran,Saturday,1,2,0,berawan,93,4.2
2025-02-15,P003,Snack kemasan lokal,makanan_minuman,9000,100,36,64,576000,0,0,0,campuran,Saturday,1,2,0,berawan,93,4.3
2025-02-15,P004,Kaos basic,fashion,61500,21,2,19,1168500,0,0,0,offline,Saturday,1,2,0,berawan,93,4.4
2025-02-15,P005,Hijab polos,fashion,41000,26,6,20,820000,0,0,0,offline,Saturday,1,2,0,berawan,93,4.6
2025-02-15,P006,Sandal harian,fashion,54500,30,11,19,983700,5,1,51800,campuran,Saturday,1,2,0,berawan,93,3.7
2025-02-15,P007,Sabun cuci literan,kebutuhan_rumah,16500,58,15,43,638600,10,1,71000,online,Saturday,1,2,0,berawan,93,4.1
2025-02-15,P008,Beras 5 kg,kebutuhan_rumah,73500,25,6,19,1396500,0,0,0,offline,Saturday,1,2,0,berawan,93,4.8
2025-02-15,P009,Minyak goreng 1 liter,kebutuhan_rumah,19000,69,38,31,589000,0,0,0,offline,Saturday,1,2,0,berawan,93,4.4
2025-02-15,P010,Aksesori ponsel,aksesoris,24000,47,6,41,885600,10,1,98400,offline,Saturday,1,2,0,berawan,93,3.9
2025-02-15,P011,Buket mini,kerajinan,48000,21,3,18,864000,0,0,0,offline,Saturday,1,2,0,berawan,93,4.4
2025-02-15,P012,Paket hampers,kerajinan,97500,12,0,12,1170000,0,0,0,campuran,Saturday,1,2,0,berawan,93,4.6
2025-02-16,P001,Paket nasi lauk,makanan_minuman,19500,70,21,49,955500,0,0,0,offline,Sunday,1,2,0,berawan,142,4.5
2025-02-16,P002,Minuman kopi susu,makanan_minuman,15500,87,29,58,899000,0,0,0,offline,Sunday,1,2,0,berawan,142,4.4
2025-02-16,P003,Snack kemasan lokal,makanan_minuman,8500,180,82,98,708000,15,1,125000,campuran,Sunday,1,2,0,berawan,142,4.1
2025-02-16,P004,Kaos basic,fashion,66000,15,3,12,792000,0,0,0,online,Sunday,1,2,0,berawan,142,4.1
2025-02-16,P005,Hijab polos,fashion,42000,39,13,26,1092000,0,0,0,campuran,Sunday,1,2,0,berawan,142,4.2
2025-02-16,P006,Sandal harian,fashion,52500,24,15,9,472500,0,0,0,offline,Sunday,1,2,0,berawan,142,4.1
2025-02-16,P007,Sabun cuci literan,kebutuhan_rumah,16500,38,15,23,379500,0,0,0,online,Sunday,1,2,0,berawan,142,4.2
2025-02-16,P008,Beras 5 kg,kebutuhan_rumah,74500,32,11,21,1408000,10,1,156400,online,Sunday,1,2,0,berawan,142,4.5
2025-02-16,P009,Minyak goreng 1 liter,kebutuhan_rumah,18500,50,18,32,592000,0,0,0,offline,Sunday,1,2,0,berawan,142,4.4
2025-02-16,P010,Aksesori ponsel,aksesoris,24500,42,11,31,759500,0,0,0,online,Sunday,1,2,0,berawan,142,3.9
2025-02-16,P011,Buket mini,kerajinan,43500,26,8,18,783000,0,0,0,offline,Sunday,1,2,0,berawan,142,4.5
2025-02-16,P012,Paket hampers,kerajinan,94500,34,7,27,2296400,10,1,255200,campuran,Sunday,1,2,0,berawan,142,4.5
2025-02-17,P001,Paket nasi lauk,makanan_minuman,18000,78,29,49,882000,0,0,0,campuran,Monday,0,2,0,berawan,121,4.5
2025-02-17,P002,Minuman kopi susu,makanan_minuman,14500,104,43,61,796000,10,1,88400,offline,Monday,0,2,0,berawan,121,4.4
2025-02-17,P003,Snack kemasan lokal,makanan_minuman,9000,66,16,50,450000,0,0,0,offline,Monday,0,2,0,berawan,121,4.1
2025-02-17,P004,Kaos basic,fashion,69000,17,4,13,897000,0,0,0,online,Monday,0,2,0,berawan,121,4.3
2025-02-17,P005,Hijab polos,fashion,43000,26,11,15,645000,0,0,0,online,Monday,0,2,0,berawan,121,4.7
2025-02-17,P006,Sandal harian,fashion,55000,18,3,15,825000,0,0,0,offline,Monday,0,2,0,berawan,121,4.0
2025-02-17,P007,Sabun cuci literan,kebutuhan_rumah,17500,38,21,17,297500,0,0,0,campuran,Monday,0,2,0,berawan,121,4.1
2025-02-17,P008,Beras 5 kg,kebutuhan_rumah,71000,36,15,21,1341900,10,1,149100,offline,Monday,0,2,0,berawan,121,4.5
2025-02-17,P009,Minyak goreng 1 liter,kebutuhan_rumah,19500,50,27,23,448500,0,0,0,campuran,Monday,0,2,0,berawan,121,4.4
2025-02-17,P010,Aksesori ponsel,aksesoris,25000,37,12,25,625000,0,0,0,campuran,Monday,0,2,0,berawan,121,4.3
2025-02-17,P011,Buket mini,kerajinan,46500,20,8,12,558000,0,0,0,offline,Monday,0,2,0,berawan,121,4.7
2025-02-17,P012,Paket hampers,kerajinan,96000,14,5,9,864000,0,0,0,campuran,Monday,0,2,0,berawan,121,4.8
2025-02-18,P001,Paket nasi lauk,makanan_minuman,19000,89,44,45,769500,10,1,85500,campuran,Tuesday,0,2,0,berawan,97,4.4
2025-02-18,P002,Minuman kopi susu,makanan_minuman,15500,87,36,51,751000,5,1,39500,offline,Tuesday,0,2,0,berawan,97,4.4
2025-02-18,P003,Snack kemasan lokal,makanan_minuman,9000,78,19,59,531000,0,0,0,offline,Tuesday,0,2,0,berawan,97,4.3
2025-02-18,P004,Kaos basic,fashion,63000,20,12,8,504000,0,0,0,campuran,Tuesday,0,2,0,berawan,97,4.4
2025-02-18,P005,Hijab polos,fashion,43500,31,15,16,696000,0,0,0,campuran,Tuesday,0,2,0,berawan,97,4.5
2025-02-18,P006,Sandal harian,fashion,53000,20,16,4,201400,5,1,10600,offline,Tuesday,0,2,0,berawan,97,4.3
2025-02-18,P007,Sabun cuci literan,kebutuhan_rumah,16500,30,0,30,495000,0,0,0,offline,Tuesday,0,2,0,berawan,97,4.2
2025-02-18,P008,Beras 5 kg,kebutuhan_rumah,71000,33,21,12,766800,10,1,85200,offline,Tuesday,0,2,0,berawan,97,4.9
2025-02-18,P009,Minyak goreng 1 liter,kebutuhan_rumah,19500,46,22,24,468000,0,0,0,offline,Tuesday,0,2,0,berawan,97,4.4
2025-02-18,P010,Aksesori ponsel,aksesoris,25000,29,12,17,425000,0,0,0,online,Tuesday,0,2,0,berawan,97,4.0
2025-02-18,P011,Buket mini,kerajinan,44000,18,12,6,264000,0,0,0,offline,Tuesday,0,2,0,berawan,97,4.6
2025-02-18,P012,Paket hampers,kerajinan,96500,15,7,8,772000,0,0,0,offline,Tuesday,0,2,0,berawan,97,4.6
2025-02-19,P001,Paket nasi lauk,makanan_minuman,18000,42,16,26,468000,0,0,0,offline,Wednesday,0,2,0,hujan_ringan,85,4.6
2025-02-19,P002,Minuman kopi susu,makanan_minuman,14500,42,5,37,536500,0,0,0,campuran,Wednesday,0,2,0,hujan_ringan,85,4.4
2025-02-19,P003,Snack kemasan lokal,makanan_minuman,8500,59,24,35,297500,0,0,0,online,Wednesday,0,2,0,hujan_ringan,85,4.1
2025-02-19,P004,Kaos basic,fashion,67500,13,4,9,607500,0,0,0,offline,Wednesday,0,2,0,hujan_ringan,85,4.3
2025-02-19,P005,Hijab polos,fashion,40500,15,4,11,445500,0,0,0,online,Wednesday,0,2,0,hujan_ringan,85,4.6
2025-02-19,P006,Sandal harian,fashion,53500,14,8,6,321000,0,0,0,offline,Wednesday,0,2,0,hujan_ringan,85,4.1
2025-02-19,P007,Sabun cuci literan,kebutuhan_rumah,17500,34,15,19,332500,0,0,0,campuran,Wednesday,0,2,0,hujan_ringan,85,3.9
2025-02-19,P008,Beras 5 kg,kebutuhan_rumah,73000,17,0,17,1241000,0,0,0,offline,Wednesday,0,2,0,hujan_ringan,85,4.6
2025-02-19,P009,Minyak goreng 1 liter,kebutuhan_rumah,19000,32,8,24,456000,0,0,0,offline,Wednesday,0,2,0,hujan_ringan,85,4.3
2025-02-19,P010,Aksesori ponsel,aksesoris,23000,37,14,23,502600,5,1,26400,online,Wednesday,0,2,0,hujan_ringan,85,3.9
2025-02-19,P011,Buket mini,kerajinan,46500,19,7,12,558000,0,0,0,campuran,Wednesday,0,2,0,hujan_ringan,85,4.8
2025-02-19,P012,Paket hampers,kerajinan,94500,11,4,7,661500,0,0,0,campuran,Wednesday,0,2,0,hujan_ringan,85,4.8
2025-02-20,P001,Paket nasi lauk,makanan_minuman,17500,50,14,36,630000,0,0,0,online,Thursday,0,2,0,hujan_ringan,88,4.5
2025-02-20,P002,Minuman kopi susu,makanan_minuman,15000,56,16,40,600000,0,0,0,online,Thursday,0,2,0,hujan_ringan,88,4.2
2025-02-20,P003,Snack kemasan lokal,makanan_minuman,9500,50,7,43,408500,0,0,0,online,Thursday,0,2,0,hujan_ringan,88,4.3
2025-02-20,P004,Kaos basic,fashion,66000,16,3,13,858000,0,0,0,offline,Thursday,0,2,0,hujan_ringan,88,4.4
2025-02-20,P005,Hijab polos,fashion,43500,20,7,13,565500,0,0,0,offline,Thursday,0,2,0,hujan_ringan,88,4.6
2025-02-20,P006,Sandal harian,fashion,55000,9,4,5,275000,0,0,0,online,Thursday,0,2,0,hujan_ringan,88,4.1
2025-02-20,P007,Sabun cuci literan,kebutuhan_rumah,16500,25,5,20,330000,0,0,0,online,Thursday,0,2,0,hujan_ringan,88,4.1
2025-02-20,P008,Beras 5 kg,kebutuhan_rumah,71500,22,10,12,729300,15,1,128700,offline,Thursday,0,2,0,hujan_ringan,88,4.5
2025-02-20,P009,Minyak goreng 1 liter,kebutuhan_rumah,19000,47,20,27,513000,0,0,0,campuran,Thursday,0,2,0,hujan_ringan,88,4.7
2025-02-20,P010,Aksesori ponsel,aksesoris,26000,27,6,21,546000,0,0,0,online,Thursday,0,2,0,hujan_ringan,88,4.0
2025-02-20,P011,Buket mini,kerajinan,44500,17,4,13,578500,0,0,0,online,Thursday,0,2,0,hujan_ringan,88,4.5
2025-02-20,P012,Paket hampers,kerajinan,99500,10,3,7,696500,0,0,0,offline,Thursday,0,2,0,hujan_ringan,88,4.5
2025-02-21,P001,Paket nasi lauk,makanan_minuman,17000,41,11,30,510000,0,0,0,offline,Friday,0,2,0,hujan_ringan,80,4.7
2025-02-21,P002,Minuman kopi susu,makanan_minuman,14500,45,24,21,304500,0,0,0,online,Friday,0,2,0,hujan_ringan,80,4.4
2025-02-21,P003,Snack kemasan lokal,makanan_minuman,9000,60,24,36,324000,0,0,0,offline,Friday,0,2,0,hujan_ringan,80,4.2
2025-02-21,P004,Kaos basic,fashion,67000,14,0,14,938000,0,0,0,online,Friday,0,2,0,hujan_ringan,80,3.9
2025-02-21,P005,Hijab polos,fashion,41500,28,17,11,433700,5,1,22800,offline,Friday,0,2,0,hujan_ringan,80,4.5
2025-02-21,P006,Sandal harian,fashion,51500,14,0,14,721000,0,0,0,campuran,Friday,0,2,0,hujan_ringan,80,3.9
2025-02-21,P007,Sabun cuci literan,kebutuhan_rumah,17000,43,24,19,290700,10,1,32300,online,Friday,0,2,0,hujan_ringan,80,4.1
2025-02-21,P008,Beras 5 kg,kebutuhan_rumah,72500,12,0,12,870000,0,0,0,offline,Friday,0,2,0,hujan_ringan,80,4.7
2025-02-21,P009,Minyak goreng 1 liter,kebutuhan_rumah,18500,33,17,16,296000,0,0,0,offline,Friday,0,2,0,hujan_ringan,80,4.6
2025-02-21,P010,Aksesori ponsel,aksesoris,24500,19,1,18,441000,0,0,0,online,Friday,0,2,0,hujan_ringan,80,4.0
2025-02-21,P011,Buket mini,kerajinan,44500,15,7,8,356000,0,0,0,online,Friday,0,2,0,hujan_ringan,80,4.9
2025-02-21,P012,Paket hampers,kerajinan,94500,10,3,7,661500,0,0,0,offline,Friday,0,2,0,hujan_ringan,80,4.8
2025-02-22,P001,Paket nasi lauk,makanan_minuman,17500,51,10,41,717500,0,0,0,online,Saturday,1,2,0,hujan_ringan,104,4.6
2025-02-22,P002,Minuman kopi susu,makanan_minuman,15500,88,16,72,948600,15,1,167400,online,Saturday,1,2,0,hujan_ringan,104,4.1
2025-02-22,P003,Snack kemasan lokal,makanan_minuman,8500,51,0,51,411800,5,1,21700,online,Saturday,1,2,0,hujan_ringan,104,4.0
2025-02-22,P004,Kaos basic,fashion,62000,19,7,12,744000,0,0,0,offline,Saturday,1,2,0,hujan_ringan,104,4.3
2025-02-22,P005,Hijab polos,fashion,42000,32,14,18,756000,0,0,0,campuran,Saturday,1,2,0,hujan_ringan,104,4.6
2025-02-22,P006,Sandal harian,fashion,53000,31,13,18,858600,10,1,95400,campuran,Saturday,1,2,0,hujan_ringan,104,4.1
2025-02-22,P007,Sabun cuci literan,kebutuhan_rumah,16000,90,42,48,729600,5,1,38400,offline,Saturday,1,2,0,hujan_ringan,104,4.4
2025-02-22,P008,Beras 5 kg,kebutuhan_rumah,68500,21,14,7,479500,0,0,0,online,Saturday,1,2,0,hujan_ringan,104,4.5
2025-02-22,P009,Minyak goreng 1 liter,kebutuhan_rumah,18500,45,18,27,499500,0,0,0,online,Saturday,1,2,0,hujan_ringan,104,4.4
2025-02-22,P010,Aksesori ponsel,aksesoris,24000,62,28,34,652800,20,1,163200,online,Saturday,1,2,0,hujan_ringan,104,4.1
2025-02-22,P011,Buket mini,kerajinan,48000,25,11,14,638400,5,1,33600,online,Saturday,1,2,0,hujan_ringan,104,4.6
2025-02-22,P012,Paket hampers,kerajinan,96000,14,3,11,1056000,0,0,0,offline,Saturday,1,2,0,hujan_ringan,104,4.9
2025-02-23,P001,Paket nasi lauk,makanan_minuman,18000,106,37,69,1055700,15,1,186300,offline,Sunday,1,2,0,hujan_ringan,122,4.5
2025-02-23,P002,Minuman kopi susu,makanan_minuman,16000,76,27,49,784000,0,0,0,offline,Sunday,1,2,0,hujan_ringan,122,4.4
2025-02-23,P003,Snack kemasan lokal,makanan_minuman,9000,114,50,64,576000,0,0,0,offline,Sunday,1,2,0,hujan_ringan,122,4.1
2025-02-23,P004,Kaos basic,fashion,65000,19,9,10,650000,0,0,0,online,Sunday,1,2,0,hujan_ringan,122,4.2
2025-02-23,P005,Hijab polos,fashion,42000,38,10,28,1117200,5,1,58800,offline,Sunday,1,2,0,hujan_ringan,122,4.5
2025-02-23,P006,Sandal harian,fashion,55000,23,5,18,940500,5,1,49500,online,Sunday,1,2,0,hujan_ringan,122,4.1
2025-02-23,P007,Sabun cuci literan,kebutuhan_rumah,16500,64,16,48,673200,15,1,118800,offline,Sunday,1,2,0,hujan_ringan,122,4.0
2025-02-23,P008,Beras 5 kg,kebutuhan_rumah,66000,23,0,23,1442100,5,1,75900,offline,Sunday,1,2,0,hujan_ringan,122,4.5
2025-02-23,P009,Minyak goreng 1 liter,kebutuhan_rumah,18000,51,19,32,576000,0,0,0,offline,Sunday,1,2,0,hujan_ringan,122,4.3
2025-02-23,P010,Aksesori ponsel,aksesoris,24000,40,23,17,408000,0,0,0,offline,Sunday,1,2,0,hujan_ringan,122,4.2
2025-02-23,P011,Buket mini,kerajinan,43000,22,15,7,301000,0,0,0,offline,Sunday,1,2,0,hujan_ringan,122,4.6
2025-02-23,P012,Paket hampers,kerajinan,98500,17,3,14,1379000,0,0,0,offline,Sunday,1,2,0,hujan_ringan,122,4.4
2025-02-24,P001,Paket nasi lauk,makanan_minuman,17500,33,5,28,490000,0,0,0,online,Monday,0,2,0,hujan_ringan,78,4.5
2025-02-24,P002,Minuman kopi susu,makanan_minuman,15000,73,14,59,796500,10,1,88500,campuran,Monday,0,2,0,hujan_ringan,78,4.2
2025-02-24,P003,Snack kemasan lokal,makanan_minuman,8500,49,16,33,280500,0,0,0,offline,Monday,0,2,0,hujan_ringan,78,4.4
2025-02-24,P004,Kaos basic,fashion,63500,15,6,9,571500,0,0,0,offline,Monday,0,2,0,hujan_ringan,78,4.2
2025-02-24,P005,Hijab polos,fashion,42000,19,5,14,588000,0,0,0,offline,Monday,0,2,0,hujan_ringan,78,4.5
2025-02-24,P006,Sandal harian,fashion,55000,16,5,11,605000,0,0,0,campuran,Monday,0,2,0,hujan_ringan,78,4.1
2025-02-24,P007,Sabun cuci literan,kebutuhan_rumah,17000,37,22,15,255000,0,0,0,offline,Monday,0,2,0,hujan_ringan,78,4.3
2025-02-24,P008,Beras 5 kg,kebutuhan_rumah,75000,19,10,9,675000,0,0,0,offline,Monday,0,2,0,hujan_ringan,78,4.6
2025-02-24,P009,Minyak goreng 1 liter,kebutuhan_rumah,18000,32,11,21,378000,0,0,0,offline,Monday,0,2,0,hujan_ringan,78,4.3
2025-02-24,P010,Aksesori ponsel,aksesoris,25500,27,0,27,688500,0,0,0,campuran,Monday,0,2,0,hujan_ringan,78,4.0
2025-02-24,P011,Buket mini,kerajinan,44500,18,8,10,445000,0,0,0,campuran,Monday,0,2,0,hujan_ringan,78,4.8
2025-02-24,P012,Paket hampers,kerajinan,93500,9,4,5,467500,0,0,0,online,Monday,0,2,0,hujan_ringan,78,4.5
2025-02-25,P001,Paket nasi lauk,makanan_minuman,18000,52,14,38,684000,0,0,0,campuran,Tuesday,0,2,0,hujan_ringan,72,4.6
2025-02-25,P002,Minuman kopi susu,makanan_minuman,15000,42,10,32,480000,0,0,0,online,Tuesday,0,2,0,hujan_ringan,72,4.7
2025-02-25,P003,Snack kemasan lokal,makanan_minuman,8500,54,15,39,331500,0,0,0,offline,Tuesday,0,2,0,hujan_ringan,72,4.1
2025-02-25,P004,Kaos basic,fashion,64500,16,1,15,870800,10,1,96800,offline,Tuesday,0,2,0,hujan_ringan,72,4.2
2025-02-25,P005,Hijab polos,fashion,39500,23,13,10,395000,0,0,0,offline,Tuesday,0,2,0,hujan_ringan,72,4.5
2025-02-25,P006,Sandal harian,fashion,55500,11,3,8,444000,0,0,0,offline,Tuesday,0,2,0,hujan_ringan,72,4.1
2025-02-25,P007,Sabun cuci literan,kebutuhan_rumah,16500,33,13,20,330000,0,0,0,offline,Tuesday,0,2,0,hujan_ringan,72,4.4
2025-02-25,P008,Beras 5 kg,kebutuhan_rumah,76000,13,0,13,988000,0,0,0,offline,Tuesday,0,2,0,hujan_ringan,72,4.8
2025-02-25,P009,Minyak goreng 1 liter,kebutuhan_rumah,19000,33,10,23,437000,0,0,0,campuran,Tuesday,0,2,0,hujan_ringan,72,4.5
2025-02-25,P010,Aksesori ponsel,aksesoris,23500,22,8,14,329000,0,0,0,offline,Tuesday,0,2,0,hujan_ringan,72,4.2
2025-02-25,P011,Buket mini,kerajinan,46500,12,4,8,372000,0,0,0,online,Tuesday,0,2,0,hujan_ringan,72,4.5
2025-02-25,P012,Paket hampers,kerajinan,92000,9,6,3,276000,0,0,0,online,Tuesday,0,2,0,hujan_ringan,72,4.5
2025-02-26,P001,Paket nasi lauk,makanan_minuman,18000,50,13,37,666000,0,0,0,offline,Wednesday,0,2,0,berawan,92,4.4
2025-02-26,P002,Minuman kopi susu,makanan_minuman,16000,107,46,61,780800,20,1,195200,campuran,Wednesday,0,2,0,berawan,92,4.2
2025-02-26,P003,Snack kemasan lokal,makanan_minuman,9000,87,40,47,423000,0,0,0,campuran,Wednesday,0,2,0,berawan,92,4.4
2025-02-26,P004,Kaos basic,fashion,67000,14,3,11,737000,0,0,0,online,Wednesday,0,2,0,berawan,92,4.5
2025-02-26,P005,Hijab polos,fashion,39000,21,8,13,507000,0,0,0,online,Wednesday,0,2,0,berawan,92,4.5
2025-02-26,P006,Sandal harian,fashion,52000,15,3,12,624000,0,0,0,campuran,Wednesday,0,2,0,berawan,92,4.3
2025-02-26,P007,Sabun cuci literan,kebutuhan_rumah,16500,69,28,41,575000,15,1,101500,offline,Wednesday,0,2,0,berawan,92,4.3
2025-02-26,P008,Beras 5 kg,kebutuhan_rumah,71500,22,9,13,929500,0,0,0,offline,Wednesday,0,2,0,berawan,92,4.6
2025-02-26,P009,Minyak goreng 1 liter,kebutuhan_rumah,18500,40,8,32,592000,0,0,0,offline,Wednesday,0,2,0,berawan,92,4.4
2025-02-26,P010,Aksesori ponsel,aksesoris,25000,38,20,18,450000,0,0,0,campuran,Wednesday,0,2,0,berawan,92,4.1
2025-02-26,P011,Buket mini,kerajinan,44500,20,1,19,718700,15,1,126800,offline,Wednesday,0,2,0,berawan,92,4.8
2025-02-26,P012,Paket hampers,kerajinan,96000,12,3,9,864000,0,0,0,offline,Wednesday,0,2,0,berawan,92,4.7
2025-02-27,P001,Paket nasi lauk,makanan_minuman,18500,63,39,24,444000,0,0,0,offline,Thursday,0,2,0,hujan_ringan,98,4.3
2025-02-27,P002,Minuman kopi susu,makanan_minuman,15000,63,28,35,525000,0,0,0,online,Thursday,0,2,0,hujan_ringan,98,4.1
2025-02-27,P003,Snack kemasan lokal,makanan_minuman,8500,64,26,38,323000,0,0,0,online,Thursday,0,2,0,hujan_ringan,98,4.3
2025-02-27,P004,Kaos basic,fashion,62500,13,1,12,750000,0,0,0,offline,Thursday,0,2,0,hujan_ringan,98,4.2
2025-02-27,P005,Hijab polos,fashion,41500,25,12,13,539500,0,0,0,offline,Thursday,0,2,0,hujan_ringan,98,4.4
2025-02-27,P006,Sandal harian,fashion,55000,19,16,3,165000,0,0,0,campuran,Thursday,0,2,0,hujan_ringan,98,3.9
2025-02-27,P007,Sabun cuci literan,kebutuhan_rumah,17500,35,1,34,535500,10,1,59500,offline,Thursday,0,2,0,hujan_ringan,98,4.1
2025-02-27,P008,Beras 5 kg,kebutuhan_rumah,74500,16,4,12,894000,0,0,0,offline,Thursday,0,2,0,hujan_ringan,98,4.6
2025-02-27,P009,Minyak goreng 1 liter,kebutuhan_rumah,18000,35,8,27,486000,0,0,0,offline,Thursday,0,2,0,hujan_ringan,98,4.4
2025-02-27,P010,Aksesori ponsel,aksesoris,25500,24,8,16,408000,0,0,0,offline,Thursday,0,2,0,hujan_ringan,98,3.8
2025-02-27,P011,Buket mini,kerajinan,44500,16,3,13,578500,0,0,0,offline,Thursday,0,2,0,hujan_ringan,98,4.9
2025-02-27,P012,Paket hampers,kerajinan,91500,17,0,17,1322200,15,1,233300,campuran,Thursday,0,2,0,hujan_ringan,98,4.7
2025-02-28,P001,Paket nasi lauk,makanan_minuman,18500,32,4,28,518000,0,0,0,online,Friday,0,2,0,hujan_deras,66,4.7
2025-02-28,P002,Minuman kopi susu,makanan_minuman,16000,43,21,22,352000,0,0,0,offline,Friday,0,2,0,hujan_deras,66,4.4
2025-02-28,P003,Snack kemasan lokal,makanan_minuman,9500,57,17,40,380000,0,0,0,campuran,Friday,0,2,0,hujan_deras,66,4.1
2025-02-28,P004,Kaos basic,fashion,68000,12,3,9,612000,0,0,0,campuran,Friday,0,2,0,hujan_deras,66,4.4
2025-02-28,P005,Hijab polos,fashion,41000,16,6,10,410000,0,0,0,online,Friday,0,2,0,hujan_deras,66,4.3
2025-02-28,P006,Sandal harian,fashion,56000,12,10,2,112000,0,0,0,offline,Friday,0,2,0,hujan_deras,66,4.0
2025-02-28,P007,Sabun cuci literan,kebutuhan_rumah,17000,28,15,13,221000,0,0,0,offline,Friday,0,2,0,hujan_deras,66,4.4
2025-02-28,P008,Beras 5 kg,kebutuhan_rumah,71000,14,2,12,852000,0,0,0,offline,Friday,0,2,0,hujan_deras,66,4.5
2025-02-28,P009,Minyak goreng 1 liter,kebutuhan_rumah,19000,32,13,19,361000,0,0,0,offline,Friday,0,2,0,hujan_deras,66,4.4
2025-02-28,P010,Aksesori ponsel,aksesoris,24000,21,4,17,408000,0,0,0,offline,Friday,0,2,0,hujan_deras,66,4.0
2025-02-28,P011,Buket mini,kerajinan,45000,18,10,8,324000,10,1,36000,offline,Friday,0,2,0,hujan_deras,66,4.8
2025-02-28,P012,Paket hampers,kerajinan,94000,8,2,6,564000,0,0,0,offline,Friday,0,2,0,hujan_deras,66,4.8
2025-03-01,P001,Paket nasi lauk,makanan_minuman,17500,67,8,59,1032500,0,0,0,offline,Saturday,1,3,1,hujan_ringan,146,4.2
2025-03-01,P002,Minuman kopi susu,makanan_minuman,15500,101,43,58,899000,0,0,0,campuran,Saturday,1,3,1,hujan_ringan,146,4.4
2025-03-01,P003,Snack kemasan lokal,makanan_minuman,9000,105,31,74,666000,0,0,0,offline,Saturday,1,3,1,hujan_ringan,146,4.2
2025-03-01,P004,Kaos basic,fashion,63500,35,10,25,1428800,10,1,158800,online,Saturday,1,3,1,hujan_ringan,146,4.1
2025-03-01,P005,Hijab polos,fashion,43000,40,21,19,817000,0,0,0,online,Saturday,1,3,1,hujan_ringan,146,4.7
2025-03-01,P006,Sandal harian,fashion,54000,23,0,23,1242000,0,0,0,offline,Saturday,1,3,1,hujan_ringan,146,4.0
2025-03-01,P007,Sabun cuci literan,kebutuhan_rumah,17500,44,5,39,682500,0,0,0,campuran,Saturday,1,3,1,hujan_ringan,146,3.8
2025-03-01,P008,Beras 5 kg,kebutuhan_rumah,72500,31,16,15,1087500,0,0,0,online,Saturday,1,3,1,hujan_ringan,146,4.6
2025-03-01,P009,Minyak goreng 1 liter,kebutuhan_rumah,18500,56,14,42,777000,0,0,0,campuran,Saturday,1,3,1,hujan_ringan,146,3.9
2025-03-01,P010,Aksesori ponsel,aksesoris,25500,51,18,33,799400,5,1,42100,online,Saturday,1,3,1,hujan_ringan,146,4.0
2025-03-01,P011,Buket mini,kerajinan,46500,17,6,11,511500,0,0,0,offline,Saturday,1,3,1,hujan_ringan,146,4.9
2025-03-01,P012,Paket hampers,kerajinan,93500,16,2,14,1178100,10,1,130900,offline,Saturday,1,3,1,hujan_ringan,146,4.8
2025-03-02,P001,Paket nasi lauk,makanan_minuman,17500,102,37,65,1137500,0,0,0,offline,Sunday,1,3,1,cerah,167,4.6
2025-03-02,P002,Minuman kopi susu,makanan_minuman,15000,188,79,109,1389800,15,1,245200,offline,Sunday,1,3,1,cerah,167,4.3
2025-03-02,P003,Snack kemasan lokal,makanan_minuman,8500,188,84,104,795600,10,1,88400,online,Sunday,1,3,1,cerah,167,4.1
2025-03-02,P004,Kaos basic,fashion,67000,49,28,21,1407000,0,0,0,campuran,Sunday,1,3,1,cerah,167,4.3
2025-03-02,P005,Hijab polos,fashion,42000,44,17,27,1134000,0,0,0,online,Sunday,1,3,1,cerah,167,4.5
2025-03-02,P006,Sandal harian,fashion,54000,32,13,19,974700,5,1,51300,offline,Sunday,1,3,1,cerah,167,4.1
2025-03-02,P007,Sabun cuci literan,kebutuhan_rumah,17500,59,10,49,857500,0,0,0,campuran,Sunday,1,3,1,cerah,167,4.0
2025-03-02,P008,Beras 5 kg,kebutuhan_rumah,73000,58,17,41,2843400,5,1,149600,offline,Sunday,1,3,1,cerah,167,4.6
2025-03-02,P009,Minyak goreng 1 liter,kebutuhan_rumah,20000,76,29,47,940000,0,0,0,campuran,Sunday,1,3,1,cerah,167,4.4
2025-03-02,P010,Aksesori ponsel,aksesoris,26500,68,25,43,1025600,10,1,114000,offline,Sunday,1,3,1,cerah,167,4.0
2025-03-02,P011,Buket mini,kerajinan,46000,32,16,16,699200,5,1,36800,offline,Sunday,1,3,1,cerah,167,4.5
2025-03-02,P012,Paket hampers,kerajinan,92500,14,4,10,925000,0,0,0,offline,Sunday,1,3,1,cerah,167,4.7
2025-03-03,P001,Paket nasi lauk,makanan_minuman,17000,95,45,50,850000,0,0,0,offline,Monday,0,3,1,cerah,140,4.4
2025-03-03,P002,Minuman kopi susu,makanan_minuman,14500,64,2,62,899000,0,0,0,offline,Monday,0,3,1,cerah,140,4.8
2025-03-03,P003,Snack kemasan lokal,makanan_minuman,9000,88,21,67,603000,0,0,0,campuran,Monday,0,3,1,cerah,140,4.2
2025-03-03,P004,Kaos basic,fashion,65000,26,2,24,1560000,0,0,0,offline,Monday,0,3,1,cerah,140,4.2
2025-03-03,P005,Hijab polos,fashion,40500,74,35,39,1500500,5,1,79000,campuran,Monday,0,3,1,cerah,140,4.5
2025-03-03,P006,Sandal harian,fashion,58000,29,0,29,1597900,5,1,84100,offline,Monday,0,3,1,cerah,140,4.0
2025-03-03,P007,Sabun cuci literan,kebutuhan_rumah,17500,65,33,32,560000,0,0,0,offline,Monday,0,3,1,cerah,140,4.4
2025-03-03,P008,Beras 5 kg,kebutuhan_rumah,76500,22,15,7,535500,0,0,0,offline,Monday,0,3,1,cerah,140,4.7
2025-03-03,P009,Minyak goreng 1 liter,kebutuhan_rumah,19000,68,33,35,665000,0,0,0,campuran,Monday,0,3,1,cerah,140,4.3
2025-03-03,P010,Aksesori ponsel,aksesoris,24500,28,9,19,465500,0,0,0,online,Monday,0,3,1,cerah,140,4.0
2025-03-03,P011,Buket mini,kerajinan,44500,12,0,12,534000,0,0,0,online,Monday,0,3,1,cerah,140,5.0
2025-03-03,P012,Paket hampers,kerajinan,94000,11,4,7,658000,0,0,0,online,Monday,0,3,1,cerah,140,4.6
2025-03-04,P001,Paket nasi lauk,makanan_minuman,19000,53,20,33,627000,0,0,0,offline,Tuesday,0,3,1,hujan_ringan,103,4.7
2025-03-04,P002,Minuman kopi susu,makanan_minuman,15500,57,22,35,542500,0,0,0,online,Tuesday,0,3,1,hujan_ringan,103,4.6
2025-03-04,P003,Snack kemasan lokal,makanan_minuman,9000,52,9,43,387000,0,0,0,online,Tuesday,0,3,1,hujan_ringan,103,4.1
2025-03-04,P004,Kaos basic,fashion,62000,28,7,21,1171800,10,1,130200,online,Tuesday,0,3,1,hujan_ringan,103,4.5
2025-03-04,P005,Hijab polos,fashion,42500,23,7,16,680000,0,0,0,online,Tuesday,0,3,1,hujan_ringan,103,4.6
2025-03-04,P006,Sandal harian,fashion,52500,14,0,14,735000,0,0,0,offline,Tuesday,0,3,1,hujan_ringan,103,3.9
2025-03-04,P007,Sabun cuci literan,kebutuhan_rumah,16500,38,18,20,330000,0,0,0,online,Tuesday,0,3,1,hujan_ringan,103,4.1
2025-03-04,P008,Beras 5 kg,kebutuhan_rumah,69500,19,2,17,1181500,0,0,0,campuran,Tuesday,0,3,1,hujan_ringan,103,4.6
2025-03-04,P009,Minyak goreng 1 liter,kebutuhan_rumah,18000,39,21,18,324000,0,0,0,offline,Tuesday,0,3,1,hujan_ringan,103,4.3
2025-03-04,P010,Aksesori ponsel,aksesoris,24500,33,17,16,392000,0,0,0,offline,Tuesday,0,3,1,hujan_ringan,103,3.9
2025-03-04,P011,Buket mini,kerajinan,48000,11,2,9,432000,0,0,0,online,Tuesday,0,3,1,hujan_ringan,103,4.7
2025-03-04,P012,Paket hampers,kerajinan,97000,7,0,7,679000,0,0,0,online,Tuesday,0,3,1,hujan_ringan,103,4.8
2025-03-05,P001,Paket nasi lauk,makanan_minuman,18000,39,10,29,522000,0,0,0,online,Wednesday,0,3,1,hujan_deras,58,4.4
2025-03-05,P002,Minuman kopi susu,makanan_minuman,15000,56,13,43,645000,0,0,0,campuran,Wednesday,0,3,1,hujan_deras,58,4.5
2025-03-05,P003,Snack kemasan lokal,makanan_minuman,8500,57,15,42,357000,0,0,0,offline,Wednesday,0,3,1,hujan_deras,58,4.1
2025-03-05,P004,Kaos basic,fashion,66500,16,0,16,1064000,0,0,0,campuran,Wednesday,0,3,1,hujan_deras,58,4.2
2025-03-05,P005,Hijab polos,fashion,43000,33,17,16,653600,5,1,34400,offline,Wednesday,0,3,1,hujan_deras,58,4.4
2025-03-05,P006,Sandal harian,fashion,55000,13,0,13,715000,0,0,0,online,Wednesday,0,3,1,hujan_deras,58,4.4
2025-03-05,P007,Sabun cuci literan,kebutuhan_rumah,17000,24,11,13,221000,0,0,0,offline,Wednesday,0,3,1,hujan_deras,58,4.2
2025-03-05,P008,Beras 5 kg,kebutuhan_rumah,75500,13,4,9,679500,0,0,0,campuran,Wednesday,0,3,1,hujan_deras,58,4.7
2025-03-05,P009,Minyak goreng 1 liter,kebutuhan_rumah,20500,35,20,15,307500,0,0,0,campuran,Wednesday,0,3,1,hujan_deras,58,4.3
2025-03-05,P010,Aksesori ponsel,aksesoris,25000,20,7,13,325000,0,0,0,online,Wednesday,0,3,1,hujan_deras,58,4.3
2025-03-05,P011,Buket mini,kerajinan,45500,10,7,3,136500,0,0,0,campuran,Wednesday,0,3,1,hujan_deras,58,4.9
2025-03-05,P012,Paket hampers,kerajinan,91500,9,3,6,466600,15,1,82400,online,Wednesday,0,3,1,hujan_deras,58,4.7
2025-03-06,P001,Paket nasi lauk,makanan_minuman,17500,101,34,67,996600,15,1,175900,offline,Thursday,0,3,1,berawan,93,4.2
2025-03-06,P002,Minuman kopi susu,makanan_minuman,14500,106,51,55,677900,15,1,119600,online,Thursday,0,3,1,berawan,93,4.3
2025-03-06,P003,Snack kemasan lokal,makanan_minuman,8500,78,29,49,416500,0,0,0,offline,Thursday,0,3,1,berawan,93,4.4
2025-03-06,P004,Kaos basic,fashion,64500,23,5,18,986800,15,1,174200,offline,Thursday,0,3,1,berawan,93,4.2
2025-03-06,P005,Hijab polos,fashion,44500,34,13,21,934500,0,0,0,campuran,Thursday,0,3,1,berawan,93,4.5
2025-03-06,P006,Sandal harian,fashion,56000,13,6,7,392000,0,0,0,online,Thursday,0,3,1,berawan,93,3.9
2025-03-06,P007,Sabun cuci literan,kebutuhan_rumah,16000,37,21,16,256000,0,0,0,online,Thursday,0,3,1,berawan,93,4.0
2025-03-06,P008,Beras 5 kg,kebutuhan_rumah,70500,23,13,10,705000,0,0,0,offline,Thursday,0,3,1,berawan,93,4.4
2025-03-06,P009,Minyak goreng 1 liter,kebutuhan_rumah,18500,55,23,32,562400,5,1,29600,offline,Thursday,0,3,1,berawan,93,4.4
2025-03-06,P010,Aksesori ponsel,aksesoris,25500,31,10,21,482000,10,1,53600,online,Thursday,0,3,1,berawan,93,3.7
2025-03-06,P011,Buket mini,kerajinan,44500,15,8,7,311500,0,0,0,campuran,Thursday,0,3,1,berawan,93,4.7
2025-03-06,P012,Paket hampers,kerajinan,96000,10,5,5,432000,10,1,48000,online,Thursday,0,3,1,berawan,93,4.7
2025-03-07,P001,Paket nasi lauk,makanan_minuman,18000,67,24,43,774000,0,0,0,offline,Friday,0,3,1,berawan,119,4.5
2025-03-07,P002,Minuman kopi susu,makanan_minuman,15000,59,13,46,690000,0,0,0,campuran,Friday,0,3,1,berawan,119,4.3
2025-03-07,P003,Snack kemasan lokal,makanan_minuman,9000,94,28,66,594000,0,0,0,offline,Friday,0,3,1,berawan,119,4.1
2025-03-07,P004,Kaos basic,fashion,66000,29,6,23,1518000,0,0,0,campuran,Friday,0,3,1,berawan,119,4.6
2025-03-07,P005,Hijab polos,fashion,43500,51,22,29,1261500,0,0,0,campuran,Friday,0,3,1,berawan,119,4.5
2025-03-07,P006,Sandal harian,fashion,56500,27,14,13,697800,5,1,36700,offline,Friday,0,3,1,berawan,119,4.0
2025-03-07,P007,Sabun cuci literan,kebutuhan_rumah,16500,58,4,54,757400,15,1,133600,offline,Friday,0,3,1,berawan,119,4.1
2025-03-07,P008,Beras 5 kg,kebutuhan_rumah,71000,28,6,22,1405800,10,1,156200,offline,Friday,0,3,1,berawan,119,4.3
2025-03-07,P009,Minyak goreng 1 liter,kebutuhan_rumah,19000,52,31,21,399000,0,0,0,offline,Friday,0,3,1,berawan,119,4.4
2025-03-07,P010,Aksesori ponsel,aksesoris,26000,28,15,13,338000,0,0,0,online,Friday,0,3,1,berawan,119,4.0
2025-03-07,P011,Buket mini,kerajinan,44500,12,0,12,534000,0,0,0,offline,Friday,0,3,1,berawan,119,4.7
2025-03-07,P012,Paket hampers,kerajinan,94000,9,0,9,846000,0,0,0,online,Friday,0,3,1,berawan,119,5.0
2025-03-08,P001,Paket nasi lauk,makanan_minuman,18000,75,25,50,900000,0,0,0,offline,Saturday,1,3,1,hujan_ringan,149,4.6
2025-03-08,P002,Minuman kopi susu,makanan_minuman,15500,141,59,82,1143900,10,1,127100,offline,Saturday,1,3,1,hujan_ringan,149,4.4
2025-03-08,P003,Snack kemasan lokal,makanan_minuman,9000,213,117,96,820800,5,1,43200,offline,Saturday,1,3,1,hujan_ringan,149,4.0
2025-03-08,P004,Kaos basic,fashion,66500,38,13,25,1496200,10,1,166200,campuran,Saturday,1,3,1,hujan_ringan,149,4.0
2025-03-08,P005,Hijab polos,fashion,43000,49,23,26,1118000,0,0,0,offline,Saturday,1,3,1,hujan_ringan,149,4.7
2025-03-08,P006,Sandal harian,fashion,56500,33,0,33,1491600,20,1,372900,online,Saturday,1,3,1,hujan_ringan,149,4.2
2025-03-08,P007,Sabun cuci literan,kebutuhan_rumah,17500,51,14,37,647500,0,0,0,offline,Saturday,1,3,1,hujan_ringan,149,4.1
2025-03-08,P008,Beras 5 kg,kebutuhan_rumah,74000,28,6,22,1628000,0,0,0,campuran,Saturday,1,3,1,hujan_ringan,149,4.5
2025-03-08,P009,Minyak goreng 1 liter,kebutuhan_rumah,18500,89,43,46,723400,15,1,127600,offline,Saturday,1,3,1,hujan_ringan,149,4.2
2025-03-08,P010,Aksesori ponsel,aksesoris,25500,35,9,26,663000,0,0,0,online,Saturday,1,3,1,hujan_ringan,149,3.8
2025-03-08,P011,Buket mini,kerajinan,44500,18,6,12,534000,0,0,0,campuran,Saturday,1,3,1,hujan_ringan,149,4.6
2025-03-08,P012,Paket hampers,kerajinan,97500,19,10,9,833600,5,1,43900,campuran,Saturday,1,3,1,hujan_ringan,149,4.7
2025-03-09,P001,Paket nasi lauk,makanan_minuman,19000,60,19,41,779000,0,0,0,online,Sunday,1,3,1,hujan_ringan,134,4.7
2025-03-09,P002,Minuman kopi susu,makanan_minuman,16000,68,0,68,1088000,0,0,0,offline,Sunday,1,3,1,hujan_ringan,134,4.6
2025-03-09,P003,Snack kemasan lokal,makanan_minuman,9500,166,76,90,769500,10,1,85500,online,Sunday,1,3,1,hujan_ringan,134,4.3
2025-03-09,P004,Kaos basic,fashion,60500,34,10,24,1234200,15,1,217800,online,Sunday,1,3,1,hujan_ringan,134,4.1
2025-03-09,P005,Hijab polos,fashion,42500,44,18,26,1105000,0,0,0,campuran,Sunday,1,3,1,hujan_ringan,134,4.4
2025-03-09,P006,Sandal harian,fashion,54500,33,18,15,817500,0,0,0,campuran,Sunday,1,3,1,hujan_ringan,134,3.9
2025-03-09,P007,Sabun cuci literan,kebutuhan_rumah,18000,50,19,31,558000,0,0,0,campuran,Sunday,1,3,1,hujan_ringan,134,4.2
2025-03-09,P008,Beras 5 kg,kebutuhan_rumah,71500,40,12,28,1801800,10,1,200200,campuran,Sunday,1,3,1,hujan_ringan,134,4.6
2025-03-09,P009,Minyak goreng 1 liter,kebutuhan_rumah,19500,78,32,46,807300,10,1,89700,offline,Sunday,1,3,1,hujan_ringan,134,4.5
2025-03-09,P010,Aksesori ponsel,aksesoris,23000,42,20,22,506000,0,0,0,offline,Sunday,1,3,1,hujan_ringan,134,4.0
2025-03-09,P011,Buket mini,kerajinan,43500,20,10,10,435000,0,0,0,offline,Sunday,1,3,1,hujan_ringan,134,4.5
2025-03-09,P012,Paket hampers,kerajinan,93500,14,6,8,673200,10,1,74800,online,Sunday,1,3,1,hujan_ringan,134,4.7
2025-03-10,P001,Paket nasi lauk,makanan_minuman,18500,40,0,40,740000,0,0,0,campuran,Monday,0,3,1,berawan,118,4.5
2025-03-10,P002,Minuman kopi susu,makanan_minuman,15500,57,11,46,713000,0,0,0,offline,Monday,0,3,1,berawan,118,4.5
2025-03-10,P003,Snack kemasan lokal,makanan_minuman,8500,81,22,59,501500,0,0,0,online,Monday,0,3,1,berawan,118,4.2
2025-03-10,P004,Kaos basic,fashion,61500,23,9,14,861000,0,0,0,offline,Monday,0,3,1,berawan,118,4.4
2025-03-10,P005,Hijab polos,fashion,41500,27,9,18,747000,0,0,0,online,Monday,0,3,1,berawan,118,4.3
2025-03-10,P006,Sandal harian,fashion,53000,18,0,18,954000,0,0,0,campuran,Monday,0,3,1,berawan,118,4.1
2025-03-10,P007,Sabun cuci literan,kebutuhan_rumah,16000,43,2,41,656000,0,0,0,offline,Monday,0,3,1,berawan,118,4.2
2025-03-10,P008,Beras 5 kg,kebutuhan_rumah,72000,26,8,18,1296000,0,0,0,offline,Monday,0,3,1,berawan,118,4.6
2025-03-10,P009,Minyak goreng 1 liter,kebutuhan_rumah,19000,52,28,24,456000,0,0,0,offline,Monday,0,3,1,berawan,118,4.6
2025-03-10,P010,Aksesori ponsel,aksesoris,25500,60,23,37,802000,15,1,141500,campuran,Monday,0,3,1,berawan,118,3.8
2025-03-10,P011,Buket mini,kerajinan,44000,10,0,10,440000,0,0,0,online,Monday,0,3,1,berawan,118,4.7
2025-03-10,P012,Paket hampers,kerajinan,93000,12,4,8,744000,0,0,0,campuran,Monday,0,3,1,berawan,118,4.6
2025-03-11,P001,Paket nasi lauk,makanan_minuman,18500,48,4,44,814000,0,0,0,offline,Tuesday,0,3,1,berawan,115,4.4
2025-03-11,P002,Minuman kopi susu,makanan_minuman,15000,76,37,39,585000,0,0,0,offline,Tuesday,0,3,1,berawan,115,4.3
2025-03-11,P003,Snack kemasan lokal,makanan_minuman,9000,98,47,51,459000,0,0,0,offline,Tuesday,0,3,1,berawan,115,4.2
2025-03-11,P004,Kaos basic,fashion,66000,25,2,23,1442100,5,1,75900,online,Tuesday,0,3,1,berawan,115,4.3
2025-03-11,P005,Hijab polos,fashion,41500,35,11,24,996000,0,0,0,online,Tuesday,0,3,1,berawan,115,4.6
2025-03-11,P006,Sandal harian,fashion,58500,18,6,12,702000,0,0,0,offline,Tuesday,0,3,1,berawan,115,3.9
2025-03-11,P007,Sabun cuci literan,kebutuhan_rumah,16500,75,39,36,564300,5,1,29700,online,Tuesday,0,3,1,berawan,115,4.1
2025-03-11,P008,Beras 5 kg,kebutuhan_rumah,71500,14,0,14,1001000,0,0,0,online,Tuesday,0,3,1,berawan,115,4.9
2025-03-11,P009,Minyak goreng 1 liter,kebutuhan_rumah,18500,43,13,30,555000,0,0,0,online,Tuesday,0,3,1,berawan,115,4.1
2025-03-11,P010,Aksesori ponsel,aksesoris,25500,38,12,26,663000,0,0,0,online,Tuesday,0,3,1,berawan,115,4.0
2025-03-11,P011,Buket mini,kerajinan,45000,17,0,17,650200,15,1,114800,online,Tuesday,0,3,1,berawan,115,4.7
2025-03-11,P012,Paket hampers,kerajinan,93500,8,6,2,187000,0,0,0,offline,Tuesday,0,3,1,berawan,115,4.7
2025-03-12,P001,Paket nasi lauk,makanan_minuman,18500,59,21,38,632700,10,1,70300,campuran,Wednesday,0,3,1,hujan_deras,89,4.5
2025-03-12,P002,Minuman kopi susu,makanan_minuman,15000,79,38,41,553500,10,1,61500,online,Wednesday,0,3,1,hujan_deras,89,4.4
2025-03-12,P003,Snack kemasan lokal,makanan_minuman,9000,94,50,44,356400,10,1,39600,offline,Wednesday,0,3,1,hujan_deras,89,4.2
2025-03-12,P004,Kaos basic,fashion,62000,10,0,10,620000,0,0,0,offline,Wednesday,0,3,1,hujan_deras,89,4.2
2025-03-12,P005,Hijab polos,fashion,43000,24,3,21,903000,0,0,0,campuran,Wednesday,0,3,1,hujan_deras,89,4.7
2025-03-12,P006,Sandal harian,fashion,53000,10,0,10,530000,0,0,0,campuran,Wednesday,0,3,1,hujan_deras,89,3.9
2025-03-12,P007,Sabun cuci literan,kebutuhan_rumah,16500,34,22,12,198000,0,0,0,offline,Wednesday,0,3,1,hujan_deras,89,4.2
2025-03-12,P008,Beras 5 kg,kebutuhan_rumah,68000,24,3,21,1356600,5,1,71400,offline,Wednesday,0,3,1,hujan_deras,89,4.6
2025-03-12,P009,Minyak goreng 1 liter,kebutuhan_rumah,18500,39,16,23,425500,0,0,0,campuran,Wednesday,0,3,1,hujan_deras,89,4.2
2025-03-12,P010,Aksesori ponsel,aksesoris,24000,23,2,21,504000,0,0,0,campuran,Wednesday,0,3,1,hujan_deras,89,4.2
2025-03-12,P011,Buket mini,kerajinan,42000,8,3,5,210000,0,0,0,offline,Wednesday,0,3,1,hujan_deras,89,4.7
2025-03-12,P012,Paket hampers,kerajinan,94500,6,2,4,378000,0,0,0,campuran,Wednesday,0,3,1,hujan_deras,89,4.9
2025-03-13,P001,Paket nasi lauk,makanan_minuman,18000,75,29,46,828000,0,0,0,offline,Thursday,0,3,1,berawan,124,4.4
2025-03-13,P002,Minuman kopi susu,makanan_minuman,15500,89,41,48,744000,0,0,0,offline,Thursday,0,3,1,berawan,124,4.4
2025-03-13,P003,Snack kemasan lokal,makanan_minuman,9000,89,25,64,576000,0,0,0,offline,Thursday,0,3,1,berawan,124,4.4
2025-03-13,P004,Kaos basic,fashion,65000,43,19,24,1482000,5,1,78000,campuran,Thursday,0,3,1,berawan,124,4.3
2025-03-13,P005,Hijab polos,fashion,41500,33,12,21,871500,0,0,0,campuran,Thursday,0,3,1,berawan,124,4.6
2025-03-13,P006,Sandal harian,fashion,53000,24,9,15,795000,0,0,0,campuran,Thursday,0,3,1,berawan,124,4.1
2025-03-13,P007,Sabun cuci literan,kebutuhan_rumah,17500,43,19,24,420000,0,0,0,offline,Thursday,0,3,1,berawan,124,4.4
2025-03-13,P008,Beras 5 kg,kebutuhan_rumah,69000,20,9,11,759000,0,0,0,offline,Thursday,0,3,1,berawan,124,4.5
2025-03-13,P009,Minyak goreng 1 liter,kebutuhan_rumah,19500,48,8,40,663000,15,1,117000,online,Thursday,0,3,1,berawan,124,4.1
2025-03-13,P010,Aksesori ponsel,aksesoris,24000,28,3,25,600000,0,0,0,online,Thursday,0,3,1,berawan,124,4.0
2025-03-13,P011,Buket mini,kerajinan,45500,17,8,9,409500,0,0,0,campuran,Thursday,0,3,1,berawan,124,4.6
2025-03-13,P012,Paket hampers,kerajinan,88500,11,3,8,708000,0,0,0,campuran,Thursday,0,3,1,berawan,124,4.8
2025-03-14,P001,Paket nasi lauk,makanan_minuman,17000,69,17,52,884000,0,0,0,online,Friday,0,3,1,berawan,126,4.5
2025-03-14,P002,Minuman kopi susu,makanan_minuman,16000,65,7,58,928000,0,0,0,offline,Friday,0,3,1,berawan,126,4.5
2025-03-14,P003,Snack kemasan lokal,makanan_minuman,8500,115,45,70,565200,5,1,29800,online,Friday,0,3,1,berawan,126,4.3
2025-03-14,P004,Kaos basic,fashion,63000,21,11,10,630000,0,0,0,online,Friday,0,3,1,berawan,126,4.4
2025-03-14,P005,Hijab polos,fashion,41500,64,16,48,1693200,15,1,298800,campuran,Friday,0,3,1,berawan,126,4.5
2025-03-14,P006,Sandal harian,fashion,54000,17,6,11,594000,0,0,0,offline,Friday,0,3,1,berawan,126,3.9
2025-03-14,P007,Sabun cuci literan,kebutuhan_rumah,17500,35,11,24,420000,0,0,0,online,Friday,0,3,1,berawan,126,4.2
2025-03-14,P008,Beras 5 kg,kebutuhan_rumah,70500,22,11,11,775500,0,0,0,offline,Friday,0,3,1,berawan,126,4.8
2025-03-14,P009,Minyak goreng 1 liter,kebutuhan_rumah,19000,38,1,37,703000,0,0,0,offline,Friday,0,3,1,berawan,126,4.2
2025-03-14,P010,Aksesori ponsel,aksesoris,25000,43,5,38,855000,10,1,95000,campuran,Friday,0,3,1,berawan,126,4.1
2025-03-14,P011,Buket mini,kerajinan,45000,13,1,12,540000,0,0,0,campuran,Friday,0,3,1,berawan,126,4.7
2025-03-14,P012,Paket hampers,kerajinan,96500,17,5,12,1042200,10,1,115800,offline,Friday,0,3,1,berawan,126,4.5
2025-03-15,P001,Paket nasi lauk,makanan_minuman,17500,118,36,82,1435000,0,0,0,offline,Saturday,1,3,1,cerah,174,4.7
2025-03-15,P002,Minuman kopi susu,makanan_minuman,14500,196,71,125,1540600,15,1,271900,offline,Saturday,1,3,1,cerah,174,4.4
2025-03-15,P003,Snack kemasan lokal,makanan_minuman,9500,142,59,83,788500,0,0,0,online,Saturday,1,3,1,cerah,174,4.1
2025-03-15,P004,Kaos basic,fashion,63500,31,13,18,1143000,0,0,0,offline,Saturday,1,3,1,cerah,174,4.3
2025-03-15,P005,Hijab polos,fashion,41000,52,17,35,1435000,0,0,0,offline,Saturday,1,3,1,cerah,174,4.6
2025-03-15,P006,Sandal harian,fashion,59000,31,14,17,1003000,0,0,0,offline,Saturday,1,3,1,cerah,174,4.0
2025-03-15,P007,Sabun cuci literan,kebutuhan_rumah,17000,95,33,62,1001300,5,1,52700,offline,Saturday,1,3,1,cerah,174,4.2
2025-03-15,P008,Beras 5 kg,kebutuhan_rumah,74000,41,24,17,1258000,0,0,0,offline,Saturday,1,3,1,cerah,174,4.6
2025-03-15,P009,Minyak goreng 1 liter,kebutuhan_rumah,19000,113,51,62,1060200,10,1,117800,offline,Saturday,1,3,1,cerah,174,4.5
2025-03-15,P010,Aksesori ponsel,aksesoris,25000,73,35,38,902500,5,1,47500,offline,Saturday,1,3,1,cerah,174,4.0
2025-03-15,P011,Buket mini,kerajinan,44000,21,3,18,792000,0,0,0,offline,Saturday,1,3,1,cerah,174,4.8
2025-03-15,P012,Paket hampers,kerajinan,99500,31,19,12,955200,20,1,238800,offline,Saturday,1,3,1,cerah,174,4.8
2025-03-16,P001,Paket nasi lauk,makanan_minuman,18000,98,27,71,1278000,0,0,0,campuran,Sunday,1,3,1,hujan_ringan,125,4.4
2025-03-16,P002,Minuman kopi susu,makanan_minuman,16000,76,22,54,864000,0,0,0,offline,Sunday,1,3,1,hujan_ringan,125,4.6
2025-03-16,P003,Snack kemasan lokal,makanan_minuman,9000,101,32,69,621000,0,0,0,offline,Sunday,1,3,1,hujan_ringan,125,4.3
2025-03-16,P004,Kaos basic,fashion,64500,22,9,13,838500,0,0,0,offline,Sunday,1,3,1,hujan_ringan,125,4.3
2025-03-16,P005,Hijab polos,fashion,40000,65,38,27,1080000,0,0,0,offline,Sunday,1,3,1,hujan_ringan,125,4.7
2025-03-16,P006,Sandal harian,fashion,54500,25,7,18,981000,0,0,0,offline,Sunday,1,3,1,hujan_ringan,125,4.1
2025-03-16,P007,Sabun cuci literan,kebutuhan_rumah,17000,37,8,29,493000,0,0,0,online,Sunday,1,3,1,hujan_ringan,125,4.4
2025-03-16,P008,Beras 5 kg,kebutuhan_rumah,75000,28,7,21,1575000,0,0,0,online,Sunday,1,3,1,hujan_ringan,125,4.4
2025-03-16,P009,Minyak goreng 1 liter,kebutuhan_rumah,19000,55,19,36,684000,0,0,0,offline,Sunday,1,3,1,hujan_ringan,125,4.3
2025-03-16,P010,Aksesori ponsel,aksesoris,24000,41,12,29,696000,0,0,0,offline,Sunday,1,3,1,hujan_ringan,125,4.0
2025-03-16,P011,Buket mini,kerajinan,43000,20,3,17,657900,10,1,73100,offline,Sunday,1,3,1,hujan_ringan,125,5.0
2025-03-16,P012,Paket hampers,kerajinan,98500,14,8,6,531900,10,1,59100,online,Sunday,1,3,1,hujan_ringan,125,4.4
2025-03-17,P001,Paket nasi lauk,makanan_minuman,18500,48,11,37,684500,0,0,0,offline,Monday,0,3,1,cerah,119,4.5
2025-03-17,P002,Minuman kopi susu,makanan_minuman,14000,88,35,53,742000,0,0,0,online,Monday,0,3,1,cerah,119,4.7
2025-03-17,P003,Snack kemasan lokal,makanan_minuman,9000,119,48,71,639000,0,0,0,campuran,Monday,0,3,1,cerah,119,4.4
2025-03-17,P004,Kaos basic,fashion,65000,20,7,13,845000,0,0,0,online,Monday,0,3,1,cerah,119,4.3
2025-03-17,P005,Hijab polos,fashion,45000,35,7,28,1260000,0,0,0,campuran,Monday,0,3,1,cerah,119,4.6
2025-03-17,P006,Sandal harian,fashion,53500,23,12,11,588500,0,0,0,online,Monday,0,3,1,cerah,119,4.1
2025-03-17,P007,Sabun cuci literan,kebutuhan_rumah,16500,45,26,19,313500,0,0,0,offline,Monday,0,3,1,cerah,119,4.1
2025-03-17,P008,Beras 5 kg,kebutuhan_rumah,74500,18,0,18,1341000,0,0,0,online,Monday,0,3,1,cerah,119,4.4
2025-03-17,P009,Minyak goreng 1 liter,kebutuhan_rumah,18500,47,3,44,814000,0,0,0,offline,Monday,0,3,1,cerah,119,4.6
2025-03-17,P010,Aksesori ponsel,aksesoris,25000,35,12,23,575000,0,0,0,offline,Monday,0,3,1,cerah,119,4.0
2025-03-17,P011,Buket mini,kerajinan,49000,11,4,7,343000,0,0,0,online,Monday,0,3,1,cerah,119,4.6
2025-03-17,P012,Paket hampers,kerajinan,95000,12,2,10,950000,0,0,0,campuran,Monday,0,3,1,cerah,119,4.7
2025-03-18,P001,Paket nasi lauk,makanan_minuman,18500,77,41,36,666000,0,0,0,online,Tuesday,0,3,1,cerah,134,4.3
2025-03-18,P002,Minuman kopi susu,makanan_minuman,15500,136,49,87,1146200,15,1,202300,offline,Tuesday,0,3,1,cerah,134,4.3
2025-03-18,P003,Snack kemasan lokal,makanan_minuman,9500,112,52,60,570000,0,0,0,offline,Tuesday,0,3,1,cerah,134,4.1
2025-03-18,P004,Kaos basic,fashion,67000,26,9,17,1139000,0,0,0,campuran,Tuesday,0,3,1,cerah,134,4.1
2025-03-18,P005,Hijab polos,fashion,41500,37,8,29,1203500,0,0,0,offline,Tuesday,0,3,1,cerah,134,4.4
2025-03-18,P006,Sandal harian,fashion,54000,24,5,19,1026000,0,0,0,offline,Tuesday,0,3,1,cerah,134,4.1
2025-03-18,P007,Sabun cuci literan,kebutuhan_rumah,16000,40,19,21,336000,0,0,0,offline,Tuesday,0,3,1,cerah,134,4.2
2025-03-18,P008,Beras 5 kg,kebutuhan_rumah,71000,25,7,18,1278000,0,0,0,campuran,Tuesday,0,3,1,cerah,134,4.7
2025-03-18,P009,Minyak goreng 1 liter,kebutuhan_rumah,20000,48,16,32,640000,0,0,0,campuran,Tuesday,0,3,1,cerah,134,4.6
2025-03-18,P010,Aksesori ponsel,aksesoris,25000,31,13,18,450000,0,0,0,offline,Tuesday,0,3,1,cerah,134,3.8
2025-03-18,P011,Buket mini,kerajinan,45000,14,5,9,405000,0,0,0,online,Tuesday,0,3,1,cerah,134,4.5
2025-03-18,P012,Paket hampers,kerajinan,89500,11,11,0,0,0,0,0,online,Tuesday,0,3,1,cerah,134,4.5
2025-03-19,P001,Paket nasi lauk,makanan_minuman,17500,98,42,56,931000,5,1,49000,campuran,Wednesday,0,3,1,berawan,105,4.4
2025-03-19,P002,Minuman kopi susu,makanan_minuman,15500,64,23,41,635500,0,0,0,offline,Wednesday,0,3,1,berawan,105,4.2
2025-03-19,P003,Snack kemasan lokal,makanan_minuman,9000,107,49,58,522000,0,0,0,campuran,Wednesday,0,3,1,berawan,105,4.0
2025-03-19,P004,Kaos basic,fashion,65000,20,11,9,585000,0,0,0,offline,Wednesday,0,3,1,berawan,105,4.4
2025-03-19,P005,Hijab polos,fashion,42500,39,20,19,807500,0,0,0,offline,Wednesday,0,3,1,berawan,105,4.8
2025-03-19,P006,Sandal harian,fashion,54000,22,10,12,648000,0,0,0,offline,Wednesday,0,3,1,berawan,105,3.7
2025-03-19,P007,Sabun cuci literan,kebutuhan_rumah,17500,36,14,22,385000,0,0,0,online,Wednesday,0,3,1,berawan,105,4.3
2025-03-19,P008,Beras 5 kg,kebutuhan_rumah,73000,25,16,9,657000,0,0,0,campuran,Wednesday,0,3,1,berawan,105,4.7
2025-03-19,P009,Minyak goreng 1 liter,kebutuhan_rumah,20000,42,17,25,500000,0,0,0,offline,Wednesday,0,3,1,berawan,105,4.5
2025-03-19,P010,Aksesori ponsel,aksesoris,24500,43,21,22,485100,10,1,53900,online,Wednesday,0,3,1,berawan,105,3.8
2025-03-19,P011,Buket mini,kerajinan,42500,12,6,6,255000,0,0,0,online,Wednesday,0,3,1,berawan,105,4.7
2025-03-19,P012,Paket hampers,kerajinan,96000,8,0,8,768000,0,0,0,offline,Wednesday,0,3,1,berawan,105,4.7
2025-03-20,P001,Paket nasi lauk,makanan_minuman,17500,56,20,36,630000,0,0,0,online,Thursday,0,3,1,hujan_deras,119,4.5
2025-03-20,P002,Minuman kopi susu,makanan_minuman,15500,38,0,38,589000,0,0,0,offline,Thursday,0,3,1,hujan_deras,119,4.5
2025-03-20,P003,Snack kemasan lokal,makanan_minuman,8500,136,70,66,476800,15,1,84200,offline,Thursday,0,3,1,hujan_deras,119,4.1
2025-03-20,P004,Kaos basic,fashion,65000,23,13,10,650000,0,0,0,offline,Thursday,0,3,1,hujan_deras,119,4.5
2025-03-20,P005,Hijab polos,fashion,43500,30,14,16,696000,0,0,0,online,Thursday,0,3,1,hujan_deras,119,4.7
2025-03-20,P006,Sandal harian,fashion,52500,14,1,13,682500,0,0,0,offline,Thursday,0,3,1,hujan_deras,119,4.1
2025-03-20,P007,Sabun cuci literan,kebutuhan_rumah,17000,27,0,27,459000,0,0,0,offline,Thursday,0,3,1,hujan_deras,119,4.0
2025-03-20,P008,Beras 5 kg,kebutuhan_rumah,67500,22,8,14,945000,0,0,0,campuran,Thursday,0,3,1,hujan_deras,119,4.9
2025-03-20,P009,Minyak goreng 1 liter,kebutuhan_rumah,20000,32,5,27,540000,0,0,0,campuran,Thursday,0,3,1,hujan_deras,119,4.3
2025-03-20,P010,Aksesori ponsel,aksesoris,26000,25,7,18,468000,0,0,0,offline,Thursday,0,3,1,hujan_deras,119,4.0
2025-03-20,P011,Buket mini,kerajinan,46500,10,7,3,139500,0,0,0,online,Thursday,0,3,1,hujan_deras,119,4.7
2025-03-20,P012,Paket hampers,kerajinan,96500,11,4,7,574200,15,1,101300,offline,Thursday,0,3,1,hujan_deras,119,4.6
2025-03-21,P001,Paket nasi lauk,makanan_minuman,18000,75,24,51,918000,0,0,0,campuran,Friday,0,3,1,berawan,105,4.4
2025-03-21,P002,Minuman kopi susu,makanan_minuman,15500,72,30,42,651000,0,0,0,offline,Friday,0,3,1,berawan,105,4.3
2025-03-21,P003,Snack kemasan lokal,makanan_minuman,9500,73,0,73,624200,10,1,69400,campuran,Friday,0,3,1,berawan,105,4.0
2025-03-21,P004,Kaos basic,fashion,66000,21,15,6,396000,0,0,0,online,Friday,0,3,1,berawan,105,4.2
2025-03-21,P005,Hijab polos,fashion,43500,29,18,11,478500,0,0,0,online,Friday,0,3,1,berawan,105,4.5
2025-03-21,P006,Sandal harian,fashion,54000,21,1,20,1080000,0,0,0,campuran,Friday,0,3,1,berawan,105,4.1
2025-03-21,P007,Sabun cuci literan,kebutuhan_rumah,17000,36,13,23,391000,0,0,0,offline,Friday,0,3,1,berawan,105,4.1
2025-03-21,P008,Beras 5 kg,kebutuhan_rumah,74000,20,6,14,1036000,0,0,0,offline,Friday,0,3,1,berawan,105,4.5
2025-03-21,P009,Minyak goreng 1 liter,kebutuhan_rumah,18500,40,0,40,740000,0,0,0,campuran,Friday,0,3,1,berawan,105,4.6
2025-03-21,P010,Aksesori ponsel,aksesoris,25000,41,19,22,522500,5,1,27500,online,Friday,0,3,1,berawan,105,4.0
2025-03-21,P011,Buket mini,kerajinan,44500,16,5,11,489500,0,0,0,online,Friday,0,3,1,berawan,105,4.7
2025-03-21,P012,Paket hampers,kerajinan,93500,10,4,6,561000,0,0,0,campuran,Friday,0,3,1,berawan,105,4.5
2025-03-22,P001,Paket nasi lauk,makanan_minuman,17500,96,28,68,1071000,10,1,119000,online,Saturday,1,3,1,hujan_ringan,149,4.7
2025-03-22,P002,Minuman kopi susu,makanan_minuman,15000,100,57,43,645000,0,0,0,offline,Saturday,1,3,1,hujan_ringan,149,4.3
2025-03-22,P003,Snack kemasan lokal,makanan_minuman,9000,126,35,91,819000,0,0,0,campuran,Saturday,1,3,1,hujan_ringan,149,4.1
2025-03-22,P004,Kaos basic,fashion,64000,22,5,17,1088000,0,0,0,online,Saturday,1,3,1,hujan_ringan,149,4.4
2025-03-22,P005,Hijab polos,fashion,41500,79,41,38,1261600,20,1,315400,offline,Saturday,1,3,1,hujan_ringan,149,4.7
2025-03-22,P006,Sandal harian,fashion,52500,40,28,12,598500,5,1,31500,online,Saturday,1,3,1,hujan_ringan,149,3.9
2025-03-22,P007,Sabun cuci literan,kebutuhan_rumah,17000,54,13,41,697000,0,0,0,online,Saturday,1,3,1,hujan_ringan,149,4.2
2025-03-22,P008,Beras 5 kg,kebutuhan_rumah,71000,34,13,21,1491000,0,0,0,offline,Saturday,1,3,1,hujan_ringan,149,4.5
2025-03-22,P009,Minyak goreng 1 liter,kebutuhan_rumah,19500,88,22,66,1094000,15,1,193000,campuran,Saturday,1,3,1,hujan_ringan,149,4.3
2025-03-22,P010,Aksesori ponsel,aksesoris,25000,34,12,22,550000,0,0,0,online,Saturday,1,3,1,hujan_ringan,149,4.0
2025-03-22,P011,Buket mini,kerajinan,46500,15,5,10,465000,0,0,0,offline,Saturday,1,3,1,hujan_ringan,149,4.4
2025-03-22,P012,Paket hampers,kerajinan,97000,15,7,8,776000,0,0,0,campuran,Saturday,1,3,1,hujan_ringan,149,4.7
2025-03-23,P001,Paket nasi lauk,makanan_minuman,17500,169,80,89,1323900,15,1,233600,online,Sunday,1,3,1,cerah,165,4.6
2025-03-23,P002,Minuman kopi susu,makanan_minuman,14500,144,75,69,1000500,0,0,0,offline,Sunday,1,3,1,cerah,165,4.3
2025-03-23,P003,Snack kemasan lokal,makanan_minuman,9000,152,1,151,1291000,5,1,68000,offline,Sunday,1,3,1,cerah,165,4.3
2025-03-23,P004,Kaos basic,fashion,61500,32,12,20,1230000,0,0,0,offline,Sunday,1,3,1,cerah,165,4.4
2025-03-23,P005,Hijab polos,fashion,43000,58,19,39,1425400,15,1,251600,online,Sunday,1,3,1,cerah,165,4.5
2025-03-23,P006,Sandal harian,fashion,53500,35,13,22,1177000,0,0,0,offline,Sunday,1,3,1,cerah,165,4.0
2025-03-23,P007,Sabun cuci literan,kebutuhan_rumah,17000,132,63,69,1055700,10,1,117300,campuran,Sunday,1,3,1,cerah,165,4.1
2025-03-23,P008,Beras 5 kg,kebutuhan_rumah,74000,32,21,11,814000,0,0,0,online,Sunday,1,3,1,cerah,165,4.5
2025-03-23,P009,Minyak goreng 1 liter,kebutuhan_rumah,18500,63,28,35,647500,0,0,0,online,Sunday,1,3,1,cerah,165,4.4
2025-03-23,P010,Aksesori ponsel,aksesoris,23000,80,44,36,828000,0,0,0,campuran,Sunday,1,3,1,cerah,165,4.1
2025-03-23,P011,Buket mini,kerajinan,43500,29,16,13,565500,0,0,0,offline,Sunday,1,3,1,cerah,165,4.7
2025-03-23,P012,Paket hampers,kerajinan,103500,14,5,9,931500,0,0,0,offline,Sunday,1,3,1,cerah,165,4.5
2025-03-24,P001,Paket nasi lauk,makanan_minuman,18000,48,6,42,756000,0,0,0,offline,Monday,0,3,1,hujan_ringan,107,4.1
2025-03-24,P002,Minuman kopi susu,makanan_minuman,15000,71,35,36,540000,0,0,0,online,Monday,0,3,1,hujan_ringan,107,4.5
2025-03-24,P003,Snack kemasan lokal,makanan_minuman,9000,89,40,49,441000,0,0,0,offline,Monday,0,3,1,hujan_ringan,107,4.2
2025-03-24,P004,Kaos basic,fashion,65000,16,8,8,520000,0,0,0,online,Monday,0,3,1,hujan_ringan,107,4.2
2025-03-24,P005,Hijab polos,fashion,41000,24,4,20,820000,0,0,0,online,Monday,0,3,1,hujan_ringan,107,4.8
2025-03-24,P006,Sandal harian,fashion,52500,17,8,9,472500,0,0,0,offline,Monday,0,3,1,hujan_ringan,107,4.2
2025-03-24,P007,Sabun cuci literan,kebutuhan_rumah,17500,53,15,38,565200,15,1,99800,campuran,Monday,0,3,1,hujan_ringan,107,4.4
2025-03-24,P008,Beras 5 kg,kebutuhan_rumah,74000,18,6,12,888000,0,0,0,offline,Monday,0,3,1,hujan_ringan,107,4.5
2025-03-24,P009,Minyak goreng 1 liter,kebutuhan_rumah,19000,48,22,26,494000,0,0,0,campuran,Monday,0,3,1,hujan_ringan,107,4.3
2025-03-24,P010,Aksesori ponsel,aksesoris,25500,22,5,17,433500,0,0,0,online,Monday,0,3,1,hujan_ringan,107,3.9
2025-03-24,P011,Buket mini,kerajinan,45000,21,7,14,598500,5,1,31500,offline,Monday,0,3,1,hujan_ringan,107,4.8
2025-03-24,P012,Paket hampers,kerajinan,98500,11,6,5,492500,0,0,0,campuran,Monday,0,3,1,hujan_ringan,107,4.5
2025-03-25,P001,Paket nasi lauk,makanan_minuman,18500,76,39,37,684500,0,0,0,online,Tuesday,0,3,1,berawan,126,4.5
2025-03-25,P002,Minuman kopi susu,makanan_minuman,15000,73,24,49,735000,0,0,0,campuran,Tuesday,0,3,1,berawan,126,4.3
2025-03-25,P003,Snack kemasan lokal,makanan_minuman,9000,75,33,42,378000,0,0,0,online,Tuesday,0,3,1,berawan,126,4.4
2025-03-25,P004,Kaos basic,fashion,65000,24,12,12,780000,0,0,0,offline,Tuesday,0,3,1,berawan,126,4.5
2025-03-25,P005,Hijab polos,fashion,44500,30,8,22,979000,0,0,0,online,Tuesday,0,3,1,berawan,126,4.4
2025-03-25,P006,Sandal harian,fashion,55500,24,9,15,832500,0,0,0,campuran,Tuesday,0,3,1,berawan,126,4.1
2025-03-25,P007,Sabun cuci literan,kebutuhan_rumah,16500,42,12,30,495000,0,0,0,campuran,Tuesday,0,3,1,berawan,126,4.2
2025-03-25,P008,Beras 5 kg,kebutuhan_rumah,74500,29,14,15,1117500,0,0,0,campuran,Tuesday,0,3,1,berawan,126,4.8
2025-03-25,P009,Minyak goreng 1 liter,kebutuhan_rumah,18500,46,3,43,795500,0,0,0,campuran,Tuesday,0,3,1,berawan,126,4.6
2025-03-25,P010,Aksesori ponsel,aksesoris,26000,28,4,24,592800,5,1,31200,online,Tuesday,0,3,1,berawan,126,4.0
2025-03-25,P011,Buket mini,kerajinan,43000,14,0,14,602000,0,0,0,campuran,Tuesday,0,3,1,berawan,126,4.8
2025-03-25,P012,Paket hampers,kerajinan,97500,7,0,7,682500,0,0,0,online,Tuesday,0,3,1,berawan,126,4.7
2025-03-26,P001,Paket nasi lauk,makanan_minuman,18500,80,48,32,592000,0,0,0,offline,Wednesday,0,3,1,berawan,101,4.7
2025-03-26,P002,Minuman kopi susu,makanan_minuman,15000,64,14,50,750000,0,0,0,offline,Wednesday,0,3,1,berawan,101,4.3
2025-03-26,P003,Snack kemasan lokal,makanan_minuman,8500,134,69,65,497200,10,1,55200,offline,Wednesday,0,3,1,berawan,101,4.2
2025-03-26,P004,Kaos basic,fashion,59500,21,13,8,476000,0,0,0,offline,Wednesday,0,3,1,berawan,101,4.2
2025-03-26,P005,Hijab polos,fashion,41000,37,10,27,1107000,0,0,0,offline,Wednesday,0,3,1,berawan,101,4.7
2025-03-26,P006,Sandal harian,fashion,56000,23,7,16,896000,0,0,0,campuran,Wednesday,0,3,1,berawan,101,4.2
2025-03-26,P007,Sabun cuci literan,kebutuhan_rumah,17500,42,6,36,567000,10,1,63000,online,Wednesday,0,3,1,berawan,101,4.5
2025-03-26,P008,Beras 5 kg,kebutuhan_rumah,73500,24,8,16,1176000,0,0,0,offline,Wednesday,0,3,1,berawan,101,4.7
2025-03-26,P009,Minyak goreng 1 liter,kebutuhan_rumah,18500,41,22,19,351500,0,0,0,online,Wednesday,0,3,1,berawan,101,4.5
2025-03-26,P010,Aksesori ponsel,aksesoris,24500,27,6,21,514500,0,0,0,online,Wednesday,0,3,1,berawan,101,3.8
2025-03-26,P011,Buket mini,kerajinan,43500,11,0,11,478500,0,0,0,online,Wednesday,0,3,1,berawan,101,4.8
2025-03-26,P012,Paket hampers,kerajinan,98000,10,6,4,392000,0,0,0,campuran,Wednesday,0,3,1,berawan,101,4.5
2025-03-27,P001,Paket nasi lauk,makanan_minuman,18500,73,36,37,684500,0,0,0,offline,Thursday,0,3,1,hujan_ringan,108,4.3
2025-03-27,P002,Minuman kopi susu,makanan_minuman,14500,93,39,54,743800,5,1,39200,online,Thursday,0,3,1,hujan_ringan,108,4.4
2025-03-27,P003,Snack kemasan lokal,makanan_minuman,8500,89,38,51,433500,0,0,0,campuran,Thursday,0,3,1,hujan_ringan,108,4.0
2025-03-27,P004,Kaos basic,fashion,61000,20,13,7,427000,0,0,0,offline,Thursday,0,3,1,hujan_ringan,108,4.1
2025-03-27,P005,Hijab polos,fashion,43000,49,27,22,851400,10,1,94600,offline,Thursday,0,3,1,hujan_ringan,108,4.4
2025-03-27,P006,Sandal harian,fashion,55000,16,5,11,605000,0,0,0,offline,Thursday,0,3,1,hujan_ringan,108,3.9
2025-03-27,P007,Sabun cuci literan,kebutuhan_rumah,18500,36,9,27,499500,0,0,0,offline,Thursday,0,3,1,hujan_ringan,108,3.9
2025-03-27,P008,Beras 5 kg,kebutuhan_rumah,74000,28,10,18,1065600,20,1,266400,offline,Thursday,0,3,1,hujan_ringan,108,4.8
2025-03-27,P009,Minyak goreng 1 liter,kebutuhan_rumah,18500,41,18,23,425500,0,0,0,online,Thursday,0,3,1,hujan_ringan,108,4.5
2025-03-27,P010,Aksesori ponsel,aksesoris,24000,32,10,22,528000,0,0,0,campuran,Thursday,0,3,1,hujan_ringan,108,4.0
2025-03-27,P011,Buket mini,kerajinan,47500,12,4,8,380000,0,0,0,online,Thursday,0,3,1,hujan_ringan,108,4.7
2025-03-27,P012,Paket hampers,kerajinan,98500,7,1,6,591000,0,0,0,offline,Thursday,0,3,1,hujan_ringan,108,4.6
2025-03-28,P001,Paket nasi lauk,makanan_minuman,18500,52,20,32,592000,0,0,0,online,Friday,0,3,1,berawan,102,4.6
2025-03-28,P002,Minuman kopi susu,makanan_minuman,15000,104,51,53,715500,10,1,79500,offline,Friday,0,3,1,berawan,102,4.5
2025-03-28,P003,Snack kemasan lokal,makanan_minuman,9000,85,33,52,468000,0,0,0,online,Friday,0,3,1,berawan,102,4.5
2025-03-28,P004,Kaos basic,fashion,69000,17,3,14,966000,0,0,0,offline,Friday,0,3,1,berawan,102,4.3
2025-03-28,P005,Hijab polos,fashion,42500,41,23,18,765000,0,0,0,campuran,Friday,0,3,1,berawan,102,4.6
2025-03-28,P006,Sandal harian,fashion,55000,19,4,15,825000,0,0,0,campuran,Friday,0,3,1,berawan,102,4.2
2025-03-28,P007,Sabun cuci literan,kebutuhan_rumah,16500,31,1,30,495000,0,0,0,campuran,Friday,0,3,1,berawan,102,4.1
2025-03-28,P008,Beras 5 kg,kebutuhan_rumah,70500,21,8,13,916500,0,0,0,campuran,Friday,0,3,1,berawan,102,4.6
2025-03-28,P009,Minyak goreng 1 liter,kebutuhan_rumah,19500,41,1,40,780000,0,0,0,campuran,Friday,0,3,1,berawan,102,4.4
2025-03-28,P010,Aksesori ponsel,aksesoris,26000,48,19,29,716300,5,1,37700,offline,Friday,0,3,1,berawan,102,4.2
2025-03-28,P011,Buket mini,kerajinan,47000,14,3,11,517000,0,0,0,offline,Friday,0,3,1,berawan,102,4.7
2025-03-28,P012,Paket hampers,kerajinan,92000,7,0,7,644000,0,0,0,online,Friday,0,3,1,berawan,102,4.5
2025-03-29,P001,Paket nasi lauk,makanan_minuman,17500,106,41,65,1137500,0,0,0,campuran,Saturday,1,3,1,cerah,157,4.9
2025-03-29,P002,Minuman kopi susu,makanan_minuman,14000,129,49,80,1120000,0,0,0,offline,Saturday,1,3,1,cerah,157,4.7
2025-03-29,P003,Snack kemasan lokal,makanan_minuman,8500,143,56,87,739500,0,0,0,offline,Saturday,1,3,1,cerah,157,4.0
2025-03-29,P004,Kaos basic,fashion,65500,24,0,24,1572000,0,0,0,online,Saturday,1,3,1,cerah,157,4.3
2025-03-29,P005,Hijab polos,fashion,40500,48,8,40,1620000,0,0,0,online,Saturday,1,3,1,cerah,157,4.3
2025-03-29,P006,Sandal harian,fashion,54000,28,12,16,864000,0,0,0,offline,Saturday,1,3,1,cerah,157,4.1
2025-03-29,P007,Sabun cuci literan,kebutuhan_rumah,17000,60,15,45,765000,0,0,0,online,Saturday,1,3,1,cerah,157,4.3
2025-03-29,P008,Beras 5 kg,kebutuhan_rumah,72500,35,13,22,1595000,0,0,0,offline,Saturday,1,3,1,cerah,157,4.7
2025-03-29,P009,Minyak goreng 1 liter,kebutuhan_rumah,18500,79,27,52,865800,10,1,96200,online,Saturday,1,3,1,cerah,157,4.4
2025-03-29,P010,Aksesori ponsel,aksesoris,24500,53,21,32,784000,0,0,0,campuran,Saturday,1,3,1,cerah,157,3.7
2025-03-29,P011,Buket mini,kerajinan,42500,22,10,12,510000,0,0,0,offline,Saturday,1,3,1,cerah,157,4.8
2025-03-29,P012,Paket hampers,kerajinan,91000,13,2,11,1001000,0,0,0,online,Saturday,1,3,1,cerah,157,4.9
2025-03-30,P001,Paket nasi lauk,makanan_minuman,17500,82,28,54,945000,0,0,0,offline,Sunday,1,3,1,cerah,135,4.7
2025-03-30,P002,Minuman kopi susu,makanan_minuman,15500,140,63,77,1193500,0,0,0,campuran,Sunday,1,3,1,cerah,135,4.4
2025-03-30,P003,Snack kemasan lokal,makanan_minuman,9500,108,30,78,741000,0,0,0,offline,Sunday,1,3,1,cerah,135,4.2
2025-03-30,P004,Kaos basic,fashion,67500,32,8,24,1620000,0,0,0,offline,Sunday,1,3,1,cerah,135,4.5
2025-03-30,P005,Hijab polos,fashion,41000,70,34,36,1476000,0,0,0,campuran,Sunday,1,3,1,cerah,135,4.4
2025-03-30,P006,Sandal harian,fashion,54500,33,11,22,1199000,0,0,0,campuran,Sunday,1,3,1,cerah,135,4.3
2025-03-30,P007,Sabun cuci literan,kebutuhan_rumah,15500,69,30,39,604500,0,0,0,campuran,Sunday,1,3,1,cerah,135,4.3
2025-03-30,P008,Beras 5 kg,kebutuhan_rumah,75000,34,18,16,1200000,0,0,0,offline,Sunday,1,3,1,cerah,135,4.8
2025-03-30,P009,Minyak goreng 1 liter,kebutuhan_rumah,18500,71,29,42,777000,0,0,0,offline,Sunday,1,3,1,cerah,135,4.5
2025-03-30,P010,Aksesori ponsel,aksesoris,26000,48,1,47,1099800,10,1,122200,offline,Sunday,1,3,1,cerah,135,3.9
2025-03-30,P011,Buket mini,kerajinan,44000,14,0,14,616000,0,0,0,campuran,Sunday,1,3,1,cerah,135,4.5
2025-03-30,P012,Paket hampers,kerajinan,91000,11,2,9,819000,0,0,0,online,Sunday,1,3,1,cerah,135,4.7
2025-03-31,P001,Paket nasi lauk,makanan_minuman,17500,61,19,42,735000,0,0,0,offline,Monday,0,3,1,berawan,95,4.8
2025-03-31,P002,Minuman kopi susu,makanan_minuman,15000,84,22,62,930000,0,0,0,campuran,Monday,0,3,1,berawan,95,4.2
2025-03-31,P003,Snack kemasan lokal,makanan_minuman,9000,98,33,65,555800,5,1,29200,online,Monday,0,3,1,berawan,95,4.1
2025-03-31,P004,Kaos basic,fashion,64000,19,10,9,576000,0,0,0,offline,Monday,0,3,1,berawan,95,4.1
2025-03-31,P005,Hijab polos,fashion,44500,29,9,20,890000,0,0,0,online,Monday,0,3,1,berawan,95,4.6
2025-03-31,P006,Sandal harian,fashion,57000,17,9,8,456000,0,0,0,online,Monday,0,3,1,berawan,95,3.8
2025-03-31,P007,Sabun cuci literan,kebutuhan_rumah,17500,43,18,25,437500,0,0,0,campuran,Monday,0,3,1,berawan,95,4.4
2025-03-31,P008,Beras 5 kg,kebutuhan_rumah,73500,22,13,9,661500,0,0,0,offline,Monday,0,3,1,berawan,95,4.4
2025-03-31,P009,Minyak goreng 1 liter,kebutuhan_rumah,19000,44,20,24,456000,0,0,0,campuran,Monday,0,3,1,berawan,95,4.5
2025-03-31,P010,Aksesori ponsel,aksesoris,24500,32,12,20,490000,0,0,0,online,Monday,0,3,1,berawan,95,4.0
2025-03-31,P011,Buket mini,kerajinan,46500,10,0,10,465000,0,0,0,campuran,Monday,0,3,1,berawan,95,4.6
2025-03-31,P012,Paket hampers,kerajinan,107000,14,5,9,818600,15,1,144400,offline,Monday,0,3,1,berawan,95,4.4
2025-04-01,P001,Paket nasi lauk,makanan_minuman,17000,77,29,48,816000,0,0,0,offline,Tuesday,0,4,1,cerah,104,4.6
2025-04-01,P002,Minuman kopi susu,makanan_minuman,15000,79,21,58,870000,0,0,0,offline,Tuesday,0,4,1,cerah,104,4.3
2025-04-01,P003,Snack kemasan lokal,makanan_minuman,9000,129,35,94,719100,15,1,126900,offline,Tuesday,0,4,1,cerah,104,4.1
2025-04-01,P004,Kaos basic,fashion,62500,25,5,20,1250000,0,0,0,online,Tuesday,0,4,1,cerah,104,4.5
2025-04-01,P005,Hijab polos,fashion,43500,32,3,29,1198400,5,1,63100,offline,Tuesday,0,4,1,cerah,104,4.4
2025-04-01,P006,Sandal harian,fashion,54500,22,6,16,784800,10,1,87200,offline,Tuesday,0,4,1,cerah,104,3.9
2025-04-01,P007,Sabun cuci literan,kebutuhan_rumah,17000,35,20,15,255000,0,0,0,online,Tuesday,0,4,1,cerah,104,4.2
2025-04-01,P008,Beras 5 kg,kebutuhan_rumah,72500,21,11,10,725000,0,0,0,online,Tuesday,0,4,1,cerah,104,4.8
2025-04-01,P009,Minyak goreng 1 liter,kebutuhan_rumah,18000,41,7,34,612000,0,0,0,offline,Tuesday,0,4,1,cerah,104,4.4
2025-04-01,P010,Aksesori ponsel,aksesoris,25000,35,14,21,525000,0,0,0,online,Tuesday,0,4,1,cerah,104,4.1
2025-04-01,P011,Buket mini,kerajinan,46000,18,4,14,644000,0,0,0,offline,Tuesday,0,4,1,cerah,104,4.7
2025-04-01,P012,Paket hampers,kerajinan,92500,12,6,6,555000,0,0,0,offline,Tuesday,0,4,1,cerah,104,4.8
2025-04-02,P001,Paket nasi lauk,makanan_minuman,18000,84,47,37,666000,0,0,0,campuran,Wednesday,0,4,1,berawan,125,4.6
2025-04-02,P002,Minuman kopi susu,makanan_minuman,15000,62,17,45,675000,0,0,0,offline,Wednesday,0,4,1,berawan,125,4.5
2025-04-02,P003,Snack kemasan lokal,makanan_minuman,9000,102,50,52,468000,0,0,0,online,Wednesday,0,4,1,berawan,125,4.2
2025-04-02,P004,Kaos basic,fashion,66000,19,10,9,594000,0,0,0,online,Wednesday,0,4,1,berawan,125,4.6
2025-04-02,P005,Hijab polos,fashion,39000,26,10,16,624000,0,0,0,online,Wednesday,0,4,1,berawan,125,4.4
2025-04-02,P006,Sandal harian,fashion,53500,29,10,19,1016500,0,0,0,campuran,Wednesday,0,4,1,berawan,125,4.0
2025-04-02,P007,Sabun cuci literan,kebutuhan_rumah,18000,40,8,32,576000,0,0,0,online,Wednesday,0,4,1,berawan,125,4.4
2025-04-02,P008,Beras 5 kg,kebutuhan_rumah,72500,18,7,11,797500,0,0,0,offline,Wednesday,0,4,1,berawan,125,4.7
2025-04-02,P009,Minyak goreng 1 liter,kebutuhan_rumah,20500,45,18,27,553500,0,0,0,offline,Wednesday,0,4,1,berawan,125,4.3
2025-04-02,P010,Aksesori ponsel,aksesoris,25000,38,11,27,675000,0,0,0,campuran,Wednesday,0,4,1,berawan,125,4.1
2025-04-02,P011,Buket mini,kerajinan,43000,22,16,6,258000,0,0,0,online,Wednesday,0,4,1,berawan,125,4.4
2025-04-02,P012,Paket hampers,kerajinan,102500,14,6,8,820000,0,0,0,online,Wednesday,0,4,1,berawan,125,4.7
2025-04-03,P001,Paket nasi lauk,makanan_minuman,18000,73,33,40,720000,0,0,0,online,Thursday,0,4,1,cerah,141,4.6
2025-04-03,P002,Minuman kopi susu,makanan_minuman,15500,78,19,59,914500,0,0,0,campuran,Thursday,0,4,1,cerah,141,4.5
2025-04-03,P003,Snack kemasan lokal,makanan_minuman,9000,119,51,68,612000,0,0,0,campuran,Thursday,0,4,1,cerah,141,4.3
2025-04-03,P004,Kaos basic,fashion,66500,28,6,22,1463000,0,0,0,campuran,Thursday,0,4,1,cerah,141,4.2
2025-04-03,P005,Hijab polos,fashion,41000,36,12,24,984000,0,0,0,online,Thursday,0,4,1,cerah,141,4.5
2025-04-03,P006,Sandal harian,fashion,59000,30,5,25,1401200,5,1,73800,campuran,Thursday,0,4,1,cerah,141,4.0
2025-04-03,P007,Sabun cuci literan,kebutuhan_rumah,17000,42,12,30,510000,0,0,0,online,Thursday,0,4,1,cerah,141,4.0
2025-04-03,P008,Beras 5 kg,kebutuhan_rumah,71500,19,7,12,858000,0,0,0,online,Thursday,0,4,1,cerah,141,4.5
2025-04-03,P009,Minyak goreng 1 liter,kebutuhan_rumah,20000,74,27,47,799000,15,1,141000,offline,Thursday,0,4,1,cerah,141,4.4
2025-04-03,P010,Aksesori ponsel,aksesoris,24500,57,21,36,793800,10,1,88200,campuran,Thursday,0,4,1,cerah,141,4.0
2025-04-03,P011,Buket mini,kerajinan,46000,35,16,19,830300,5,1,43700,offline,Thursday,0,4,1,cerah,141,4.5
2025-04-03,P012,Paket hampers,kerajinan,92000,14,3,11,1012000,0,0,0,online,Thursday,0,4,1,cerah,141,4.3
2025-04-04,P001,Paket nasi lauk,makanan_minuman,18500,66,22,44,814000,0,0,0,offline,Friday,0,4,1,cerah,119,4.5
2025-04-04,P002,Minuman kopi susu,makanan_minuman,15000,86,40,46,690000,0,0,0,offline,Friday,0,4,1,cerah,119,4.3
2025-04-04,P003,Snack kemasan lokal,makanan_minuman,9500,80,8,72,684000,0,0,0,campuran,Friday,0,4,1,cerah,119,4.1
2025-04-04,P004,Kaos basic,fashion,64000,22,2,20,1280000,0,0,0,campuran,Friday,0,4,1,cerah,119,4.2
2025-04-04,P005,Hijab polos,fashion,40500,41,15,26,1053000,0,0,0,offline,Friday,0,4,1,cerah,119,4.4
2025-04-04,P006,Sandal harian,fashion,53500,24,12,12,642000,0,0,0,online,Friday,0,4,1,cerah,119,4.0
2025-04-04,P007,Sabun cuci literan,kebutuhan_rumah,16500,45,15,30,495000,0,0,0,online,Friday,0,4,1,cerah,119,4.2
2025-04-04,P008,Beras 5 kg,kebutuhan_rumah,73000,25,11,14,1022000,0,0,0,offline,Friday,0,4,1,cerah,119,4.6
2025-04-04,P009,Minyak goreng 1 liter,kebutuhan_rumah,18500,61,34,27,499500,0,0,0,campuran,Friday,0,4,1,cerah,119,4.3
2025-04-04,P010,Aksesori ponsel,aksesoris,26500,24,7,17,450500,0,0,0,online,Friday,0,4,1,cerah,119,4.0
2025-04-04,P011,Buket mini,kerajinan,44500,20,3,17,756500,0,0,0,campuran,Friday,0,4,1,cerah,119,4.6
2025-04-04,P012,Paket hampers,kerajinan,99000,11,5,6,594000,0,0,0,online,Friday,0,4,1,cerah,119,4.6
2025-04-05,P001,Paket nasi lauk,makanan_minuman,17000,80,11,69,1173000,0,0,0,offline,Saturday,1,4,1,cerah,137,4.4
2025-04-05,P002,Minuman kopi susu,makanan_minuman,15000,123,22,101,1439200,5,1,75800,online,Saturday,1,4,1,cerah,137,4.5
2025-04-05,P003,Snack kemasan lokal,makanan_minuman,8500,170,42,128,1033600,5,1,54400,offline,Saturday,1,4,1,cerah,137,4.2
2025-04-05,P004,Kaos basic,fashion,58000,69,21,48,2505600,10,1,278400,campuran,Saturday,1,4,1,cerah,137,4.5
2025-04-05,P005,Hijab polos,fashion,43500,36,2,34,1479000,0,0,0,offline,Saturday,1,4,1,cerah,137,4.5
2025-04-05,P006,Sandal harian,fashion,57000,27,5,22,1254000,0,0,0,campuran,Saturday,1,4,1,cerah,137,3.9
2025-04-05,P007,Sabun cuci literan,kebutuhan_rumah,17500,81,23,58,913500,10,1,101500,offline,Saturday,1,4,1,cerah,137,4.0
2025-04-05,P008,Beras 5 kg,kebutuhan_rumah,73000,32,6,26,1898000,0,0,0,campuran,Saturday,1,4,1,cerah,137,4.5
2025-04-05,P009,Minyak goreng 1 liter,kebutuhan_rumah,18500,94,34,60,943500,15,1,166500,campuran,Saturday,1,4,1,cerah,137,4.4
2025-04-05,P010,Aksesori ponsel,aksesoris,24500,37,12,25,612500,0,0,0,online,Saturday,1,4,1,cerah,137,3.9
2025-04-05,P011,Buket mini,kerajinan,45500,29,3,26,1123800,5,1,59200,online,Saturday,1,4,1,cerah,137,4.7
2025-04-05,P012,Paket hampers,kerajinan,97500,19,11,8,780000,0,0,0,offline,Saturday,1,4,1,cerah,137,4.7
2025-04-06,P001,Paket nasi lauk,makanan_minuman,18500,69,30,39,721500,0,0,0,offline,Sunday,1,4,1,hujan_deras,89,4.4
2025-04-06,P002,Minuman kopi susu,makanan_minuman,16000,113,39,74,1065600,10,1,118400,offline,Sunday,1,4,1,hujan_deras,89,4.3
2025-04-06,P003,Snack kemasan lokal,makanan_minuman,9000,101,24,77,658400,5,1,34600,offline,Sunday,1,4,1,hujan_deras,89,4.1
2025-04-06,P004,Kaos basic,fashion,63500,20,9,11,698500,0,0,0,online,Sunday,1,4,1,hujan_deras,89,4.3
2025-04-06,P005,Hijab polos,fashion,41500,28,11,17,705500,0,0,0,online,Sunday,1,4,1,hujan_deras,89,4.4
2025-04-06,P006,Sandal harian,fashion,57000,20,3,17,920600,5,1,48400,offline,Sunday,1,4,1,hujan_deras,89,4.2
2025-04-06,P007,Sabun cuci literan,kebutuhan_rumah,17000,41,0,41,662200,5,1,34800,campuran,Sunday,1,4,1,hujan_deras,89,3.9
2025-04-06,P008,Beras 5 kg,kebutuhan_rumah,75500,15,0,15,1132500,0,0,0,online,Sunday,1,4,1,hujan_deras,89,5.0
2025-04-06,P009,Minyak goreng 1 liter,kebutuhan_rumah,19000,48,16,32,547200,10,1,60800,offline,Sunday,1,4,1,hujan_deras,89,4.6
2025-04-06,P010,Aksesori ponsel,aksesoris,24500,35,22,13,318500,0,0,0,online,Sunday,1,4,1,hujan_deras,89,3.9
2025-04-06,P011,Buket mini,kerajinan,45000,18,6,12,540000,0,0,0,offline,Sunday,1,4,1,hujan_deras,89,4.7
2025-04-06,P012,Paket hampers,kerajinan,91500,8,0,8,732000,0,0,0,campuran,Sunday,1,4,1,hujan_deras,89,4.4
2025-04-07,P001,Paket nasi lauk,makanan_minuman,17500,62,14,48,840000,0,0,0,offline,Monday,0,4,1,berawan,130,4.5
2025-04-07,P002,Minuman kopi susu,makanan_minuman,14000,82,28,54,756000,0,0,0,campuran,Monday,0,4,1,berawan,130,4.3
2025-04-07,P003,Snack kemasan lokal,makanan_minuman,9000,70,23,47,423000,0,0,0,online,Monday,0,4,1,berawan,130,4.2
2025-04-07,P004,Kaos basic,fashion,66500,20,3,17,1130500,0,0,0,offline,Monday,0,4,1,berawan,130,4.1
2025-04-07,P005,Hijab polos,fashion,41000,32,15,17,697000,0,0,0,offline,Monday,0,4,1,berawan,130,4.5
2025-04-07,P006,Sandal harian,fashion,56500,27,18,9,508500,0,0,0,offline,Monday,0,4,1,berawan,130,4.0
2025-04-07,P007,Sabun cuci literan,kebutuhan_rumah,16500,39,15,24,396000,0,0,0,offline,Monday,0,4,1,berawan,130,4.1
2025-04-07,P008,Beras 5 kg,kebutuhan_rumah,73500,21,1,20,1470000,0,0,0,online,Monday,0,4,1,berawan,130,4.6
2025-04-07,P009,Minyak goreng 1 liter,kebutuhan_rumah,18500,50,9,41,758500,0,0,0,campuran,Monday,0,4,1,berawan,130,4.3
2025-04-07,P010,Aksesori ponsel,aksesoris,24500,37,13,24,588000,0,0,0,offline,Monday,0,4,1,berawan,130,4.2
2025-04-07,P011,Buket mini,kerajinan,45500,19,9,10,455000,0,0,0,online,Monday,0,4,1,berawan,130,4.7
2025-04-07,P012,Paket hampers,kerajinan,98000,10,4,6,588000,0,0,0,online,Monday,0,4,1,berawan,130,4.5
2025-04-08,P001,Paket nasi lauk,makanan_minuman,17500,77,32,45,787500,0,0,0,campuran,Tuesday,0,4,1,berawan,108,4.4
2025-04-08,P002,Minuman kopi susu,makanan_minuman,15500,77,31,46,713000,0,0,0,offline,Tuesday,0,4,1,berawan,108,4.6
2025-04-08,P003,Snack kemasan lokal,makanan_minuman,8500,89,31,58,493000,0,0,0,offline,Tuesday,0,4,1,berawan,108,4.1
2025-04-08,P004,Kaos basic,fashion,61000,18,5,13,793000,0,0,0,online,Tuesday,0,4,1,berawan,108,4.3
2025-04-08,P005,Hijab polos,fashion,43000,34,15,19,817000,0,0,0,online,Tuesday,0,4,1,berawan,108,4.7
2025-04-08,P006,Sandal harian,fashion,59500,13,2,11,654500,0,0,0,offline,Tuesday,0,4,1,berawan,108,4.1
2025-04-08,P007,Sabun cuci literan,kebutuhan_rumah,17000,41,14,27,459000,0,0,0,offline,Tuesday,0,4,1,berawan,108,4.3
2025-04-08,P008,Beras 5 kg,kebutuhan_rumah,72500,27,16,11,797500,0,0,0,offline,Tuesday,0,4,1,berawan,108,4.5
2025-04-08,P009,Minyak goreng 1 liter,kebutuhan_rumah,19500,38,13,25,487500,0,0,0,offline,Tuesday,0,4,1,berawan,108,4.2
2025-04-08,P010,Aksesori ponsel,aksesoris,26500,39,15,24,636000,0,0,0,offline,Tuesday,0,4,1,berawan,108,4.1
2025-04-08,P011,Buket mini,kerajinan,47000,15,0,15,705000,0,0,0,online,Tuesday,0,4,1,berawan,108,4.6
2025-04-08,P012,Paket hampers,kerajinan,100000,20,4,16,1520000,5,1,80000,campuran,Tuesday,0,4,1,berawan,108,4.7
2025-04-09,P001,Paket nasi lauk,makanan_minuman,17000,77,24,53,901000,0,0,0,campuran,Wednesday,0,4,1,cerah,115,4.5
2025-04-09,P002,Minuman kopi susu,makanan_minuman,15000,77,27,50,750000,0,0,0,online,Wednesday,0,4,1,cerah,115,4.4
2025-04-09,P003,Snack kemasan lokal,makanan_minuman,9000,101,50,51,459000,0,0,0,online,Wednesday,0,4,1,cerah,115,4.4
2025-04-09,P004,Kaos basic,fashion,65500,35,10,25,1391900,15,1,245600,offline,Wednesday,0,4,1,cerah,115,4.3
2025-04-09,P005,Hijab polos,fashion,42500,40,15,25,1062500,0,0,0,offline,Wednesday,0,4,1,cerah,115,4.2
2025-04-09,P006,Sandal harian,fashion,57000,15,0,15,855000,0,0,0,offline,Wednesday,0,4,1,cerah,115,4.2
2025-04-09,P007,Sabun cuci literan,kebutuhan_rumah,17500,48,27,21,367500,0,0,0,online,Wednesday,0,4,1,cerah,115,3.9
2025-04-09,P008,Beras 5 kg,kebutuhan_rumah,67000,26,6,20,1340000,0,0,0,campuran,Wednesday,0,4,1,cerah,115,4.6
2025-04-09,P009,Minyak goreng 1 liter,kebutuhan_rumah,18500,44,13,31,573500,0,0,0,online,Wednesday,0,4,1,cerah,115,4.4
2025-04-09,P010,Aksesori ponsel,aksesoris,25000,40,19,21,525000,0,0,0,online,Wednesday,0,4,1,cerah,115,3.9
2025-04-09,P011,Buket mini,kerajinan,43000,23,11,12,516000,0,0,0,offline,Wednesday,0,4,1,cerah,115,4.9
2025-04-09,P012,Paket hampers,kerajinan,88500,20,10,10,752200,15,1,132800,offline,Wednesday,0,4,1,cerah,115,4.5
2025-04-10,P001,Paket nasi lauk,makanan_minuman,17500,57,15,42,735000,0,0,0,online,Thursday,0,4,1,cerah,114,4.4
2025-04-10,P002,Minuman kopi susu,makanan_minuman,14000,114,53,61,768600,10,1,85400,online,Thursday,0,4,1,cerah,114,4.3
2025-04-10,P003,Snack kemasan lokal,makanan_minuman,9000,97,40,57,513000,0,0,0,online,Thursday,0,4,1,cerah,114,4.3
2025-04-10,P004,Kaos basic,fashion,65000,37,12,25,1462500,10,1,162500,campuran,Thursday,0,4,1,cerah,114,4.3
2025-04-10,P005,Hijab polos,fashion,39500,39,23,16,632000,0,0,0,offline,Thursday,0,4,1,cerah,114,4.2
2025-04-10,P006,Sandal harian,fashion,57000,19,6,13,741000,0,0,0,online,Thursday,0,4,1,cerah,114,3.7
2025-04-10,P007,Sabun cuci literan,kebutuhan_rumah,17500,27,7,20,350000,0,0,0,online,Thursday,0,4,1,cerah,114,4.2
2025-04-10,P008,Beras 5 kg,kebutuhan_rumah,74500,23,13,10,745000,0,0,0,online,Thursday,0,4,1,cerah,114,4.6
2025-04-10,P009,Minyak goreng 1 liter,kebutuhan_rumah,20000,58,24,34,680000,0,0,0,campuran,Thursday,0,4,1,cerah,114,4.6
2025-04-10,P010,Aksesori ponsel,aksesoris,24000,38,9,29,626400,10,1,69600,online,Thursday,0,4,1,cerah,114,4.1
2025-04-10,P011,Buket mini,kerajinan,43000,19,3,16,688000,0,0,0,campuran,Thursday,0,4,1,cerah,114,5.0
2025-04-10,P012,Paket hampers,kerajinan,94500,23,5,18,1616000,5,1,85000,offline,Thursday,0,4,1,cerah,114,4.8
2025-04-11,P001,Paket nasi lauk,makanan_minuman,17500,86,28,58,913500,10,1,101500,offline,Friday,0,4,0,cerah,103,4.2
2025-04-11,P002,Minuman kopi susu,makanan_minuman,15000,52,19,33,495000,0,0,0,offline,Friday,0,4,0,cerah,103,4.3
2025-04-11,P003,Snack kemasan lokal,makanan_minuman,9500,117,44,73,589500,15,1,104000,offline,Friday,0,4,0,cerah,103,4.0
2025-04-11,P004,Kaos basic,fashion,65000,17,1,16,1040000,0,0,0,online,Friday,0,4,0,cerah,103,4.1
2025-04-11,P005,Hijab polos,fashion,44500,39,16,23,921200,10,1,102400,campuran,Friday,0,4,0,cerah,103,4.3
2025-04-11,P006,Sandal harian,fashion,55500,15,4,11,610500,0,0,0,offline,Friday,0,4,0,cerah,103,4.2
2025-04-11,P007,Sabun cuci literan,kebutuhan_rumah,17000,33,10,23,391000,0,0,0,online,Friday,0,4,0,cerah,103,4.3
2025-04-11,P008,Beras 5 kg,kebutuhan_rumah,72500,29,14,15,1087500,0,0,0,campuran,Friday,0,4,0,cerah,103,4.4
2025-04-11,P009,Minyak goreng 1 liter,kebutuhan_rumah,19000,40,10,30,570000,0,0,0,offline,Friday,0,4,0,cerah,103,4.4
2025-04-11,P010,Aksesori ponsel,aksesoris,24500,39,17,22,539000,0,0,0,offline,Friday,0,4,0,cerah,103,4.1
2025-04-11,P011,Buket mini,kerajinan,44000,20,6,14,616000,0,0,0,offline,Friday,0,4,0,cerah,103,4.5
2025-04-11,P012,Paket hampers,kerajinan,93500,13,6,7,654500,0,0,0,offline,Friday,0,4,0,cerah,103,4.4
2025-04-12,P001,Paket nasi lauk,makanan_minuman,18500,55,19,36,666000,0,0,0,offline,Saturday,1,4,0,hujan_deras,66,4.5
2025-04-12,P002,Minuman kopi susu,makanan_minuman,15000,42,15,27,405000,0,0,0,offline,Saturday,1,4,0,hujan_deras,66,4.5
2025-04-12,P003,Snack kemasan lokal,makanan_minuman,9000,44,3,41,369000,0,0,0,offline,Saturday,1,4,0,hujan_deras,66,4.4
2025-04-12,P004,Kaos basic,fashion,64000,22,7,15,912000,5,1,48000,campuran,Saturday,1,4,0,hujan_deras,66,4.3
2025-04-12,P005,Hijab polos,fashion,42000,27,14,13,546000,0,0,0,campuran,Saturday,1,4,0,hujan_deras,66,4.4
2025-04-12,P006,Sandal harian,fashion,54500,17,4,13,708500,0,0,0,campuran,Saturday,1,4,0,hujan_deras,66,4.4
2025-04-12,P007,Sabun cuci literan,kebutuhan_rumah,16500,42,30,12,198000,0,0,0,campuran,Saturday,1,4,0,hujan_deras,66,4.3
2025-04-12,P008,Beras 5 kg,kebutuhan_rumah,70500,19,5,14,987000,0,0,0,online,Saturday,1,4,0,hujan_deras,66,4.7
2025-04-12,P009,Minyak goreng 1 liter,kebutuhan_rumah,19500,50,30,20,390000,0,0,0,offline,Saturday,1,4,0,hujan_deras,66,4.6
2025-04-12,P010,Aksesori ponsel,aksesoris,24500,25,0,25,612500,0,0,0,offline,Saturday,1,4,0,hujan_deras,66,4.1
2025-04-12,P011,Buket mini,kerajinan,45500,14,8,6,273000,0,0,0,online,Saturday,1,4,0,hujan_deras,66,4.5
2025-04-12,P012,Paket hampers,kerajinan,99000,14,11,3,297000,0,0,0,campuran,Saturday,1,4,0,hujan_deras,66,4.6
2025-04-13,P001,Paket nasi lauk,makanan_minuman,16000,82,32,50,800000,0,0,0,offline,Sunday,1,4,0,cerah,146,4.5
2025-04-13,P002,Minuman kopi susu,makanan_minuman,15500,98,40,58,899000,0,0,0,offline,Sunday,1,4,0,cerah,146,4.7
2025-04-13,P003,Snack kemasan lokal,makanan_minuman,9500,103,39,64,608000,0,0,0,online,Sunday,1,4,0,cerah,146,4.2
2025-04-13,P004,Kaos basic,fashion,61000,25,2,23,1403000,0,0,0,offline,Sunday,1,4,0,cerah,146,4.3
2025-04-13,P005,Hijab polos,fashion,42500,33,11,22,935000,0,0,0,offline,Sunday,1,4,0,cerah,146,4.5
2025-04-13,P006,Sandal harian,fashion,51500,24,6,18,927000,0,0,0,offline,Sunday,1,4,0,cerah,146,3.8
2025-04-13,P007,Sabun cuci literan,kebutuhan_rumah,17500,45,11,34,595000,0,0,0,offline,Sunday,1,4,0,cerah,146,4.1
2025-04-13,P008,Beras 5 kg,kebutuhan_rumah,68000,28,10,18,1224000,0,0,0,offline,Sunday,1,4,0,cerah,146,4.6
2025-04-13,P009,Minyak goreng 1 liter,kebutuhan_rumah,18500,61,17,44,814000,0,0,0,offline,Sunday,1,4,0,cerah,146,4.3
2025-04-13,P010,Aksesori ponsel,aksesoris,25000,51,15,36,900000,0,0,0,campuran,Sunday,1,4,0,cerah,146,3.8
2025-04-13,P011,Buket mini,kerajinan,46000,25,12,13,598000,0,0,0,offline,Sunday,1,4,0,cerah,146,5.0
2025-04-13,P012,Paket hampers,kerajinan,94500,19,3,16,1436400,5,1,75600,offline,Sunday,1,4,0,cerah,146,4.5
2025-04-14,P001,Paket nasi lauk,makanan_minuman,18500,53,24,29,536500,0,0,0,offline,Monday,0,4,0,cerah,99,4.4
2025-04-14,P002,Minuman kopi susu,makanan_minuman,16000,72,33,39,624000,0,0,0,campuran,Monday,0,4,0,cerah,99,4.2
2025-04-14,P003,Snack kemasan lokal,makanan_minuman,9000,82,37,45,405000,0,0,0,online,Monday,0,4,0,cerah,99,4.1
2025-04-14,P004,Kaos basic,fashion,63500,21,8,13,825500,0,0,0,online,Monday,0,4,0,cerah,99,4.3
2025-04-14,P005,Hijab polos,fashion,39500,26,12,14,553000,0,0,0,offline,Monday,0,4,0,cerah,99,4.5
2025-04-14,P006,Sandal harian,fashion,54000,12,3,9,486000,0,0,0,offline,Monday,0,4,0,cerah,99,4.0
2025-04-14,P007,Sabun cuci literan,kebutuhan_rumah,17000,47,26,21,357000,0,0,0,offline,Monday,0,4,0,cerah,99,4.1
2025-04-14,P008,Beras 5 kg,kebutuhan_rumah,75500,19,2,17,1283500,0,0,0,campuran,Monday,0,4,0,cerah,99,4.7
2025-04-14,P009,Minyak goreng 1 liter,kebutuhan_rumah,19500,41,10,31,604500,0,0,0,offline,Monday,0,4,0,cerah,99,4.0
2025-04-14,P010,Aksesori ponsel,aksesoris,26000,30,6,24,624000,0,0,0,online,Monday,0,4,0,cerah,99,3.9
2025-04-14,P011,Buket mini,kerajinan,43000,31,11,20,774000,10,1,86000,offline,Monday,0,4,0,cerah,99,4.8
2025-04-14,P012,Paket hampers,kerajinan,96000,11,6,5,480000,0,0,0,offline,Monday,0,4,0,cerah,99,4.5
2025-04-15,P001,Paket nasi lauk,makanan_minuman,18000,50,16,34,612000,0,0,0,online,Tuesday,0,4,0,cerah,106,4.6
2025-04-15,P002,Minuman kopi susu,makanan_minuman,15000,54,19,35,525000,0,0,0,offline,Tuesday,0,4,0,cerah,106,4.3
2025-04-15,P003,Snack kemasan lokal,makanan_minuman,9000,111,46,65,555800,5,1,29200,offline,Tuesday,0,4,0,cerah,106,4.1
2025-04-15,P004,Kaos basic,fashion,62500,17,5,12,750000,0,0,0,offline,Tuesday,0,4,0,cerah,106,4.2
2025-04-15,P005,Hijab polos,fashion,40500,26,10,16,648000,0,0,0,offline,Tuesday,0,4,0,cerah,106,4.5
2025-04-15,P006,Sandal harian,fashion,55500,22,9,13,721500,0,0,0,campuran,Tuesday,0,4,0,cerah,106,4.0
2025-04-15,P007,Sabun cuci literan,kebutuhan_rumah,17000,34,9,25,425000,0,0,0,online,Tuesday,0,4,0,cerah,106,4.1
2025-04-15,P008,Beras 5 kg,kebutuhan_rumah,72500,25,9,16,1160000,0,0,0,offline,Tuesday,0,4,0,cerah,106,4.8
2025-04-15,P009,Minyak goreng 1 liter,kebutuhan_rumah,18000,48,19,29,522000,0,0,0,campuran,Tuesday,0,4,0,cerah,106,4.3
2025-04-15,P010,Aksesori ponsel,aksesoris,25000,28,3,25,625000,0,0,0,online,Tuesday,0,4,0,cerah,106,3.9
2025-04-15,P011,Buket mini,kerajinan,46500,16,2,14,651000,0,0,0,offline,Tuesday,0,4,0,cerah,106,4.8
2025-04-15,P012,Paket hampers,kerajinan,97500,13,3,10,975000,0,0,0,online,Tuesday,0,4,0,cerah,106,4.5
2025-04-16,P001,Paket nasi lauk,makanan_minuman,18000,54,18,36,648000,0,0,0,online,Wednesday,0,4,0,cerah,119,4.3
2025-04-16,P002,Minuman kopi susu,makanan_minuman,15000,56,19,37,555000,0,0,0,online,Wednesday,0,4,0,cerah,119,4.3
2025-04-16,P003,Snack kemasan lokal,makanan_minuman,8500,126,57,69,557200,5,1,29300,offline,Wednesday,0,4,0,cerah,119,4.4
2025-04-16,P004,Kaos basic,fashion,64500,15,8,7,451500,0,0,0,campuran,Wednesday,0,4,0,cerah,119,4.4
2025-04-16,P005,Hijab polos,fashion,42500,36,19,17,722500,0,0,0,offline,Wednesday,0,4,0,cerah,119,4.4
2025-04-16,P006,Sandal harian,fashion,57500,16,5,11,632500,0,0,0,campuran,Wednesday,0,4,0,cerah,119,3.9
2025-04-16,P007,Sabun cuci literan,kebutuhan_rumah,16500,38,9,29,478500,0,0,0,campuran,Wednesday,0,4,0,cerah,119,4.2
2025-04-16,P008,Beras 5 kg,kebutuhan_rumah,73000,20,5,15,1095000,0,0,0,offline,Wednesday,0,4,0,cerah,119,4.5
2025-04-16,P009,Minyak goreng 1 liter,kebutuhan_rumah,18500,50,29,21,388500,0,0,0,offline,Wednesday,0,4,0,cerah,119,4.1
2025-04-16,P010,Aksesori ponsel,aksesoris,26000,41,7,34,884000,0,0,0,campuran,Wednesday,0,4,0,cerah,119,3.8
2025-04-16,P011,Buket mini,kerajinan,44000,18,7,11,484000,0,0,0,online,Wednesday,0,4,0,cerah,119,4.5
2025-04-16,P012,Paket hampers,kerajinan,95500,13,5,8,764000,0,0,0,online,Wednesday,0,4,0,cerah,119,4.5
2025-04-17,P001,Paket nasi lauk,makanan_minuman,19000,53,24,29,551000,0,0,0,online,Thursday,0,4,0,berawan,116,4.5
2025-04-17,P002,Minuman kopi susu,makanan_minuman,14000,80,33,47,658000,0,0,0,offline,Thursday,0,4,0,berawan,116,4.5
2025-04-17,P003,Snack kemasan lokal,makanan_minuman,9500,107,62,45,427500,0,0,0,campuran,Thursday,0,4,0,berawan,116,4.1
2025-04-17,P004,Kaos basic,fashion,62000,15,6,9,558000,0,0,0,online,Thursday,0,4,0,berawan,116,4.5
2025-04-17,P005,Hijab polos,fashion,41500,21,4,17,705500,0,0,0,online,Thursday,0,4,0,berawan,116,4.7
2025-04-17,P006,Sandal harian,fashion,54500,15,8,7,381500,0,0,0,online,Thursday,0,4,0,berawan,116,4.2
2025-04-17,P007,Sabun cuci literan,kebutuhan_rumah,17500,59,26,33,548600,5,1,28900,online,Thursday,0,4,0,berawan,116,4.3
2025-04-17,P008,Beras 5 kg,kebutuhan_rumah,74000,15,4,11,814000,0,0,0,offline,Thursday,0,4,0,berawan,116,4.7
2025-04-17,P009,Minyak goreng 1 liter,kebutuhan_rumah,18000,38,1,37,666000,0,0,0,campuran,Thursday,0,4,0,berawan,116,4.3
2025-04-17,P010,Aksesori ponsel,aksesoris,26000,25,7,18,468000,0,0,0,offline,Thursday,0,4,0,berawan,116,4.1
2025-04-17,P011,Buket mini,kerajinan,42000,23,7,16,604800,10,1,67200,online,Thursday,0,4,0,berawan,116,4.8
2025-04-17,P012,Paket hampers,kerajinan,89500,14,5,9,805500,0,0,0,offline,Thursday,0,4,0,berawan,116,4.5
2025-04-18,P001,Paket nasi lauk,makanan_minuman,18000,70,35,35,630000,0,0,0,offline,Friday,0,4,0,berawan,101,4.5
2025-04-18,P002,Minuman kopi susu,makanan_minuman,15000,54,21,33,495000,0,0,0,online,Friday,0,4,0,berawan,101,4.0
2025-04-18,P003,Snack kemasan lokal,makanan_minuman,9500,61,13,48,456000,0,0,0,online,Friday,0,4,0,berawan,101,4.3
2025-04-18,P004,Kaos basic,fashion,66500,15,0,15,997500,0,0,0,online,Friday,0,4,0,berawan,101,4.5
2025-04-18,P005,Hijab polos,fashion,43500,23,12,11,478500,0,0,0,offline,Friday,0,4,0,berawan,101,4.4
2025-04-18,P006,Sandal harian,fashion,48500,16,0,16,776000,0,0,0,offline,Friday,0,4,0,berawan,101,4.2
2025-04-18,P007,Sabun cuci literan,kebutuhan_rumah,16500,33,4,29,478500,0,0,0,online,Friday,0,4,0,berawan,101,4.2
2025-04-18,P008,Beras 5 kg,kebutuhan_rumah,71000,12,0,12,852000,0,0,0,online,Friday,0,4,0,berawan,101,4.5
2025-04-18,P009,Minyak goreng 1 liter,kebutuhan_rumah,18500,28,0,28,518000,0,0,0,campuran,Friday,0,4,0,berawan,101,4.4
2025-04-18,P010,Aksesori ponsel,aksesoris,25000,26,4,22,550000,0,0,0,offline,Friday,0,4,0,berawan,101,4.0
2025-04-18,P011,Buket mini,kerajinan,46500,15,1,14,651000,0,0,0,offline,Friday,0,4,0,berawan,101,5.0
2025-04-18,P012,Paket hampers,kerajinan,94500,12,7,5,472500,0,0,0,offline,Friday,0,4,0,berawan,101,4.7
2025-04-19,P001,Paket nasi lauk,makanan_minuman,18000,75,32,43,774000,0,0,0,offline,Saturday,1,4,0,berawan,135,4.6
2025-04-19,P002,Minuman kopi susu,makanan_minuman,15500,75,42,33,511500,0,0,0,online,Saturday,1,4,0,berawan,135,4.1
2025-04-19,P003,Snack kemasan lokal,makanan_minuman,8500,95,36,59,501500,0,0,0,offline,Saturday,1,4,0,berawan,135,4.0
2025-04-19,P004,Kaos basic,fashion,65500,14,2,12,786000,0,0,0,online,Saturday,1,4,0,berawan,135,4.3
2025-04-19,P005,Hijab polos,fashion,41000,36,19,17,697000,0,0,0,online,Saturday,1,4,0,berawan,135,4.3
2025-04-19,P006,Sandal harian,fashion,57000,25,5,20,1140000,0,0,0,offline,Saturday,1,4,0,berawan,135,4.0
2025-04-19,P007,Sabun cuci literan,kebutuhan_rumah,17500,83,35,48,714000,15,1,126000,offline,Saturday,1,4,0,berawan,135,4.4
2025-04-19,P008,Beras 5 kg,kebutuhan_rumah,70000,30,22,8,560000,0,0,0,offline,Saturday,1,4,0,berawan,135,5.0
2025-04-19,P009,Minyak goreng 1 liter,kebutuhan_rumah,19500,95,41,54,1000400,5,1,52600,offline,Saturday,1,4,0,berawan,135,4.3
2025-04-19,P010,Aksesori ponsel,aksesoris,26000,55,29,26,676000,0,0,0,offline,Saturday,1,4,0,berawan,135,4.1
2025-04-19,P011,Buket mini,kerajinan,46000,30,10,20,828000,10,1,92000,offline,Saturday,1,4,0,berawan,135,4.9
2025-04-19,P012,Paket hampers,kerajinan,94000,22,10,12,1128000,0,0,0,campuran,Saturday,1,4,0,berawan,135,4.6
2025-04-20,P001,Paket nasi lauk,makanan_minuman,18500,99,34,65,1082200,10,1,120200,online,Sunday,1,4,0,cerah,122,4.5
2025-04-20,P002,Minuman kopi susu,makanan_minuman,15000,80,22,58,870000,0,0,0,offline,Sunday,1,4,0,cerah,122,4.4
2025-04-20,P003,Snack kemasan lokal,makanan_minuman,8500,103,0,103,788000,10,1,87600,campuran,Sunday,1,4,0,cerah,122,4.2
2025-04-20,P004,Kaos basic,fashion,63500,28,3,25,1587500,0,0,0,campuran,Sunday,1,4,0,cerah,122,4.4
2025-04-20,P005,Hijab polos,fashion,40000,24,0,24,960000,0,0,0,online,Sunday,1,4,0,cerah,122,4.6
2025-04-20,P006,Sandal harian,fashion,56500,20,13,7,395500,0,0,0,offline,Sunday,1,4,0,cerah,122,3.9
2025-04-20,P007,Sabun cuci literan,kebutuhan_rumah,16500,59,26,33,544500,0,0,0,offline,Sunday,1,4,0,cerah,122,4.4
2025-04-20,P008,Beras 5 kg,kebutuhan_rumah,68500,30,13,17,1164500,0,0,0,offline,Sunday,1,4,0,cerah,122,4.5
2025-04-20,P009,Minyak goreng 1 liter,kebutuhan_rumah,17500,59,26,33,577500,0,0,0,online,Sunday,1,4,0,cerah,122,4.5
2025-04-20,P010,Aksesori ponsel,aksesoris,25500,38,16,22,561000,0,0,0,online,Sunday,1,4,0,cerah,122,3.8
2025-04-20,P011,Buket mini,kerajinan,45500,27,13,14,637000,0,0,0,offline,Sunday,1,4,0,cerah,122,4.6
2025-04-20,P012,Paket hampers,kerajinan,90500,25,12,13,1058800,10,1,117600,online,Sunday,1,4,0,cerah,122,4.6
2025-04-21,P001,Paket nasi lauk,makanan_minuman,18500,46,20,26,481000,0,0,0,online,Monday,0,4,0,hujan_ringan,84,4.5
2025-04-21,P002,Minuman kopi susu,makanan_minuman,14500,49,6,43,623500,0,0,0,offline,Monday,0,4,0,hujan_ringan,84,4.4
2025-04-21,P003,Snack kemasan lokal,makanan_minuman,9000,126,69,57,461700,10,1,51300,campuran,Monday,0,4,0,hujan_ringan,84,4.0
2025-04-21,P004,Kaos basic,fashion,66500,12,4,8,532000,0,0,0,campuran,Monday,0,4,0,hujan_ringan,84,4.3
2025-04-21,P005,Hijab polos,fashion,41500,28,17,11,456500,0,0,0,campuran,Monday,0,4,0,hujan_ringan,84,4.6
2025-04-21,P006,Sandal harian,fashion,55000,11,0,11,605000,0,0,0,online,Monday,0,4,0,hujan_ringan,84,4.0
2025-04-21,P007,Sabun cuci literan,kebutuhan_rumah,17000,36,19,17,289000,0,0,0,online,Monday,0,4,0,hujan_ringan,84,3.8
2025-04-21,P008,Beras 5 kg,kebutuhan_rumah,71500,17,7,10,715000,0,0,0,online,Monday,0,4,0,hujan_ringan,84,4.7
2025-04-21,P009,Minyak goreng 1 liter,kebutuhan_rumah,19000,32,19,13,247000,0,0,0,offline,Monday,0,4,0,hujan_ringan,84,4.3
2025-04-21,P010,Aksesori ponsel,aksesoris,25500,33,8,25,605600,5,1,31900,offline,Monday,0,4,0,hujan_ringan,84,3.9
2025-04-21,P011,Buket mini,kerajinan,43500,17,8,9,391500,0,0,0,campuran,Monday,0,4,0,hujan_ringan,84,4.8
2025-04-21,P012,Paket hampers,kerajinan,98500,12,2,10,985000,0,0,0,campuran,Monday,0,4,0,hujan_ringan,84,4.5
2025-04-22,P001,Paket nasi lauk,makanan_minuman,18500,42,13,29,536500,0,0,0,online,Tuesday,0,4,0,berawan,115,4.6
2025-04-22,P002,Minuman kopi susu,makanan_minuman,15000,75,42,33,495000,0,0,0,campuran,Tuesday,0,4,0,berawan,115,4.2
2025-04-22,P003,Snack kemasan lokal,makanan_minuman,9000,65,9,56,504000,0,0,0,campuran,Tuesday,0,4,0,berawan,115,4.0
2025-04-22,P004,Kaos basic,fashion,65000,12,1,11,715000,0,0,0,offline,Tuesday,0,4,0,berawan,115,4.1
2025-04-22,P005,Hijab polos,fashion,41000,27,13,14,574000,0,0,0,offline,Tuesday,0,4,0,berawan,115,4.7
2025-04-22,P006,Sandal harian,fashion,54000,14,8,6,324000,0,0,0,online,Tuesday,0,4,0,berawan,115,3.8
2025-04-22,P007,Sabun cuci literan,kebutuhan_rumah,17500,42,12,30,525000,0,0,0,campuran,Tuesday,0,4,0,berawan,115,4.5
2025-04-22,P008,Beras 5 kg,kebutuhan_rumah,68500,29,16,13,846000,5,1,44500,online,Tuesday,0,4,0,berawan,115,4.5
2025-04-22,P009,Minyak goreng 1 liter,kebutuhan_rumah,19500,61,20,41,759500,5,1,40000,online,Tuesday,0,4,0,berawan,115,4.2
2025-04-22,P010,Aksesori ponsel,aksesoris,24000,33,5,28,672000,0,0,0,campuran,Tuesday,0,4,0,berawan,115,3.9
2025-04-22,P011,Buket mini,kerajinan,43500,20,9,11,478500,0,0,0,offline,Tuesday,0,4,0,berawan,115,4.8
2025-04-22,P012,Paket hampers,kerajinan,92000,11,1,10,920000,0,0,0,campuran,Tuesday,0,4,0,berawan,115,4.4
2025-04-23,P001,Paket nasi lauk,makanan_minuman,17500,54,22,32,560000,0,0,0,online,Wednesday,0,4,0,cerah,96,4.3
2025-04-23,P002,Minuman kopi susu,makanan_minuman,15000,66,25,41,615000,0,0,0,online,Wednesday,0,4,0,cerah,96,4.5
2025-04-23,P003,Snack kemasan lokal,makanan_minuman,9000,120,51,69,527800,15,1,93200,campuran,Wednesday,0,4,0,cerah,96,4.4
2025-04-23,P004,Kaos basic,fashion,64500,22,5,17,1096500,0,0,0,campuran,Wednesday,0,4,0,cerah,96,4.2
2025-04-23,P005,Hijab polos,fashion,38500,23,6,17,654500,0,0,0,offline,Wednesday,0,4,0,cerah,96,4.5
2025-04-23,P006,Sandal harian,fashion,53500,15,5,10,535000,0,0,0,online,Wednesday,0,4,0,cerah,96,4.2
2025-04-23,P007,Sabun cuci literan,kebutuhan_rumah,16500,43,11,32,528000,0,0,0,offline,Wednesday,0,4,0,cerah,96,4.2
2025-04-23,P008,Beras 5 kg,kebutuhan_rumah,70500,14,1,13,916500,0,0,0,online,Wednesday,0,4,0,cerah,96,4.2
2025-04-23,P009,Minyak goreng 1 liter,kebutuhan_rumah,19000,32,9,23,437000,0,0,0,offline,Wednesday,0,4,0,cerah,96,4.5
2025-04-23,P010,Aksesori ponsel,aksesoris,25500,31,7,24,612000,0,0,0,offline,Wednesday,0,4,0,cerah,96,4.1
2025-04-23,P011,Buket mini,kerajinan,43500,16,0,16,696000,0,0,0,online,Wednesday,0,4,0,cerah,96,4.7
2025-04-23,P012,Paket hampers,kerajinan,99000,21,13,8,752400,5,1,39600,campuran,Wednesday,0,4,0,cerah,96,4.6
2025-04-24,P001,Paket nasi lauk,makanan_minuman,17000,44,10,34,578000,0,0,0,online,Thursday,0,4,0,berawan,89,4.7
2025-04-24,P002,Minuman kopi susu,makanan_minuman,15000,66,31,35,525000,0,0,0,offline,Thursday,0,4,0,berawan,89,4.5
2025-04-24,P003,Snack kemasan lokal,makanan_minuman,9000,45,2,43,387000,0,0,0,offline,Thursday,0,4,0,berawan,89,4.1
2025-04-24,P004,Kaos basic,fashion,65500,15,6,9,589500,0,0,0,offline,Thursday,0,4,0,berawan,89,4.6
2025-04-24,P005,Hijab polos,fashion,44000,28,8,20,880000,0,0,0,campuran,Thursday,0,4,0,berawan,89,4.3
2025-04-24,P006,Sandal harian,fashion,49500,16,4,12,534600,10,1,59400,online,Thursday,0,4,0,berawan,89,4.1
2025-04-24,P007,Sabun cuci literan,kebutuhan_rumah,18000,32,16,16,288000,0,0,0,online,Thursday,0,4,0,berawan,89,4.3
2025-04-24,P008,Beras 5 kg,kebutuhan_rumah,66000,23,12,11,726000,0,0,0,campuran,Thursday,0,4,0,berawan,89,4.4
2025-04-24,P009,Minyak goreng 1 liter,kebutuhan_rumah,20000,34,8,26,520000,0,0,0,offline,Thursday,0,4,0,berawan,89,4.1
2025-04-24,P010,Aksesori ponsel,aksesoris,25500,25,9,16,408000,0,0,0,offline,Thursday,0,4,0,berawan,89,4.0
2025-04-24,P011,Buket mini,kerajinan,47500,17,10,7,332500,0,0,0,online,Thursday,0,4,0,berawan,89,4.9
2025-04-24,P012,Paket hampers,kerajinan,91000,15,7,8,728000,0,0,0,campuran,Thursday,0,4,0,berawan,89,4.6
2025-04-25,P001,Paket nasi lauk,makanan_minuman,17000,84,33,51,823600,5,1,43400,online,Friday,0,4,0,cerah,134,4.4
2025-04-25,P002,Minuman kopi susu,makanan_minuman,14500,68,23,45,652500,0,0,0,offline,Friday,0,4,0,cerah,134,4.4
2025-04-25,P003,Snack kemasan lokal,makanan_minuman,9000,65,16,49,441000,0,0,0,online,Friday,0,4,0,cerah,134,4.3
2025-04-25,P004,Kaos basic,fashion,63000,27,11,16,856800,15,1,151200,online,Friday,0,4,0,cerah,134,4.4
2025-04-25,P005,Hijab polos,fashion,43000,41,19,22,898700,5,1,47300,offline,Friday,0,4,0,cerah,134,4.5
2025-04-25,P006,Sandal harian,fashion,57500,18,4,14,805000,0,0,0,campuran,Friday,0,4,0,cerah,134,4.2
2025-04-25,P007,Sabun cuci literan,kebutuhan_rumah,17500,45,17,28,490000,0,0,0,campuran,Friday,0,4,0,cerah,134,4.1
2025-04-25,P008,Beras 5 kg,kebutuhan_rumah,69500,24,8,16,1112000,0,0,0,online,Friday,0,4,0,cerah,134,4.5
2025-04-25,P009,Minyak goreng 1 liter,kebutuhan_rumah,19000,66,32,34,646000,0,0,0,campuran,Friday,0,4,0,cerah,134,4.5
2025-04-25,P010,Aksesori ponsel,aksesoris,24500,55,12,43,948200,10,1,105400,campuran,Friday,0,4,0,cerah,134,4.0
2025-04-25,P011,Buket mini,kerajinan,43500,22,14,8,348000,0,0,0,offline,Friday,0,4,0,cerah,134,4.5
2025-04-25,P012,Paket hampers,kerajinan,100500,13,0,13,1306500,0,0,0,offline,Friday,0,4,0,cerah,134,4.6
2025-04-26,P001,Paket nasi lauk,makanan_minuman,18000,73,24,49,882000,0,0,0,campuran,Saturday,1,4,0,cerah,120,4.8
2025-04-26,P002,Minuman kopi susu,makanan_minuman,14500,80,16,64,928000,0,0,0,online,Saturday,1,4,0,cerah,120,4.4
2025-04-26,P003,Snack kemasan lokal,makanan_minuman,9000,101,39,62,558000,0,0,0,offline,Saturday,1,4,0,cerah,120,3.9
2025-04-26,P004,Kaos basic,fashion,65500,41,19,22,1369000,5,1,72000,campuran,Saturday,1,4,0,cerah,120,4.2
2025-04-26,P005,Hijab polos,fashion,40500,43,15,28,963900,15,1,170100,online,Saturday,1,4,0,cerah,120,4.5
2025-04-26,P006,Sandal harian,fashion,54500,17,5,12,654000,0,0,0,online,Saturday,1,4,0,cerah,120,4.3
2025-04-26,P007,Sabun cuci literan,kebutuhan_rumah,17000,55,20,35,595000,0,0,0,campuran,Saturday,1,4,0,cerah,120,4.2
2025-04-26,P008,Beras 5 kg,kebutuhan_rumah,70000,40,21,19,1330000,0,0,0,offline,Saturday,1,4,0,cerah,120,4.5
2025-04-26,P009,Minyak goreng 1 liter,kebutuhan_rumah,19000,55,15,40,760000,0,0,0,offline,Saturday,1,4,0,cerah,120,4.4
2025-04-26,P010,Aksesori ponsel,aksesoris,25000,39,8,31,775000,0,0,0,offline,Saturday,1,4,0,cerah,120,4.2
2025-04-26,P011,Buket mini,kerajinan,45000,29,17,12,540000,0,0,0,offline,Saturday,1,4,0,cerah,120,4.9
2025-04-26,P012,Paket hampers,kerajinan,93000,15,6,9,837000,0,0,0,online,Saturday,1,4,0,cerah,120,4.7
2025-04-27,P001,Paket nasi lauk,makanan_minuman,16000,69,12,57,912000,0,0,0,online,Sunday,1,4,0,berawan,144,4.5
2025-04-27,P002,Minuman kopi susu,makanan_minuman,14500,94,49,45,652500,0,0,0,offline,Sunday,1,4,0,berawan,144,4.4
2025-04-27,P003,Snack kemasan lokal,makanan_minuman,9000,121,49,72,648000,0,0,0,offline,Sunday,1,4,0,berawan,144,4.4
2025-04-27,P004,Kaos basic,fashion,66000,23,8,15,990000,0,0,0,offline,Sunday,1,4,0,berawan,144,4.3
2025-04-27,P005,Hijab polos,fashion,42000,28,2,26,1092000,0,0,0,campuran,Sunday,1,4,0,berawan,144,4.6
2025-04-27,P006,Sandal harian,fashion,55500,18,0,18,999000,0,0,0,online,Sunday,1,4,0,berawan,144,4.1
2025-04-27,P007,Sabun cuci literan,kebutuhan_rumah,16500,63,27,36,594000,0,0,0,campuran,Sunday,1,4,0,berawan,144,4.3
2025-04-27,P008,Beras 5 kg,kebutuhan_rumah,72000,35,14,21,1436400,5,1,75600,online,Sunday,1,4,0,berawan,144,4.7
2025-04-27,P009,Minyak goreng 1 liter,kebutuhan_rumah,19500,59,17,42,819000,0,0,0,offline,Sunday,1,4,0,berawan,144,4.2
2025-04-27,P010,Aksesori ponsel,aksesoris,25000,40,17,23,575000,0,0,0,offline,Sunday,1,4,0,berawan,144,4.1
2025-04-27,P011,Buket mini,kerajinan,45500,27,12,15,614200,10,1,68200,online,Sunday,1,4,0,berawan,144,4.8
2025-04-27,P012,Paket hampers,kerajinan,89000,31,10,21,1588600,15,1,280400,offline,Sunday,1,4,0,berawan,144,4.4
2025-04-28,P001,Paket nasi lauk,makanan_minuman,18500,66,34,32,592000,0,0,0,offline,Monday,0,4,0,cerah,101,4.7
2025-04-28,P002,Minuman kopi susu,makanan_minuman,15000,73,30,43,645000,0,0,0,offline,Monday,0,4,0,cerah,101,4.7
2025-04-28,P003,Snack kemasan lokal,makanan_minuman,9000,89,10,79,639900,10,1,71100,online,Monday,0,4,0,cerah,101,4.2
2025-04-28,P004,Kaos basic,fashion,64500,25,9,16,877200,15,1,154800,offline,Monday,0,4,0,cerah,101,4.6
2025-04-28,P005,Hijab polos,fashion,41500,26,8,18,747000,0,0,0,online,Monday,0,4,0,cerah,101,4.4
2025-04-28,P006,Sandal harian,fashion,55500,15,7,8,444000,0,0,0,offline,Monday,0,4,0,cerah,101,4.0
2025-04-28,P007,Sabun cuci literan,kebutuhan_rumah,17500,32,7,25,437500,0,0,0,offline,Monday,0,4,0,cerah,101,4.2
2025-04-28,P008,Beras 5 kg,kebutuhan_rumah,74000,28,12,16,1184000,0,0,0,offline,Monday,0,4,0,cerah,101,4.5
2025-04-28,P009,Minyak goreng 1 liter,kebutuhan_rumah,19000,58,28,30,570000,0,0,0,online,Monday,0,4,0,cerah,101,4.5
2025-04-28,P010,Aksesori ponsel,aksesoris,26000,30,14,16,416000,0,0,0,campuran,Monday,0,4,0,cerah,101,4.1
2025-04-28,P011,Buket mini,kerajinan,45500,25,13,12,464100,15,1,81900,offline,Monday,0,4,0,cerah,101,4.9
2025-04-28,P012,Paket hampers,kerajinan,94000,23,18,5,446500,5,1,23500,offline,Monday,0,4,0,cerah,101,4.7
2025-04-29,P001,Paket nasi lauk,makanan_minuman,17500,58,24,34,595000,0,0,0,online,Tuesday,0,4,0,berawan,101,4.4
2025-04-29,P002,Minuman kopi susu,makanan_minuman,16000,56,26,30,480000,0,0,0,online,Tuesday,0,4,0,berawan,101,4.4
2025-04-29,P003,Snack kemasan lokal,makanan_minuman,9000,99,60,39,351000,0,0,0,campuran,Tuesday,0,4,0,berawan,101,4.3
2025-04-29,P004,Kaos basic,fashion,62000,19,10,9,558000,0,0,0,campuran,Tuesday,0,4,0,berawan,101,4.4
2025-04-29,P005,Hijab polos,fashion,41500,29,17,12,498000,0,0,0,campuran,Tuesday,0,4,0,berawan,101,4.5
2025-04-29,P006,Sandal harian,fashion,56000,12,4,8,448000,0,0,0,offline,Tuesday,0,4,0,berawan,101,4.4
2025-04-29,P007,Sabun cuci literan,kebutuhan_rumah,17000,51,7,44,673200,10,1,74800,campuran,Tuesday,0,4,0,berawan,101,4.2
2025-04-29,P008,Beras 5 kg,kebutuhan_rumah,70500,23,4,19,1272500,5,1,67000,offline,Tuesday,0,4,0,berawan,101,4.6
2025-04-29,P009,Minyak goreng 1 liter,kebutuhan_rumah,18500,44,12,32,592000,0,0,0,offline,Tuesday,0,4,0,berawan,101,4.5
2025-04-29,P010,Aksesori ponsel,aksesoris,26000,29,18,11,286000,0,0,0,offline,Tuesday,0,4,0,berawan,101,4.3
2025-04-29,P011,Buket mini,kerajinan,47000,17,2,15,705000,0,0,0,online,Tuesday,0,4,0,berawan,101,4.6
2025-04-29,P012,Paket hampers,kerajinan,96500,9,0,9,868500,0,0,0,offline,Tuesday,0,4,0,berawan,101,4.4
2025-04-30,P001,Paket nasi lauk,makanan_minuman,18000,50,23,27,486000,0,0,0,online,Wednesday,0,4,0,cerah,98,4.4
2025-04-30,P002,Minuman kopi susu,makanan_minuman,15000,68,43,25,375000,0,0,0,online,Wednesday,0,4,0,cerah,98,4.1
2025-04-30,P003,Snack kemasan lokal,makanan_minuman,10000,75,27,48,480000,0,0,0,offline,Wednesday,0,4,0,cerah,98,4.0
2025-04-30,P004,Kaos basic,fashion,69000,19,3,16,1104000,0,0,0,offline,Wednesday,0,4,0,cerah,98,4.5
2025-04-30,P005,Hijab polos,fashion,45000,18,0,18,810000,0,0,0,online,Wednesday,0,4,0,cerah,98,4.7
2025-04-30,P006,Sandal harian,fashion,52000,15,6,9,468000,0,0,0,offline,Wednesday,0,4,0,cerah,98,4.0
2025-04-30,P007,Sabun cuci literan,kebutuhan_rumah,16500,43,18,25,412500,0,0,0,offline,Wednesday,0,4,0,cerah,98,4.2
2025-04-30,P008,Beras 5 kg,kebutuhan_rumah,72500,22,11,11,797500,0,0,0,offline,Wednesday,0,4,0,cerah,98,4.4
2025-04-30,P009,Minyak goreng 1 liter,kebutuhan_rumah,19000,52,29,23,437000,0,0,0,offline,Wednesday,0,4,0,cerah,98,4.1
2025-04-30,P010,Aksesori ponsel,aksesoris,25000,34,10,24,600000,0,0,0,online,Wednesday,0,4,0,cerah,98,4.2
2025-04-30,P011,Buket mini,kerajinan,44500,27,15,12,534000,0,0,0,offline,Wednesday,0,4,0,cerah,98,4.7
2025-04-30,P012,Paket hampers,kerajinan,94000,12,0,12,1128000,0,0,0,campuran,Wednesday,0,4,0,cerah,98,4.4
2025-05-01,P001,Paket nasi lauk,makanan_minuman,18000,77,30,47,846000,0,0,0,campuran,Thursday,0,5,0,cerah,149,4.8
2025-05-01,P002,Minuman kopi susu,makanan_minuman,15000,78,35,43,645000,0,0,0,campuran,Thursday,0,5,0,cerah,149,4.5
2025-05-01,P003,Snack kemasan lokal,makanan_minuman,10000,119,63,56,560000,0,0,0,offline,Thursday,0,5,0,cerah,149,4.5
2025-05-01,P004,Kaos basic,fashion,64000,21,6,15,960000,0,0,0,offline,Thursday,0,5,0,cerah,149,4.5
2025-05-01,P005,Hijab polos,fashion,40500,30,12,18,729000,0,0,0,online,Thursday,0,5,0,cerah,149,4.9
2025-05-01,P006,Sandal harian,fashion,56500,20,0,20,1073500,5,1,56500,online,Thursday,0,5,0,cerah,149,4.2
2025-05-01,P007,Sabun cuci literan,kebutuhan_rumah,18000,70,20,50,855000,5,1,45000,campuran,Thursday,0,5,0,cerah,149,4.3
2025-05-01,P008,Beras 5 kg,kebutuhan_rumah,73500,16,0,16,1176000,0,0,0,online,Thursday,0,5,0,cerah,149,4.7
2025-05-01,P009,Minyak goreng 1 liter,kebutuhan_rumah,18500,55,27,28,518000,0,0,0,online,Thursday,0,5,0,cerah,149,4.3
2025-05-01,P010,Aksesori ponsel,aksesoris,25000,48,16,32,720000,10,1,80000,offline,Thursday,0,5,0,cerah,149,4.0
2025-05-01,P011,Buket mini,kerajinan,41000,20,13,7,287000,0,0,0,offline,Thursday,0,5,0,cerah,149,4.7
2025-05-01,P012,Paket hampers,kerajinan,99500,14,0,14,1253700,10,1,139300,offline,Thursday,0,5,0,cerah,149,4.5
2025-05-02,P001,Paket nasi lauk,makanan_minuman,17500,65,0,65,1080600,5,1,56900,online,Friday,0,5,0,cerah,112,4.1
2025-05-02,P002,Minuman kopi susu,makanan_minuman,15000,61,0,61,915000,0,0,0,campuran,Friday,0,5,0,cerah,112,4.4
2025-05-02,P003,Snack kemasan lokal,makanan_minuman,9000,91,50,41,369000,0,0,0,online,Friday,0,5,0,cerah,112,4.3
2025-05-02,P004,Kaos basic,fashion,64500,19,5,14,903000,0,0,0,online,Friday,0,5,0,cerah,112,4.5
2025-05-02,P005,Hijab polos,fashion,43500,37,13,24,991800,5,1,52200,offline,Friday,0,5,0,cerah,112,4.2
2025-05-02,P006,Sandal harian,fashion,55500,15,2,13,721500,0,0,0,campuran,Friday,0,5,0,cerah,112,4.3
2025-05-02,P007,Sabun cuci literan,kebutuhan_rumah,18000,28,3,25,450000,0,0,0,online,Friday,0,5,0,cerah,112,4.2
2025-05-02,P008,Beras 5 kg,kebutuhan_rumah,69000,21,5,16,993600,10,1,110400,online,Friday,0,5,0,cerah,112,4.5
2025-05-02,P009,Minyak goreng 1 liter,kebutuhan_rumah,19000,46,13,33,627000,0,0,0,online,Friday,0,5,0,cerah,112,4.4
2025-05-02,P010,Aksesori ponsel,aksesoris,25000,29,8,21,525000,0,0,0,offline,Friday,0,5,0,cerah,112,3.9
2025-05-02,P011,Buket mini,kerajinan,44500,13,1,12,534000,0,0,0,online,Friday,0,5,0,cerah,112,4.8
2025-05-02,P012,Paket hampers,kerajinan,94500,9,0,9,850500,0,0,0,online,Friday,0,5,0,cerah,112,4.4
2025-05-03,P001,Paket nasi lauk,makanan_minuman,18000,77,22,55,990000,0,0,0,offline,Saturday,1,5,0,berawan,138,4.6
2025-05-03,P002,Minuman kopi susu,makanan_minuman,16000,67,12,55,880000,0,0,0,offline,Saturday,1,5,0,berawan,138,4.3
2025-05-03,P003,Snack kemasan lokal,makanan_minuman,9000,178,84,94,803700,5,1,42300,offline,Saturday,1,5,0,berawan,138,4.0
2025-05-03,P004,Kaos basic,fashion,70000,30,9,21,1249500,15,1,220500,offline,Saturday,1,5,0,berawan,138,4.4
2025-05-03,P005,Hijab polos,fashion,41500,40,7,33,1232600,10,1,137000,offline,Saturday,1,5,0,berawan,138,4.4
2025-05-03,P006,Sandal harian,fashion,52000,22,12,10,520000,0,0,0,online,Saturday,1,5,0,berawan,138,4.2
2025-05-03,P007,Sabun cuci literan,kebutuhan_rumah,18000,74,30,44,673200,15,1,118800,online,Saturday,1,5,0,berawan,138,4.3
2025-05-03,P008,Beras 5 kg,kebutuhan_rumah,69000,26,8,18,1242000,0,0,0,online,Saturday,1,5,0,berawan,138,4.7
2025-05-03,P009,Minyak goreng 1 liter,kebutuhan_rumah,19000,54,18,36,684000,0,0,0,online,Saturday,1,5,0,berawan,138,4.8
2025-05-03,P010,Aksesori ponsel,aksesoris,23500,34,0,34,799000,0,0,0,offline,Saturday,1,5,0,berawan,138,3.9
2025-05-03,P011,Buket mini,kerajinan,45500,23,7,16,728000,0,0,0,campuran,Saturday,1,5,0,berawan,138,4.6
2025-05-03,P012,Paket hampers,kerajinan,96500,16,9,7,675500,0,0,0,campuran,Saturday,1,5,0,berawan,138,4.4
2025-05-04,P001,Paket nasi lauk,makanan_minuman,19000,73,21,52,938600,5,1,49400,online,Sunday,1,5,0,hujan_ringan,122,4.5
2025-05-04,P002,Minuman kopi susu,makanan_minuman,15000,108,26,82,1168500,5,1,61500,campuran,Sunday,1,5,0,hujan_ringan,122,4.9
2025-05-04,P003,Snack kemasan lokal,makanan_minuman,9000,115,33,82,701100,5,1,36900,offline,Sunday,1,5,0,hujan_ringan,122,4.3
2025-05-04,P004,Kaos basic,fashion,60500,22,1,21,1270500,0,0,0,offline,Sunday,1,5,0,hujan_ringan,122,4.2
2025-05-04,P005,Hijab polos,fashion,41500,29,7,22,913000,0,0,0,campuran,Sunday,1,5,0,hujan_ringan,122,4.8
2025-05-04,P006,Sandal harian,fashion,54000,19,9,10,540000,0,0,0,campuran,Sunday,1,5,0,hujan_ringan,122,3.9
2025-05-04,P007,Sabun cuci literan,kebutuhan_rumah,16500,41,15,26,429000,0,0,0,offline,Sunday,1,5,0,hujan_ringan,122,4.3
2025-05-04,P008,Beras 5 kg,kebutuhan_rumah,73000,22,4,18,1314000,0,0,0,online,Sunday,1,5,0,hujan_ringan,122,4.6
2025-05-04,P009,Minyak goreng 1 liter,kebutuhan_rumah,19000,62,29,33,627000,0,0,0,offline,Sunday,1,5,0,hujan_ringan,122,4.4
2025-05-04,P010,Aksesori ponsel,aksesoris,24500,30,8,22,539000,0,0,0,offline,Sunday,1,5,0,hujan_ringan,122,4.2
2025-05-04,P011,Buket mini,kerajinan,45000,19,10,9,405000,0,0,0,campuran,Sunday,1,5,0,hujan_ringan,122,4.5
2025-05-04,P012,Paket hampers,kerajinan,96000,5,0,5,480000,0,0,0,online,Sunday,1,5,0,hujan_ringan,122,4.5
2025-05-05,P001,Paket nasi lauk,makanan_minuman,17000,53,23,30,510000,0,0,0,offline,Monday,0,5,0,hujan_ringan,69,4.4
2025-05-05,P002,Minuman kopi susu,makanan_minuman,14500,42,11,31,449500,0,0,0,campuran,Monday,0,5,0,hujan_ringan,69,4.3
2025-05-05,P003,Snack kemasan lokal,makanan_minuman,9000,47,14,33,297000,0,0,0,online,Monday,0,5,0,hujan_ringan,69,4.2
2025-05-05,P004,Kaos basic,fashion,64500,18,5,13,754600,10,1,83800,online,Monday,0,5,0,hujan_ringan,69,4.5
2025-05-05,P005,Hijab polos,fashion,42000,23,7,16,604800,10,1,67200,offline,Monday,0,5,0,hujan_ringan,69,4.5
2025-05-05,P006,Sandal harian,fashion,56000,7,3,4,224000,0,0,0,online,Monday,0,5,0,hujan_ringan,69,4.0
2025-05-05,P007,Sabun cuci literan,kebutuhan_rumah,17000,27,12,15,255000,0,0,0,online,Monday,0,5,0,hujan_ringan,69,4.4
2025-05-05,P008,Beras 5 kg,kebutuhan_rumah,70000,19,5,14,980000,0,0,0,campuran,Monday,0,5,0,hujan_ringan,69,4.8
2025-05-05,P009,Minyak goreng 1 liter,kebutuhan_rumah,19000,35,9,26,469300,5,1,24700,online,Monday,0,5,0,hujan_ringan,69,4.5
2025-05-05,P010,Aksesori ponsel,aksesoris,24500,25,15,10,245000,0,0,0,campuran,Monday,0,5,0,hujan_ringan,69,3.9
2025-05-05,P011,Buket mini,kerajinan,46000,13,7,6,262200,5,1,13800,offline,Monday,0,5,0,hujan_ringan,69,4.8
2025-05-05,P012,Paket hampers,kerajinan,101000,7,5,2,202000,0,0,0,offline,Monday,0,5,0,hujan_ringan,69,4.5
2025-05-06,P001,Paket nasi lauk,makanan_minuman,17000,37,9,28,476000,0,0,0,online,Tuesday,0,5,0,berawan,98,4.4
2025-05-06,P002,Minuman kopi susu,makanan_minuman,15500,81,40,41,635500,0,0,0,campuran,Tuesday,0,5,0,berawan,98,4.4
2025-05-06,P003,Snack kemasan lokal,makanan_minuman,9000,64,19,45,405000,0,0,0,online,Tuesday,0,5,0,berawan,98,4.1
2025-05-06,P004,Kaos basic,fashion,65500,14,0,14,917000,0,0,0,online,Tuesday,0,5,0,berawan,98,4.2
2025-05-06,P005,Hijab polos,fashion,44500,23,7,16,712000,0,0,0,online,Tuesday,0,5,0,berawan,98,4.5
2025-05-06,P006,Sandal harian,fashion,58000,15,5,10,580000,0,0,0,offline,Tuesday,0,5,0,berawan,98,4.0
2025-05-06,P007,Sabun cuci literan,kebutuhan_rumah,16500,43,17,26,429000,0,0,0,campuran,Tuesday,0,5,0,berawan,98,4.3
2025-05-06,P008,Beras 5 kg,kebutuhan_rumah,66500,24,9,15,997500,0,0,0,offline,Tuesday,0,5,0,berawan,98,4.6
2025-05-06,P009,Minyak goreng 1 liter,kebutuhan_rumah,19000,43,18,25,475000,0,0,0,offline,Tuesday,0,5,0,berawan,98,4.3
2025-05-06,P010,Aksesori ponsel,aksesoris,26000,23,11,12,312000,0,0,0,offline,Tuesday,0,5,0,berawan,98,4.0
2025-05-06,P011,Buket mini,kerajinan,43500,16,5,11,478500,0,0,0,campuran,Tuesday,0,5,0,berawan,98,5.0
2025-05-06,P012,Paket hampers,kerajinan,98000,9,0,9,882000,0,0,0,offline,Tuesday,0,5,0,berawan,98,4.9
2025-05-07,P001,Paket nasi lauk,makanan_minuman,19000,69,38,31,589000,0,0,0,offline,Wednesday,0,5,0,cerah,119,4.6
2025-05-07,P002,Minuman kopi susu,makanan_minuman,15500,77,24,53,821500,0,0,0,campuran,Wednesday,0,5,0,cerah,119,4.3
2025-05-07,P003,Snack kemasan lokal,makanan_minuman,9000,91,28,63,567000,0,0,0,online,Wednesday,0,5,0,cerah,119,4.6
2025-05-07,P004,Kaos basic,fashion,66500,31,17,14,837900,10,1,93100,offline,Wednesday,0,5,0,cerah,119,4.2
2025-05-07,P005,Hijab polos,fashion,41000,25,8,17,697000,0,0,0,offline,Wednesday,0,5,0,cerah,119,4.5
2025-05-07,P006,Sandal harian,fashion,57000,28,14,14,718200,10,1,79800,online,Wednesday,0,5,0,cerah,119,4.2
2025-05-07,P007,Sabun cuci literan,kebutuhan_rumah,17000,41,6,35,595000,0,0,0,online,Wednesday,0,5,0,cerah,119,4.3
2025-05-07,P008,Beras 5 kg,kebutuhan_rumah,75500,20,6,14,1057000,0,0,0,online,Wednesday,0,5,0,cerah,119,4.5
2025-05-07,P009,Minyak goreng 1 liter,kebutuhan_rumah,18500,50,4,46,765900,10,1,85100,campuran,Wednesday,0,5,0,cerah,119,4.4
2025-05-07,P010,Aksesori ponsel,aksesoris,25500,48,11,37,802000,15,1,141500,offline,Wednesday,0,5,0,cerah,119,4.1
2025-05-07,P011,Buket mini,kerajinan,45500,12,2,10,455000,0,0,0,offline,Wednesday,0,5,0,cerah,119,4.8
2025-05-07,P012,Paket hampers,kerajinan,103000,9,0,9,927000,0,0,0,campuran,Wednesday,0,5,0,cerah,119,4.4
2025-05-08,P001,Paket nasi lauk,makanan_minuman,18000,69,27,42,756000,0,0,0,campuran,Thursday,0,5,0,cerah,97,4.5
2025-05-08,P002,Minuman kopi susu,makanan_minuman,14500,63,27,36,522000,0,0,0,offline,Thursday,0,5,0,cerah,97,4.4
2025-05-08,P003,Snack kemasan lokal,makanan_minuman,9000,99,34,65,526500,10,1,58500,offline,Thursday,0,5,0,cerah,97,4.2
2025-05-08,P004,Kaos basic,fashion,65500,16,3,13,851500,0,0,0,offline,Thursday,0,5,0,cerah,97,4.5
2025-05-08,P005,Hijab polos,fashion,44000,38,10,28,1170400,5,1,61600,offline,Thursday,0,5,0,cerah,97,4.7
2025-05-08,P006,Sandal harian,fashion,51000,18,10,8,408000,0,0,0,campuran,Thursday,0,5,0,cerah,97,4.1
2025-05-08,P007,Sabun cuci literan,kebutuhan_rumah,17500,26,0,26,455000,0,0,0,offline,Thursday,0,5,0,cerah,97,4.3
2025-05-08,P008,Beras 5 kg,kebutuhan_rumah,69500,25,12,13,903500,0,0,0,offline,Thursday,0,5,0,cerah,97,4.9
2025-05-08,P009,Minyak goreng 1 liter,kebutuhan_rumah,19000,59,13,46,786600,10,1,87400,online,Thursday,0,5,0,cerah,97,4.3
2025-05-08,P010,Aksesori ponsel,aksesoris,26000,30,0,30,780000,0,0,0,offline,Thursday,0,5,0,cerah,97,3.9
2025-05-08,P011,Buket mini,kerajinan,43500,16,3,13,480700,15,1,84800,offline,Thursday,0,5,0,cerah,97,4.4
2025-05-08,P012,Paket hampers,kerajinan,94500,14,5,9,850500,0,0,0,campuran,Thursday,0,5,0,cerah,97,4.8
2025-05-09,P001,Paket nasi lauk,makanan_minuman,17000,44,11,33,561000,0,0,0,offline,Friday,0,5,0,berawan,90,4.5
2025-05-09,P002,Minuman kopi susu,makanan_minuman,15000,45,11,34,510000,0,0,0,online,Friday,0,5,0,berawan,90,4.5
2025-05-09,P003,Snack kemasan lokal,makanan_minuman,9000,118,52,66,504900,15,1,89100,campuran,Friday,0,5,0,berawan,90,4.3
2025-05-09,P004,Kaos basic,fashion,64000,12,5,7,448000,0,0,0,campuran,Friday,0,5,0,berawan,90,4.2
2025-05-09,P005,Hijab polos,fashion,42500,33,14,19,767100,5,1,40400,offline,Friday,0,5,0,berawan,90,4.6
2025-05-09,P006,Sandal harian,fashion,52000,9,1,8,416000,0,0,0,campuran,Friday,0,5,0,berawan,90,4.3
2025-05-09,P007,Sabun cuci literan,kebutuhan_rumah,17500,42,21,21,367500,0,0,0,campuran,Friday,0,5,0,berawan,90,4.3
2025-05-09,P008,Beras 5 kg,kebutuhan_rumah,76500,16,3,13,994500,0,0,0,online,Friday,0,5,0,berawan,90,4.7
2025-05-09,P009,Minyak goreng 1 liter,kebutuhan_rumah,20000,32,13,19,380000,0,0,0,offline,Friday,0,5,0,berawan,90,4.2
2025-05-09,P010,Aksesori ponsel,aksesoris,26000,31,12,19,494000,0,0,0,offline,Friday,0,5,0,berawan,90,4.1
2025-05-09,P011,Buket mini,kerajinan,45500,16,4,12,546000,0,0,0,campuran,Friday,0,5,0,berawan,90,4.4
2025-05-09,P012,Paket hampers,kerajinan,94500,8,2,6,567000,0,0,0,campuran,Friday,0,5,0,berawan,90,4.1
2025-05-10,P001,Paket nasi lauk,makanan_minuman,18500,76,24,52,962000,0,0,0,online,Saturday,1,5,0,cerah,133,4.3
2025-05-10,P002,Minuman kopi susu,makanan_minuman,14500,156,68,88,1084600,15,1,191400,campuran,Saturday,1,5,0,cerah,133,4.5
2025-05-10,P003,Snack kemasan lokal,makanan_minuman,9000,92,24,68,612000,0,0,0,campuran,Saturday,1,5,0,cerah,133,4.0
2025-05-10,P004,Kaos basic,fashion,63500,29,14,15,952500,0,0,0,offline,Saturday,1,5,0,cerah,133,4.5
2025-05-10,P005,Hijab polos,fashion,42000,39,18,21,882000,0,0,0,offline,Saturday,1,5,0,cerah,133,4.4
2025-05-10,P006,Sandal harian,fashion,55000,21,9,12,660000,0,0,0,offline,Saturday,1,5,0,cerah,133,4.2
2025-05-10,P007,Sabun cuci literan,kebutuhan_rumah,17500,62,5,57,847900,15,1,149600,online,Saturday,1,5,0,cerah,133,4.4
2025-05-10,P008,Beras 5 kg,kebutuhan_rumah,73500,31,11,20,1470000,0,0,0,offline,Saturday,1,5,0,cerah,133,4.7
2025-05-10,P009,Minyak goreng 1 liter,kebutuhan_rumah,18500,65,32,33,610500,0,0,0,offline,Saturday,1,5,0,cerah,133,4.4
2025-05-10,P010,Aksesori ponsel,aksesoris,25000,49,26,23,575000,0,0,0,offline,Saturday,1,5,0,cerah,133,4.1
2025-05-10,P011,Buket mini,kerajinan,45000,18,0,18,688500,15,1,121500,online,Saturday,1,5,0,cerah,133,4.8
2025-05-10,P012,Paket hampers,kerajinan,96500,14,9,5,482500,0,0,0,online,Saturday,1,5,0,cerah,133,4.4
2025-05-11,P001,Paket nasi lauk,makanan_minuman,19500,86,39,47,916500,0,0,0,offline,Sunday,1,5,0,berawan,154,4.6
2025-05-11,P002,Minuman kopi susu,makanan_minuman,15000,151,69,82,1045500,15,1,184500,offline,Sunday,1,5,0,berawan,154,4.4
2025-05-11,P003,Snack kemasan lokal,makanan_minuman,9000,114,8,106,858600,10,1,95400,online,Sunday,1,5,0,berawan,154,4.3
2025-05-11,P004,Kaos basic,fashion,61500,24,3,21,1291500,0,0,0,offline,Sunday,1,5,0,berawan,154,4.3
2025-05-11,P005,Hijab polos,fashion,42500,50,5,45,1625600,15,1,286900,online,Sunday,1,5,0,berawan,154,4.5
2025-05-11,P006,Sandal harian,fashion,57500,27,10,17,977500,0,0,0,offline,Sunday,1,5,0,berawan,154,4.0
2025-05-11,P007,Sabun cuci literan,kebutuhan_rumah,16500,34,0,34,476800,15,1,84200,campuran,Sunday,1,5,0,berawan,154,4.2
2025-05-11,P008,Beras 5 kg,kebutuhan_rumah,70000,32,0,32,2128000,5,1,112000,campuran,Sunday,1,5,0,berawan,154,4.6
2025-05-11,P009,Minyak goreng 1 liter,kebutuhan_rumah,18500,45,0,45,832500,0,0,0,offline,Sunday,1,5,0,berawan,154,4.5
2025-05-11,P010,Aksesori ponsel,aksesoris,25000,63,31,32,720000,10,1,80000,offline,Sunday,1,5,0,berawan,154,4.0
2025-05-11,P011,Buket mini,kerajinan,43000,26,12,14,571900,5,1,30100,online,Sunday,1,5,0,berawan,154,4.5
2025-05-11,P012,Paket hampers,kerajinan,97500,12,6,6,585000,0,0,0,online,Sunday,1,5,0,berawan,154,4.7
2025-05-12,P001,Paket nasi lauk,makanan_minuman,16500,57,17,40,660000,0,0,0,campuran,Monday,0,5,0,cerah,116,4.5
2025-05-12,P002,Minuman kopi susu,makanan_minuman,15000,121,62,59,796500,10,1,88500,offline,Monday,0,5,0,cerah,116,4.3
2025-05-12,P003,Snack kemasan lokal,makanan_minuman,9000,83,35,48,432000,0,0,0,online,Monday,0,5,0,cerah,116,4.4
2025-05-12,P004,Kaos basic,fashion,65500,17,1,16,1048000,0,0,0,offline,Monday,0,5,0,cerah,116,4.1
2025-05-12,P005,Hijab polos,fashion,42000,24,2,22,924000,0,0,0,offline,Monday,0,5,0,cerah,116,4.5
2025-05-12,P006,Sandal harian,fashion,55000,14,4,10,550000,0,0,0,online,Monday,0,5,0,cerah,116,4.1
2025-05-12,P007,Sabun cuci literan,kebutuhan_rumah,16000,30,9,21,336000,0,0,0,online,Monday,0,5,0,cerah,116,4.0
2025-05-12,P008,Beras 5 kg,kebutuhan_rumah,73500,20,6,14,1029000,0,0,0,offline,Monday,0,5,0,cerah,116,4.6
2025-05-12,P009,Minyak goreng 1 liter,kebutuhan_rumah,18500,45,19,26,481000,0,0,0,offline,Monday,0,5,0,cerah,116,4.1
2025-05-12,P010,Aksesori ponsel,aksesoris,25500,34,8,26,663000,0,0,0,offline,Monday,0,5,0,cerah,116,3.7
2025-05-12,P011,Buket mini,kerajinan,44000,19,6,13,514800,10,1,57200,online,Monday,0,5,0,cerah,116,4.5
2025-05-12,P012,Paket hampers,kerajinan,95000,10,2,8,760000,0,0,0,offline,Monday,0,5,0,cerah,116,4.8
2025-05-13,P001,Paket nasi lauk,makanan_minuman,18000,43,14,29,522000,0,0,0,offline,Tuesday,0,5,0,hujan_ringan,78,4.4
2025-05-13,P002,Minuman kopi susu,makanan_minuman,15000,38,10,28,420000,0,0,0,offline,Tuesday,0,5,0,hujan_ringan,78,4.5
2025-05-13,P003,Snack kemasan lokal,makanan_minuman,9000,60,22,38,342000,0,0,0,offline,Tuesday,0,5,0,hujan_ringan,78,4.3
2025-05-13,P004,Kaos basic,fashion,63000,16,0,16,1008000,0,0,0,offline,Tuesday,0,5,0,hujan_ringan,78,4.1
2025-05-13,P005,Hijab polos,fashion,39500,24,12,12,474000,0,0,0,offline,Tuesday,0,5,0,hujan_ringan,78,4.5
2025-05-13,P006,Sandal harian,fashion,55500,11,3,8,444000,0,0,0,online,Tuesday,0,5,0,hujan_ringan,78,4.2
2025-05-13,P007,Sabun cuci literan,kebutuhan_rumah,17500,43,17,26,455000,0,0,0,campuran,Tuesday,0,5,0,hujan_ringan,78,4.1
2025-05-13,P008,Beras 5 kg,kebutuhan_rumah,69000,19,3,16,1104000,0,0,0,campuran,Tuesday,0,5,0,hujan_ringan,78,4.7
2025-05-13,P009,Minyak goreng 1 liter,kebutuhan_rumah,18500,27,10,17,314500,0,0,0,online,Tuesday,0,5,0,hujan_ringan,78,4.0
2025-05-13,P010,Aksesori ponsel,aksesoris,25000,33,16,17,382500,10,1,42500,online,Tuesday,0,5,0,hujan_ringan,78,4.0
2025-05-13,P011,Buket mini,kerajinan,45500,14,9,5,216100,5,1,11400,online,Tuesday,0,5,0,hujan_ringan,78,4.5
2025-05-13,P012,Paket hampers,kerajinan,97500,7,2,5,487500,0,0,0,offline,Tuesday,0,5,0,hujan_ringan,78,4.8
2025-05-14,P001,Paket nasi lauk,makanan_minuman,17500,62,23,39,682500,0,0,0,offline,Wednesday,0,5,0,cerah,91,4.4
2025-05-14,P002,Minuman kopi susu,makanan_minuman,14500,76,26,50,688800,5,1,36200,offline,Wednesday,0,5,0,cerah,91,4.5
2025-05-14,P003,Snack kemasan lokal,makanan_minuman,9000,68,19,49,441000,0,0,0,campuran,Wednesday,0,5,0,cerah,91,4.2
2025-05-14,P004,Kaos basic,fashion,62500,25,8,17,903100,15,1,159400,online,Wednesday,0,5,0,cerah,91,4.4
2025-05-14,P005,Hijab polos,fashion,44000,23,7,16,704000,0,0,0,offline,Wednesday,0,5,0,cerah,91,4.7
2025-05-14,P006,Sandal harian,fashion,51500,21,1,20,1030000,0,0,0,campuran,Wednesday,0,5,0,cerah,91,3.8
2025-05-14,P007,Sabun cuci literan,kebutuhan_rumah,17000,61,18,43,694400,5,1,36600,campuran,Wednesday,0,5,0,cerah,91,4.3
2025-05-14,P008,Beras 5 kg,kebutuhan_rumah,70000,20,3,17,1190000,0,0,0,offline,Wednesday,0,5,0,cerah,91,4.8
2025-05-14,P009,Minyak goreng 1 liter,kebutuhan_rumah,19500,45,24,21,409500,0,0,0,campuran,Wednesday,0,5,0,cerah,91,4.5
2025-05-14,P010,Aksesori ponsel,aksesoris,25000,41,24,17,425000,0,0,0,offline,Wednesday,0,5,0,cerah,91,3.9
2025-05-14,P011,Buket mini,kerajinan,44000,17,3,14,554400,10,1,61600,offline,Wednesday,0,5,0,cerah,91,4.7
2025-05-14,P012,Paket hampers,kerajinan,96500,10,5,5,482500,0,0,0,online,Wednesday,0,5,0,cerah,91,4.5
2025-05-15,P001,Paket nasi lauk,makanan_minuman,17500,48,13,35,612500,0,0,0,offline,Thursday,0,5,0,berawan,87,4.5
2025-05-15,P002,Minuman kopi susu,makanan_minuman,16000,77,38,39,624000,0,0,0,campuran,Thursday,0,5,0,berawan,87,4.5
2025-05-15,P003,Snack kemasan lokal,makanan_minuman,9500,69,38,31,294500,0,0,0,online,Thursday,0,5,0,berawan,87,4.1
2025-05-15,P004,Kaos basic,fashion,66000,19,5,14,924000,0,0,0,campuran,Thursday,0,5,0,berawan,87,4.2
2025-05-15,P005,Hijab polos,fashion,42000,25,6,19,798000,0,0,0,campuran,Thursday,0,5,0,berawan,87,4.5
2025-05-15,P006,Sandal harian,fashion,54500,21,9,12,588600,10,1,65400,campuran,Thursday,0,5,0,berawan,87,4.2
2025-05-15,P007,Sabun cuci literan,kebutuhan_rumah,17000,32,13,19,323000,0,0,0,online,Thursday,0,5,0,berawan,87,4.3
2025-05-15,P008,Beras 5 kg,kebutuhan_rumah,74000,18,4,14,1036000,0,0,0,offline,Thursday,0,5,0,berawan,87,4.5
2025-05-15,P009,Minyak goreng 1 liter,kebutuhan_rumah,19500,40,13,27,526500,0,0,0,offline,Thursday,0,5,0,berawan,87,4.3
2025-05-15,P010,Aksesori ponsel,aksesoris,25500,28,14,14,357000,0,0,0,offline,Thursday,0,5,0,berawan,87,4.1
2025-05-15,P011,Buket mini,kerajinan,43500,11,8,3,130500,0,0,0,offline,Thursday,0,5,0,berawan,87,4.7
2025-05-15,P012,Paket hampers,kerajinan,92500,6,3,3,277500,0,0,0,online,Thursday,0,5,0,berawan,87,4.8
2025-05-16,P001,Paket nasi lauk,makanan_minuman,18000,30,0,30,540000,0,0,0,online,Friday,0,5,0,hujan_ringan,85,4.5
2025-05-16,P002,Minuman kopi susu,makanan_minuman,15500,53,14,39,604500,0,0,0,campuran,Friday,0,5,0,hujan_ringan,85,4.3
2025-05-16,P003,Snack kemasan lokal,makanan_minuman,9000,57,8,49,441000,0,0,0,offline,Friday,0,5,0,hujan_ringan,85,4.0
2025-05-16,P004,Kaos basic,fashion,67000,13,8,5,335000,0,0,0,offline,Friday,0,5,0,hujan_ringan,85,4.1
2025-05-16,P005,Hijab polos,fashion,44000,15,0,15,660000,0,0,0,offline,Friday,0,5,0,hujan_ringan,85,4.4
2025-05-16,P006,Sandal harian,fashion,55000,7,0,7,385000,0,0,0,online,Friday,0,5,0,hujan_ringan,85,4.3
2025-05-16,P007,Sabun cuci literan,kebutuhan_rumah,16000,27,5,22,352000,0,0,0,offline,Friday,0,5,0,hujan_ringan,85,4.4
2025-05-16,P008,Beras 5 kg,kebutuhan_rumah,73500,13,6,7,514500,0,0,0,offline,Friday,0,5,0,hujan_ringan,85,4.5
2025-05-16,P009,Minyak goreng 1 liter,kebutuhan_rumah,17500,40,21,19,332500,0,0,0,offline,Friday,0,5,0,hujan_ringan,85,4.4
2025-05-16,P010,Aksesori ponsel,aksesoris,24500,52,35,17,395700,5,1,20800,campuran,Friday,0,5,0,hujan_ringan,85,4.4
2025-05-16,P011,Buket mini,kerajinan,43500,11,0,11,478500,0,0,0,campuran,Friday,0,5,0,hujan_ringan,85,4.7
2025-05-16,P012,Paket hampers,kerajinan,92500,6,3,3,277500,0,0,0,online,Friday,0,5,0,hujan_ringan,85,4.7
2025-05-17,P001,Paket nasi lauk,makanan_minuman,18500,145,58,87,1448600,10,1,161000,online,Saturday,1,5,0,cerah,168,4.4
2025-05-17,P002,Minuman kopi susu,makanan_minuman,15500,135,41,94,1238400,15,1,218600,online,Saturday,1,5,0,cerah,168,4.0
2025-05-17,P003,Snack kemasan lokal,makanan_minuman,9500,101,28,73,693500,0,0,0,online,Saturday,1,5,0,cerah,168,4.3
2025-05-17,P004,Kaos basic,fashion,63500,26,2,24,1524000,0,0,0,offline,Saturday,1,5,0,cerah,168,4.5
2025-05-17,P005,Hijab polos,fashion,45000,33,16,17,765000,0,0,0,online,Saturday,1,5,0,cerah,168,4.5
2025-05-17,P006,Sandal harian,fashion,52500,35,5,30,1417500,10,1,157500,offline,Saturday,1,5,0,cerah,168,4.1
2025-05-17,P007,Sabun cuci literan,kebutuhan_rumah,16500,101,33,68,1009800,10,1,112200,campuran,Saturday,1,5,0,cerah,168,4.1
2025-05-17,P008,Beras 5 kg,kebutuhan_rumah,74500,37,17,20,1490000,0,0,0,online,Saturday,1,5,0,cerah,168,4.7
2025-05-17,P009,Minyak goreng 1 liter,kebutuhan_rumah,18500,80,33,47,869500,0,0,0,offline,Saturday,1,5,0,cerah,168,4.6
2025-05-17,P010,Aksesori ponsel,aksesoris,25500,44,13,31,790500,0,0,0,online,Saturday,1,5,0,cerah,168,3.9
2025-05-17,P011,Buket mini,kerajinan,46500,23,7,16,744000,0,0,0,campuran,Saturday,1,5,0,cerah,168,4.6
2025-05-17,P012,Paket hampers,kerajinan,100000,13,8,5,500000,0,0,0,online,Saturday,1,5,0,cerah,168,4.6
2025-05-18,P001,Paket nasi lauk,makanan_minuman,18000,67,25,42,756000,0,0,0,online,Sunday,1,5,0,berawan,116,4.8
2025-05-18,P002,Minuman kopi susu,makanan_minuman,16000,66,14,52,832000,0,0,0,online,Sunday,1,5,0,berawan,116,4.6
2025-05-18,P003,Snack kemasan lokal,makanan_minuman,9000,114,52,62,558000,0,0,0,campuran,Sunday,1,5,0,berawan,116,4.4
2025-05-18,P004,Kaos basic,fashion,67500,23,8,15,1012500,0,0,0,offline,Sunday,1,5,0,berawan,116,4.4
2025-05-18,P005,Hijab polos,fashion,41000,29,0,29,1189000,0,0,0,online,Sunday,1,5,0,berawan,116,4.7
2025-05-18,P006,Sandal harian,fashion,54000,27,8,19,872100,15,1,153900,offline,Sunday,1,5,0,berawan,116,4.1
2025-05-18,P007,Sabun cuci literan,kebutuhan_rumah,17000,39,14,25,425000,0,0,0,online,Sunday,1,5,0,berawan,116,4.3
2025-05-18,P008,Beras 5 kg,kebutuhan_rumah,76500,25,7,18,1377000,0,0,0,online,Sunday,1,5,0,berawan,116,4.4
2025-05-18,P009,Minyak goreng 1 liter,kebutuhan_rumah,20000,71,25,46,736000,20,1,184000,online,Sunday,1,5,0,berawan,116,4.6
2025-05-18,P010,Aksesori ponsel,aksesoris,25500,29,12,17,433500,0,0,0,offline,Sunday,1,5,0,berawan,116,4.0
2025-05-18,P011,Buket mini,kerajinan,47000,15,4,11,517000,0,0,0,online,Sunday,1,5,0,berawan,116,5.0
2025-05-18,P012,Paket hampers,kerajinan,98500,12,5,7,689500,0,0,0,offline,Sunday,1,5,0,berawan,116,4.7
2025-05-19,P001,Paket nasi lauk,makanan_minuman,17500,57,20,37,647500,0,0,0,offline,Monday,0,5,0,cerah,114,4.6
2025-05-19,P002,Minuman kopi susu,makanan_minuman,14000,64,40,24,336000,0,0,0,online,Monday,0,5,0,cerah,114,4.5
2025-05-19,P003,Snack kemasan lokal,makanan_minuman,9000,62,4,58,522000,0,0,0,offline,Monday,0,5,0,cerah,114,4.3
2025-05-19,P004,Kaos basic,fashion,64500,19,6,13,838500,0,0,0,offline,Monday,0,5,0,cerah,114,4.3
2025-05-19,P005,Hijab polos,fashion,43500,24,5,19,826500,0,0,0,online,Monday,0,5,0,cerah,114,4.6
2025-05-19,P006,Sandal harian,fashion,58000,19,9,10,580000,0,0,0,campuran,Monday,0,5,0,cerah,114,4.2
2025-05-19,P007,Sabun cuci literan,kebutuhan_rumah,16500,38,6,32,528000,0,0,0,offline,Monday,0,5,0,cerah,114,4.4
2025-05-19,P008,Beras 5 kg,kebutuhan_rumah,76000,21,0,21,1516200,5,1,79800,campuran,Monday,0,5,0,cerah,114,4.3
2025-05-19,P009,Minyak goreng 1 liter,kebutuhan_rumah,18500,49,27,22,407000,0,0,0,offline,Monday,0,5,0,cerah,114,4.5
2025-05-19,P010,Aksesori ponsel,aksesoris,25500,45,23,22,561000,0,0,0,campuran,Monday,0,5,0,cerah,114,4.0
2025-05-19,P011,Buket mini,kerajinan,44500,13,4,9,400500,0,0,0,campuran,Monday,0,5,0,cerah,114,4.8
2025-05-19,P012,Paket hampers,kerajinan,94500,9,3,6,567000,0,0,0,offline,Monday,0,5,0,cerah,114,4.5
2025-05-20,P001,Paket nasi lauk,makanan_minuman,18500,69,17,52,962000,0,0,0,campuran,Tuesday,0,5,0,cerah,122,4.4
2025-05-20,P002,Minuman kopi susu,makanan_minuman,15000,72,29,43,645000,0,0,0,campuran,Tuesday,0,5,0,cerah,122,4.4
2025-05-20,P003,Snack kemasan lokal,makanan_minuman,9000,77,11,66,594000,0,0,0,offline,Tuesday,0,5,0,cerah,122,4.1
2025-05-20,P004,Kaos basic,fashion,60500,36,6,30,1452000,20,1,363000,offline,Tuesday,0,5,0,cerah,122,4.3
2025-05-20,P005,Hijab polos,fashion,41500,29,18,11,456500,0,0,0,offline,Tuesday,0,5,0,cerah,122,4.3
2025-05-20,P006,Sandal harian,fashion,54000,20,1,19,974700,5,1,51300,offline,Tuesday,0,5,0,cerah,122,4.0
2025-05-20,P007,Sabun cuci literan,kebutuhan_rumah,16500,56,21,35,577500,0,0,0,campuran,Tuesday,0,5,0,cerah,122,4.0
2025-05-20,P008,Beras 5 kg,kebutuhan_rumah,76500,26,10,16,1224000,0,0,0,offline,Tuesday,0,5,0,cerah,122,4.3
2025-05-20,P009,Minyak goreng 1 liter,kebutuhan_rumah,17500,62,19,43,677200,10,1,75200,online,Tuesday,0,5,0,cerah,122,4.0
2025-05-20,P010,Aksesori ponsel,aksesoris,23000,46,28,18,414000,0,0,0,offline,Tuesday,0,5,0,cerah,122,4.0
2025-05-20,P011,Buket mini,kerajinan,46000,13,6,7,322000,0,0,0,offline,Tuesday,0,5,0,cerah,122,4.8
2025-05-20,P012,Paket hampers,kerajinan,95000,11,8,3,285000,0,0,0,campuran,Tuesday,0,5,0,cerah,122,4.9
2025-05-21,P001,Paket nasi lauk,makanan_minuman,17000,54,26,28,476000,0,0,0,offline,Wednesday,0,5,0,berawan,93,4.3
2025-05-21,P002,Minuman kopi susu,makanan_minuman,14500,70,36,34,493000,0,0,0,campuran,Wednesday,0,5,0,berawan,93,4.3
2025-05-21,P003,Snack kemasan lokal,makanan_minuman,9500,62,26,36,342000,0,0,0,offline,Wednesday,0,5,0,berawan,93,4.1
2025-05-21,P004,Kaos basic,fashion,67500,16,7,9,607500,0,0,0,offline,Wednesday,0,5,0,berawan,93,4.6
2025-05-21,P005,Hijab polos,fashion,42000,26,6,20,840000,0,0,0,campuran,Wednesday,0,5,0,berawan,93,4.5
2025-05-21,P006,Sandal harian,fashion,57500,15,1,14,805000,0,0,0,campuran,Wednesday,0,5,0,berawan,93,4.0
2025-05-21,P007,Sabun cuci literan,kebutuhan_rumah,16500,28,2,26,429000,0,0,0,offline,Wednesday,0,5,0,berawan,93,4.4
2025-05-21,P008,Beras 5 kg,kebutuhan_rumah,70500,21,11,10,705000,0,0,0,offline,Wednesday,0,5,0,berawan,93,4.7
2025-05-21,P009,Minyak goreng 1 liter,kebutuhan_rumah,19000,45,13,32,608000,0,0,0,campuran,Wednesday,0,5,0,berawan,93,4.2
2025-05-21,P010,Aksesori ponsel,aksesoris,25500,25,1,24,612000,0,0,0,offline,Wednesday,0,5,0,berawan,93,4.0
2025-05-21,P011,Buket mini,kerajinan,45500,14,4,10,455000,0,0,0,online,Wednesday,0,5,0,berawan,93,4.8
2025-05-21,P012,Paket hampers,kerajinan,94500,7,0,7,661500,0,0,0,online,Wednesday,0,5,0,berawan,93,4.6
2025-05-22,P001,Paket nasi lauk,makanan_minuman,17500,91,39,52,864500,5,1,45500,offline,Thursday,0,5,0,cerah,122,4.6
2025-05-22,P002,Minuman kopi susu,makanan_minuman,14000,169,107,62,737800,15,1,130200,campuran,Thursday,0,5,0,cerah,122,4.8
2025-05-22,P003,Snack kemasan lokal,makanan_minuman,8500,80,35,45,382500,0,0,0,offline,Thursday,0,5,0,cerah,122,4.4
2025-05-22,P004,Kaos basic,fashion,62500,18,3,15,937500,0,0,0,online,Thursday,0,5,0,cerah,122,4.5
2025-05-22,P005,Hijab polos,fashion,42500,29,18,11,467500,0,0,0,campuran,Thursday,0,5,0,cerah,122,4.4
2025-05-22,P006,Sandal harian,fashion,56000,15,4,11,616000,0,0,0,offline,Thursday,0,5,0,cerah,122,4.4
2025-05-22,P007,Sabun cuci literan,kebutuhan_rumah,17000,51,27,24,408000,0,0,0,campuran,Thursday,0,5,0,cerah,122,4.1
2025-05-22,P008,Beras 5 kg,kebutuhan_rumah,72000,14,0,14,1008000,0,0,0,online,Thursday,0,5,0,cerah,122,4.6
2025-05-22,P009,Minyak goreng 1 liter,kebutuhan_rumah,19000,40,11,29,551000,0,0,0,offline,Thursday,0,5,0,cerah,122,4.3
2025-05-22,P010,Aksesori ponsel,aksesoris,24500,35,8,27,661500,0,0,0,offline,Thursday,0,5,0,cerah,122,4.0
2025-05-22,P011,Buket mini,kerajinan,45500,16,5,11,500500,0,0,0,offline,Thursday,0,5,0,cerah,122,4.7
2025-05-22,P012,Paket hampers,kerajinan,94000,7,0,7,658000,0,0,0,offline,Thursday,0,5,0,cerah,122,4.3
2025-05-23,P001,Paket nasi lauk,makanan_minuman,18000,36,6,30,540000,0,0,0,online,Friday,0,5,0,cerah,111,4.2
2025-05-23,P002,Minuman kopi susu,makanan_minuman,15500,58,28,30,465000,0,0,0,online,Friday,0,5,0,cerah,111,4.4
2025-05-23,P003,Snack kemasan lokal,makanan_minuman,8500,97,36,61,466600,10,1,51800,online,Friday,0,5,0,cerah,111,4.3
2025-05-23,P004,Kaos basic,fashion,63500,17,3,14,889000,0,0,0,offline,Friday,0,5,0,cerah,111,4.5
2025-05-23,P005,Hijab polos,fashion,41000,27,6,21,861000,0,0,0,campuran,Friday,0,5,0,cerah,111,4.4
2025-05-23,P006,Sandal harian,fashion,53500,11,4,7,374500,0,0,0,online,Friday,0,5,0,cerah,111,4.2
2025-05-23,P007,Sabun cuci literan,kebutuhan_rumah,17500,36,14,22,385000,0,0,0,offline,Friday,0,5,0,cerah,111,4.2
2025-05-23,P008,Beras 5 kg,kebutuhan_rumah,70500,46,26,20,1269000,10,1,141000,offline,Friday,0,5,0,cerah,111,4.4
2025-05-23,P009,Minyak goreng 1 liter,kebutuhan_rumah,19500,38,6,32,624000,0,0,0,online,Friday,0,5,0,cerah,111,4.5
2025-05-23,P010,Aksesori ponsel,aksesoris,25500,35,17,18,459000,0,0,0,online,Friday,0,5,0,cerah,111,4.1
2025-05-23,P011,Buket mini,kerajinan,46000,12,7,5,230000,0,0,0,offline,Friday,0,5,0,cerah,111,4.7
2025-05-23,P012,Paket hampers,kerajinan,101000,11,6,5,505000,0,0,0,campuran,Friday,0,5,0,cerah,111,4.8
2025-05-24,P001,Paket nasi lauk,makanan_minuman,18500,69,12,57,1054500,0,0,0,campuran,Saturday,1,5,0,berawan,129,4.5
2025-05-24,P002,Minuman kopi susu,makanan_minuman,15500,61,10,51,790500,0,0,0,offline,Saturday,1,5,0,berawan,129,4.5
2025-05-24,P003,Snack kemasan lokal,makanan_minuman,9000,96,39,57,513000,0,0,0,offline,Saturday,1,5,0,berawan,129,4.5
2025-05-24,P004,Kaos basic,fashion,66000,30,12,18,1188000,0,0,0,campuran,Saturday,1,5,0,berawan,129,4.3
2025-05-24,P005,Hijab polos,fashion,44000,50,6,44,1742400,10,1,193600,campuran,Saturday,1,5,0,berawan,129,4.6
2025-05-24,P006,Sandal harian,fashion,55000,23,14,9,495000,0,0,0,offline,Saturday,1,5,0,berawan,129,4.0
2025-05-24,P007,Sabun cuci literan,kebutuhan_rumah,17000,51,15,36,612000,0,0,0,campuran,Saturday,1,5,0,berawan,129,4.3
2025-05-24,P008,Beras 5 kg,kebutuhan_rumah,73000,35,16,19,1387000,0,0,0,campuran,Saturday,1,5,0,berawan,129,4.5
2025-05-24,P009,Minyak goreng 1 liter,kebutuhan_rumah,19000,57,20,37,703000,0,0,0,offline,Saturday,1,5,0,berawan,129,4.3
2025-05-24,P010,Aksesori ponsel,aksesoris,23500,44,19,25,587500,0,0,0,offline,Saturday,1,5,0,berawan,129,4.0
2025-05-24,P011,Buket mini,kerajinan,46000,31,16,15,621000,10,1,69000,campuran,Saturday,1,5,0,berawan,129,4.7
2025-05-24,P012,Paket hampers,kerajinan,94500,15,8,7,628400,5,1,33100,offline,Saturday,1,5,0,berawan,129,4.5
2025-05-25,P001,Paket nasi lauk,makanan_minuman,18000,73,27,46,828000,0,0,0,campuran,Sunday,1,5,0,berawan,122,4.4
2025-05-25,P002,Minuman kopi susu,makanan_minuman,15000,118,42,76,1026000,10,1,114000,offline,Sunday,1,5,0,berawan,122,4.5
2025-05-25,P003,Snack kemasan lokal,makanan_minuman,8500,92,38,54,459000,0,0,0,offline,Sunday,1,5,0,berawan,122,4.0
2025-05-25,P004,Kaos basic,fashion,63000,20,7,13,819000,0,0,0,offline,Sunday,1,5,0,berawan,122,4.4
2025-05-25,P005,Hijab polos,fashion,42000,42,21,21,882000,0,0,0,campuran,Sunday,1,5,0,berawan,122,4.4
2025-05-25,P006,Sandal harian,fashion,56000,34,19,15,714000,15,1,126000,campuran,Sunday,1,5,0,berawan,122,3.9
2025-05-25,P007,Sabun cuci literan,kebutuhan_rumah,16500,64,7,57,846400,10,1,94000,campuran,Sunday,1,5,0,berawan,122,4.7
2025-05-25,P008,Beras 5 kg,kebutuhan_rumah,68500,26,2,24,1644000,0,0,0,campuran,Sunday,1,5,0,berawan,122,4.7
2025-05-25,P009,Minyak goreng 1 liter,kebutuhan_rumah,18500,82,11,71,1247800,5,1,65700,campuran,Sunday,1,5,0,berawan,122,4.4
2025-05-25,P010,Aksesori ponsel,aksesoris,24500,42,22,20,490000,0,0,0,offline,Sunday,1,5,0,berawan,122,4.1
2025-05-25,P011,Buket mini,kerajinan,45000,20,6,14,630000,0,0,0,offline,Sunday,1,5,0,berawan,122,4.7
2025-05-25,P012,Paket hampers,kerajinan,99000,13,0,13,1287000,0,0,0,campuran,Sunday,1,5,0,berawan,122,4.4
2025-05-26,P001,Paket nasi lauk,makanan_minuman,17500,65,28,37,647500,0,0,0,online,Monday,0,5,0,cerah,95,4.6
2025-05-26,P002,Minuman kopi susu,makanan_minuman,15000,77,14,63,897800,5,1,47200,offline,Monday,0,5,0,cerah,95,4.5
2025-05-26,P003,Snack kemasan lokal,makanan_minuman,9000,53,10,43,387000,0,0,0,offline,Monday,0,5,0,cerah,95,4.5
2025-05-26,P004,Kaos basic,fashion,65500,18,0,18,1179000,0,0,0,campuran,Monday,0,5,0,cerah,95,3.9
2025-05-26,P005,Hijab polos,fashion,41500,27,10,17,705500,0,0,0,offline,Monday,0,5,0,cerah,95,4.5
2025-05-26,P006,Sandal harian,fashion,58000,23,10,13,640900,15,1,113100,offline,Monday,0,5,0,cerah,95,4.2
2025-05-26,P007,Sabun cuci literan,kebutuhan_rumah,17000,39,15,24,408000,0,0,0,offline,Monday,0,5,0,cerah,95,4.0
2025-05-26,P008,Beras 5 kg,kebutuhan_rumah,70500,22,9,13,916500,0,0,0,online,Monday,0,5,0,cerah,95,4.1
2025-05-26,P009,Minyak goreng 1 liter,kebutuhan_rumah,20000,36,17,19,380000,0,0,0,online,Monday,0,5,0,cerah,95,4.3
2025-05-26,P010,Aksesori ponsel,aksesoris,26500,33,15,18,477000,0,0,0,offline,Monday,0,5,0,cerah,95,4.1
2025-05-26,P011,Buket mini,kerajinan,46500,13,3,10,465000,0,0,0,online,Monday,0,5,0,cerah,95,4.7
2025-05-26,P012,Paket hampers,kerajinan,97000,14,3,11,960300,10,1,106700,online,Monday,0,5,0,cerah,95,4.5
2025-05-27,P001,Paket nasi lauk,makanan_minuman,17500,61,39,22,385000,0,0,0,campuran,Tuesday,0,5,0,hujan_deras,81,4.6
2025-05-27,P002,Minuman kopi susu,makanan_minuman,15000,47,16,31,465000,0,0,0,offline,Tuesday,0,5,0,hujan_deras,81,4.5
2025-05-27,P003,Snack kemasan lokal,makanan_minuman,9000,51,23,28,252000,0,0,0,offline,Tuesday,0,5,0,hujan_deras,81,3.9
2025-05-27,P004,Kaos basic,fashion,65500,17,6,11,720500,0,0,0,campuran,Tuesday,0,5,0,hujan_deras,81,4.1
2025-05-27,P005,Hijab polos,fashion,43000,15,7,8,344000,0,0,0,online,Tuesday,0,5,0,hujan_deras,81,4.4
2025-05-27,P006,Sandal harian,fashion,55000,11,1,10,550000,0,0,0,offline,Tuesday,0,5,0,hujan_deras,81,4.0
2025-05-27,P007,Sabun cuci literan,kebutuhan_rumah,16500,32,10,22,363000,0,0,0,offline,Tuesday,0,5,0,hujan_deras,81,4.0
2025-05-27,P008,Beras 5 kg,kebutuhan_rumah,67000,22,10,12,804000,0,0,0,offline,Tuesday,0,5,0,hujan_deras,81,4.4
2025-05-27,P009,Minyak goreng 1 liter,kebutuhan_rumah,19000,30,8,22,397100,5,1,20900,online,Tuesday,0,5,0,hujan_deras,81,4.2
2025-05-27,P010,Aksesori ponsel,aksesoris,24000,29,8,21,504000,0,0,0,offline,Tuesday,0,5,0,hujan_deras,81,4.0
2025-05-27,P011,Buket mini,kerajinan,41500,9,2,7,290500,0,0,0,online,Tuesday,0,5,0,hujan_deras,81,4.6
2025-05-27,P012,Paket hampers,kerajinan,89500,5,0,5,447500,0,0,0,offline,Tuesday,0,5,0,hujan_deras,81,4.6
2025-05-28,P001,Paket nasi lauk,makanan_minuman,18000,71,36,35,535500,15,1,94500,campuran,Wednesday,0,5,0,hujan_deras,69,4.6
2025-05-28,P002,Minuman kopi susu,makanan_minuman,15500,29,8,21,325500,0,0,0,online,Wednesday,0,5,0,hujan_deras,69,4.2
2025-05-28,P003,Snack kemasan lokal,makanan_minuman,9500,58,19,39,370500,0,0,0,campuran,Wednesday,0,5,0,hujan_deras,69,4.2
2025-05-28,P004,Kaos basic,fashion,69000,10,9,1,69000,0,0,0,offline,Wednesday,0,5,0,hujan_deras,69,4.1
2025-05-28,P005,Hijab polos,fashion,42500,19,9,10,425000,0,0,0,offline,Wednesday,0,5,0,hujan_deras,69,4.5
2025-05-28,P006,Sandal harian,fashion,53000,13,6,7,315400,15,1,55600,campuran,Wednesday,0,5,0,hujan_deras,69,3.8
2025-05-28,P007,Sabun cuci literan,kebutuhan_rumah,17000,24,0,24,408000,0,0,0,campuran,Wednesday,0,5,0,hujan_deras,69,4.3
2025-05-28,P008,Beras 5 kg,kebutuhan_rumah,76000,18,13,5,380000,0,0,0,online,Wednesday,0,5,0,hujan_deras,69,4.8
2025-05-28,P009,Minyak goreng 1 liter,kebutuhan_rumah,19000,24,7,17,323000,0,0,0,online,Wednesday,0,5,0,hujan_deras,69,4.3
2025-05-28,P010,Aksesori ponsel,aksesoris,25000,23,11,12,300000,0,0,0,offline,Wednesday,0,5,0,hujan_deras,69,4.1
2025-05-28,P011,Buket mini,kerajinan,43500,7,3,4,174000,0,0,0,offline,Wednesday,0,5,0,hujan_deras,69,4.5
2025-05-28,P012,Paket hampers,kerajinan,100000,7,4,3,300000,0,0,0,offline,Wednesday,0,5,0,hujan_deras,69,4.6
2025-05-29,P001,Paket nasi lauk,makanan_minuman,17500,68,32,36,630000,0,0,0,campuran,Thursday,0,5,0,berawan,81,4.6
2025-05-29,P002,Minuman kopi susu,makanan_minuman,15000,63,29,34,510000,0,0,0,offline,Thursday,0,5,0,berawan,81,4.2
2025-05-29,P003,Snack kemasan lokal,makanan_minuman,9000,58,24,34,306000,0,0,0,online,Thursday,0,5,0,berawan,81,4.1
2025-05-29,P004,Kaos basic,fashion,67500,15,7,8,540000,0,0,0,offline,Thursday,0,5,0,berawan,81,4.3
2025-05-29,P005,Hijab polos,fashion,40000,24,9,15,600000,0,0,0,campuran,Thursday,0,5,0,berawan,81,4.6
2025-05-29,P006,Sandal harian,fashion,57500,12,5,7,402500,0,0,0,offline,Thursday,0,5,0,berawan,81,4.1
2025-05-29,P007,Sabun cuci literan,kebutuhan_rumah,17500,38,8,30,525000,0,0,0,campuran,Thursday,0,5,0,berawan,81,4.3
2025-05-29,P008,Beras 5 kg,kebutuhan_rumah,77000,22,13,9,693000,0,0,0,offline,Thursday,0,5,0,berawan,81,4.8
2025-05-29,P009,Minyak goreng 1 liter,kebutuhan_rumah,17500,33,8,25,437500,0,0,0,online,Thursday,0,5,0,berawan,81,4.2
2025-05-29,P010,Aksesori ponsel,aksesoris,24500,29,2,27,661500,0,0,0,campuran,Thursday,0,5,0,berawan,81,4.2
2025-05-29,P011,Buket mini,kerajinan,45500,10,0,10,455000,0,0,0,campuran,Thursday,0,5,0,berawan,81,4.7
2025-05-29,P012,Paket hampers,kerajinan,100000,9,2,7,700000,0,0,0,online,Thursday,0,5,0,berawan,81,4.8
2025-05-30,P001,Paket nasi lauk,makanan_minuman,19000,63,19,44,836000,0,0,0,online,Friday,0,5,0,cerah,106,4.5
2025-05-30,P002,Minuman kopi susu,makanan_minuman,16000,66,23,43,688000,0,0,0,online,Friday,0,5,0,cerah,106,4.3
2025-05-30,P003,Snack kemasan lokal,makanan_minuman,9000,77,19,58,522000,0,0,0,campuran,Friday,0,5,0,cerah,106,4.4
2025-05-30,P004,Kaos basic,fashion,60500,20,11,9,544500,0,0,0,offline,Friday,0,5,0,cerah,106,4.4
2025-05-30,P005,Hijab polos,fashion,42000,34,6,28,1058400,10,1,117600,online,Friday,0,5,0,cerah,106,4.4
2025-05-30,P006,Sandal harian,fashion,51000,19,7,12,612000,0,0,0,offline,Friday,0,5,0,cerah,106,4.2
2025-05-30,P007,Sabun cuci literan,kebutuhan_rumah,17000,49,19,30,510000,0,0,0,offline,Friday,0,5,0,cerah,106,4.2
2025-05-30,P008,Beras 5 kg,kebutuhan_rumah,75000,19,0,19,1425000,0,0,0,campuran,Friday,0,5,0,cerah,106,4.7
2025-05-30,P009,Minyak goreng 1 liter,kebutuhan_rumah,19000,67,21,46,786600,10,1,87400,offline,Friday,0,5,0,cerah,106,4.1
2025-05-30,P010,Aksesori ponsel,aksesoris,25000,64,29,35,700000,20,1,175000,campuran,Friday,0,5,0,cerah,106,4.2
2025-05-30,P011,Buket mini,kerajinan,43500,15,1,14,609000,0,0,0,campuran,Friday,0,5,0,cerah,106,4.8
2025-05-30,P012,Paket hampers,kerajinan,96000,7,0,7,672000,0,0,0,offline,Friday,0,5,0,cerah,106,4.7
2025-05-31,P001,Paket nasi lauk,makanan_minuman,16500,58,11,47,775500,0,0,0,offline,Saturday,1,5,0,hujan_ringan,117,4.4
2025-05-31,P002,Minuman kopi susu,makanan_minuman,15000,110,47,63,897800,5,1,47200,offline,Saturday,1,5,0,hujan_ringan,117,4.7
2025-05-31,P003,Snack kemasan lokal,makanan_minuman,9000,98,53,45,405000,0,0,0,online,Saturday,1,5,0,hujan_ringan,117,3.9
2025-05-31,P004,Kaos basic,fashion,64000,18,3,15,960000,0,0,0,offline,Saturday,1,5,0,hujan_ringan,117,4.1
2025-05-31,P005,Hijab polos,fashion,41500,25,8,17,705500,0,0,0,offline,Saturday,1,5,0,hujan_ringan,117,4.6
2025-05-31,P006,Sandal harian,fashion,55000,16,0,16,880000,0,0,0,online,Saturday,1,5,0,hujan_ringan,117,4.0
2025-05-31,P007,Sabun cuci literan,kebutuhan_rumah,17000,77,34,43,694400,5,1,36600,campuran,Saturday,1,5,0,hujan_ringan,117,4.4
2025-05-31,P008,Beras 5 kg,kebutuhan_rumah,69500,28,12,16,1056400,5,1,55600,campuran,Saturday,1,5,0,hujan_ringan,117,4.7
2025-05-31,P009,Minyak goreng 1 liter,kebutuhan_rumah,19000,61,12,49,884400,5,1,46600,offline,Saturday,1,5,0,hujan_ringan,117,4.3
2025-05-31,P010,Aksesori ponsel,aksesoris,23500,41,21,20,470000,0,0,0,online,Saturday,1,5,0,hujan_ringan,117,3.9
2025-05-31,P011,Buket mini,kerajinan,42500,20,0,20,765000,10,1,85000,offline,Saturday,1,5,0,hujan_ringan,117,4.6
2025-05-31,P012,Paket hampers,kerajinan,95000,15,3,12,969000,15,1,171000,offline,Saturday,1,5,0,hujan_ringan,117,4.2
2025-06-01,P001,Paket nasi lauk,makanan_minuman,18000,56,4,52,936000,0,0,0,online,Sunday,1,6,0,berawan,140,4.3
2025-06-01,P002,Minuman kopi susu,makanan_minuman,14500,92,39,53,768500,0,0,0,online,Sunday,1,6,0,berawan,140,4.5
2025-06-01,P003,Snack kemasan lokal,makanan_minuman,9500,88,18,70,665000,0,0,0,offline,Sunday,1,6,0,berawan,140,4.3
2025-06-01,P004,Kaos basic,fashion,65500,24,7,17,1113500,0,0,0,online,Sunday,1,6,0,berawan,140,4.3
2025-06-01,P005,Hijab polos,fashion,39500,44,13,31,1224500,0,0,0,offline,Sunday,1,6,0,berawan,140,4.4
2025-06-01,P006,Sandal harian,fashion,51000,25,0,25,1275000,0,0,0,campuran,Sunday,1,6,0,berawan,140,4.2
2025-06-01,P007,Sabun cuci literan,kebutuhan_rumah,17500,69,19,50,831200,5,1,43800,offline,Sunday,1,6,0,berawan,140,4.4
2025-06-01,P008,Beras 5 kg,kebutuhan_rumah,72000,42,19,23,1490400,10,1,165600,offline,Sunday,1,6,0,berawan,140,4.9
2025-06-01,P009,Minyak goreng 1 liter,kebutuhan_rumah,17500,53,21,32,560000,0,0,0,online,Sunday,1,6,0,berawan,140,4.4
2025-06-01,P010,Aksesori ponsel,aksesoris,25500,69,36,33,757400,10,1,84200,offline,Sunday,1,6,0,berawan,140,3.8
2025-06-01,P011,Buket mini,kerajinan,45500,20,11,9,409500,0,0,0,offline,Sunday,1,6,0,berawan,140,4.8
2025-06-01,P012,Paket hampers,kerajinan,98000,13,7,6,588000,0,0,0,offline,Sunday,1,6,0,berawan,140,4.8
2025-06-02,P001,Paket nasi lauk,makanan_minuman,18000,56,12,44,792000,0,0,0,offline,Monday,0,6,0,cerah,97,4.3
2025-06-02,P002,Minuman kopi susu,makanan_minuman,14500,63,28,35,507500,0,0,0,online,Monday,0,6,0,cerah,97,4.7
2025-06-02,P003,Snack kemasan lokal,makanan_minuman,8500,78,17,61,518500,0,0,0,campuran,Monday,0,6,0,cerah,97,4.3
2025-06-02,P004,Kaos basic,fashion,61000,24,7,17,1037000,0,0,0,online,Monday,0,6,0,cerah,97,4.4
2025-06-02,P005,Hijab polos,fashion,41000,34,8,26,1066000,0,0,0,online,Monday,0,6,0,cerah,97,4.4
2025-06-02,P006,Sandal harian,fashion,55500,15,2,13,721500,0,0,0,offline,Monday,0,6,0,cerah,97,4.2
2025-06-02,P007,Sabun cuci literan,kebutuhan_rumah,17000,49,24,25,425000,0,0,0,offline,Monday,0,6,0,cerah,97,4.3
2025-06-02,P008,Beras 5 kg,kebutuhan_rumah,74500,21,6,15,1061600,5,1,55900,online,Monday,0,6,0,cerah,97,4.7
2025-06-02,P009,Minyak goreng 1 liter,kebutuhan_rumah,19000,42,24,18,342000,0,0,0,offline,Monday,0,6,0,cerah,97,4.6
2025-06-02,P010,Aksesori ponsel,aksesoris,24000,28,6,22,528000,0,0,0,campuran,Monday,0,6,0,cerah,97,4.0
2025-06-02,P011,Buket mini,kerajinan,45000,15,5,10,450000,0,0,0,offline,Monday,0,6,0,cerah,97,4.9
2025-06-02,P012,Paket hampers,kerajinan,95500,10,3,7,668500,0,0,0,campuran,Monday,0,6,0,cerah,97,4.4
2025-06-03,P001,Paket nasi lauk,makanan_minuman,17500,54,21,33,577500,0,0,0,offline,Tuesday,0,6,0,hujan_ringan,94,4.7
2025-06-03,P002,Minuman kopi susu,makanan_minuman,14500,62,11,51,739500,0,0,0,campuran,Tuesday,0,6,0,hujan_ringan,94,4.4
2025-06-03,P003,Snack kemasan lokal,makanan_minuman,9500,45,3,42,399000,0,0,0,offline,Tuesday,0,6,0,hujan_ringan,94,4.2
2025-06-03,P004,Kaos basic,fashion,66000,27,14,13,858000,0,0,0,offline,Tuesday,0,6,0,hujan_ringan,94,4.2
2025-06-03,P005,Hijab polos,fashion,44000,22,8,14,616000,0,0,0,campuran,Tuesday,0,6,0,hujan_ringan,94,4.6
2025-06-03,P006,Sandal harian,fashion,57000,13,1,12,684000,0,0,0,offline,Tuesday,0,6,0,hujan_ringan,94,4.3
2025-06-03,P007,Sabun cuci literan,kebutuhan_rumah,17000,41,26,15,255000,0,0,0,campuran,Tuesday,0,6,0,hujan_ringan,94,4.2
2025-06-03,P008,Beras 5 kg,kebutuhan_rumah,73500,17,3,14,1029000,0,0,0,online,Tuesday,0,6,0,hujan_ringan,94,4.8
2025-06-03,P009,Minyak goreng 1 liter,kebutuhan_rumah,18500,43,18,25,462500,0,0,0,campuran,Tuesday,0,6,0,hujan_ringan,94,4.5
2025-06-03,P010,Aksesori ponsel,aksesoris,25500,22,7,15,382500,0,0,0,online,Tuesday,0,6,0,hujan_ringan,94,4.3
2025-06-03,P011,Buket mini,kerajinan,47500,11,4,7,332500,0,0,0,offline,Tuesday,0,6,0,hujan_ringan,94,4.6
2025-06-03,P012,Paket hampers,kerajinan,91500,9,4,5,434600,5,1,22900,offline,Tuesday,0,6,0,hujan_ringan,94,4.5
2025-06-04,P001,Paket nasi lauk,makanan_minuman,18000,58,9,49,882000,0,0,0,campuran,Wednesday,0,6,0,cerah,101,4.7
2025-06-04,P002,Minuman kopi susu,makanan_minuman,15000,38,11,27,405000,0,0,0,online,Wednesday,0,6,0,cerah,101,4.4
2025-06-04,P003,Snack kemasan lokal,makanan_minuman,9000,63,12,51,459000,0,0,0,offline,Wednesday,0,6,0,cerah,101,4.0
2025-06-04,P004,Kaos basic,fashion,65000,21,14,7,455000,0,0,0,online,Wednesday,0,6,0,cerah,101,4.6
2025-06-04,P005,Hijab polos,fashion,42000,35,16,19,798000,0,0,0,online,Wednesday,0,6,0,cerah,101,4.3
2025-06-04,P006,Sandal harian,fashion,54000,20,9,11,594000,0,0,0,campuran,Wednesday,0,6,0,cerah,101,4.0
2025-06-04,P007,Sabun cuci literan,kebutuhan_rumah,16500,52,13,39,579200,10,1,64400,offline,Wednesday,0,6,0,cerah,101,4.2
2025-06-04,P008,Beras 5 kg,kebutuhan_rumah,68000,16,8,8,544000,0,0,0,online,Wednesday,0,6,0,cerah,101,4.4
2025-06-04,P009,Minyak goreng 1 liter,kebutuhan_rumah,19000,52,20,32,608000,0,0,0,online,Wednesday,0,6,0,cerah,101,4.4
2025-06-04,P010,Aksesori ponsel,aksesoris,23500,49,19,30,564000,20,1,141000,offline,Wednesday,0,6,0,cerah,101,4.0
2025-06-04,P011,Buket mini,kerajinan,46500,12,0,12,558000,0,0,0,online,Wednesday,0,6,0,cerah,101,4.5
2025-06-04,P012,Paket hampers,kerajinan,99000,11,5,6,594000,0,0,0,offline,Wednesday,0,6,0,cerah,101,4.6
2025-06-05,P001,Paket nasi lauk,makanan_minuman,17500,35,12,23,402500,0,0,0,offline,Thursday,0,6,0,hujan_deras,93,4.8
2025-06-05,P002,Minuman kopi susu,makanan_minuman,14500,50,10,40,580000,0,0,0,campuran,Thursday,0,6,0,hujan_deras,93,4.5
2025-06-05,P003,Snack kemasan lokal,makanan_minuman,8500,53,13,40,340000,0,0,0,online,Thursday,0,6,0,hujan_deras,93,4.2
2025-06-05,P004,Kaos basic,fashion,68500,15,0,15,1027500,0,0,0,campuran,Thursday,0,6,0,hujan_deras,93,4.3
2025-06-05,P005,Hijab polos,fashion,41500,24,14,10,415000,0,0,0,online,Thursday,0,6,0,hujan_deras,93,4.3
2025-06-05,P006,Sandal harian,fashion,59000,15,0,15,885000,0,0,0,offline,Thursday,0,6,0,hujan_deras,93,4.5
2025-06-05,P007,Sabun cuci literan,kebutuhan_rumah,18000,44,17,27,437400,10,1,48600,offline,Thursday,0,6,0,hujan_deras,93,4.3
2025-06-05,P008,Beras 5 kg,kebutuhan_rumah,70500,16,9,7,493500,0,0,0,online,Thursday,0,6,0,hujan_deras,93,4.7
2025-06-05,P009,Minyak goreng 1 liter,kebutuhan_rumah,18000,21,9,12,216000,0,0,0,online,Thursday,0,6,0,hujan_deras,93,4.1
2025-06-05,P010,Aksesori ponsel,aksesoris,24000,19,11,8,192000,0,0,0,online,Thursday,0,6,0,hujan_deras,93,4.1
2025-06-05,P011,Buket mini,kerajinan,43500,9,4,5,217500,0,0,0,offline,Thursday,0,6,0,hujan_deras,93,4.8
2025-06-05,P012,Paket hampers,kerajinan,95500,6,3,3,286500,0,0,0,offline,Thursday,0,6,0,hujan_deras,93,4.6
2025-06-06,P001,Paket nasi lauk,makanan_minuman,17500,48,20,28,490000,0,0,0,offline,Friday,0,6,0,berawan,69,4.6
2025-06-06,P002,Minuman kopi susu,makanan_minuman,14000,62,14,48,672000,0,0,0,campuran,Friday,0,6,0,berawan,69,4.5
2025-06-06,P003,Snack kemasan lokal,makanan_minuman,9500,53,23,30,285000,0,0,0,online,Friday,0,6,0,berawan,69,4.5
2025-06-06,P004,Kaos basic,fashion,65500,18,2,16,1048000,0,0,0,campuran,Friday,0,6,0,berawan,69,4.2
2025-06-06,P005,Hijab polos,fashion,40500,24,5,19,769500,0,0,0,offline,Friday,0,6,0,berawan,69,4.3
2025-06-06,P006,Sandal harian,fashion,59000,19,10,9,531000,0,0,0,offline,Friday,0,6,0,berawan,69,4.0
2025-06-06,P007,Sabun cuci literan,kebutuhan_rumah,16500,31,13,18,297000,0,0,0,online,Friday,0,6,0,berawan,69,4.2
2025-06-06,P008,Beras 5 kg,kebutuhan_rumah,73500,16,1,15,1102500,0,0,0,online,Friday,0,6,0,berawan,69,4.7
2025-06-06,P009,Minyak goreng 1 liter,kebutuhan_rumah,19000,40,12,28,532000,0,0,0,campuran,Friday,0,6,0,berawan,69,4.4
2025-06-06,P010,Aksesori ponsel,aksesoris,26500,24,10,14,371000,0,0,0,offline,Friday,0,6,0,berawan,69,3.9
2025-06-06,P011,Buket mini,kerajinan,43000,18,9,9,348300,10,1,38700,offline,Friday,0,6,0,berawan,69,4.6
2025-06-06,P012,Paket hampers,kerajinan,98500,7,0,7,689500,0,0,0,campuran,Friday,0,6,0,berawan,69,4.6
2025-06-07,P001,Paket nasi lauk,makanan_minuman,18500,145,65,80,1406000,5,1,74000,campuran,Saturday,1,6,0,berawan,128,4.5
2025-06-07,P002,Minuman kopi susu,makanan_minuman,15000,94,22,72,1080000,0,0,0,campuran,Saturday,1,6,0,berawan,128,4.3
2025-06-07,P003,Snack kemasan lokal,makanan_minuman,9500,104,17,87,826500,0,0,0,offline,Saturday,1,6,0,berawan,128,4.2
2025-06-07,P004,Kaos basic,fashion,64500,31,2,29,1777000,5,1,93500,offline,Saturday,1,6,0,berawan,128,4.4
2025-06-07,P005,Hijab polos,fashion,42500,69,24,45,1816900,5,1,95600,offline,Saturday,1,6,0,berawan,128,4.3
2025-06-07,P006,Sandal harian,fashion,54500,17,0,17,787500,15,1,139000,online,Saturday,1,6,0,berawan,128,4.0
2025-06-07,P007,Sabun cuci literan,kebutuhan_rumah,17500,54,19,35,612500,0,0,0,campuran,Saturday,1,6,0,berawan,128,4.2
2025-06-07,P008,Beras 5 kg,kebutuhan_rumah,69500,37,0,37,2185800,15,1,385700,online,Saturday,1,6,0,berawan,128,4.7
2025-06-07,P009,Minyak goreng 1 liter,kebutuhan_rumah,19000,67,32,35,665000,0,0,0,offline,Saturday,1,6,0,berawan,128,4.2
2025-06-07,P010,Aksesori ponsel,aksesoris,24000,61,16,45,1026000,5,1,54000,offline,Saturday,1,6,0,berawan,128,4.1
2025-06-07,P011,Buket mini,kerajinan,44500,16,9,7,311500,0,0,0,offline,Saturday,1,6,0,berawan,128,4.6
2025-06-07,P012,Paket hampers,kerajinan,91500,16,6,10,915000,0,0,0,campuran,Saturday,1,6,0,berawan,128,4.8
2025-06-08,P001,Paket nasi lauk,makanan_minuman,18500,76,39,37,684500,0,0,0,online,Sunday,1,6,0,berawan,137,4.6
2025-06-08,P002,Minuman kopi susu,makanan_minuman,14500,136,45,91,1187600,10,1,132000,offline,Sunday,1,6,0,berawan,137,4.3
2025-06-08,P003,Snack kemasan lokal,makanan_minuman,9000,79,17,62,558000,0,0,0,online,Sunday,1,6,0,berawan,137,4.1
2025-06-08,P004,Kaos basic,fashion,63000,27,11,16,1008000,0,0,0,offline,Sunday,1,6,0,berawan,137,4.3
2025-06-08,P005,Hijab polos,fashion,41000,39,3,36,1476000,0,0,0,online,Sunday,1,6,0,berawan,137,4.2
2025-06-08,P006,Sandal harian,fashion,52000,26,10,16,832000,0,0,0,offline,Sunday,1,6,0,berawan,137,4.2
2025-06-08,P007,Sabun cuci literan,kebutuhan_rumah,17000,69,19,50,807500,5,1,42500,offline,Sunday,1,6,0,berawan,137,3.9
2025-06-08,P008,Beras 5 kg,kebutuhan_rumah,70500,31,19,12,846000,0,0,0,online,Sunday,1,6,0,berawan,137,4.4
2025-06-08,P009,Minyak goreng 1 liter,kebutuhan_rumah,19000,48,11,37,703000,0,0,0,online,Sunday,1,6,0,berawan,137,4.2
2025-06-08,P010,Aksesori ponsel,aksesoris,24500,39,7,32,784000,0,0,0,campuran,Sunday,1,6,0,berawan,137,4.0
2025-06-08,P011,Buket mini,kerajinan,43500,18,1,17,739500,0,0,0,online,Sunday,1,6,0,berawan,137,4.7
2025-06-08,P012,Paket hampers,kerajinan,92000,13,9,4,368000,0,0,0,offline,Sunday,1,6,0,berawan,137,4.7
2025-06-09,P001,Paket nasi lauk,makanan_minuman,18000,39,11,28,504000,0,0,0,online,Monday,0,6,0,hujan_ringan,107,4.3
2025-06-09,P002,Minuman kopi susu,makanan_minuman,15000,78,25,53,636000,20,1,159000,offline,Monday,0,6,0,hujan_ringan,107,4.4
2025-06-09,P003,Snack kemasan lokal,makanan_minuman,9500,60,18,42,399000,0,0,0,offline,Monday,0,6,0,hujan_ringan,107,4.3
2025-06-09,P004,Kaos basic,fashion,66000,22,7,15,990000,0,0,0,campuran,Monday,0,6,0,hujan_ringan,107,4.5
2025-06-09,P005,Hijab polos,fashion,40000,32,16,16,640000,0,0,0,offline,Monday,0,6,0,hujan_ringan,107,4.5
2025-06-09,P006,Sandal harian,fashion,52000,20,14,6,312000,0,0,0,offline,Monday,0,6,0,hujan_ringan,107,4.3
2025-06-09,P007,Sabun cuci literan,kebutuhan_rumah,18500,26,3,23,425500,0,0,0,online,Monday,0,6,0,hujan_ringan,107,4.4
2025-06-09,P008,Beras 5 kg,kebutuhan_rumah,78000,31,13,18,1263600,10,1,140400,campuran,Monday,0,6,0,hujan_ringan,107,4.6
2025-06-09,P009,Minyak goreng 1 liter,kebutuhan_rumah,18500,39,20,19,351500,0,0,0,online,Monday,0,6,0,hujan_ringan,107,4.4
2025-06-09,P010,Aksesori ponsel,aksesoris,24000,34,13,21,453600,10,1,50400,campuran,Monday,0,6,0,hujan_ringan,107,4.2
2025-06-09,P011,Buket mini,kerajinan,44000,21,10,11,459800,5,1,24200,offline,Monday,0,6,0,hujan_ringan,107,5.0
2025-06-09,P012,Paket hampers,kerajinan,88000,9,4,5,440000,0,0,0,offline,Monday,0,6,0,hujan_ringan,107,4.7
2025-06-10,P001,Paket nasi lauk,makanan_minuman,17500,53,15,38,665000,0,0,0,campuran,Tuesday,0,6,0,berawan,84,4.6
2025-06-10,P002,Minuman kopi susu,makanan_minuman,15000,65,23,42,630000,0,0,0,campuran,Tuesday,0,6,0,berawan,84,4.6
2025-06-10,P003,Snack kemasan lokal,makanan_minuman,9500,52,21,31,294500,0,0,0,online,Tuesday,0,6,0,berawan,84,4.4
2025-06-10,P004,Kaos basic,fashion,67000,27,2,25,1423800,15,1,251200,online,Tuesday,0,6,0,berawan,84,4.2
2025-06-10,P005,Hijab polos,fashion,39000,34,5,29,1131000,0,0,0,campuran,Tuesday,0,6,0,berawan,84,4.5
2025-06-10,P006,Sandal harian,fashion,57000,18,2,16,912000,0,0,0,offline,Tuesday,0,6,0,berawan,84,4.0
2025-06-10,P007,Sabun cuci literan,kebutuhan_rumah,17500,60,28,32,532000,5,1,28000,offline,Tuesday,0,6,0,berawan,84,4.2
2025-06-10,P008,Beras 5 kg,kebutuhan_rumah,74000,17,11,6,444000,0,0,0,offline,Tuesday,0,6,0,berawan,84,4.7
2025-06-10,P009,Minyak goreng 1 liter,kebutuhan_rumah,19500,34,7,27,526500,0,0,0,online,Tuesday,0,6,0,berawan,84,4.5
2025-06-10,P010,Aksesori ponsel,aksesoris,24500,37,18,19,465500,0,0,0,campuran,Tuesday,0,6,0,berawan,84,4.0
2025-06-10,P011,Buket mini,kerajinan,46000,11,4,7,322000,0,0,0,offline,Tuesday,0,6,0,berawan,84,4.9
2025-06-10,P012,Paket hampers,kerajinan,96500,9,4,5,482500,0,0,0,online,Tuesday,0,6,0,berawan,84,4.7
2025-06-11,P001,Paket nasi lauk,makanan_minuman,17500,48,28,20,350000,0,0,0,offline,Wednesday,0,6,0,berawan,98,4.7
2025-06-11,P002,Minuman kopi susu,makanan_minuman,15500,57,20,37,573500,0,0,0,online,Wednesday,0,6,0,berawan,98,4.3
2025-06-11,P003,Snack kemasan lokal,makanan_minuman,8500,74,20,54,459000,0,0,0,offline,Wednesday,0,6,0,berawan,98,4.2
2025-06-11,P004,Kaos basic,fashion,64000,23,10,13,790400,5,1,41600,online,Wednesday,0,6,0,berawan,98,4.4
2025-06-11,P005,Hijab polos,fashion,43000,31,7,24,1032000,0,0,0,offline,Wednesday,0,6,0,berawan,98,4.4
2025-06-11,P006,Sandal harian,fashion,55500,17,1,16,888000,0,0,0,online,Wednesday,0,6,0,berawan,98,4.0
2025-06-11,P007,Sabun cuci literan,kebutuhan_rumah,17500,41,10,31,542500,0,0,0,offline,Wednesday,0,6,0,berawan,98,4.4
2025-06-11,P008,Beras 5 kg,kebutuhan_rumah,72000,17,5,12,864000,0,0,0,campuran,Wednesday,0,6,0,berawan,98,4.6
2025-06-11,P009,Minyak goreng 1 liter,kebutuhan_rumah,19000,39,12,27,513000,0,0,0,offline,Wednesday,0,6,0,berawan,98,4.5
2025-06-11,P010,Aksesori ponsel,aksesoris,26000,19,0,19,494000,0,0,0,online,Wednesday,0,6,0,berawan,98,3.9
2025-06-11,P011,Buket mini,kerajinan,46000,10,4,6,276000,0,0,0,online,Wednesday,0,6,0,berawan,98,4.8
2025-06-11,P012,Paket hampers,kerajinan,94000,12,7,5,470000,0,0,0,online,Wednesday,0,6,0,berawan,98,4.4
2025-06-12,P001,Paket nasi lauk,makanan_minuman,17500,59,24,35,612500,0,0,0,offline,Thursday,0,6,0,cerah,87,4.2
2025-06-12,P002,Minuman kopi susu,makanan_minuman,15500,54,27,27,418500,0,0,0,online,Thursday,0,6,0,cerah,87,4.4
2025-06-12,P003,Snack kemasan lokal,makanan_minuman,9500,70,23,47,446500,0,0,0,offline,Thursday,0,6,0,cerah,87,4.4
2025-06-12,P004,Kaos basic,fashion,66000,24,10,14,924000,0,0,0,campuran,Thursday,0,6,0,cerah,87,4.2
2025-06-12,P005,Hijab polos,fashion,42000,36,13,23,917700,5,1,48300,online,Thursday,0,6,0,cerah,87,4.4
2025-06-12,P006,Sandal harian,fashion,54000,17,2,15,810000,0,0,0,campuran,Thursday,0,6,0,cerah,87,4.2
2025-06-12,P007,Sabun cuci literan,kebutuhan_rumah,17500,57,21,36,598500,5,1,31500,offline,Thursday,0,6,0,cerah,87,4.2
2025-06-12,P008,Beras 5 kg,kebutuhan_rumah,73500,24,9,15,1102500,0,0,0,offline,Thursday,0,6,0,cerah,87,4.4
2025-06-12,P009,Minyak goreng 1 liter,kebutuhan_rumah,20000,50,20,30,600000,0,0,0,offline,Thursday,0,6,0,cerah,87,4.3
2025-06-12,P010,Aksesori ponsel,aksesoris,22000,34,12,22,484000,0,0,0,campuran,Thursday,0,6,0,cerah,87,4.3
2025-06-12,P011,Buket mini,kerajinan,41000,10,0,10,410000,0,0,0,online,Thursday,0,6,0,cerah,87,4.5
2025-06-12,P012,Paket hampers,kerajinan,98000,12,5,7,651700,5,1,34300,online,Thursday,0,6,0,cerah,87,4.6
2025-06-13,P001,Paket nasi lauk,makanan_minuman,17500,64,37,27,472500,0,0,0,offline,Friday,0,6,0,cerah,104,4.4
2025-06-13,P002,Minuman kopi susu,makanan_minuman,15000,79,45,34,510000,0,0,0,online,Friday,0,6,0,cerah,104,4.5
2025-06-13,P003,Snack kemasan lokal,makanan_minuman,8500,66,21,45,382500,0,0,0,offline,Friday,0,6,0,cerah,104,4.4
2025-06-13,P004,Kaos basic,fashion,63000,28,3,25,1496200,5,1,78800,campuran,Friday,0,6,0,cerah,104,4.3
2025-06-13,P005,Hijab polos,fashion,39500,28,8,20,790000,0,0,0,offline,Friday,0,6,0,cerah,104,4.3
2025-06-13,P006,Sandal harian,fashion,57500,21,10,11,632500,0,0,0,offline,Friday,0,6,0,cerah,104,4.2
2025-06-13,P007,Sabun cuci literan,kebutuhan_rumah,17500,41,5,36,630000,0,0,0,offline,Friday,0,6,0,cerah,104,4.2
2025-06-13,P008,Beras 5 kg,kebutuhan_rumah,69000,21,2,19,1311000,0,0,0,campuran,Friday,0,6,0,cerah,104,4.6
2025-06-13,P009,Minyak goreng 1 liter,kebutuhan_rumah,19500,38,9,29,565500,0,0,0,online,Friday,0,6,0,cerah,104,4.5
2025-06-13,P010,Aksesori ponsel,aksesoris,24000,37,19,18,432000,0,0,0,campuran,Friday,0,6,0,cerah,104,4.4
2025-06-13,P011,Buket mini,kerajinan,45000,18,6,12,540000,0,0,0,campuran,Friday,0,6,0,cerah,104,4.6
2025-06-13,P012,Paket hampers,kerajinan,92000,8,3,5,460000,0,0,0,offline,Friday,0,6,0,cerah,104,4.6
2025-06-14,P001,Paket nasi lauk,makanan_minuman,18000,89,46,43,774000,0,0,0,offline,Saturday,1,6,0,cerah,129,4.3
2025-06-14,P002,Minuman kopi susu,makanan_minuman,15000,88,14,74,1110000,0,0,0,campuran,Saturday,1,6,0,cerah,129,4.6
2025-06-14,P003,Snack kemasan lokal,makanan_minuman,9500,94,45,49,465500,0,0,0,online,Saturday,1,6,0,cerah,129,4.1
2025-06-14,P004,Kaos basic,fashion,67000,34,12,22,1474000,0,0,0,campuran,Saturday,1,6,0,cerah,129,4.1
2025-06-14,P005,Hijab polos,fashion,44500,67,20,47,1777800,15,1,313700,offline,Saturday,1,6,0,cerah,129,4.2
2025-06-14,P006,Sandal harian,fashion,60000,28,11,17,1020000,0,0,0,offline,Saturday,1,6,0,cerah,129,4.3
2025-06-14,P007,Sabun cuci literan,kebutuhan_rumah,17500,60,30,30,525000,0,0,0,offline,Saturday,1,6,0,cerah,129,4.0
2025-06-14,P008,Beras 5 kg,kebutuhan_rumah,70000,43,17,26,1729000,5,1,91000,offline,Saturday,1,6,0,cerah,129,4.7
2025-06-14,P009,Minyak goreng 1 liter,kebutuhan_rumah,19000,78,35,43,817000,0,0,0,campuran,Saturday,1,6,0,cerah,129,4.5
2025-06-14,P010,Aksesori ponsel,aksesoris,24500,51,10,41,853800,15,1,150700,offline,Saturday,1,6,0,cerah,129,3.7
2025-06-14,P011,Buket mini,kerajinan,46500,27,12,15,662600,5,1,34900,online,Saturday,1,6,0,cerah,129,5.0
2025-06-14,P012,Paket hampers,kerajinan,101000,13,0,13,1313000,0,0,0,campuran,Saturday,1,6,0,cerah,129,4.6
2025-06-15,P001,Paket nasi lauk,makanan_minuman,17500,164,68,96,1428000,15,1,252000,campuran,Sunday,1,6,0,cerah,136,4.4
2025-06-15,P002,Minuman kopi susu,makanan_minuman,15000,100,36,64,960000,0,0,0,campuran,Sunday,1,6,0,cerah,136,4.3
2025-06-15,P003,Snack kemasan lokal,makanan_minuman,9000,122,67,55,495000,0,0,0,offline,Sunday,1,6,0,cerah,136,4.2
2025-06-15,P004,Kaos basic,fashion,64500,29,14,15,967500,0,0,0,online,Sunday,1,6,0,cerah,136,4.2
2025-06-15,P005,Hijab polos,fashion,44000,36,0,36,1584000,0,0,0,campuran,Sunday,1,6,0,cerah,136,4.8
2025-06-15,P006,Sandal harian,fashion,56500,26,14,12,678000,0,0,0,offline,Sunday,1,6,0,cerah,136,3.9
2025-06-15,P007,Sabun cuci literan,kebutuhan_rumah,17000,66,17,49,749700,10,1,83300,offline,Sunday,1,6,0,cerah,136,4.3
2025-06-15,P008,Beras 5 kg,kebutuhan_rumah,76500,31,12,19,1453500,0,0,0,online,Sunday,1,6,0,cerah,136,4.7
2025-06-15,P009,Minyak goreng 1 liter,kebutuhan_rumah,19000,58,20,38,722000,0,0,0,offline,Sunday,1,6,0,cerah,136,4.4
2025-06-15,P010,Aksesori ponsel,aksesoris,24000,54,14,40,960000,0,0,0,campuran,Sunday,1,6,0,cerah,136,4.1
2025-06-15,P011,Buket mini,kerajinan,43500,30,13,17,628600,15,1,110900,online,Sunday,1,6,0,cerah,136,4.5
2025-06-15,P012,Paket hampers,kerajinan,100500,16,11,5,502500,0,0,0,offline,Sunday,1,6,0,cerah,136,4.8
2025-06-16,P001,Paket nasi lauk,makanan_minuman,18000,57,21,36,648000,0,0,0,online,Monday,0,6,0,cerah,128,4.3
2025-06-16,P002,Minuman kopi susu,makanan_minuman,15000,62,22,40,600000,0,0,0,offline,Monday,0,6,0,cerah,128,4.4
2025-06-16,P003,Snack kemasan lokal,makanan_minuman,9000,99,33,66,594000,0,0,0,campuran,Monday,0,6,0,cerah,128,4.3
2025-06-16,P004,Kaos basic,fashion,64500,21,6,15,967500,0,0,0,online,Monday,0,6,0,cerah,128,4.4
2025-06-16,P005,Hijab polos,fashion,43000,35,18,17,731000,0,0,0,offline,Monday,0,6,0,cerah,128,4.5
2025-06-16,P006,Sandal harian,fashion,55500,19,9,10,555000,0,0,0,campuran,Monday,0,6,0,cerah,128,4.2
2025-06-16,P007,Sabun cuci literan,kebutuhan_rumah,17500,51,18,33,577500,0,0,0,campuran,Monday,0,6,0,cerah,128,4.4
2025-06-16,P008,Beras 5 kg,kebutuhan_rumah,73000,29,15,14,1022000,0,0,0,campuran,Monday,0,6,0,cerah,128,4.5
2025-06-16,P009,Minyak goreng 1 liter,kebutuhan_rumah,20000,47,19,28,560000,0,0,0,online,Monday,0,6,0,cerah,128,4.2
2025-06-16,P010,Aksesori ponsel,aksesoris,26000,42,7,35,910000,0,0,0,offline,Monday,0,6,0,cerah,128,4.1
2025-06-16,P011,Buket mini,kerajinan,45500,16,12,4,182000,0,0,0,campuran,Monday,0,6,0,cerah,128,4.9
2025-06-16,P012,Paket hampers,kerajinan,100000,19,7,12,1020000,15,1,180000,offline,Monday,0,6,0,cerah,128,4.6
2025-06-17,P001,Paket nasi lauk,makanan_minuman,18000,61,6,55,990000,0,0,0,offline,Tuesday,0,6,0,berawan,116,4.7
2025-06-17,P002,Minuman kopi susu,makanan_minuman,14500,49,13,36,522000,0,0,0,online,Tuesday,0,6,0,berawan,116,4.5
2025-06-17,P003,Snack kemasan lokal,makanan_minuman,9500,74,6,68,646000,0,0,0,campuran,Tuesday,0,6,0,berawan,116,4.3
2025-06-17,P004,Kaos basic,fashion,64500,29,18,11,709500,0,0,0,campuran,Tuesday,0,6,0,berawan,116,4.4
2025-06-17,P005,Hijab polos,fashion,42500,42,26,16,680000,0,0,0,offline,Tuesday,0,6,0,berawan,116,4.5
2025-06-17,P006,Sandal harian,fashion,53000,24,0,24,1272000,0,0,0,campuran,Tuesday,0,6,0,berawan,116,4.2
2025-06-17,P007,Sabun cuci literan,kebutuhan_rumah,17000,38,13,25,425000,0,0,0,online,Tuesday,0,6,0,berawan,116,4.3
2025-06-17,P008,Beras 5 kg,kebutuhan_rumah,73000,22,12,10,730000,0,0,0,offline,Tuesday,0,6,0,berawan,116,4.7
2025-06-17,P009,Minyak goreng 1 liter,kebutuhan_rumah,18500,88,38,50,878800,5,1,46200,campuran,Tuesday,0,6,0,berawan,116,4.2
2025-06-17,P010,Aksesori ponsel,aksesoris,24500,40,15,25,612500,0,0,0,campuran,Tuesday,0,6,0,berawan,116,4.2
2025-06-17,P011,Buket mini,kerajinan,43000,10,3,7,301000,0,0,0,offline,Tuesday,0,6,0,berawan,116,4.7
2025-06-17,P012,Paket hampers,kerajinan,96000,9,2,7,672000,0,0,0,offline,Tuesday,0,6,0,berawan,116,4.8
2025-06-18,P001,Paket nasi lauk,makanan_minuman,17500,49,4,45,748100,5,1,39400,online,Wednesday,0,6,0,berawan,114,4.4
2025-06-18,P002,Minuman kopi susu,makanan_minuman,15000,52,9,43,645000,0,0,0,offline,Wednesday,0,6,0,berawan,114,4.3
2025-06-18,P003,Snack kemasan lokal,makanan_minuman,9000,107,25,82,701100,5,1,36900,campuran,Wednesday,0,6,0,berawan,114,3.9
2025-06-18,P004,Kaos basic,fashion,63500,21,6,15,952500,0,0,0,offline,Wednesday,0,6,0,berawan,114,4.6
2025-06-18,P005,Hijab polos,fashion,40500,37,16,21,850500,0,0,0,campuran,Wednesday,0,6,0,berawan,114,4.4
2025-06-18,P006,Sandal harian,fashion,55000,22,8,14,770000,0,0,0,offline,Wednesday,0,6,0,berawan,114,3.9
2025-06-18,P007,Sabun cuci literan,kebutuhan_rumah,17000,29,7,22,374000,0,0,0,online,Wednesday,0,6,0,berawan,114,4.4
2025-06-18,P008,Beras 5 kg,kebutuhan_rumah,70500,24,14,10,705000,0,0,0,campuran,Wednesday,0,6,0,berawan,114,4.7
2025-06-18,P009,Minyak goreng 1 liter,kebutuhan_rumah,19500,40,15,25,487500,0,0,0,offline,Wednesday,0,6,0,berawan,114,4.5
2025-06-18,P010,Aksesori ponsel,aksesoris,26500,28,13,15,397500,0,0,0,online,Wednesday,0,6,0,berawan,114,3.8
2025-06-18,P011,Buket mini,kerajinan,44500,14,0,14,623000,0,0,0,offline,Wednesday,0,6,0,berawan,114,4.9
2025-06-18,P012,Paket hampers,kerajinan,92000,10,8,2,184000,0,0,0,offline,Wednesday,0,6,0,berawan,114,4.6
2025-06-19,P001,Paket nasi lauk,makanan_minuman,18000,44,4,40,720000,0,0,0,offline,Thursday,0,6,0,berawan,116,4.3
2025-06-19,P002,Minuman kopi susu,makanan_minuman,16000,58,14,44,704000,0,0,0,campuran,Thursday,0,6,0,berawan,116,4.7
2025-06-19,P003,Snack kemasan lokal,makanan_minuman,9000,108,49,59,504400,5,1,26600,online,Thursday,0,6,0,berawan,116,4.3
2025-06-19,P004,Kaos basic,fashion,65500,15,0,15,982500,0,0,0,offline,Thursday,0,6,0,berawan,116,4.2
2025-06-19,P005,Hijab polos,fashion,42500,58,33,25,956200,10,1,106200,offline,Thursday,0,6,0,berawan,116,4.4
2025-06-19,P006,Sandal harian,fashion,54500,17,4,13,708500,0,0,0,campuran,Thursday,0,6,0,berawan,116,4.0
2025-06-19,P007,Sabun cuci literan,kebutuhan_rumah,17500,38,12,26,455000,0,0,0,online,Thursday,0,6,0,berawan,116,4.4
2025-06-19,P008,Beras 5 kg,kebutuhan_rumah,75000,17,1,16,1200000,0,0,0,offline,Thursday,0,6,0,berawan,116,4.4
2025-06-19,P009,Minyak goreng 1 liter,kebutuhan_rumah,19000,63,27,36,581400,15,1,102600,offline,Thursday,0,6,0,berawan,116,4.3
2025-06-19,P010,Aksesori ponsel,aksesoris,23500,44,18,26,611000,0,0,0,campuran,Thursday,0,6,0,berawan,116,4.0
2025-06-19,P011,Buket mini,kerajinan,46500,18,8,10,465000,0,0,0,offline,Thursday,0,6,0,berawan,116,4.8
2025-06-19,P012,Paket hampers,kerajinan,95000,7,2,5,475000,0,0,0,offline,Thursday,0,6,0,berawan,116,4.5
2025-06-20,P001,Paket nasi lauk,makanan_minuman,17500,42,14,28,490000,0,0,0,offline,Friday,0,6,0,hujan_ringan,94,4.5
2025-06-20,P002,Minuman kopi susu,makanan_minuman,14500,88,48,40,551000,5,1,29000,offline,Friday,0,6,0,hujan_ringan,94,4.4
2025-06-20,P003,Snack kemasan lokal,makanan_minuman,9000,73,20,53,477000,0,0,0,offline,Friday,0,6,0,hujan_ringan,94,4.3
2025-06-20,P004,Kaos basic,fashion,65000,15,9,6,390000,0,0,0,online,Friday,0,6,0,hujan_ringan,94,4.6
2025-06-20,P005,Hijab polos,fashion,43000,21,6,15,645000,0,0,0,offline,Friday,0,6,0,hujan_ringan,94,4.4
2025-06-20,P006,Sandal harian,fashion,53000,15,5,10,530000,0,0,0,offline,Friday,0,6,0,hujan_ringan,94,4.3
2025-06-20,P007,Sabun cuci literan,kebutuhan_rumah,17000,67,35,32,489600,10,1,54400,campuran,Friday,0,6,0,hujan_ringan,94,4.1
2025-06-20,P008,Beras 5 kg,kebutuhan_rumah,72000,18,6,12,864000,0,0,0,offline,Friday,0,6,0,hujan_ringan,94,4.6
2025-06-20,P009,Minyak goreng 1 liter,kebutuhan_rumah,17500,33,4,29,507500,0,0,0,offline,Friday,0,6,0,hujan_ringan,94,4.3
2025-06-20,P010,Aksesori ponsel,aksesoris,23500,25,3,22,517000,0,0,0,offline,Friday,0,6,0,hujan_ringan,94,3.8
2025-06-20,P011,Buket mini,kerajinan,45500,11,0,11,500500,0,0,0,online,Friday,0,6,0,hujan_ringan,94,4.7
2025-06-20,P012,Paket hampers,kerajinan,93000,6,2,4,372000,0,0,0,online,Friday,0,6,0,hujan_ringan,94,4.3
2025-06-21,P001,Paket nasi lauk,makanan_minuman,18000,63,20,43,774000,0,0,0,offline,Saturday,1,6,0,cerah,128,4.4
2025-06-21,P002,Minuman kopi susu,makanan_minuman,15000,149,72,77,1097200,5,1,57800,campuran,Saturday,1,6,0,cerah,128,4.2
2025-06-21,P003,Snack kemasan lokal,makanan_minuman,9000,209,115,94,803700,5,1,42300,campuran,Saturday,1,6,0,cerah,128,4.1
2025-06-21,P004,Kaos basic,fashion,68000,44,17,27,1744200,5,1,91800,offline,Saturday,1,6,0,cerah,128,4.4
2025-06-21,P005,Hijab polos,fashion,40500,55,38,17,688500,0,0,0,offline,Saturday,1,6,0,cerah,128,4.4
2025-06-21,P006,Sandal harian,fashion,52500,22,0,22,1155000,0,0,0,online,Saturday,1,6,0,cerah,128,4.2
2025-06-21,P007,Sabun cuci literan,kebutuhan_rumah,17000,52,16,36,612000,0,0,0,offline,Saturday,1,6,0,cerah,128,3.9
2025-06-21,P008,Beras 5 kg,kebutuhan_rumah,72500,34,22,12,870000,0,0,0,offline,Saturday,1,6,0,cerah,128,4.6
2025-06-21,P009,Minyak goreng 1 liter,kebutuhan_rumah,19500,61,25,36,702000,0,0,0,online,Saturday,1,6,0,cerah,128,4.3
2025-06-21,P010,Aksesori ponsel,aksesoris,25000,57,22,35,875000,0,0,0,online,Saturday,1,6,0,cerah,128,4.0
2025-06-21,P011,Buket mini,kerajinan,43500,19,9,10,435000,0,0,0,online,Saturday,1,6,0,cerah,128,4.4
2025-06-21,P012,Paket hampers,kerajinan,101000,19,7,12,1151400,5,1,60600,campuran,Saturday,1,6,0,cerah,128,4.7
2025-06-22,P001,Paket nasi lauk,makanan_minuman,17500,111,40,71,1242500,0,0,0,campuran,Sunday,1,6,0,cerah,152,4.5
2025-06-22,P002,Minuman kopi susu,makanan_minuman,15000,141,46,95,1282500,10,1,142500,online,Sunday,1,6,0,cerah,152,4.2
2025-06-22,P003,Snack kemasan lokal,makanan_minuman,9000,104,20,84,756000,0,0,0,campuran,Sunday,1,6,0,cerah,152,4.3
2025-06-22,P004,Kaos basic,fashion,63500,59,16,43,2320900,15,1,409600,campuran,Sunday,1,6,0,cerah,152,4.3
2025-06-22,P005,Hijab polos,fashion,42000,47,27,20,840000,0,0,0,campuran,Sunday,1,6,0,cerah,152,4.5
2025-06-22,P006,Sandal harian,fashion,53000,50,13,37,1863000,5,1,98000,offline,Sunday,1,6,0,cerah,152,4.1
2025-06-22,P007,Sabun cuci literan,kebutuhan_rumah,18000,54,2,52,936000,0,0,0,campuran,Sunday,1,6,0,cerah,152,4.4
2025-06-22,P008,Beras 5 kg,kebutuhan_rumah,63500,34,21,13,825500,0,0,0,online,Sunday,1,6,0,cerah,152,4.6
2025-06-22,P009,Minyak goreng 1 liter,kebutuhan_rumah,18500,118,45,73,1283000,5,1,67500,campuran,Sunday,1,6,0,cerah,152,4.4
2025-06-22,P010,Aksesori ponsel,aksesoris,25500,37,8,29,739500,0,0,0,online,Sunday,1,6,0,cerah,152,3.7
2025-06-22,P011,Buket mini,kerajinan,45000,33,9,24,972000,10,1,108000,offline,Sunday,1,6,0,cerah,152,5.0
2025-06-22,P012,Paket hampers,kerajinan,99500,14,1,13,1293500,0,0,0,online,Sunday,1,6,0,cerah,152,4.7
2025-06-23,P001,Paket nasi lauk,makanan_minuman,17000,71,20,51,867000,0,0,0,campuran,Monday,0,6,0,cerah,120,4.6
2025-06-23,P002,Minuman kopi susu,makanan_minuman,15000,99,41,58,739500,15,1,130500,offline,Monday,0,6,0,cerah,120,4.3
2025-06-23,P003,Snack kemasan lokal,makanan_minuman,9000,76,30,46,414000,0,0,0,online,Monday,0,6,0,cerah,120,4.3
2025-06-23,P004,Kaos basic,fashion,64000,27,12,15,960000,0,0,0,offline,Monday,0,6,0,cerah,120,4.2
2025-06-23,P005,Hijab polos,fashion,42000,34,5,29,1218000,0,0,0,campuran,Monday,0,6,0,cerah,120,4.6
2025-06-23,P006,Sandal harian,fashion,55500,25,7,18,999000,0,0,0,campuran,Monday,0,6,0,cerah,120,4.2
2025-06-23,P007,Sabun cuci literan,kebutuhan_rumah,16000,25,0,25,400000,0,0,0,offline,Monday,0,6,0,cerah,120,3.9
2025-06-23,P008,Beras 5 kg,kebutuhan_rumah,73000,25,10,15,1095000,0,0,0,offline,Monday,0,6,0,cerah,120,4.4
2025-06-23,P009,Minyak goreng 1 liter,kebutuhan_rumah,17500,78,27,51,758600,15,1,133900,offline,Monday,0,6,0,cerah,120,4.5
2025-06-23,P010,Aksesori ponsel,aksesoris,25000,48,29,19,427500,10,1,47500,online,Monday,0,6,0,cerah,120,4.1
2025-06-23,P011,Buket mini,kerajinan,41000,18,7,11,451000,0,0,0,offline,Monday,0,6,0,cerah,120,4.6
2025-06-23,P012,Paket hampers,kerajinan,92000,13,10,3,276000,0,0,0,offline,Monday,0,6,0,cerah,120,4.5
2025-06-24,P001,Paket nasi lauk,makanan_minuman,17500,59,15,44,770000,0,0,0,campuran,Tuesday,0,6,0,cerah,112,4.5
2025-06-24,P002,Minuman kopi susu,makanan_minuman,15500,53,9,44,682000,0,0,0,offline,Tuesday,0,6,0,cerah,112,4.4
2025-06-24,P003,Snack kemasan lokal,makanan_minuman,9500,68,19,49,465500,0,0,0,offline,Tuesday,0,6,0,cerah,112,4.4
2025-06-24,P004,Kaos basic,fashion,62000,23,6,17,1054000,0,0,0,offline,Tuesday,0,6,0,cerah,112,4.3
2025-06-24,P005,Hijab polos,fashion,40000,44,27,17,680000,0,0,0,campuran,Tuesday,0,6,0,cerah,112,4.2
2025-06-24,P006,Sandal harian,fashion,56500,12,0,12,678000,0,0,0,offline,Tuesday,0,6,0,cerah,112,4.1
2025-06-24,P007,Sabun cuci literan,kebutuhan_rumah,16000,38,0,38,608000,0,0,0,campuran,Tuesday,0,6,0,cerah,112,4.4
2025-06-24,P008,Beras 5 kg,kebutuhan_rumah,77000,25,13,12,924000,0,0,0,offline,Tuesday,0,6,0,cerah,112,4.6
2025-06-24,P009,Minyak goreng 1 liter,kebutuhan_rumah,18500,38,15,23,425500,0,0,0,online,Tuesday,0,6,0,cerah,112,4.5
2025-06-24,P010,Aksesori ponsel,aksesoris,25500,25,0,25,637500,0,0,0,offline,Tuesday,0,6,0,cerah,112,3.9
2025-06-24,P011,Buket mini,kerajinan,47000,23,7,16,714400,5,1,37600,offline,Tuesday,0,6,0,cerah,112,4.9
2025-06-24,P012,Paket hampers,kerajinan,96500,12,7,5,482500,0,0,0,campuran,Tuesday,0,6,0,cerah,112,4.7
2025-06-25,P001,Paket nasi lauk,makanan_minuman,18000,58,13,45,810000,0,0,0,online,Wednesday,0,6,0,cerah,123,4.6
2025-06-25,P002,Minuman kopi susu,makanan_minuman,14000,76,31,45,630000,0,0,0,campuran,Wednesday,0,6,0,cerah,123,4.3
2025-06-25,P003,Snack kemasan lokal,makanan_minuman,9000,92,30,62,558000,0,0,0,offline,Wednesday,0,6,0,cerah,123,4.5
2025-06-25,P004,Kaos basic,fashion,63500,19,0,19,1206500,0,0,0,campuran,Wednesday,0,6,0,cerah,123,4.3
2025-06-25,P005,Hijab polos,fashion,41500,25,4,21,871500,0,0,0,offline,Wednesday,0,6,0,cerah,123,4.3
2025-06-25,P006,Sandal harian,fashion,52500,17,4,13,682500,0,0,0,offline,Wednesday,0,6,0,cerah,123,4.0
2025-06-25,P007,Sabun cuci literan,kebutuhan_rumah,17500,46,13,33,519800,10,1,57800,offline,Wednesday,0,6,0,cerah,123,4.2
2025-06-25,P008,Beras 5 kg,kebutuhan_rumah,73000,17,0,17,1241000,0,0,0,online,Wednesday,0,6,0,cerah,123,4.6
2025-06-25,P009,Minyak goreng 1 liter,kebutuhan_rumah,18500,66,18,48,754800,15,1,133200,offline,Wednesday,0,6,0,cerah,123,4.5
2025-06-25,P010,Aksesori ponsel,aksesoris,25000,43,16,27,641200,5,1,33800,offline,Wednesday,0,6,0,cerah,123,4.0
2025-06-25,P011,Buket mini,kerajinan,46000,18,12,6,276000,0,0,0,online,Wednesday,0,6,0,cerah,123,5.0
2025-06-25,P012,Paket hampers,kerajinan,93500,10,4,6,561000,0,0,0,offline,Wednesday,0,6,0,cerah,123,4.4
2025-06-26,P001,Paket nasi lauk,makanan_minuman,18000,110,38,72,1036800,20,1,259200,offline,Thursday,0,6,0,cerah,130,4.8
2025-06-26,P002,Minuman kopi susu,makanan_minuman,14500,37,0,37,536500,0,0,0,online,Thursday,0,6,0,cerah,130,4.4
2025-06-26,P003,Snack kemasan lokal,makanan_minuman,9500,82,31,51,484500,0,0,0,campuran,Thursday,0,6,0,cerah,130,4.0
2025-06-26,P004,Kaos basic,fashion,70000,26,3,23,1610000,0,0,0,offline,Thursday,0,6,0,cerah,130,4.2
2025-06-26,P005,Hijab polos,fashion,44000,34,10,24,1056000,0,0,0,offline,Thursday,0,6,0,cerah,130,4.7
2025-06-26,P006,Sandal harian,fashion,56000,24,8,16,896000,0,0,0,offline,Thursday,0,6,0,cerah,130,4.0
2025-06-26,P007,Sabun cuci literan,kebutuhan_rumah,17000,35,1,34,578000,0,0,0,online,Thursday,0,6,0,cerah,130,4.1
2025-06-26,P008,Beras 5 kg,kebutuhan_rumah,74000,36,13,23,1616900,5,1,85100,offline,Thursday,0,6,0,cerah,130,4.7
2025-06-26,P009,Minyak goreng 1 liter,kebutuhan_rumah,19500,31,10,21,409500,0,0,0,online,Thursday,0,6,0,cerah,130,4.2
2025-06-26,P010,Aksesori ponsel,aksesoris,23500,35,3,32,752000,0,0,0,offline,Thursday,0,6,0,cerah,130,3.9
2025-06-26,P011,Buket mini,kerajinan,46000,15,5,10,460000,0,0,0,offline,Thursday,0,6,0,cerah,130,4.6
2025-06-26,P012,Paket hampers,kerajinan,95500,12,8,4,382000,0,0,0,campuran,Thursday,0,6,0,cerah,130,4.5
2025-06-27,P001,Paket nasi lauk,makanan_minuman,18500,83,29,54,949000,5,1,50000,offline,Friday,0,6,0,cerah,101,4.5
2025-06-27,P002,Minuman kopi susu,makanan_minuman,14000,72,27,45,630000,0,0,0,campuran,Friday,0,6,0,cerah,101,4.2
2025-06-27,P003,Snack kemasan lokal,makanan_minuman,9000,148,77,71,607000,5,1,32000,campuran,Friday,0,6,0,cerah,101,4.3
2025-06-27,P004,Kaos basic,fashion,63500,32,12,20,1270000,0,0,0,offline,Friday,0,6,0,cerah,101,4.3
2025-06-27,P005,Hijab polos,fashion,44000,32,0,32,1337600,5,1,70400,offline,Friday,0,6,0,cerah,101,4.4
2025-06-27,P006,Sandal harian,fashion,53000,21,10,11,583000,0,0,0,campuran,Friday,0,6,0,cerah,101,4.0
2025-06-27,P007,Sabun cuci literan,kebutuhan_rumah,17500,53,26,27,472500,0,0,0,campuran,Friday,0,6,0,cerah,101,4.0
2025-06-27,P008,Beras 5 kg,kebutuhan_rumah,72500,22,11,11,797500,0,0,0,offline,Friday,0,6,0,cerah,101,4.4
2025-06-27,P009,Minyak goreng 1 liter,kebutuhan_rumah,20000,47,21,26,520000,0,0,0,online,Friday,0,6,0,cerah,101,4.7
2025-06-27,P010,Aksesori ponsel,aksesoris,24500,36,6,30,735000,0,0,0,offline,Friday,0,6,0,cerah,101,4.0
2025-06-27,P011,Buket mini,kerajinan,45500,14,6,8,364000,0,0,0,online,Friday,0,6,0,cerah,101,4.6
2025-06-27,P012,Paket hampers,kerajinan,93500,12,8,4,374000,0,0,0,offline,Friday,0,6,0,cerah,101,4.6
2025-06-28,P001,Paket nasi lauk,makanan_minuman,18500,113,59,54,999000,0,0,0,offline,Saturday,1,6,0,cerah,165,4.7
2025-06-28,P002,Minuman kopi susu,makanan_minuman,14000,92,29,63,882000,0,0,0,online,Saturday,1,6,0,cerah,165,4.2
2025-06-28,P003,Snack kemasan lokal,makanan_minuman,9000,94,22,72,648000,0,0,0,online,Saturday,1,6,0,cerah,165,4.2
2025-06-28,P004,Kaos basic,fashion,71000,42,0,42,2534700,15,1,447300,offline,Saturday,1,6,0,cerah,165,4.4
2025-06-28,P005,Hijab polos,fashion,44000,47,20,27,1188000,0,0,0,offline,Saturday,1,6,0,cerah,165,4.6
2025-06-28,P006,Sandal harian,fashion,53500,35,12,23,1230500,0,0,0,online,Saturday,1,6,0,cerah,165,4.0
2025-06-28,P007,Sabun cuci literan,kebutuhan_rumah,17000,63,13,50,850000,0,0,0,campuran,Saturday,1,6,0,cerah,165,4.2
2025-06-28,P008,Beras 5 kg,kebutuhan_rumah,67500,55,19,36,2308500,5,1,121500,offline,Saturday,1,6,0,cerah,165,5.0
2025-06-28,P009,Minyak goreng 1 liter,kebutuhan_rumah,19000,50,17,33,627000,0,0,0,online,Saturday,1,6,0,cerah,165,4.3
2025-06-28,P010,Aksesori ponsel,aksesoris,25500,53,21,32,816000,0,0,0,campuran,Saturday,1,6,0,cerah,165,3.6
2025-06-28,P011,Buket mini,kerajinan,44000,31,8,23,860200,15,1,151800,offline,Saturday,1,6,0,cerah,165,4.8
2025-06-28,P012,Paket hampers,kerajinan,96500,27,10,17,1558500,5,1,82000,offline,Saturday,1,6,0,cerah,165,4.8
2025-06-29,P001,Paket nasi lauk,makanan_minuman,18500,83,35,48,888000,0,0,0,offline,Sunday,1,6,0,cerah,150,4.6
2025-06-29,P002,Minuman kopi susu,makanan_minuman,14500,135,68,67,971500,0,0,0,campuran,Sunday,1,6,0,cerah,150,4.5
2025-06-29,P003,Snack kemasan lokal,makanan_minuman,9000,144,34,110,891000,10,1,99000,offline,Sunday,1,6,0,cerah,150,4.1
2025-06-29,P004,Kaos basic,fashion,63000,28,3,25,1575000,0,0,0,offline,Sunday,1,6,0,cerah,150,4.5
2025-06-29,P005,Hijab polos,fashion,42500,39,10,29,1232500,0,0,0,offline,Sunday,1,6,0,cerah,150,4.6
2025-06-29,P006,Sandal harian,fashion,57500,24,0,24,1380000,0,0,0,offline,Sunday,1,6,0,cerah,150,4.3
2025-06-29,P007,Sabun cuci literan,kebutuhan_rumah,16500,71,29,42,693000,0,0,0,online,Sunday,1,6,0,cerah,150,4.3
2025-06-29,P008,Beras 5 kg,kebutuhan_rumah,74000,21,0,21,1554000,0,0,0,online,Sunday,1,6,0,cerah,150,4.8
2025-06-29,P009,Minyak goreng 1 liter,kebutuhan_rumah,18500,54,12,42,777000,0,0,0,campuran,Sunday,1,6,0,cerah,150,4.4
2025-06-29,P010,Aksesori ponsel,aksesoris,24000,59,28,31,744000,0,0,0,campuran,Sunday,1,6,0,cerah,150,3.9
2025-06-29,P011,Buket mini,kerajinan,47000,18,9,9,423000,0,0,0,online,Sunday,1,6,0,cerah,150,4.7
2025-06-29,P012,Paket hampers,kerajinan,93500,13,5,8,748000,0,0,0,offline,Sunday,1,6,0,cerah,150,4.5
2025-06-30,P001,Paket nasi lauk,makanan_minuman,18000,51,20,31,558000,0,0,0,online,Monday,0,6,0,berawan,114,4.4
2025-06-30,P002,Minuman kopi susu,makanan_minuman,16000,93,26,67,964800,10,1,107200,campuran,Monday,0,6,0,berawan,114,4.4
2025-06-30,P003,Snack kemasan lokal,makanan_minuman,9500,122,48,74,597600,15,1,105400,offline,Monday,0,6,0,berawan,114,3.8
2025-06-30,P004,Kaos basic,fashion,65500,30,7,23,1431200,5,1,75300,offline,Monday,0,6,0,berawan,114,4.0
2025-06-30,P005,Hijab polos,fashion,42000,22,6,16,672000,0,0,0,online,Monday,0,6,0,berawan,114,4.5
2025-06-30,P006,Sandal harian,fashion,54500,18,4,14,763000,0,0,0,offline,Monday,0,6,0,berawan,114,4.0
2025-06-30,P007,Sabun cuci literan,kebutuhan_rumah,15500,42,6,36,530100,5,1,27900,offline,Monday,0,6,0,berawan,114,4.1
2025-06-30,P008,Beras 5 kg,kebutuhan_rumah,73000,15,5,10,730000,0,0,0,online,Monday,0,6,0,berawan,114,4.7
2025-06-30,P009,Minyak goreng 1 liter,kebutuhan_rumah,18500,44,16,28,518000,0,0,0,campuran,Monday,0,6,0,berawan,114,4.4
2025-06-30,P010,Aksesori ponsel,aksesoris,25000,29,5,24,600000,0,0,0,campuran,Monday,0,6,0,berawan,114,4.3
2025-06-30,P011,Buket mini,kerajinan,45500,14,3,11,500500,0,0,0,campuran,Monday,0,6,0,berawan,114,4.8
2025-06-30,P012,Paket hampers,kerajinan,91500,10,6,4,366000,0,0,0,offline,Monday,0,6,0,berawan,114,4.5
