tanggal,nama_produk,kategori_produk,jumlah_terjual,harga_satuan,total_penjualan,lokasi,metode_pembayaran
2024-12-30,Kopi Susu,Minuman,19,12000,228000,Cabang C,E-Wallet
2023-12-02,Jus Alpukat,Minuman,32,15000,480000,Cabang B,Cash
2023-02-23,Pisang Goreng,Snack,31,10000,310000,Cabang C,Transfer
2023-12-06,Jus Alpukat,Minuman,13,15000,195000,Cabang C,QRIS
2024-09-06,Jus Alpukat,Minuman,5,15000,75000,Cabang A,Transfer
2023-04-12,Susu Coklat,Minuman,11,14000,154000,Cabang A,E-Wallet
2024-03-06,Ayam Geprek,Makanan,5,28000,140000,Cabang C,Cash
2023-07-11,Ayam Geprek,Makanan,43,28000,1204000,Cabang B,QRIS
2024-09-15,Nasi Goreng,Makanan,27,25000,675000,Cabang C,Cash
2024-05-18,Mie Ayam,Makanan,234,20000,4680000,Cabang A,QRIS
2024-02-23,Kopi Susu,Minuman,46,12000,552000,Cabang B,Cash
2023-06-28,Kentang Goreng,Snack,1,12000,12000,Cabang B,Cash
2024-12-07,Kentang Goreng,Snack,5,12000,60000,Cabang A,Cash
2024-07-26,Susu Coklat,Minuman,27,14000,378000,Cabang B,QRIS
2024-08-16,Susu Coklat,Minuman,31,14000,434000,Cabang A,Cash
2024-01-21,Nasi Uduk,Makanan,21,22000,462000,Cabang C,Transfer
2024-12-27,Kopi Susu,Minuman,6,12000,72000,Cabang B,Cash
2024-06-30,Ayam Geprek,Makanan,48,28000,1344000,Cabang B,Transfer
2023-05-08,Susu Coklat,Minuman,32,14000,448000,Cabang C,Cash
2024-02-01,Jus Alpukat,Minuman,38,15000,570000,Cabang C,Cash
2023-03-29,Es Teh Manis,Minuman,20,8000,160000,Cabang B,Cash
2023-04-16,Kopi Susu,Minuman,15,12000,180000,Cabang C,Cash
2024-12-21,Susu Coklat,Minuman,8,14000,112000,Cabang A,Cash
2023-03-24,Jus Alpukat,Minuman,43,15000,645000,Cabang C,Cash
2024-01-11,Kentang Goreng,Snack,2,12000,24000,Cabang B,Cash
2024-04-13,Kopi Susu,Minuman,49,12000,588000,Cabang C,Transfer
2024-05-13,Nasi Goreng,Makanan,414,25000,10350000,Cabang B,QRIS
2023-11-22,Kentang Goreng,Snack,18,12000,216000,Cabang A,Transfer
2024-10-11,Susu Coklat,Minuman,2,14000,28000,Cabang C,Cash
2023-11-09,Roti Bakar,Snack,5,18000,90000,Cabang A,E-Wallet
2024-09-13,Roti Bakar,Snack,16,18000,288000,Cabang C,Cash
2024-01-16,Es Teh Manis,Minuman,10,8000,80000,Cabang A,Transfer
2024-05-27,Kopi Susu,Minuman,9,12000,108000,Cabang C,Cash
2024-04-30,Nasi Goreng,Makanan,11,25000,275000,Cabang A,QRIS
2024-07-09,Jus Alpukat,Minuman,1,15000,15000,Cabang C,QRIS
2024-10-01,Es Teh Manis,Minuman,34,8000,272000,Cabang C,QRIS
2024-04-25,Es Teh Manis,Minuman,40,8000,320000,Cabang C,E-Wallet
2023-01-14,Kopi Susu,Minuman,14,12000,168000,Cabang C,Transfer
2024-03-10,Nasi Uduk,Makanan,33,22000,726000,Cabang B,E-Wallet
2024-02-18,Jus Alpukat,Minuman,16,15000,240000,Cabang A,Cash
2024-03-16,Es Teh Manis,Minuman,22,8000,176000,Cabang A,Cash
2023-12-09,Pisang Goreng,Snack,12,10000,120000,Cabang C,Cash
2023-02-05,Susu Coklat,Minuman,11,14000,154000,Cabang B,E-Wallet
2023-10-15,Nasi Goreng,Makanan,9,25000,225000,Cabang B,Cash
2023-07-16,Pisang Goreng,Snack,32,10000,320000,Cabang C,QRIS
2023-07-15,Jus Alpukat,Minuman,32,15000,480000,Cabang B,QRIS
2023-03-03,Es Teh Manis,Minuman,44,8000,352000,Cabang B,QRIS
2023-02-14,Kentang Goreng,Snack,400,12000,4800000,Cabang B,QRIS
2023-01-02,Mie Ayam,Makanan,34,20000,680000,Cabang B,Cash
2023-03-05,Es Teh Manis,Minuman,47,8000,376000,Cabang A,Cash
2023-01-09,Susu Coklat,Minuman,25,14000,350000,Cabang A,Cash
2024-07-05,Roti Bakar,Snack,32,18000,576000,Cabang C,QRIS
2024-04-16,Es Teh Manis,Minuman,39,8000,312000,Cabang C,Transfer
2024-03-19,Roti Bakar,Snack,5,18000,90000,Cabang C,Cash
2024-10-15,Es Teh Manis,Minuman,48,8000,384000,Cabang A,Cash
2024-02-18,Jus Alpukat,Minuman,11,15000,165000,Cabang B,QRIS
2024-07-12,Pisang Goreng,Snack,41,10000,410000,Cabang C,Cash
2023-09-03,Jus Alpukat,Minuman,43,15000,645000,Cabang B,QRIS
2024-09-10,Susu Coklat,Minuman,26,14000,364000,Cabang B,Cash
2024-09-28,Kopi Susu,Minuman,26,12000,312000,Cabang C,E-Wallet
2023-04-10,Pisang Goreng,Snack,22,10000,220000,Cabang B,Cash
2023-04-29,Nasi Uduk,Makanan,37,22000,814000,Cabang C,QRIS
2023-09-29,Nasi Uduk,Makanan,37,22000,814000,Cabang A,Transfer
2023-02-03,Nasi Goreng,Makanan,6,25000,150000,Cabang B,Cash
2024-04-09,Es Teh Manis,Minuman,12,8000,96000,Cabang C,Transfer
2023-07-27,Mie Ayam,Makanan,328,20000,6560000,Cabang C,QRIS
2023-08-19,Kopi Susu,Minuman,7,12000,84000,Cabang C,Cash
2023-05-07,Susu Coklat,Minuman,494,14000,6916000,Cabang B,QRIS
2023-10-03,Nasi Uduk,Makanan,19,22000,418000,Cabang B,E-Wallet
2024-06-09,Es Teh Manis,Minuman,27,8000,216000,Cabang A,Transfer
2023-08-04,Kopi Susu,Minuman,42,12000,504000,Cabang B,Cash
2024-04-22,Jus Alpukat,Minuman,19,15000,285000,Cabang A,E-Wallet
2024-03-06,Ayam Geprek,Makanan,25,28000,700000,Cabang C,Cash
2024-01-19,Es Teh Manis,Minuman,37,8000,296000,Cabang C,Cash
2023-12-23,Nasi Uduk,Makanan,9,22000,198000,Cabang A,QRIS
2024-12-14,Jus Alpukat,Minuman,44,15000,660000,Cabang A,QRIS
2023-04-03,Susu Coklat,Minuman,35,14000,490000,Cabang C,Cash
2024-08-05,Kopi Susu,Minuman,43,12000,516000,Cabang A,QRIS
2023-11-28,Es Teh Manis,Minuman,8,8000,64000,Cabang B,Cash
2024-01-01,Jus Alpukat,Minuman,17,15000,255000,Cabang C,QRIS
2024-02-10,Ayam Geprek,Makanan,26,28000,728000,Cabang A,Cash
2024-05-30,Susu Coklat,Minuman,3,14000,42000,Cabang C,QRIS
2024-09-28,Kopi Susu,Minuman,5,12000,60000,Cabang A,Transfer
2024-03-14,Nasi Uduk,Makanan,24,22000,528000,Cabang B,QRIS
2024-02-20,Es Teh Manis,Minuman,14,8000,112000,Cabang B,Cash
2023-10-26,Nasi Goreng,Makanan,11,25000,275000,Cabang A,Cash
2023-10-07,Susu Coklat,Minuman,22,14000,308000,Cabang A,Cash
2023-04-20,Es Teh Manis,Minuman,45,8000,360000,Cabang B,Cash
2023-04-27,Nasi Goreng,Makanan,19,25000,475000,Cabang A,E-Wallet
2024-08-18,Kopi Susu,Minuman,48,12000,576000,Cabang A,Cash
2023-05-27,Kopi Susu,Minuman,449,12000,5388000,Cabang A,Cash
2024-12-05,Ayam Geprek,Makanan,24,28000,672000,Cabang A,Cash
2024-03-12,Jus Alpukat,Minuman,7,15000,105000,Cabang C,Cash
2024-09-19,Susu Coklat,Minuman,32,14000,448000,Cabang C,Cash
2024-06-04,Ayam Geprek,Makanan,29,28000,812000,Cabang B,Cash
2024-04-05,Roti Bakar,Snack,10,18000,180000,Cabang A,Cash
2024-02-22,Kopi Susu,Minuman,20,12000,240000,Cabang C,Cash
2024-12-26,Ayam Geprek,Makanan,39,28000,1092000,Cabang B,QRIS
2023-03-14,Pisang Goreng,Snack,32,10000,320000,Cabang B,Cash
2023-04-15,Es Teh Manis,Minuman,42,8000,336000,Cabang B,QRIS
2024-07-20,Jus Alpukat,Minuman,13,15000,195000,Cabang C,Cash
2023-01-23,Pisang Goreng,Snack,10,10000,100000,Cabang B,E-Wallet
2023-07-14,Roti Bakar,Snack,44,18000,792000,Cabang B,Cash
2024-03-24,Nasi Goreng,Makanan,11,25000,275000,Cabang A,QRIS
2023-04-06,Susu Coklat,Minuman,35,14000,490000,Cabang B,Cash
2024-01-31,Kopi Susu,Minuman,1,12000,12000,Cabang B,Cash
2023-03-11,Kentang Goreng,Snack,45,12000,540000,Cabang A,Cash
2024-04-06,Nasi Goreng,Makanan,8,25000,200000,Cabang A,Cash
2024-03-09,Nasi Goreng,Makanan,30,25000,750000,Cabang A,Cash
2023-03-24,Pisang Goreng,Snack,21,10000,210000,Cabang A,Cash
2023-04-18,Susu Coklat,Minuman,8,14000,112000,Cabang B,Transfer
2023-11-15,Jus Alpukat,Minuman,27,15000,405000,Cabang B,E-Wallet
2023-05-14,Mie Ayam,Makanan,12,20000,240000,Cabang C,Cash
2023-02-23,Kopi Susu,Minuman,24,12000,288000,Cabang C,Transfer
2024-11-14,Susu Coklat,Minuman,2,14000,28000,Cabang B,QRIS
2024-06-12,Es Teh Manis,Minuman,47,8000,376000,Cabang B,QRIS
2023-04-02,Es Teh Manis,Minuman,47,8000,376000,Cabang C,Transfer
2024-02-25,Pisang Goreng,Snack,1,10000,10000,Cabang B,Cash
2024-11-17,Jus Alpukat,Minuman,39,15000,585000,Cabang A,Cash
2023-11-04,Nasi Goreng,Makanan,41,25000,1025000,Cabang B,Cash
2023-03-17,Pisang Goreng,Snack,48,10000,480000,Cabang C,QRIS
2023-11-10,Susu Coklat,Minuman,25,14000,350000,Cabang A,QRIS
2024-03-17,Es Teh Manis,Minuman,37,8000,296000,Cabang B,Cash
2023-07-01,Ayam Geprek,Makanan,9,28000,252000,Cabang B,Cash
2023-06-07,Jus Alpukat,Minuman,9,15000,135000,Cabang C,Cash
2024-08-20,Es Teh Manis,Minuman,16,8000,128000,Cabang A,Cash
2023-04-10,Nasi Goreng,Makanan,39,25000,975000,Cabang B,Cash
2024-03-04,Kopi Susu,Minuman,7,12000,84000,Cabang A,Cash
2023-12-13,Susu Coklat,Minuman,19,14000,266000,Cabang B,Cash
2023-02-14,Es Teh Manis,Minuman,43,8000,344000,Cabang C,Transfer
2024-12-02,Jus Alpukat,Minuman,26,15000,390000,Cabang A,QRIS
2024-12-08,Pisang Goreng,Snack,36,10000,360000,Cabang A,Cash
2024-10-17,Susu Coklat,Minuman,28,14000,392000,Cabang B,Cash
2023-09-21,Es Teh Manis,Minuman,39,8000,312000,Cabang C,Cash
2024-10-04,Kentang Goreng,Snack,16,12000,192000,Cabang A,QRIS
2023-04-18,Roti Bakar,Snack,27,18000,486000,Cabang A,E-Wallet
2023-04-30,Susu Coklat,Minuman,43,14000,602000,Cabang C,Cash
2023-09-03,Es Teh Manis,Minuman,23,8000,184000,Cabang A,E-Wallet
2024-05-17,Kopi Susu,Minuman,20,12000,240000,Cabang C,QRIS
2024-08-16,Susu Coklat,Minuman,15,14000,210000,Cabang C,Transfer
2023-08-23,Jus Alpukat,Minuman,48,15000,720000,Cabang C,Cash
2023-09-09,Kentang Goreng,Snack,12,12000,144000,Cabang C,Cash
2024-07-16,Jus Alpukat,Minuman,28,15000,420000,Cabang C,Transfer
2024-03-09,Ayam Geprek,Makanan,15,28000,420000,Cabang C,Cash
2023-08-13,Kopi Susu,Minuman,38,12000,456000,Cabang A,Cash
2023-12-04,Nasi Goreng,Makanan,38,25000,950000,Cabang B,QRIS
2024-02-12,Roti Bakar,Snack,16,18000,288000,Cabang B,QRIS
2024-08-25,Kentang Goreng,Snack,10,12000,120000,Cabang C,Cash
2023-09-17,Kopi Susu,Minuman,29,12000,348000,Cabang A,Cash
2023-11-13,Es Teh Manis,Minuman,31,8000,248000,Cabang C,Cash
2024-12-18,Jus Alpukat,Minuman,1,15000,15000,Cabang C,Cash
2023-10-17,Nasi Goreng,Makanan,10,25000,250000,Cabang C,Cash
2023-10-03,Kopi Susu,Minuman,48,12000,576000,Cabang C,E-Wallet
2024-04-06,Kentang Goreng,Snack,12,12000,144000,Cabang C,QRIS
2023-10-17,Nasi Uduk,Makanan,39,22000,858000,Cabang B,Cash
2024-02-19,Pisang Goreng,Snack,13,10000,130000,Cabang C,QRIS
2023-05-27,Nasi Uduk,Makanan,30,22000,660000,Cabang A,Transfer
2024-06-29,Ayam Geprek,Makanan,42,28000,1176000,Cabang A,Cash
2024-03-10,Susu Coklat,Minuman,14,14000,196000,Cabang C,Cash
2023-07-03,Nasi Goreng,Makanan,31,25000,775000,Cabang C,QRIS
2023-09-17,Nasi Goreng,Makanan,3,25000,75000,Cabang C,Cash
2024-08-17,Mie Ayam,Makanan,32,20000,640000,Cabang C,Cash
2024-12-13,Kopi Susu,Minuman,34,12000,408000,Cabang C,Cash
2023-04-01,Nasi Goreng,Makanan,227,25000,5675000,Cabang C,Cash
2023-04-04,Roti Bakar,Snack,28,18000,504000,Cabang A,Cash
2024-03-31,Susu Coklat,Minuman,39,14000,546000,Cabang C,Cash
2023-04-06,Mie Ayam,Makanan,23,20000,460000,Cabang C,Cash
2024-12-15,Nasi Goreng,Makanan,29,25000,725000,Cabang B,Cash
2024-08-25,Susu Coklat,Minuman,21,14000,294000,Cabang B,E-Wallet
2024-02-20,Jus Alpukat,Minuman,19,15000,285000,Cabang A,Cash
2023-02-28,Nasi Goreng,Makanan,20,25000,500000,Cabang A,Cash
2023-10-20,Nasi Uduk,Makanan,22,22000,484000,Cabang B,Cash
2023-07-29,Es Teh Manis,Minuman,30,8000,240000,Cabang C,Cash
2024-04-05,Kopi Susu,Minuman,1,12000,12000,Cabang C,QRIS
2024-11-29,Kentang Goreng,Snack,22,12000,264000,Cabang B,Cash
2024-08-18,Nasi Uduk,Makanan,20,22000,440000,Cabang A,Transfer
2023-03-22,Nasi Goreng,Makanan,33,25000,825000,Cabang B,Cash
2024-10-02,Es Teh Manis,Minuman,47,8000,376000,Cabang B,Cash
2024-08-01,Nasi Goreng,Makanan,13,25000,325000,Cabang A,Cash
2023-03-15,Jus Alpukat,Minuman,19,15000,285000,Cabang C,Cash
2023-03-14,Roti Bakar,Snack,3,18000,54000,Cabang C,E-Wallet
2024-08-17,Nasi Uduk,Makanan,36,22000,792000,Cabang C,E-Wallet
2023-07-11,Es Teh Manis,Minuman,42,8000,336000,Cabang A,Cash
2024-12-01,Roti Bakar,Snack,36,18000,648000,Cabang C,QRIS
2023-03-09,Kopi Susu,Minuman,42,12000,504000,Cabang A,Cash
2023-10-08,Pisang Goreng,Snack,20,10000,200000,Cabang B,Cash
2023-06-18,Es Teh Manis,Minuman,47,8000,376000,Cabang B,QRIS
2023-11-28,Kopi Susu,Minuman,31,12000,372000,Cabang C,Cash
2024-08-13,Pisang Goreng,Snack,13,10000,130000,Cabang B,Transfer
2023-05-19,Nasi Uduk,Makanan,16,22000,352000,Cabang C,Cash
2023-03-21,Nasi Goreng,Makanan,40,25000,1000000,Cabang C,Cash
2024-03-30,Kopi Susu,Minuman,8,12000,96000,Cabang C,Transfer
2023-11-26,Roti Bakar,Snack,43,18000,774000,Cabang C,E-Wallet
2024-12-01,Susu Coklat,Minuman,16,14000,224000,Cabang A,QRIS
2024-12-28,Kopi Susu,Minuman,17,12000,204000,Cabang A,QRIS
2023-11-19,Nasi Uduk,Makanan,42,22000,924000,Cabang A,Cash
2023-06-25,Kentang Goreng,Snack,6,12000,72000,Cabang A,QRIS
2023-11-20,Es Teh Manis,Minuman,45,8000,360000,Cabang C,Cash
2023-10-25,Nasi Uduk,Makanan,32,22000,704000,Cabang A,E-Wallet
2024-12-21,Susu Coklat,Minuman,2,14000,28000,Cabang B,Transfer
2024-02-10,Susu Coklat,Minuman,3,14000,42000,Cabang B,E-Wallet
2023-09-24,Susu Coklat,Minuman,35,14000,490000,Cabang B,QRIS
2024-04-01,Kentang Goreng,Snack,22,12000,264000,Cabang B,Cash
2023-01-30,Ayam Geprek,Makanan,3,28000,84000,Cabang A,QRIS
2023-02-22,Ayam Geprek,Makanan,27,28000,756000,Cabang C,Transfer
2024-10-06,Ayam Geprek,Makanan,1,28000,28000,Cabang C,Cash
2023-07-20,Kopi Susu,Minuman,15,12000,180000,Cabang C,Cash
2023-10-06,Jus Alpukat,Minuman,39,15000,585000,Cabang C,Transfer
2023-07-22,Mie Ayam,Makanan,13,20000,260000,Cabang C,QRIS
2023-12-31,Roti Bakar,Snack,10,18000,180000,Cabang A,Cash
2023-01-26,Pisang Goreng,Snack,23,10000,230000,Cabang B,QRIS
2024-02-04,Susu Coklat,Minuman,13,14000,182000,Cabang C,E-Wallet
2023-08-31,Roti Bakar,Snack,42,18000,756000,Cabang B,Cash
2023-12-06,Pisang Goreng,Snack,30,10000,300000,Cabang C,Cash
2024-12-19,Kopi Susu,Minuman,30,12000,360000,Cabang A,Cash
2023-04-02,Susu Coklat,Minuman,4,14000,56000,Cabang C,Cash
2024-09-08,Susu Coklat,Minuman,383,14000,5362000,Cabang B,QRIS
2023-04-28,Mie Ayam,Makanan,20,20000,400000,Cabang A,Cash
2024-03-07,Pisang Goreng,Snack,3,10000,30000,Cabang B,Cash
2023-11-05,Susu Coklat,Minuman,45,14000,630000,Cabang C,E-Wallet
2024-01-14,Nasi Goreng,Makanan,46,25000,1150000,Cabang B,Cash
2023-09-29,Mie Ayam,Makanan,32,20000,640000,Cabang B,Cash
2024-12-05,Jus Alpukat,Minuman,35,15000,525000,Cabang A,QRIS
2023-04-12,Nasi Goreng,Makanan,47,25000,1175000,Cabang C,Cash
2023-01-24,Mie Ayam,Makanan,48,20000,960000,Cabang B,Cash
2024-03-12,Kopi Susu,Minuman,46,12000,552000,Cabang C,Cash
2023-02-12,Jus Alpukat,Minuman,17,15000,255000,Cabang B,Cash
2024-01-31,Jus Alpukat,Minuman,46,15000,690000,Cabang C,Cash
2023-09-10,Kentang Goreng,Snack,5,12000,60000,Cabang A,Cash
2024-04-11,Nasi Uduk,Makanan,1,22000,22000,Cabang B,Cash
2023-03-15,Mie Ayam,Makanan,23,20000,460000,Cabang C,Cash
2024-12-27,Es Teh Manis,Minuman,1,8000,8000,Cabang B,Transfer
2023-05-13,Susu Coklat,Minuman,38,14000,532000,Cabang C,Cash
2023-06-21,Susu Coklat,Minuman,29,14000,406000,Cabang B,Cash
2023-12-11,Pisang Goreng,Snack,12,10000,120000,Cabang A,Cash
2023-09-06,Es Teh Manis,Minuman,5,8000,40000,Cabang A,E-Wallet
2023-07-12,Kentang Goreng,Snack,49,12000,588000,Cabang A,Cash
2023-04-30,Jus Alpukat,Minuman,24,15000,360000,Cabang A,QRIS
2024-03-09,Es Teh Manis,Minuman,48,8000,384000,Cabang B,Cash
2024-12-07,Kopi Susu,Minuman,431,12000,5172000,Cabang B,QRIS
2024-01-05,Kopi Susu,Minuman,49,12000,588000,Cabang C,Cash
2024-04-04,Jus Alpukat,Minuman,48,15000,720000,Cabang C,QRIS
2024-02-15,Es Teh Manis,Minuman,7,8000,56000,Cabang C,QRIS
2023-05-03,Susu Coklat,Minuman,9,14000,126000,Cabang A,Cash
2024-06-25,Susu Coklat,Minuman,12,14000,168000,Cabang B,E-Wallet
2024-02-10,Roti Bakar,Snack,482,18000,8676000,Cabang C,Cash
2024-05-26,Mie Ayam,Makanan,15,20000,300000,Cabang C,Cash
2024-11-22,Jus Alpukat,Minuman,30,15000,450000,Cabang A,E-Wallet
2023-12-05,Kopi Susu,Minuman,36,12000,432000,Cabang C,Cash
2024-04-07,Ayam Geprek,Makanan,46,28000,1288000,Cabang A,Cash
2023-11-30,Kentang Goreng,Snack,42,12000,504000,Cabang C,QRIS
2024-11-03,Jus Alpukat,Minuman,304,15000,4560000,Cabang B,QRIS
2023-10-15,Kopi Susu,Minuman,2,12000,24000,Cabang B,Cash
2023-09-12,Mie Ayam,Makanan,14,20000,280000,Cabang C,Cash
2024-02-11,Kopi Susu,Minuman,13,12000,156000,Cabang A,Cash
2024-10-27,Pisang Goreng,Snack,23,10000,230000,Cabang B,Cash
2024-06-30,Kopi Susu,Minuman,36,12000,432000,Cabang A,Cash
2023-03-19,Mie Ayam,Makanan,8,20000,160000,Cabang B,Cash
2023-03-23,Jus Alpukat,Minuman,21,15000,315000,Cabang C,Cash
2024-10-19,Roti Bakar,Snack,9,18000,162000,Cabang C,Cash
2024-05-18,Roti Bakar,Snack,5,18000,90000,Cabang B,Cash
2024-04-18,Nasi Uduk,Makanan,18,22000,396000,Cabang B,Cash
2023-03-15,Susu Coklat,Minuman,16,14000,224000,Cabang A,QRIS
2023-03-23,Jus Alpukat,Minuman,17,15000,255000,Cabang A,E-Wallet
2024-01-27,Kentang Goreng,Snack,16,12000,192000,Cabang B,Cash
2023-12-11,Susu Coklat,Minuman,43,14000,602000,Cabang C,Cash
2024-01-20,Nasi Goreng,Makanan,38,25000,950000,Cabang C,Cash
2024-02-03,Es Teh Manis,Minuman,44,8000,352000,Cabang C,Cash
2023-02-24,Mie Ayam,Makanan,17,20000,340000,Cabang B,Cash
2024-11-20,Pisang Goreng,Snack,42,10000,420000,Cabang B,Cash
2024-12-03,Es Teh Manis,Minuman,44,8000,352000,Cabang C,Cash
2024-11-09,Jus Alpukat,Minuman,4,15000,60000,Cabang B,Cash
2024-02-12,Kentang Goreng,Snack,19,12000,228000,Cabang B,Cash
2023-04-30,Mie Ayam,Makanan,38,20000,760000,Cabang A,QRIS
2023-08-30,Kopi Susu,Minuman,42,12000,504000,Cabang A,Cash
2024-12-09,Kopi Susu,Minuman,46,12000,552000,Cabang C,QRIS
2024-09-01,Pisang Goreng,Snack,5,10000,50000,Cabang C,Cash
2024-05-19,Kopi Susu,Minuman,21,12000,252000,Cabang B,Transfer
2023-01-24,Pisang Goreng,Snack,6,10000,60000,Cabang B,E-Wallet
2023-06-21,Kopi Susu,Minuman,15,12000,180000,Cabang A,QRIS
2023-04-01,Kentang Goreng,Snack,49,12000,588000,Cabang C,Cash
2024-08-27,Mie Ayam,Makanan,17,20000,340000,Cabang A,Cash
2024-04-01,Ayam Geprek,Makanan,36,28000,1008000,Cabang A,Cash
2023-08-18,Kopi Susu,Minuman,16,12000,192000,Cabang C,Cash
2024-01-03,Es Teh Manis,Minuman,39,8000,312000,Cabang A,Cash
2024-12-04,Nasi Goreng,Makanan,8,25000,200000,Cabang C,Cash
2023-04-26,Nasi Goreng,Makanan,47,25000,1175000,Cabang C,Cash
2024-05-18,Nasi Goreng,Makanan,12,25000,300000,Cabang A,Cash
2024-08-04,Mie Ayam,Makanan,24,20000,480000,Cabang C,Cash
2023-12-09,Susu Coklat,Minuman,33,14000,462000,Cabang C,Cash
2024-01-28,Susu Coklat,Minuman,30,14000,420000,Cabang C,Cash
2023-04-04,Ayam Geprek,Makanan,47,28000,1316000,Cabang A,Cash
2023-06-25,Jus Alpukat,Minuman,34,15000,510000,Cabang C,Cash
2024-02-29,Kentang Goreng,Snack,43,12000,516000,Cabang B,Cash
2024-01-17,Jus Alpukat,Minuman,10,15000,150000,Cabang A,E-Wallet
2023-12-24,Ayam Geprek,Makanan,45,28000,1260000,Cabang A,QRIS
2024-05-31,Nasi Uduk,Makanan,29,22000,638000,Cabang C,E-Wallet
2023-07-03,Kopi Susu,Minuman,356,12000,4272000,Cabang B,Cash
2023-01-20,Mie Ayam,Makanan,36,20000,720000,Cabang C,E-Wallet
2024-12-04,Kopi Susu,Minuman,17,12000,204000,Cabang B,Cash
2023-04-16,Mie Ayam,Makanan,4,20000,80000,Cabang C,E-Wallet
2023-12-31,Nasi Uduk,Makanan,8,22000,176000,Cabang B,Transfer
2024-04-17,Es Teh Manis,Minuman,3,8000,24000,Cabang A,Cash
2023-12-13,Ayam Geprek,Makanan,452,28000,12656000,Cabang A,Cash
2024-03-15,Ayam Geprek,Makanan,12,28000,336000,Cabang B,QRIS
2024-08-03,Kopi Susu,Minuman,478,12000,5736000,Cabang A,Cash
2023-03-21,Pisang Goreng,Snack,29,10000,290000,Cabang A,QRIS
2023-01-05,Susu Coklat,Minuman,39,14000,546000,Cabang C,Cash
2024-10-17,Mie Ayam,Makanan,45,20000,900000,Cabang A,QRIS
2024-10-28,Kopi Susu,Minuman,41,12000,492000,Cabang B,QRIS
2024-12-10,Nasi Goreng,Makanan,14,25000,350000,Cabang A,Transfer
2024-09-08,Mie Ayam,Makanan,21,20000,420000,Cabang C,Cash
2023-10-16,Jus Alpukat,Minuman,33,15000,495000,Cabang C,Cash
2023-05-31,Mie Ayam,Makanan,16,20000,320000,Cabang C,Cash
2023-02-27,Kopi Susu,Minuman,3,12000,36000,Cabang C,Cash
2023-02-21,Jus Alpukat,Minuman,18,15000,270000,Cabang A,Cash
2024-07-06,Jus Alpukat,Minuman,13,15000,195000,Cabang A,E-Wallet
2023-08-28,Mie Ayam,Makanan,46,20000,920000,Cabang C,Cash
2024-04-19,Susu Coklat,Minuman,215,14000,3010000,Cabang B,E-Wallet
2024-09-29,Nasi Goreng,Makanan,29,25000,725000,Cabang A,Cash
2024-04-11,Ayam Geprek,Makanan,10,28000,280000,Cabang A,QRIS
2023-07-14,Kopi Susu,Minuman,386,12000,4632000,Cabang A,Transfer
2024-12-08,Ayam Geprek,Makanan,24,28000,672000,Cabang C,Cash
2023-01-04,Mie Ayam,Makanan,14,20000,280000,Cabang A,Cash
2023-05-01,Jus Alpukat,Minuman,9,15000,135000,Cabang A,Cash
2024-06-30,Pisang Goreng,Snack,17,10000,170000,Cabang B,Cash
2023-10-26,Susu Coklat,Minuman,24,14000,336000,Cabang C,Cash
2023-08-30,Roti Bakar,Snack,14,18000,252000,Cabang A,Cash
2024-09-16,Kopi Susu,Minuman,36,12000,432000,Cabang C,Cash
2024-02-28,Jus Alpukat,Minuman,17,15000,255000,Cabang B,Cash
2024-01-30,Kopi Susu,Minuman,26,12000,312000,Cabang C,Cash
2023-06-22,Jus Alpukat,Minuman,33,15000,495000,Cabang C,Transfer
2024-03-18,Nasi Goreng,Makanan,20,25000,500000,Cabang C,E-Wallet
2023-07-04,Jus Alpukat,Minuman,47,15000,705000,Cabang B,E-Wallet
2023-06-17,Roti Bakar,Snack,46,18000,828000,Cabang B,Transfer
2024-11-10,Kentang Goreng,Snack,15,12000,180000,Cabang C,Cash
2023-09-29,Kopi Susu,Minuman,8,12000,96000,Cabang C,Cash
2023-04-29,Roti Bakar,Snack,40,18000,720000,Cabang C,Cash
2024-05-01,Mie Ayam,Makanan,27,20000,540000,Cabang C,Cash
2024-10-08,Susu Coklat,Minuman,39,14000,546000,Cabang B,Cash
2023-04-04,Nasi Uduk,Makanan,23,22000,506000,Cabang C,Cash
2023-12-09,Pisang Goreng,Snack,16,10000,160000,Cabang C,Cash
2024-10-15,Mie Ayam,Makanan,2,20000,40000,Cabang A,QRIS
2023-07-22,Kopi Susu,Minuman,26,12000,312000,Cabang B,Cash
2023-10-09,Ayam Geprek,Makanan,37,28000,1036000,Cabang B,Cash
2024-06-09,Kopi Susu,Minuman,17,12000,204000,Cabang B,Cash
2023-08-27,Kentang Goreng,Snack,2,12000,24000,Cabang A,E-Wallet
2024-10-11,Kopi Susu,Minuman,9,12000,108000,Cabang C,Cash
2023-06-10,Kentang Goreng,Snack,32,12000,384000,Cabang B,Cash
2024-11-13,Susu Coklat,Minuman,43,14000,602000,Cabang B,Cash
2023-10-23,Susu Coklat,Minuman,13,14000,182000,Cabang C,Cash
2024-05-19,Ayam Geprek,Makanan,29,28000,812000,Cabang A,Cash
2023-03-19,Kopi Susu,Minuman,8,12000,96000,Cabang B,QRIS
2024-04-10,Kentang Goreng,Snack,47,12000,564000,Cabang C,Cash
2024-07-08,Roti Bakar,Snack,19,18000,342000,Cabang C,Cash
2024-03-25,Nasi Uduk,Makanan,8,22000,176000,Cabang B,Transfer
2024-05-29,Roti Bakar,Snack,26,18000,468000,Cabang B,Cash
2024-03-08,Kopi Susu,Minuman,13,12000,156000,Cabang C,Cash
2023-02-08,Pisang Goreng,Snack,41,10000,410000,Cabang B,Cash
2024-02-21,Kopi Susu,Minuman,47,12000,564000,Cabang A,QRIS
2024-12-09,Susu Coklat,Minuman,15,14000,210000,Cabang C,Cash
2024-01-13,Kopi Susu,Minuman,44,12000,528000,Cabang C,E-Wallet
2023-06-26,Nasi Goreng,Makanan,11,25000,275000,Cabang C,Transfer
2024-11-17,Kentang Goreng,Snack,34,12000,408000,Cabang C,QRIS
2024-02-02,Nasi Goreng,Makanan,9,25000,225000,Cabang B,Cash
2024-02-20,Kentang Goreng,Snack,16,12000,192000,Cabang B,Cash
2023-10-20,Roti Bakar,Snack,10,18000,180000,Cabang C,QRIS
2023-07-01,Mie Ayam,Makanan,6,20000,120000,Cabang B,Cash
2023-03-24,Pisang Goreng,Snack,15,10000,150000,Cabang C,Transfer
2023-05-29,Roti Bakar,Snack,14,18000,252000,Cabang A,Cash
2023-11-30,Nasi Goreng,Makanan,19,25000,475000,Cabang A,Cash
2024-03-04,Roti Bakar,Snack,284,18000,5112000,Cabang A,Cash
2024-03-11,Jus Alpukat,Minuman,4,15000,60000,Cabang A,Cash
2024-11-08,Es Teh Manis,Minuman,31,8000,248000,Cabang C,Transfer
2024-10-20,Roti Bakar,Snack,24,18000,432000,Cabang B,Transfer
2023-10-28,Ayam Geprek,Makanan,41,28000,1148000,Cabang A,Cash
2024-04-15,Jus Alpukat,Minuman,480,15000,7200000,Cabang A,Cash
2024-03-09,Susu Coklat,Minuman,490,14000,6860000,Cabang C,Transfer
2023-12-09,Nasi Goreng,Makanan,34,25000,850000,Cabang B,Cash
2024-11-20,Pisang Goreng,Snack,24,10000,240000,Cabang B,Cash
2023-07-02,Pisang Goreng,Snack,4,10000,40000,Cabang B,E-Wallet
2024-12-18,Kopi Susu,Minuman,26,12000,312000,Cabang C,Cash
2023-08-06,Roti Bakar,Snack,22,18000,396000,Cabang A,QRIS
2023-05-29,Susu Coklat,Minuman,23,14000,322000,Cabang C,Cash
2024-06-03,Roti Bakar,Snack,33,18000,594000,Cabang A,Cash
2024-03-18,Jus Alpukat,Minuman,18,15000,270000,Cabang A,Cash
2023-03-30,Nasi Uduk,Makanan,9,22000,198000,Cabang B,Cash
2023-01-20,Kentang Goreng,Snack,31,12000,372000,Cabang B,E-Wallet
2023-10-13,Susu Coklat,Minuman,32,14000,448000,Cabang C,Cash
2024-08-23,Roti Bakar,Snack,48,18000,864000,Cabang B,Cash
2024-02-29,Kopi Susu,Minuman,2,12000,24000,Cabang C,Cash
2024-01-11,Kopi Susu,Minuman,35,12000,420000,Cabang A,E-Wallet
2023-07-30,Nasi Goreng,Makanan,16,25000,400000,Cabang A,Cash
2024-08-01,Kopi Susu,Minuman,10,12000,120000,Cabang C,Cash
2024-11-19,Ayam Geprek,Makanan,10,28000,280000,Cabang A,Cash
2023-12-21,Jus Alpukat,Minuman,41,15000,615000,Cabang B,Transfer
2023-03-29,Nasi Uduk,Makanan,44,22000,968000,Cabang A,Cash
2023-11-23,Es Teh Manis,Minuman,39,8000,312000,Cabang C,Cash
2023-02-25,Kentang Goreng,Snack,29,12000,348000,Cabang B,Cash
2023-03-31,Kopi Susu,Minuman,9,12000,108000,Cabang B,QRIS
2023-12-18,Jus Alpukat,Minuman,24,15000,360000,Cabang C,Transfer
2023-07-08,Roti Bakar,Snack,49,18000,882000,Cabang B,Cash
2024-01-30,Ayam Geprek,Makanan,331,28000,9268000,Cabang B,Cash
2023-12-30,Kopi Susu,Minuman,37,12000,444000,Cabang A,Cash
2024-04-04,Jus Alpukat,Minuman,43,15000,645000,Cabang A,Cash
2024-08-11,Roti Bakar,Snack,28,18000,504000,Cabang B,Cash
2024-11-17,Jus Alpukat,Minuman,402,15000,6030000,Cabang B,Transfer
2023-09-30,Kopi Susu,Minuman,42,12000,504000,Cabang A,Cash
2023-11-10,Susu Coklat,Minuman,17,14000,238000,Cabang C,QRIS
2023-03-26,Ayam Geprek,Makanan,9,28000,252000,Cabang C,Cash
2023-12-02,Pisang Goreng,Snack,368,10000,3680000,Cabang B,Cash
2024-03-22,Kopi Susu,Minuman,13,12000,156000,Cabang B,QRIS
2023-04-02,Nasi Goreng,Makanan,12,25000,300000,Cabang B,QRIS
2024-02-28,Nasi Uduk,Makanan,17,22000,374000,Cabang A,QRIS
2023-03-23,Susu Coklat,Minuman,31,14000,434000,Cabang B,E-Wallet
2024-09-26,Nasi Uduk,Makanan,11,22000,242000,Cabang A,Transfer
2024-08-01,Pisang Goreng,Snack,4,10000,40000,Cabang B,E-Wallet
2023-03-10,Nasi Uduk,Makanan,47,22000,1034000,Cabang C,Cash
2024-08-17,Mie Ayam,Makanan,37,20000,740000,Cabang A,Cash
2024-12-20,Kopi Susu,Minuman,13,12000,156000,Cabang C,QRIS
2023-10-26,Kopi Susu,Minuman,9,12000,108000,Cabang C,Transfer
2023-03-29,Kopi Susu,Minuman,46,12000,552000,Cabang A,QRIS
2023-03-02,Ayam Geprek,Makanan,19,28000,532000,Cabang A,E-Wallet
2024-11-23,Es Teh Manis,Minuman,5,8000,40000,Cabang A,QRIS
2024-11-22,Es Teh Manis,Minuman,31,8000,248000,Cabang A,Transfer
2023-06-17,Kopi Susu,Minuman,41,12000,492000,Cabang C,Cash
2024-08-31,Roti Bakar,Snack,16,18000,288000,Cabang C,Cash
2023-08-20,Nasi Uduk,Makanan,15,22000,330000,Cabang B,Cash
2023-10-19,Susu Coklat,Minuman,37,14000,518000,Cabang C,Cash
2023-08-29,Kopi Susu,Minuman,29,12000,348000,Cabang B,Cash
2024-09-05,Susu Coklat,Minuman,37,14000,518000,Cabang A,Transfer
2024-07-25,Mie Ayam,Makanan,8,20000,160000,Cabang B,Cash
2024-04-28,Susu Coklat,Minuman,22,14000,308000,Cabang B,E-Wallet
2024-10-25,Susu Coklat,Minuman,32,14000,448000,Cabang C,Cash
2024-04-21,Kopi Susu,Minuman,26,12000,312000,Cabang C,QRIS
2023-07-28,Jus Alpukat,Minuman,6,15000,90000,Cabang A,QRIS
2024-12-16,Susu Coklat,Minuman,1,14000,14000,Cabang A,Cash
2023-01-27,Ayam Geprek,Makanan,30,28000,840000,Cabang B,Cash
2023-07-09,Kopi Susu,Minuman,2,12000,24000,Cabang C,E-Wallet
2023-08-06,Roti Bakar,Snack,19,18000,342000,Cabang A,Cash
2023-07-10,Mie Ayam,Makanan,356,20000,7120000,Cabang A,Cash
2024-11-29,Mie Ayam,Makanan,13,20000,260000,Cabang B,Cash
2023-03-26,Es Teh Manis,Minuman,3,8000,24000,Cabang C,Cash
2023-03-05,Jus Alpukat,Minuman,38,15000,570000,Cabang C,Cash
2024-10-14,Susu Coklat,Minuman,23,14000,322000,Cabang C,Cash
2023-07-10,Jus Alpukat,Minuman,1,15000,15000,Cabang A,Cash
2023-06-13,Ayam Geprek,Makanan,6,28000,168000,Cabang C,Transfer
2023-11-20,Nasi Goreng,Makanan,32,25000,800000,Cabang C,Cash
2024-07-09,Pisang Goreng,Snack,43,10000,430000,Cabang A,QRIS
2023-02-02,Kentang Goreng,Snack,31,12000,372000,Cabang B,Transfer
2024-02-21,Kopi Susu,Minuman,15,12000,180000,Cabang C,QRIS
2023-04-28,Nasi Uduk,Makanan,472,22000,10384000,Cabang A,Cash
2023-07-14,Susu Coklat,Minuman,7,14000,98000,Cabang A,Cash
2024-06-17,Es Teh Manis,Minuman,8,8000,64000,Cabang B,QRIS
2024-11-13,Jus Alpukat,Minuman,24,15000,360000,Cabang A,Cash
2024-12-22,Kopi Susu,Minuman,43,12000,516000,Cabang B,Cash
2024-03-02,Kopi Susu,Minuman,48,12000,576000,Cabang A,Cash
2023-10-01,Mie Ayam,Makanan,8,20000,160000,Cabang A,QRIS
2023-01-15,Es Teh Manis,Minuman,5,8000,40000,Cabang A,Cash
2024-04-11,Susu Coklat,Minuman,35,14000,490000,Cabang C,Cash
2024-04-01,Susu Coklat,Minuman,40,14000,560000,Cabang C,Cash
2023-10-23,Susu Coklat,Minuman,20,14000,280000,Cabang C,Transfer
2023-08-22,Susu Coklat,Minuman,38,14000,532000,Cabang B,Transfer
2023-08-09,Pisang Goreng,Snack,7,10000,70000,Cabang C,Cash
2023-07-19,Roti Bakar,Snack,24,18000,432000,Cabang C,Cash
2023-01-30,Jus Alpukat,Minuman,38,15000,570000,Cabang C,Cash
2024-03-22,Nasi Uduk,Makanan,23,22000,506000,Cabang B,QRIS
2024-10-26,Es Teh Manis,Minuman,14,8000,112000,Cabang A,Cash
2023-07-21,Roti Bakar,Snack,8,18000,144000,Cabang C,QRIS
2024-10-05,Roti Bakar,Snack,45,18000,810000,Cabang C,Cash
2023-12-19,Nasi Uduk,Makanan,32,22000,704000,Cabang C,Cash
2024-02-18,Kopi Susu,Minuman,39,12000,468000,Cabang A,E-Wallet
2024-05-05,Mie Ayam,Makanan,34,20000,680000,Cabang C,QRIS
2024-04-13,Jus Alpukat,Minuman,24,15000,360000,Cabang A,Transfer
2023-06-25,Es Teh Manis,Minuman,23,8000,184000,Cabang B,E-Wallet
2024-07-12,Pisang Goreng,Snack,12,10000,120000,Cabang A,E-Wallet
2023-12-23,Nasi Goreng,Makanan,20,25000,500000,Cabang B,QRIS
2024-04-27,Nasi Goreng,Makanan,12,25000,300000,Cabang C,QRIS
2023-10-25,Pisang Goreng,Snack,33,10000,330000,Cabang B,Transfer
2024-10-12,Pisang Goreng,Snack,48,10000,480000,Cabang B,E-Wallet
2023-08-20,Kopi Susu,Minuman,18,12000,216000,Cabang C,Cash
2024-09-10,Ayam Geprek,Makanan,19,28000,532000,Cabang C,Transfer
2023-11-28,Kopi Susu,Minuman,6,12000,72000,Cabang A,Cash
2023-05-04,Kopi Susu,Minuman,49,12000,588000,Cabang B,QRIS
2023-11-23,Nasi Goreng,Makanan,48,25000,1200000,Cabang B,E-Wallet
2023-04-23,Susu Coklat,Minuman,29,14000,406000,Cabang B,Transfer
2024-03-01,Jus Alpukat,Minuman,44,15000,660000,Cabang A,Cash
2024-09-07,Ayam Geprek,Makanan,10,28000,280000,Cabang C,QRIS
2024-08-31,Ayam Geprek,Makanan,32,28000,896000,Cabang B,E-Wallet
2023-11-15,Roti Bakar,Snack,26,18000,468000,Cabang A,Cash
2024-09-04,Pisang Goreng,Snack,39,10000,390000,Cabang C,Cash
2024-10-27,Kentang Goreng,Snack,20,12000,240000,Cabang C,Cash
2023-10-28,Jus Alpukat,Minuman,12,15000,180000,Cabang C,QRIS
2023-12-16,Kopi Susu,Minuman,16,12000,192000,Cabang C,QRIS
2024-06-16,Nasi Goreng,Makanan,409,25000,10225000,Cabang B,Cash
2024-03-12,Roti Bakar,Snack,25,18000,450000,Cabang C,Cash
2023-01-16,Nasi Goreng,Makanan,5,25000,125000,Cabang A,Transfer
2023-03-27,Es Teh Manis,Minuman,9,8000,72000,Cabang B,Transfer
2024-01-31,Roti Bakar,Snack,16,18000,288000,Cabang A,QRIS
2024-05-12,Es Teh Manis,Minuman,18,8000,144000,Cabang B,QRIS
2024-04-14,Pisang Goreng,Snack,29,10000,290000,Cabang C,Cash
2024-12-09,Roti Bakar,Snack,5,18000,90000,Cabang C,Cash
2023-07-09,Pisang Goreng,Snack,5,10000,50000,Cabang A,Cash
2024-01-23,Roti Bakar,Snack,2,18000,36000,Cabang B,QRIS
2023-01-30,Jus Alpukat,Minuman,13,15000,195000,Cabang B,Cash
2024-12-30,Mie Ayam,Makanan,29,20000,580000,Cabang A,Cash
2023-03-16,Ayam Geprek,Makanan,21,28000,588000,Cabang B,QRIS
2023-02-01,Es Teh Manis,Minuman,30,8000,240000,Cabang A,Cash
2023-08-15,Nasi Uduk,Makanan,27,22000,594000,Cabang A,Cash
2023-08-25,Ayam Geprek,Makanan,25,28000,700000,Cabang C,Cash
2023-03-07,Mie Ayam,Makanan,19,20000,380000,Cabang C,Cash
2024-01-06,Mie Ayam,Makanan,33,20000,660000,Cabang A,Cash
2023-03-20,Ayam Geprek,Makanan,36,28000,1008000,Cabang A,Cash
2024-11-02,Jus Alpukat,Minuman,38,15000,570000,Cabang A,Cash
2024-12-06,Nasi Goreng,Makanan,33,25000,825000,Cabang A,QRIS
2024-08-29,Pisang Goreng,Snack,7,10000,70000,Cabang B,QRIS
2024-03-14,Susu Coklat,Minuman,9,14000,126000,Cabang C,QRIS
2024-04-16,Roti Bakar,Snack,41,18000,738000,Cabang B,Cash
2023-04-18,Kopi Susu,Minuman,27,12000,324000,Cabang C,Cash
2024-08-14,Jus Alpukat,Minuman,49,15000,735000,Cabang B,QRIS
2024-06-11,Jus Alpukat,Minuman,44,15000,660000,Cabang B,Cash
2024-03-30,Roti Bakar,Snack,31,18000,558000,Cabang C,Cash
2024-05-07,Kentang Goreng,Snack,23,12000,276000,Cabang C,QRIS
2024-09-11,Kopi Susu,Minuman,10,12000,120000,Cabang C,Cash
2023-10-28,Susu Coklat,Minuman,17,14000,238000,Cabang B,Cash
2024-07-06,Pisang Goreng,Snack,3,10000,30000,Cabang C,QRIS
2024-11-23,Kentang Goreng,Snack,46,12000,552000,Cabang B,Cash
2024-03-07,Kopi Susu,Minuman,12,12000,144000,Cabang C,Cash
2023-04-05,Nasi Goreng,Makanan,34,25000,850000,Cabang B,Transfer
2023-02-16,Ayam Geprek,Makanan,9,28000,252000,,Cash
2023-02-05,Kopi Susu,Minuman,4,12000,48000,Cabang B,QRIS
2024-09-21,Nasi Uduk,Makanan,36,22000,792000,Cabang B,Cash
2024-07-01,Pisang Goreng,Snack,27,10000,270000,Cabang A,QRIS
2024-01-14,Nasi Goreng,Makanan,44,25000,1100000,Cabang C,QRIS
2024-01-12,Susu Coklat,Minuman,5,14000,70000,Cabang A,QRIS
2023-05-14,Kentang Goreng,Snack,20,12000,240000,Cabang A,Transfer
2023-05-16,Jus Alpukat,Minuman,13,15000,195000,Cabang C,Cash
2024-02-18,Jus Alpukat,Minuman,39,15000,585000,Cabang A,Cash
2024-11-22,Es Teh Manis,Minuman,29,8000,232000,Cabang A,Cash
2023-02-15,Roti Bakar,Snack,49,18000,882000,Cabang B,Cash
2024-12-23,Nasi Goreng,Makanan,6,25000,150000,Cabang C,Cash
2024-12-13,Kentang Goreng,Snack,47,12000,564000,Cabang C,QRIS
2023-06-18,Kopi Susu,Minuman,7,12000,84000,Cabang B,QRIS
2023-02-20,Jus Alpukat,Minuman,3,15000,45000,Cabang A,E-Wallet
2023-02-09,Kopi Susu,Minuman,2,12000,24000,Cabang B,Cash
2023-10-27,Es Teh Manis,Minuman,5,8000,40000,Cabang C,QRIS
2023-07-08,Susu Coklat,Minuman,14,14000,196000,Cabang A,Cash
2023-10-30,Ayam Geprek,Makanan,22,28000,616000,Cabang A,Cash
2023-10-14,Kopi Susu,Minuman,17,12000,204000,Cabang B,Cash
2024-04-22,Susu Coklat,Minuman,21,14000,294000,Cabang C,Cash
2023-08-19,Es Teh Manis,Minuman,22,8000,176000,Cabang B,QRIS
2024-10-13,Mie Ayam,Makanan,6,20000,120000,Cabang B,Cash
2024-02-03,Jus Alpukat,Minuman,36,15000,540000,Cabang B,Cash
2023-04-29,Susu Coklat,Minuman,42,14000,588000,Cabang B,Cash
2024-10-31,Kopi Susu,Minuman,6,12000,72000,Cabang C,Cash
2024-08-31,Roti Bakar,Snack,1,18000,18000,Cabang A,E-Wallet
2023-03-23,Nasi Goreng,Makanan,46,25000,1150000,Cabang A,QRIS
2024-03-27,Kopi Susu,Minuman,45,12000,540000,Cabang B,Cash
2024-05-07,Susu Coklat,Minuman,44,14000,616000,Cabang A,Cash
2023-02-28,Roti Bakar,Snack,11,18000,198000,Cabang C,Cash
2024-03-16,Jus Alpukat,Minuman,46,15000,690000,Cabang A,Cash
2023-12-28,Susu Coklat,Minuman,22,14000,308000,Cabang A,Cash
2024-05-04,Ayam Geprek,Makanan,42,28000,1176000,Cabang C,Transfer
2023-02-04,Roti Bakar,Snack,38,18000,684000,Cabang A,Cash
2023-04-05,Susu Coklat,Minuman,30,14000,420000,Cabang C,Cash
2024-03-27,Pisang Goreng,Snack,24,10000,240000,Cabang C,QRIS
2024-08-08,Ayam Geprek,Makanan,42,28000,1176000,Cabang C,QRIS
2023-05-12,Ayam Geprek,Makanan,48,28000,1344000,Cabang B,Cash
2023-06-23,Ayam Geprek,Makanan,9,28000,252000,Cabang B,Cash
2023-03-27,Kentang Goreng,Snack,308,12000,3696000,Cabang B,E-Wallet
2024-03-04,Kopi Susu,Minuman,37,12000,444000,Cabang C,Cash
2024-03-02,Susu Coklat,Minuman,41,14000,574000,Cabang C,Cash
2024-06-26,Mie Ayam,Makanan,40,20000,800000,Cabang C,Cash
2024-10-06,Susu Coklat,Minuman,7,14000,98000,Cabang A,Transfer
2024-03-16,Mie Ayam,Makanan,21,20000,420000,Cabang C,Cash
2024-06-16,Nasi Uduk,Makanan,481,22000,10582000,Cabang B,Cash
2023-12-17,Kentang Goreng,Snack,10,12000,120000,Cabang A,Cash
2024-12-15,Nasi Uduk,Makanan,4,22000,88000,Cabang C,QRIS
2023-02-22,Nasi Goreng,Makanan,33,25000,825000,Cabang C,Cash
2023-03-04,Kopi Susu,Minuman,44,12000,528000,Cabang C,Cash
2024-05-31,Mie Ayam,Makanan,38,20000,760000,Cabang C,Cash
2024-01-15,Es Teh Manis,Minuman,45,8000,360000,Cabang B,Cash
2023-12-23,Susu Coklat,Minuman,30,14000,420000,Cabang A,Cash
2023-02-28,Nasi Uduk,Makanan,33,22000,726000,Cabang B,Cash
2024-06-03,Jus Alpukat,Minuman,17,15000,255000,Cabang C,Cash
2024-07-29,Roti Bakar,Snack,19,18000,342000,Cabang A,Cash
2023-06-27,Ayam Geprek,Makanan,23,28000,644000,Cabang C,Cash
2024-04-13,Es Teh Manis,Minuman,3,8000,24000,Cabang A,QRIS
2023-10-07,Jus Alpukat,Minuman,25,15000,375000,Cabang C,QRIS
2024-09-02,Es Teh Manis,Minuman,46,8000,368000,Cabang C,Cash
2023-08-11,Es Teh Manis,Minuman,4,8000,32000,Cabang C,E-Wallet
2024-12-22,Roti Bakar,Snack,47,18000,846000,Cabang B,QRIS
2024-03-10,Kopi Susu,Minuman,12,12000,144000,Cabang C,Cash
2024-12-12,Jus Alpukat,Minuman,11,15000,165000,Cabang B,Cash
2023-01-30,Es Teh Manis,Minuman,25,8000,200000,Cabang C,QRIS
2024-03-09,Mie Ayam,Makanan,40,20000,800000,Cabang A,Cash
2023-11-04,Susu Coklat,Minuman,4,14000,56000,Cabang A,Cash
2024-09-24,Jus Alpukat,Minuman,13,15000,195000,Cabang B,Cash
2024-08-13,Kopi Susu,Minuman,22,12000,264000,Cabang B,QRIS
2024-06-28,Es Teh Manis,Minuman,1,8000,8000,Cabang A,Cash
2023-04-10,Susu Coklat,Minuman,49,14000,686000,Cabang B,Cash
2023-12-15,Nasi Uduk,Makanan,10,22000,220000,Cabang B,Cash
2024-05-28,Pisang Goreng,Snack,29,10000,290000,Cabang A,Cash
2024-10-13,Kentang Goreng,Snack,10,12000,120000,Cabang A,Cash
2023-01-09,Nasi Uduk,Makanan,26,22000,572000,Cabang A,E-Wallet
2023-10-13,Kopi Susu,Minuman,26,12000,312000,Cabang B,Cash
2023-12-06,Nasi Goreng,Makanan,5,25000,125000,Cabang B,Cash
2024-08-04,Kentang Goreng,Snack,19,12000,228000,Cabang B,Cash
2024-12-26,Ayam Geprek,Makanan,5,28000,140000,Cabang B,Cash
2023-06-01,Kopi Susu,Minuman,3,12000,36000,Cabang C,Transfer
2024-06-10,Kentang Goreng,Snack,10,12000,120000,Cabang C,Cash
2024-02-06,Kopi Susu,Minuman,27,12000,324000,Cabang B,E-Wallet
2023-01-11,Es Teh Manis,Minuman,14,8000,112000,Cabang B,Cash
2023-04-10,Susu Coklat,Minuman,34,14000,476000,Cabang C,QRIS
2024-03-09,Roti Bakar,Snack,49,18000,882000,Cabang B,Cash
2023-01-14,Roti Bakar,Snack,25,18000,450000,Cabang B,QRIS
2024-02-25,Kopi Susu,Minuman,466,12000,5592000,Cabang B,QRIS
2024-02-10,Ayam Geprek,Makanan,43,28000,1204000,Cabang B,Cash
2023-09-02,Ayam Geprek,Makanan,2,28000,56000,Cabang A,Cash
2024-12-07,Kopi Susu,Minuman,4,12000,48000,Cabang C,E-Wallet
2024-10-06,Susu Coklat,Minuman,38,14000,532000,Cabang C,Cash
2023-08-06,Es Teh Manis,Minuman,395,8000,3160000,Cabang A,Transfer
2024-09-13,Kentang Goreng,Snack,17,12000,204000,Cabang B,Cash
2023-07-25,Kentang Goreng,Snack,1,12000,12000,Cabang B,Cash
2023-10-07,Kopi Susu,Minuman,22,12000,264000,Cabang C,QRIS
2024-04-28,Kopi Susu,Minuman,4,12000,48000,Cabang B,Cash
2023-12-23,Kentang Goreng,Snack,43,12000,516000,Cabang A,Cash
2023-03-25,Roti Bakar,Snack,10,18000,180000,Cabang B,Cash
2024-12-08,Pisang Goreng,Snack,10,10000,100000,Cabang A,Cash
2023-12-30,Jus Alpukat,Minuman,40,15000,600000,Cabang B,QRIS
2023-04-25,Pisang Goreng,Snack,2,10000,20000,Cabang A,E-Wallet
2023-09-28,Pisang Goreng,Snack,44,10000,440000,Cabang B,Cash
2024-10-25,Mie Ayam,Makanan,16,20000,320000,Cabang C,Cash
2024-02-24,Mie Ayam,Makanan,32,20000,640000,Cabang B,Cash
2023-08-02,Nasi Uduk,Makanan,28,22000,616000,Cabang B,Transfer
2024-08-19,Jus Alpukat,Minuman,18,15000,270000,Cabang B,Cash
2023-05-21,Kentang Goreng,Snack,49,12000,588000,Cabang A,QRIS
2023-12-14,Kentang Goreng,Snack,18,12000,216000,Cabang C,Cash
2024-02-16,Nasi Goreng,Makanan,16,25000,400000,Cabang B,E-Wallet
2023-04-24,Roti Bakar,Snack,18,18000,324000,Cabang B,Cash
2023-09-20,Roti Bakar,Snack,18,18000,324000,Cabang C,Cash
2024-11-04,Pisang Goreng,Snack,48,10000,480000,Cabang B,Cash
2024-10-14,Roti Bakar,Snack,3,18000,54000,Cabang C,Cash
2024-05-21,Jus Alpukat,Minuman,6,15000,90000,Cabang C,Cash
2024-09-29,Ayam Geprek,Makanan,1,28000,28000,Cabang C,Cash
2024-05-05,Pisang Goreng,Snack,11,10000,110000,Cabang B,Cash
2024-06-15,Roti Bakar,Snack,2,18000,36000,Cabang B,Cash
2023-03-30,Jus Alpukat,Minuman,41,15000,615000,Cabang C,Cash
2023-03-12,Mie Ayam,Makanan,17,20000,340000,Cabang B,E-Wallet
2024-01-04,Nasi Goreng,Makanan,40,25000,1000000,Cabang B,Cash
2023-12-30,Jus Alpukat,Minuman,17,15000,255000,Cabang C,E-Wallet
2023-08-09,Nasi Uduk,Makanan,16,22000,352000,Cabang C,E-Wallet
2024-04-28,Pisang Goreng,Snack,3,10000,30000,Cabang C,Transfer
2024-03-05,Pisang Goreng,Snack,43,10000,430000,Cabang C,Cash
2023-08-03,Kentang Goreng,Snack,10,12000,120000,Cabang B,Cash
2024-12-22,Susu Coklat,Minuman,16,14000,224000,Cabang B,Cash
2024-09-14,Mie Ayam,Makanan,15,20000,300000,Cabang B,E-Wallet
2024-07-12,Ayam Geprek,Makanan,35,28000,980000,Cabang B,Cash
2023-07-02,Nasi Uduk,Makanan,10,22000,220000,Cabang B,Cash
2024-03-21,Es Teh Manis,Minuman,41,8000,328000,Cabang A,E-Wallet
2023-12-08,Es Teh Manis,Minuman,19,8000,152000,Cabang B,Cash
2023-01-01,Pisang Goreng,Snack,14,10000,140000,Cabang C,Transfer
2023-09-19,Jus Alpukat,Minuman,32,15000,480000,Cabang C,QRIS
2023-12-06,Kopi Susu,Minuman,7,12000,84000,Cabang A,Cash
2024-02-17,Nasi Uduk,Makanan,32,22000,704000,Cabang C,E-Wallet
2023-11-08,Mie Ayam,Makanan,47,20000,940000,Cabang A,QRIS
2023-02-23,Kentang Goreng,Snack,18,12000,216000,Cabang A,Transfer
2023-01-07,Jus Alpukat,Minuman,24,15000,360000,Cabang A,QRIS
2023-05-14,Kopi Susu,Minuman,30,12000,360000,Cabang A,Transfer
2023-11-06,Susu Coklat,Minuman,25,14000,350000,Cabang A,Cash
2024-12-13,Kentang Goreng,Snack,40,12000,480000,Cabang A,Cash
2024-06-30,Pisang Goreng,Snack,6,10000,60000,Cabang B,Cash
2023-12-16,Kopi Susu,Minuman,44,12000,528000,Cabang B,Cash
2024-12-01,Nasi Uduk,Makanan,39,22000,858000,Cabang C,QRIS
2023-05-15,Ayam Geprek,Makanan,24,28000,672000,Cabang A,Transfer
2023-10-05,Roti Bakar,Snack,11,18000,198000,Cabang B,QRIS
2023-08-08,Kopi Susu,Minuman,31,12000,372000,Cabang C,Cash
2024-02-10,Kopi Susu,Minuman,47,12000,564000,Cabang B,Cash
2023-02-19,Kopi Susu,Minuman,46,12000,552000,Cabang C,QRIS
2024-12-12,Es Teh Manis,Minuman,44,8000,352000,Cabang B,QRIS
2024-12-09,Ayam Geprek,Makanan,37,28000,1036000,Cabang C,Cash
2023-05-03,Kopi Susu,Minuman,47,12000,564000,Cabang B,Cash
2023-01-28,Es Teh Manis,Minuman,25,8000,200000,Cabang C,Transfer
2023-01-28,Kentang Goreng,Snack,2,12000,24000,Cabang C,Cash
2024-08-05,Kentang Goreng,Snack,1,12000,12000,Cabang A,Cash
2024-07-13,Nasi Uduk,Makanan,20,22000,440000,Cabang B,E-Wallet
2023-04-30,Jus Alpukat,Minuman,38,15000,570000,Cabang B,Cash
2023-10-06,Pisang Goreng,Snack,28,10000,280000,Cabang B,Cash
2024-01-30,Mie Ayam,Makanan,45,20000,900000,Cabang A,E-Wallet
2024-01-13,Ayam Geprek,Makanan,6,28000,168000,Cabang A,QRIS
2024-12-29,Jus Alpukat,Minuman,36,15000,540000,Cabang C,Cash
2023-01-07,Jus Alpukat,Minuman,6,15000,90000,Cabang C,Cash
2024-01-24,Es Teh Manis,Minuman,28,8000,224000,Cabang C,QRIS
2023-05-18,Pisang Goreng,Snack,17,10000,170000,Cabang C,QRIS
2024-12-15,Nasi Goreng,Makanan,22,25000,550000,Cabang B,QRIS
2023-11-12,Pisang Goreng,Snack,36,10000,360000,Cabang C,QRIS
2023-03-19,Es Teh Manis,Minuman,31,8000,248000,Cabang C,Cash
2023-01-13,Ayam Geprek,Makanan,31,28000,868000,Cabang B,Transfer
2024-10-05,Nasi Uduk,Makanan,17,22000,374000,Cabang B,Transfer
2024-06-22,Susu Coklat,Minuman,22,14000,308000,Cabang A,Cash
2023-10-15,Nasi Goreng,Makanan,23,25000,575000,Cabang C,Cash
2024-05-17,Ayam Geprek,Makanan,8,28000,224000,Cabang B,QRIS
2024-02-02,Jus Alpukat,Minuman,13,15000,195000,Cabang C,QRIS
2023-07-30,Nasi Goreng,Makanan,33,25000,825000,Cabang B,QRIS
2023-03-28,Susu Coklat,Minuman,34,14000,476000,Cabang A,Transfer
2023-08-26,Ayam Geprek,Makanan,23,28000,644000,Cabang B,Transfer
2024-05-17,Susu Coklat,Minuman,418,14000,5852000,Cabang B,Cash
2023-06-24,Kopi Susu,Minuman,4,12000,48000,Cabang B,Cash
2024-06-29,Ayam Geprek,Makanan,41,28000,1148000,Cabang A,QRIS
2023-11-14,Susu Coklat,Minuman,45,14000,630000,Cabang C,Cash
2023-03-12,Susu Coklat,Minuman,42,14000,588000,Cabang C,Cash
2024-03-11,Es Teh Manis,Minuman,43,8000,344000,Cabang C,Transfer
2023-08-27,Roti Bakar,Snack,41,18000,738000,Cabang A,Cash
2024-02-24,Susu Coklat,Minuman,47,14000,658000,Cabang B,Cash
2023-11-25,Kentang Goreng,Snack,268,12000,3216000,Cabang B,Cash
2023-03-08,Kopi Susu,Minuman,16,12000,192000,Cabang B,QRIS
2023-04-01,Kentang Goreng,Snack,8,12000,96000,Cabang A,QRIS
2023-10-18,Es Teh Manis,Minuman,31,8000,248000,Cabang B,E-Wallet
2023-07-16,Kentang Goreng,Snack,2,12000,24000,Cabang B,QRIS
2024-03-29,Es Teh Manis,Minuman,321,8000,2568000,Cabang A,Cash
2023-11-05,Susu Coklat,Minuman,10,14000,140000,Cabang A,Cash
2024-04-28,Es Teh Manis,Minuman,33,8000,264000,Cabang A,Cash
2023-02-18,Jus Alpukat,Minuman,3,15000,45000,Cabang B,Cash
2023-11-05,Kentang Goreng,Snack,15,12000,180000,Cabang B,Cash
2023-01-01,Roti Bakar,Snack,15,18000,270000,Cabang B,Cash
2024-10-05,Kopi Susu,Minuman,16,12000,192000,Cabang C,Cash
2023-04-03,Susu Coklat,Minuman,24,14000,336000,Cabang C,QRIS
2024-11-14,Kentang Goreng,Snack,4,12000,48000,Cabang C,QRIS
2024-01-18,Ayam Geprek,Makanan,4,28000,112000,Cabang C,Cash
2024-11-26,Kentang Goreng,Snack,36,12000,432000,Cabang A,Cash
2024-03-16,Nasi Goreng,Makanan,9,25000,225000,Cabang B,Cash
2023-05-26,Susu Coklat,Minuman,30,14000,420000,Cabang C,E-Wallet
2024-01-28,Jus Alpukat,Minuman,29,15000,435000,Cabang C,Transfer
2023-08-18,Kopi Susu,Minuman,45,12000,540000,Cabang C,Cash
2023-02-13,Jus Alpukat,Minuman,33,15000,495000,Cabang C,Cash
2024-03-27,Jus Alpukat,Minuman,48,15000,720000,Cabang A,QRIS
2023-01-06,Jus Alpukat,Minuman,28,15000,420000,Cabang A,Cash
2023-05-26,Roti Bakar,Snack,23,18000,414000,Cabang B,Cash
2024-05-25,Es Teh Manis,Minuman,31,8000,248000,Cabang C,Transfer
2023-02-12,Mie Ayam,Makanan,25,20000,500000,Cabang C,Cash
2024-08-01,Nasi Uduk,Makanan,18,22000,396000,Cabang A,Transfer
2023-07-11,Mie Ayam,Makanan,278,20000,5560000,Cabang B,QRIS
2024-05-16,Ayam Geprek,Makanan,41,28000,1148000,Cabang C,Cash
2024-06-19,Es Teh Manis,Minuman,14,8000,112000,Cabang C,Cash
2024-03-03,Susu Coklat,Minuman,24,14000,336000,Cabang C,Cash
2024-11-02,Mie Ayam,Makanan,37,20000,740000,Cabang A,Cash
2024-11-16,Kopi Susu,Minuman,40,12000,480000,Cabang B,Transfer
2023-03-25,Nasi Uduk,Makanan,6,22000,132000,Cabang B,Cash
2024-09-25,Roti Bakar,Snack,36,18000,648000,Cabang B,QRIS
2023-03-15,Nasi Goreng,Makanan,282,25000,7050000,Cabang C,Cash
2024-10-15,Es Teh Manis,Minuman,10,8000,80000,Cabang C,Cash
2024-12-24,Susu Coklat,Minuman,10,14000,140000,Cabang A,Cash
2024-04-04,Jus Alpukat,Minuman,41,15000,615000,Cabang B,Cash
2024-01-06,Nasi Uduk,Makanan,4,22000,88000,Cabang B,Cash
2024-05-18,Jus Alpukat,Minuman,36,15000,540000,Cabang B,Cash
2023-10-31,Kopi Susu,Minuman,41,12000,492000,Cabang A,Cash
2023-08-25,Kentang Goreng,Snack,6,12000,72000,Cabang C,QRIS
2023-10-21,Es Teh Manis,Minuman,2,8000,16000,Cabang B,Cash
2023-09-14,Mie Ayam,Makanan,19,20000,380000,Cabang C,Cash
2023-08-26,Es Teh Manis,Minuman,46,8000,368000,Cabang B,QRIS
2024-02-26,Es Teh Manis,Minuman,45,8000,360000,Cabang B,Cash
2023-09-02,Kopi Susu,Minuman,2,12000,24000,Cabang A,Cash
2024-04-24,Jus Alpukat,Minuman,6,15000,90000,Cabang B,E-Wallet
2023-03-07,Kopi Susu,Minuman,275,12000,3300000,Cabang A,QRIS
2024-04-21,Susu Coklat,Minuman,384,14000,5376000,Cabang B,Cash
2023-06-02,Roti Bakar,Snack,496,18000,8928000,Cabang B,Cash
2024-04-12,Ayam Geprek,Makanan,39,28000,1092000,Cabang A,Cash
2024-03-05,Es Teh Manis,Minuman,30,8000,240000,Cabang C,Cash
2023-04-24,Es Teh Manis,Minuman,6,8000,48000,Cabang B,Cash
2023-07-13,Kentang Goreng,Snack,30,12000,360000,Cabang A,Cash
2024-10-29,Kopi Susu,Minuman,17,12000,204000,Cabang C,Cash
2023-01-01,Ayam Geprek,Makanan,42,28000,1176000,Cabang A,Cash
2023-07-03,Roti Bakar,Snack,44,18000,792000,Cabang B,Cash
2023-10-23,Susu Coklat,Minuman,44,14000,616000,Cabang C,Transfer
2024-04-30,Pisang Goreng,Snack,39,10000,390000,Cabang C,Cash
2023-01-09,Jus Alpukat,Minuman,12,15000,180000,Cabang A,Cash
2023-02-11,Jus Alpukat,Minuman,30,15000,450000,Cabang A,Cash
2023-08-06,Es Teh Manis,Minuman,36,8000,288000,Cabang C,Cash
2023-04-16,Nasi Goreng,Makanan,29,25000,725000,Cabang B,Cash
2023-07-15,Ayam Geprek,Makanan,32,28000,896000,Cabang C,Cash
2023-07-13,Jus Alpukat,Minuman,11,15000,165000,Cabang A,E-Wallet
2023-07-26,Jus Alpukat,Minuman,11,15000,165000,Cabang C,QRIS
2023-08-29,Kentang Goreng,Snack,201,12000,2412000,Cabang A,Cash
2024-07-14,Mie Ayam,Makanan,26,20000,520000,Cabang C,QRIS
2023-02-16,Ayam Geprek,Makanan,39,28000,1092000,Cabang A,Cash
2023-07-24,Kentang Goreng,Snack,35,12000,420000,Cabang C,Cash
2024-03-19,Susu Coklat,Minuman,42,14000,588000,Cabang B,Cash
2023-07-21,Kopi Susu,Minuman,12,12000,144000,Cabang C,Transfer
2023-08-03,Jus Alpukat,Minuman,23,15000,345000,Cabang C,Cash
2024-02-10,Es Teh Manis,Minuman,23,8000,184000,Cabang C,QRIS
2024-09-03,Kentang Goreng,Snack,18,12000,216000,Cabang B,Cash
2023-07-31,Nasi Uduk,Makanan,1,22000,22000,Cabang C,Cash
2024-04-19,Kopi Susu,Minuman,12,12000,144000,Cabang A,QRIS
2024-10-22,Kopi Susu,Minuman,36,12000,432000,Cabang B,QRIS
2023-04-02,Nasi Uduk,Makanan,40,22000,880000,Cabang C,Transfer
2024-04-02,Mie Ayam,Makanan,3,20000,60000,Cabang A,Cash
2024-05-26,Es Teh Manis,Minuman,48,8000,384000,Cabang A,E-Wallet
2023-04-01,Susu Coklat,Minuman,48,14000,672000,Cabang C,Cash
2024-12-11,Kopi Susu,Minuman,296,12000,3552000,Cabang C,Cash
2023-04-25,Es Teh Manis,Minuman,41,8000,328000,Cabang B,QRIS
2023-02-10,Ayam Geprek,Makanan,3,28000,84000,Cabang B,Transfer
2024-09-28,Kopi Susu,Minuman,25,12000,300000,Cabang B,Cash
2024-03-28,Pisang Goreng,Snack,28,10000,280000,Cabang A,Transfer
2023-03-18,Kopi Susu,Minuman,8,12000,96000,Cabang C,Cash
2023-07-27,Jus Alpukat,Minuman,20,15000,300000,Cabang B,E-Wallet
2023-11-17,Pisang Goreng,Snack,14,10000,140000,Cabang B,E-Wallet
2024-01-15,Nasi Uduk,Makanan,47,22000,1034000,Cabang C,QRIS
2023-06-11,Kopi Susu,Minuman,14,12000,168000,Cabang C,Transfer
2024-05-15,Kentang Goreng,Snack,18,12000,216000,Cabang C,Cash
2024-07-30,Nasi Goreng,Makanan,42,25000,1050000,Cabang B,Cash
2023-12-20,Susu Coklat,Minuman,341,14000,4774000,Cabang A,Transfer
2023-05-14,Susu Coklat,Minuman,43,14000,602000,Cabang B,Cash
2023-03-12,Es Teh Manis,Minuman,2,8000,16000,Cabang C,Cash
2024-11-03,Kopi Susu,Minuman,46,12000,552000,Cabang A,Cash
2024-12-17,Roti Bakar,Snack,3,18000,54000,Cabang C,E-Wallet
2023-05-03,Ayam Geprek,Makanan,24,28000,672000,Cabang B,QRIS
2023-08-31,Jus Alpukat,Minuman,18,15000,270000,Cabang A,E-Wallet
2024-09-01,Nasi Goreng,Makanan,49,25000,1225000,Cabang B,Cash
2024-02-14,Mie Ayam,Makanan,30,20000,600000,Cabang C,E-Wallet
2024-12-01,Jus Alpukat,Minuman,17,15000,255000,Cabang B,QRIS
2024-09-29,Roti Bakar,Snack,31,18000,558000,Cabang B,Cash
2023-09-05,Roti Bakar,Snack,35,18000,630000,Cabang A,Cash
2024-10-20,Mie Ayam,Makanan,41,20000,820000,Cabang B,Cash
2024-01-29,Es Teh Manis,Minuman,11,8000,88000,Cabang A,E-Wallet
2024-07-07,Es Teh Manis,Minuman,7,8000,56000,Cabang A,QRIS
2024-11-06,Kentang Goreng,Snack,12,12000,144000,Cabang A,Transfer
2023-11-04,Mie Ayam,Makanan,44,20000,880000,Cabang C,Cash
2023-05-20,Kopi Susu,Minuman,31,12000,372000,Cabang B,Cash
2023-12-11,Susu Coklat,Minuman,1,14000,14000,Cabang B,Transfer
2023-03-04,Es Teh Manis,Minuman,35,8000,280000,Cabang A,Cash
2024-08-01,Kentang Goreng,Snack,3,12000,36000,Cabang C,QRIS
2024-08-29,Kentang Goreng,Snack,45,12000,540000,Cabang C,Cash
2024-05-21,Ayam Geprek,Makanan,31,28000,868000,Cabang A,QRIS
2023-03-20,Ayam Geprek,Makanan,16,28000,448000,Cabang A,Cash
2023-12-14,Es Teh Manis,Minuman,41,8000,328000,Cabang C,QRIS
2024-10-01,Nasi Goreng,Makanan,12,25000,300000,Cabang C,E-Wallet
2024-07-31,Susu Coklat,Minuman,277,14000,3878000,Cabang C,Cash
2024-04-14,Jus Alpukat,Minuman,17,15000,255000,Cabang C,QRIS
2024-01-14,Es Teh Manis,Minuman,2,8000,16000,Cabang C,Cash
2023-09-09,Pisang Goreng,Snack,31,10000,310000,Cabang A,Cash
2023-06-20,Mie Ayam,Makanan,7,20000,140000,Cabang C,QRIS
2023-12-31,Es Teh Manis,Minuman,16,8000,128000,Cabang C,Cash
2024-03-27,Nasi Goreng,Makanan,4,25000,100000,Cabang A,QRIS
2023-10-11,Jus Alpukat,Minuman,41,15000,615000,Cabang B,Cash
2024-05-25,Kopi Susu,Minuman,5,12000,60000,Cabang B,QRIS
2024-03-30,Mie Ayam,Makanan,19,20000,380000,Cabang A,Cash
2024-11-30,Es Teh Manis,Minuman,1,8000,8000,Cabang A,E-Wallet
2023-04-19,Jus Alpukat,Minuman,12,15000,180000,Cabang B,QRIS
2024-07-14,Es Teh Manis,Minuman,3,8000,24000,Cabang C,Cash
2023-11-25,Kopi Susu,Minuman,22,12000,264000,Cabang C,QRIS
2024-01-25,Mie Ayam,Makanan,42,20000,840000,Cabang C,Cash
2023-08-18,Kopi Susu,Minuman,32,12000,384000,Cabang C,QRIS
2023-02-02,Nasi Goreng,Makanan,14,25000,350000,Cabang C,Cash
2024-11-22,Kopi Susu,Minuman,211,12000,2532000,Cabang B,Cash
2024-11-05,Kentang Goreng,Snack,21,12000,252000,Cabang C,Cash
2023-04-02,Mie Ayam,Makanan,40,20000,800000,Cabang C,QRIS
2023-11-23,Jus Alpukat,Minuman,17,15000,255000,Cabang A,E-Wallet
2024-04-24,Jus Alpukat,Minuman,4,15000,60000,Cabang C,QRIS
2024-12-28,Jus Alpukat,Minuman,14,15000,210000,Cabang B,Cash
2023-05-19,Nasi Goreng,Makanan,12,25000,300000,Cabang A,Cash
2023-04-16,Jus Alpukat,Minuman,4,15000,60000,Cabang B,Transfer
2023-04-12,Mie Ayam,Makanan,13,20000,260000,Cabang A,Cash
2023-04-16,Kopi Susu,Minuman,38,12000,456000,Cabang A,Cash
2024-06-18,Roti Bakar,Snack,35,18000,630000,Cabang A,E-Wallet
2023-01-27,Nasi Goreng,Makanan,24,25000,600000,Cabang C,E-Wallet
2023-11-10,Jus Alpukat,Minuman,29,15000,435000,Cabang A,E-Wallet
2024-09-24,Roti Bakar,Snack,25,18000,450000,Cabang B,QRIS
2023-02-22,Nasi Uduk,Makanan,7,22000,154000,Cabang A,Transfer
2023-04-18,Nasi Uduk,Makanan,24,22000,528000,Cabang C,Transfer
2024-08-10,Roti Bakar,Snack,30,18000,540000,Cabang A,Cash
2023-08-05,Nasi Goreng,Makanan,31,25000,775000,Cabang B,Cash
2024-07-06,Susu Coklat,Minuman,10,14000,140000,Cabang C,Cash
2023-07-23,Mie Ayam,Makanan,6,20000,120000,Cabang A,Cash
2023-06-26,Mie Ayam,Makanan,45,20000,900000,Cabang A,Cash
2024-07-19,Jus Alpukat,Minuman,31,15000,465000,Cabang A,QRIS
2024-01-29,Susu Coklat,Minuman,22,14000,308000,Cabang A,QRIS
2024-12-06,Mie Ayam,Makanan,31,20000,620000,Cabang B,Cash
2023-11-05,Jus Alpukat,Minuman,7,15000,105000,Cabang B,QRIS
2023-08-27,Susu Coklat,Minuman,26,14000,364000,Cabang B,Cash
2024-06-19,Es Teh Manis,Minuman,4,8000,32000,Cabang C,Cash
2023-07-01,Kopi Susu,Minuman,34,12000,408000,Cabang C,Cash
2024-04-28,Pisang Goreng,Snack,26,10000,260000,Cabang A,Cash
2024-10-17,Kopi Susu,Minuman,31,12000,372000,Cabang B,Cash
2023-03-02,Nasi Uduk,Makanan,41,22000,902000,Cabang C,Cash
2023-05-06,Susu Coklat,Minuman,19,14000,266000,Cabang A,Cash
2023-11-16,Pisang Goreng,Snack,41,10000,410000,Cabang A,Cash
2024-03-30,Kentang Goreng,Snack,19,12000,228000,Cabang B,E-Wallet
2023-10-01,Kopi Susu,Minuman,7,12000,84000,Cabang C,Cash
2023-06-19,Es Teh Manis,Minuman,4,8000,32000,Cabang C,QRIS
2023-11-27,Es Teh Manis,Minuman,1,8000,8000,Cabang C,Cash
2024-01-21,Roti Bakar,Snack,36,18000,648000,Cabang C,Cash
2023-12-05,Jus Alpukat,Minuman,4,15000,60000,Cabang A,Transfer
2024-05-28,Mie Ayam,Makanan,35,20000,700000,Cabang C,Cash
2023-06-10,Ayam Geprek,Makanan,45,28000,1260000,Cabang A,QRIS
2024-11-27,Pisang Goreng,Snack,18,10000,180000,Cabang A,Cash
2024-09-02,Kopi Susu,Minuman,29,12000,348000,Cabang B,Cash
2023-06-11,Susu Coklat,Minuman,34,14000,476000,Cabang A,E-Wallet
2024-02-11,Susu Coklat,Minuman,9,14000,126000,Cabang C,QRIS
2024-04-23,Kentang Goreng,Snack,4,12000,48000,Cabang B,QRIS
2023-05-15,Nasi Uduk,Makanan,31,22000,682000,Cabang B,E-Wallet
2023-10-21,Pisang Goreng,Snack,31,10000,310000,Cabang A,Cash
2024-03-22,Es Teh Manis,Minuman,20,8000,160000,Cabang C,Cash
2023-04-26,Es Teh Manis,Minuman,20,8000,160000,Cabang C,Cash
2023-06-20,Kentang Goreng,Snack,30,12000,360000,Cabang B,Cash
2023-09-04,Susu Coklat,Minuman,38,14000,532000,Cabang C,Cash
2023-04-23,Kopi Susu,Minuman,17,12000,204000,Cabang A,QRIS
2024-10-12,Es Teh Manis,Minuman,45,8000,360000,Cabang B,Cash
2023-03-02,Es Teh Manis,Minuman,11,8000,88000,Cabang C,Transfer
2024-12-03,Roti Bakar,Snack,25,18000,450000,Cabang C,E-Wallet
2024-11-10,Es Teh Manis,Minuman,11,8000,88000,Cabang B,Transfer
2024-10-29,Kopi Susu,Minuman,9,12000,108000,Cabang A,Cash
2024-12-31,Susu Coklat,Minuman,32,14000,448000,Cabang B,Cash
2023-03-11,Jus Alpukat,Minuman,26,15000,390000,Cabang C,Cash
2024-12-12,Pisang Goreng,Snack,32,10000,320000,Cabang C,Cash
2023-12-05,Susu Coklat,Minuman,16,14000,224000,Cabang B,Cash
2023-10-04,Susu Coklat,Minuman,4,14000,56000,Cabang A,QRIS
2024-03-05,Pisang Goreng,Snack,6,10000,60000,Cabang B,Cash
2024-09-27,Jus Alpukat,Minuman,42,15000,630000,Cabang B,E-Wallet
2023-07-30,Kopi Susu,Minuman,29,12000,348000,Cabang C,Cash
2024-04-21,Nasi Goreng,Makanan,20,25000,500000,Cabang C,Cash
2024-06-26,Es Teh Manis,Minuman,32,8000,256000,Cabang B,Cash
2024-07-25,Mie Ayam,Makanan,12,20000,240000,Cabang B,Cash
2023-08-13,Jus Alpukat,Minuman,14,15000,210000,Cabang A,QRIS
2024-09-01,Kopi Susu,Minuman,11,12000,132000,Cabang C,Cash
2023-12-30,Kopi Susu,Minuman,2,12000,24000,Cabang C,QRIS
2024-11-25,Es Teh Manis,Minuman,44,8000,352000,Cabang B,Cash
2024-03-17,Jus Alpukat,Minuman,13,15000,195000,Cabang B,QRIS
2023-03-19,Susu Coklat,Minuman,28,14000,392000,Cabang C,Cash
2024-12-12,Kopi Susu,Minuman,29,12000,348000,Cabang C,Transfer
2024-12-23,Kopi Susu,Minuman,20,12000,240000,Cabang C,Cash
2024-06-01,Es Teh Manis,Minuman,44,8000,352000,Cabang A,QRIS
2024-10-05,Jus Alpukat,Minuman,401,15000,6015000,Cabang A,Cash
2023-03-17,Pisang Goreng,Snack,41,10000,410000,Cabang B,Cash
2024-11-16,Ayam Geprek,Makanan,32,28000,896000,Cabang C,E-Wallet
2024-10-24,Susu Coklat,Minuman,33,14000,462000,Cabang A,QRIS
2024-03-22,Kopi Susu,Minuman,20,12000,240000,Cabang B,Transfer
2023-03-25,Mie Ayam,Makanan,33,20000,660000,Cabang C,Cash
2023-12-16,Kopi Susu,Minuman,25,12000,300000,Cabang A,QRIS
2023-12-24,Es Teh Manis,Minuman,1,8000,8000,Cabang A,QRIS
2023-03-02,Jus Alpukat,Minuman,32,15000,480000,Cabang B,Cash
2023-11-12,Mie Ayam,Makanan,284,20000,5680000,Cabang C,Cash
2023-10-15,Kopi Susu,Minuman,18,12000,216000,Cabang B,Cash
2023-09-28,Ayam Geprek,Makanan,45,28000,1260000,Cabang C,Transfer
2024-09-08,Nasi Uduk,Makanan,7,22000,154000,Cabang C,Cash
2024-01-22,Roti Bakar,Snack,24,18000,432000,Cabang A,Cash
2023-12-01,Susu Coklat,Minuman,44,14000,616000,Cabang A,Cash
2023-04-17,Susu Coklat,Minuman,43,14000,602000,Cabang B,QRIS
2024-07-11,Kopi Susu,Minuman,347,12000,4164000,Cabang B,E-Wallet
2024-06-10,Pisang Goreng,Snack,19,10000,190000,Cabang B,Cash
2023-01-29,Jus Alpukat,Minuman,22,15000,330000,Cabang A,Cash
2023-03-03,Kopi Susu,Minuman,35,12000,420000,Cabang A,Cash
2024-01-03,Ayam Geprek,Makanan,8,28000,224000,Cabang B,Cash
2023-05-04,Es Teh Manis,Minuman,29,8000,232000,Cabang C,Cash
2024-07-04,Kentang Goreng,Snack,13,12000,156000,Cabang A,Cash
2023-09-27,Pisang Goreng,Snack,13,10000,130000,Cabang A,QRIS
2024-05-14,Es Teh Manis,Minuman,32,8000,256000,Cabang A,Cash
2024-12-23,Susu Coklat,Minuman,5,14000,70000,Cabang B,Cash
2023-12-19,Susu Coklat,Minuman,11,14000,154000,Cabang C,Cash
2024-06-01,Jus Alpukat,Minuman,35,15000,525000,Cabang A,Transfer
2023-01-06,Nasi Goreng,Makanan,6,25000,150000,Cabang A,Cash
2023-03-26,Kopi Susu,Minuman,5,12000,60000,Cabang C,E-Wallet
2024-04-28,Roti Bakar,Snack,27,18000,486000,Cabang A,Cash
2023-08-22,Susu Coklat,Minuman,27,14000,378000,Cabang C,Transfer
2024-06-11,Kopi Susu,Minuman,9,12000,108000,Cabang A,Transfer
2024-11-18,Kopi Susu,Minuman,26,12000,312000,Cabang A,QRIS
2024-06-08,Kopi Susu,Minuman,10,12000,120000,Cabang B,Cash
2023-04-29,Mie Ayam,Makanan,27,20000,540000,Cabang C,Cash
2024-03-22,Ayam Geprek,Makanan,9,28000,252000,Cabang A,Cash
2023-02-06,Nasi Uduk,Makanan,40,22000,880000,Cabang B,Transfer
2023-09-08,Es Teh Manis,Minuman,26,8000,208000,Cabang C,Transfer
2023-11-26,Mie Ayam,Makanan,28,20000,560000,Cabang C,Transfer
2024-09-30,Mie Ayam,Makanan,25,20000,500000,Cabang C,Cash
2024-08-22,Kentang Goreng,Snack,15,12000,180000,Cabang C,Cash
2024-05-29,Pisang Goreng,Snack,4,10000,40000,Cabang C,QRIS
2023-12-25,Susu Coklat,Minuman,1,14000,14000,Cabang B,Transfer
2024-12-14,Es Teh Manis,Minuman,14,8000,112000,Cabang B,Cash
2023-04-28,Es Teh Manis,Minuman,15,8000,120000,Cabang A,Transfer
2023-09-22,Mie Ayam,Makanan,422,20000,8440000,Cabang C,Cash
2023-02-27,Es Teh Manis,Minuman,30,8000,240000,Cabang C,Cash
2024-04-03,Kopi Susu,Minuman,16,12000,192000,Cabang B,QRIS
2023-06-13,Nasi Goreng,Makanan,472,25000,11800000,Cabang C,Cash
2023-12-07,Mie Ayam,Makanan,45,20000,900000,Cabang A,Cash
2023-06-08,Susu Coklat,Minuman,32,14000,448000,Cabang A,QRIS
2024-06-11,Nasi Goreng,Makanan,379,25000,9475000,Cabang B,Cash
2024-03-28,Jus Alpukat,Minuman,45,15000,675000,Cabang B,QRIS
2024-07-14,Kopi Susu,Minuman,12,12000,144000,Cabang A,E-Wallet
2024-08-29,Es Teh Manis,Minuman,29,8000,232000,Cabang C,Cash
2024-12-07,Es Teh Manis,Minuman,13,8000,104000,Cabang C,QRIS
2024-07-05,Ayam Geprek,Makanan,35,28000,980000,Cabang C,Cash
2024-09-21,Roti Bakar,Snack,3,18000,54000,Cabang A,Cash
2024-02-09,Susu Coklat,Minuman,10,14000,140000,Cabang C,QRIS
2023-08-11,Pisang Goreng,Snack,12,10000,120000,Cabang C,Transfer
2024-12-10,Es Teh Manis,Minuman,17,8000,136000,Cabang C,Transfer
2024-09-03,Jus Alpukat,Minuman,268,15000,4020000,Cabang B,Cash
2023-12-07,Jus Alpukat,Minuman,4,15000,60000,Cabang B,Cash
2023-10-11,Susu Coklat,Minuman,2,14000,28000,Cabang B,QRIS
2024-02-13,Nasi Uduk,Makanan,14,22000,308000,Cabang C,E-Wallet
2024-01-26,Pisang Goreng,Snack,305,10000,3050000,Cabang A,Cash
2023-11-20,Susu Coklat,Minuman,12,14000,168000,Cabang A,Cash
2024-09-11,Es Teh Manis,Minuman,40,8000,320000,Cabang B,Cash
2024-05-25,Es Teh Manis,Minuman,29,8000,232000,Cabang A,Cash
2023-01-30,Jus Alpukat,Minuman,39,15000,585000,Cabang C,Cash
2023-06-10,Es Teh Manis,Minuman,32,8000,256000,Cabang B,Cash
2024-08-19,Es Teh Manis,Minuman,46,8000,368000,Cabang B,Cash
2023-03-20,Ayam Geprek,Makanan,253,28000,7084000,Cabang C,Transfer
2023-02-06,Susu Coklat,Minuman,42,14000,588000,Cabang A,QRIS
2023-09-17,Kopi Susu,Minuman,31,12000,372000,Cabang A,QRIS
2023-02-22,Kentang Goreng,Snack,40,12000,480000,Cabang B,Transfer
2023-06-10,Roti Bakar,Snack,2,18000,36000,Cabang A,QRIS
2023-12-27,Nasi Uduk,Makanan,37,22000,814000,Cabang B,QRIS
2023-01-05,Kopi Susu,Minuman,32,12000,384000,Cabang C,QRIS
2024-06-04,Jus Alpukat,Minuman,5,15000,75000,Cabang A,QRIS
2024-05-11,Nasi Uduk,Makanan,1,22000,22000,Cabang B,Cash
2024-11-10,Jus Alpukat,Minuman,6,15000,90000,Cabang C,Cash
2024-10-27,Nasi Goreng,Makanan,3,25000,75000,Cabang B,Cash
2023-12-10,Pisang Goreng,Snack,35,10000,350000,Cabang B,QRIS
2024-02-29,Ayam Geprek,Makanan,32,28000,896000,Cabang C,E-Wallet
2023-10-29,Jus Alpukat,Minuman,15,15000,225000,Cabang B,Cash
2023-08-17,Susu Coklat,Minuman,43,14000,602000,Cabang A,Transfer
2024-01-14,Ayam Geprek,Makanan,33,28000,924000,Cabang C,QRIS
2023-06-11,Kopi Susu,Minuman,6,12000,72000,Cabang C,QRIS
2024-11-14,Jus Alpukat,Minuman,26,15000,390000,Cabang A,QRIS
2024-05-21,Es Teh Manis,Minuman,294,8000,2352000,Cabang C,Cash
2023-09-20,Susu Coklat,Minuman,18,14000,252000,Cabang B,Transfer
2024-01-19,Mie Ayam,Makanan,32,20000,640000,Cabang A,Cash
2024-09-01,Susu Coklat,Minuman,22,14000,308000,Cabang A,QRIS
2023-03-26,Mie Ayam,Makanan,25,20000,500000,Cabang B,Cash
2024-03-12,Kentang Goreng,Snack,34,12000,408000,Cabang A,Cash
2024-09-07,Kentang Goreng,Snack,12,12000,144000,Cabang C,Cash
2024-11-03,Susu Coklat,Minuman,2,14000,28000,Cabang A,Cash
2023-01-11,Ayam Geprek,Makanan,8,28000,224000,Cabang B,Transfer
2024-07-27,Mie Ayam,Makanan,49,20000,980000,Cabang C,Cash
2023-07-12,Pisang Goreng,Snack,38,10000,380000,Cabang B,E-Wallet
2024-02-27,Mie Ayam,Makanan,14,20000,280000,Cabang B,QRIS
2024-05-26,Es Teh Manis,Minuman,19,8000,152000,Cabang A,Cash
2023-04-03,Ayam Geprek,Makanan,9,28000,252000,Cabang A,Cash
2023-09-15,Susu Coklat,Minuman,6,14000,84000,Cabang A,Cash
2024-08-30,Jus Alpukat,Minuman,12,15000,180000,Cabang A,Cash
2024-07-22,Susu Coklat,Minuman,46,14000,644000,Cabang A,Cash
2024-11-17,Jus Alpukat,Minuman,43,15000,645000,Cabang B,QRIS
2024-03-02,Susu Coklat,Minuman,10,14000,140000,Cabang B,Cash
2023-04-01,Kopi Susu,Minuman,41,12000,492000,Cabang A,Cash
2023-11-15,Kopi Susu,Minuman,47,12000,564000,Cabang B,Transfer
2023-02-11,Kopi Susu,Minuman,34,12000,408000,Cabang C,Transfer
2023-05-08,Ayam Geprek,Makanan,15,28000,420000,Cabang C,Cash
2024-04-28,Jus Alpukat,Minuman,16,15000,240000,Cabang B,Cash
2023-10-26,Es Teh Manis,Minuman,36,8000,288000,Cabang B,Cash
2023-11-14,Nasi Uduk,Makanan,3,22000,66000,Cabang A,E-Wallet
2023-07-09,Mie Ayam,Makanan,29,20000,580000,Cabang A,Cash
2024-05-26,Kentang Goreng,Snack,8,12000,96000,Cabang A,Cash
2024-06-03,Es Teh Manis,Minuman,1,8000,8000,Cabang C,Cash
2023-08-10,Es Teh Manis,Minuman,383,8000,3064000,Cabang A,E-Wallet
2023-03-17,Nasi Uduk,Makanan,21,22000,462000,Cabang B,Transfer
2023-08-27,Nasi Uduk,Makanan,5,22000,110000,Cabang A,Cash
2024-11-10,Ayam Geprek,Makanan,24,28000,672000,Cabang C,Cash
2024-06-27,Kentang Goreng,Snack,38,12000,456000,Cabang B,QRIS
2023-05-29,Es Teh Manis,Minuman,49,8000,392000,Cabang C,Cash
2024-08-06,Es Teh Manis,Minuman,22,8000,176000,Cabang B,Cash
2024-12-24,Nasi Uduk,Makanan,15,22000,330000,Cabang A,QRIS
2023-03-10,Kopi Susu,Minuman,48,12000,576000,Cabang C,Cash
2024-12-03,Kopi Susu,Minuman,17,12000,204000,Cabang B,Transfer
2023-07-06,Pisang Goreng,Snack,32,10000,320000,Cabang A,QRIS
2023-09-09,Nasi Goreng,Makanan,38,25000,950000,Cabang A,QRIS
2024-09-25,Jus Alpukat,Minuman,22,15000,330000,Cabang A,Transfer
2023-06-21,Nasi Goreng,Makanan,39,25000,975000,Cabang A,E-Wallet
2024-12-07,Roti Bakar,Snack,43,18000,774000,Cabang B,Cash
2023-07-29,Mie Ayam,Makanan,18,20000,360000,Cabang A,Cash
2024-03-29,Jus Alpukat,Minuman,3,15000,45000,Cabang A,Transfer
2023-12-03,Susu Coklat,Minuman,35,14000,490000,Cabang A,Cash
2024-04-08,Kopi Susu,Minuman,9,12000,108000,Cabang B,Cash
2024-04-20,Susu Coklat,Minuman,9,14000,126000,Cabang C,QRIS
2024-01-29,Es Teh Manis,Minuman,14,8000,112000,Cabang C,Cash
2024-12-22,Nasi Uduk,Makanan,3,22000,66000,Cabang C,Transfer
2024-10-13,Mie Ayam,Makanan,20,20000,400000,Cabang C,QRIS
2024-12-11,Kentang Goreng,Snack,28,12000,336000,Cabang B,Cash
2023-01-25,Kopi Susu,Minuman,1,12000,12000,Cabang B,Cash
2024-01-13,Jus Alpukat,Minuman,10,15000,150000,Cabang B,QRIS
2024-04-01,Ayam Geprek,Makanan,13,28000,364000,Cabang A,Transfer
2024-06-05,Susu Coklat,Minuman,21,14000,294000,Cabang C,Cash
2024-07-17,Es Teh Manis,Minuman,9,8000,72000,Cabang C,Cash
2023-04-08,Nasi Goreng,Makanan,28,25000,700000,Cabang C,Cash
2024-08-18,Nasi Uduk,Makanan,20,22000,440000,Cabang B,Cash
2023-01-25,Mie Ayam,Makanan,33,20000,660000,Cabang A,Cash
2024-05-05,Jus Alpukat,Minuman,45,15000,675000,Cabang B,Cash
2023-09-20,Kopi Susu,Minuman,28,12000,336000,Cabang B,QRIS
2024-06-28,Susu Coklat,Minuman,49,14000,686000,Cabang B,Cash
2023-04-08,Pisang Goreng,Snack,17,10000,170000,Cabang A,E-Wallet
2023-06-15,Nasi Goreng,Makanan,9,25000,225000,Cabang B,Transfer
2023-12-18,Kopi Susu,Minuman,28,12000,336000,Cabang A,QRIS
2023-05-05,Susu Coklat,Minuman,29,14000,406000,Cabang C,QRIS
2024-05-02,Mie Ayam,Makanan,10,20000,200000,Cabang C,QRIS
2023-05-24,Pisang Goreng,Snack,33,10000,330000,Cabang A,E-Wallet
2023-05-07,Jus Alpukat,Minuman,16,15000,240000,Cabang A,QRIS
2023-07-09,Nasi Goreng,Makanan,30,25000,750000,Cabang C,Cash
2024-01-13,Pisang Goreng,Snack,5,10000,50000,Cabang C,Cash
2023-08-14,Mie Ayam,Makanan,39,20000,780000,Cabang A,QRIS
2023-10-24,Kopi Susu,Minuman,410,12000,4920000,Cabang C,Cash
2024-07-31,Roti Bakar,Snack,31,18000,558000,Cabang C,E-Wallet
2024-02-07,Susu Coklat,Minuman,37,14000,518000,Cabang C,QRIS
2023-06-24,Kopi Susu,Minuman,12,12000,144000,Cabang B,E-Wallet
2023-12-17,Kentang Goreng,Snack,16,12000,192000,Cabang C,Cash
2023-04-22,Susu Coklat,Minuman,36,14000,504000,Cabang B,QRIS
2023-01-19,Ayam Geprek,Makanan,23,28000,644000,Cabang B,QRIS
2024-04-06,Mie Ayam,Makanan,28,20000,560000,Cabang B,Cash
2024-02-24,Roti Bakar,Snack,37,18000,666000,Cabang A,Cash
2024-03-29,Jus Alpukat,Minuman,17,15000,255000,Cabang A,E-Wallet
2023-03-03,Roti Bakar,Snack,41,18000,738000,Cabang B,Cash
2024-03-29,Pisang Goreng,Snack,28,10000,280000,Cabang C,E-Wallet
2024-03-25,Mie Ayam,Makanan,41,20000,820000,Cabang B,Transfer
2023-05-18,Kopi Susu,Minuman,15,12000,180000,Cabang C,Cash
2023-03-09,Pisang Goreng,Snack,1,10000,10000,Cabang C,Cash
2024-08-04,Nasi Goreng,Makanan,13,25000,325000,Cabang B,Cash
2024-02-18,Mie Ayam,Makanan,41,20000,820000,Cabang B,QRIS
2023-08-02,Kopi Susu,Minuman,46,12000,552000,Cabang A,Cash
2023-12-03,Kentang Goreng,Snack,38,12000,456000,Cabang A,QRIS
2023-01-15,Nasi Goreng,Makanan,5,25000,125000,Cabang C,QRIS
2024-06-16,Jus Alpukat,Minuman,1,15000,15000,Cabang C,Cash
2024-12-22,Ayam Geprek,Makanan,15,28000,420000,Cabang B,Cash
2024-09-28,Jus Alpukat,Minuman,20,15000,300000,Cabang C,QRIS
2023-10-02,Kopi Susu,Minuman,38,12000,456000,Cabang C,QRIS
2024-12-26,Es Teh Manis,Minuman,32,8000,256000,Cabang B,QRIS
2023-07-23,Susu Coklat,Minuman,40,14000,560000,Cabang C,Cash
2023-03-26,Kentang Goreng,Snack,40,12000,480000,Cabang B,Cash
2023-07-18,Kopi Susu,Minuman,10,12000,120000,Cabang A,QRIS
2023-10-29,Jus Alpukat,Minuman,8,15000,120000,Cabang C,Transfer
2023-05-16,Susu Coklat,Minuman,44,14000,616000,Cabang A,Cash
2023-04-14,Nasi Goreng,Makanan,45,25000,1125000,Cabang B,Cash
2023-12-10,Kentang Goreng,Snack,21,12000,252000,Cabang C,Cash
2023-09-23,Jus Alpukat,Minuman,40,15000,600000,Cabang C,Transfer
2024-10-07,Nasi Uduk,Makanan,45,22000,990000,Cabang B,Cash
2023-02-19,Mie Ayam,Makanan,37,20000,740000,Cabang A,Cash
2023-11-18,Pisang Goreng,Snack,3,10000,30000,Cabang C,Cash
2023-02-13,Pisang Goreng,Snack,389,10000,3890000,Cabang C,Cash
2023-07-20,Ayam Geprek,Makanan,17,28000,476000,Cabang A,Cash
2023-09-14,Nasi Goreng,Makanan,43,25000,1075000,Cabang A,Cash
2023-10-16,Mie Ayam,Makanan,14,20000,280000,Cabang A,Cash
2024-07-13,Roti Bakar,Snack,12,18000,216000,Cabang C,Cash
2023-11-20,Pisang Goreng,Snack,38,10000,380000,Cabang A,QRIS
2024-05-19,Jus Alpukat,Minuman,44,15000,660000,Cabang C,Cash
2023-09-24,Pisang Goreng,Snack,19,10000,190000,Cabang A,Cash
2024-04-08,Es Teh Manis,Minuman,36,8000,288000,Cabang C,Cash
2024-07-20,Kopi Susu,Minuman,31,12000,372000,Cabang A,Cash
2024-04-28,Nasi Uduk,Makanan,32,22000,704000,Cabang A,Cash
2024-09-21,Jus Alpukat,Minuman,20,15000,300000,Cabang B,Cash
2023-03-20,Kopi Susu,Minuman,34,12000,408000,Cabang B,QRIS
2023-01-15,Es Teh Manis,Minuman,1,8000,8000,Cabang A,Cash
2023-02-24,Nasi Goreng,Makanan,30,25000,750000,Cabang C,QRIS
2024-02-05,Susu Coklat,Minuman,45,14000,630000,Cabang B,Cash
2023-10-12,Nasi Goreng,Makanan,36,25000,900000,Cabang C,Cash
2024-09-03,Kopi Susu,Minuman,2,12000,24000,Cabang A,Cash
2023-08-24,Mie Ayam,Makanan,48,20000,960000,Cabang C,Cash
2024-06-25,Es Teh Manis,Minuman,19,8000,152000,Cabang A,Cash
2023-10-28,Kentang Goreng,Snack,18,12000,216000,Cabang C,E-Wallet
2024-12-14,Pisang Goreng,Snack,39,10000,390000,Cabang C,Cash
2024-03-27,Jus Alpukat,Minuman,8,15000,120000,Cabang A,Cash
2024-04-07,Roti Bakar,Snack,39,18000,702000,Cabang A,Cash
2023-11-05,Es Teh Manis,Minuman,46,8000,368000,Cabang C,Cash
2024-05-14,Susu Coklat,Minuman,5,14000,70000,Cabang A,QRIS
2024-06-07,Es Teh Manis,Minuman,10,8000,80000,Cabang C,Cash
2023-11-02,Nasi Uduk,Makanan,15,22000,330000,Cabang C,QRIS
2024-10-28,Es Teh Manis,Minuman,20,8000,160000,Cabang B,Cash
2024-08-25,Roti Bakar,Snack,41,18000,738000,Cabang A,E-Wallet
2024-10-27,Kopi Susu,Minuman,37,12000,444000,Cabang B,Cash
2024-06-25,Nasi Uduk,Makanan,27,22000,594000,Cabang A,QRIS
2024-06-11,Ayam Geprek,Makanan,26,28000,728000,Cabang A,Cash
2023-05-19,Kopi Susu,Minuman,19,12000,228000,Cabang C,QRIS
2023-03-18,Susu Coklat,Minuman,32,14000,448000,Cabang B,QRIS
2024-05-18,Roti Bakar,Snack,12,18000,216000,Cabang C,QRIS
2023-07-05,Susu Coklat,Minuman,34,14000,476000,Cabang B,Cash
2023-03-04,Roti Bakar,Snack,20,18000,360000,Cabang B,Cash
2023-08-15,Kopi Susu,Minuman,19,12000,228000,Cabang B,Cash
2024-02-03,Jus Alpukat,Minuman,5,15000,75000,Cabang A,Cash
2024-04-21,Susu Coklat,Minuman,49,14000,686000,Cabang A,E-Wallet
2024-01-08,Susu Coklat,Minuman,12,14000,168000,Cabang B,E-Wallet
2023-11-01,Roti Bakar,Snack,43,18000,774000,Cabang B,Cash
2023-08-19,Mie Ayam,Makanan,30,20000,600000,Cabang C,Cash
2023-11-13,Mie Ayam,Makanan,11,20000,220000,Cabang B,Cash
2024-12-04,Nasi Goreng,Makanan,4,25000,100000,Cabang C,Cash
2024-05-05,Jus Alpukat,Minuman,25,15000,375000,Cabang B,Cash
2023-12-01,Roti Bakar,Snack,43,18000,774000,Cabang A,QRIS
2023-11-18,Susu Coklat,Minuman,49,14000,686000,Cabang B,Cash
2024-11-26,Roti Bakar,Snack,49,18000,882000,Cabang C,Cash
2023-03-11,Es Teh Manis,Minuman,49,8000,392000,Cabang B,Transfer
2023-08-12,Nasi Goreng,Makanan,19,25000,475000,Cabang B,QRIS
2023-03-31,Kentang Goreng,Snack,16,12000,192000,Cabang B,Cash
2024-05-29,Kentang Goreng,Snack,49,12000,588000,Cabang C,Cash
2024-04-03,Kopi Susu,Minuman,36,12000,432000,Cabang B,E-Wallet
2023-08-13,Mie Ayam,Makanan,9,20000,180000,Cabang B,Cash
2024-03-01,Es Teh Manis,Minuman,24,8000,192000,Cabang A,QRIS
2024-07-07,Susu Coklat,Minuman,41,14000,574000,Cabang B,Cash
2023-02-05,Jus Alpukat,Minuman,45,15000,675000,Cabang C,Cash
2024-09-11,Jus Alpukat,Minuman,46,15000,690000,Cabang C,Cash
2024-02-16,Nasi Goreng,Makanan,22,25000,550000,Cabang B,Cash
2024-05-10,Ayam Geprek,Makanan,38,28000,1064000,Cabang B,Cash
2023-02-28,Nasi Goreng,Makanan,33,25000,825000,Cabang B,E-Wallet
2024-10-03,Roti Bakar,Snack,32,18000,576000,Cabang C,E-Wallet
2024-05-08,Kentang Goreng,Snack,4,12000,48000,Cabang C,Cash
2023-08-07,Kopi Susu,Minuman,38,12000,456000,Cabang A,Cash
2023-02-02,Kopi Susu,Minuman,4,12000,48000,Cabang B,Cash
2023-11-28,Susu Coklat,Minuman,2,14000,28000,Cabang C,E-Wallet
2024-12-12,Susu Coklat,Minuman,12,14000,168000,Cabang B,Cash
2024-01-07,Nasi Uduk,Makanan,7,22000,154000,Cabang B,Cash
2024-09-14,Susu Coklat,Minuman,4,14000,56000,Cabang C,QRIS
2023-12-02,Pisang Goreng,Snack,38,10000,380000,Cabang B,Cash
2024-05-05,Susu Coklat,Minuman,39,14000,546000,Cabang B,Transfer
2023-12-01,Jus Alpukat,Minuman,49,15000,735000,Cabang A,QRIS
2023-01-02,Pisang Goreng,Snack,31,10000,310000,Cabang B,E-Wallet
2023-10-20,Nasi Uduk,Makanan,43,22000,946000,Cabang A,E-Wallet
2023-01-06,Jus Alpukat,Minuman,22,15000,330000,Cabang B,Transfer
2024-08-05,Nasi Goreng,Makanan,23,25000,575000,Cabang C,Cash
2024-09-21,Es Teh Manis,Minuman,38,8000,304000,Cabang C,Cash
2024-12-20,Jus Alpukat,Minuman,43,15000,645000,Cabang C,Cash
2024-09-07,Mie Ayam,Makanan,28,20000,560000,Cabang B,Cash
2023-02-20,Roti Bakar,Snack,3,18000,54000,Cabang A,Cash
2024-02-01,Pisang Goreng,Snack,46,10000,460000,Cabang A,E-Wallet
2024-04-30,Es Teh Manis,Minuman,43,8000,344000,Cabang B,E-Wallet
2023-11-14,Pisang Goreng,Snack,21,10000,210000,Cabang B,QRIS
2024-08-17,Jus Alpukat,Minuman,32,15000,480000,Cabang B,QRIS
2024-04-23,Kentang Goreng,Snack,10,12000,120000,Cabang C,Cash
2023-11-02,Nasi Goreng,Makanan,28,25000,700000,Cabang C,E-Wallet
2023-08-06,Mie Ayam,Makanan,45,20000,900000,Cabang C,Cash
2023-10-02,Roti Bakar,Snack,44,18000,792000,Cabang A,Transfer
2023-01-28,Susu Coklat,Minuman,16,14000,224000,Cabang B,QRIS
2023-04-27,Kopi Susu,Minuman,2,12000,24000,Cabang A,Transfer
2024-05-17,Jus Alpukat,Minuman,389,15000,5835000,Cabang A,Transfer
2023-01-07,Mie Ayam,Makanan,2,20000,40000,Cabang B,Cash
2024-11-17,Ayam Geprek,Makanan,21,28000,588000,Cabang A,QRIS
2024-02-08,Jus Alpukat,Minuman,37,15000,555000,Cabang C,Cash
2023-12-29,Susu Coklat,Minuman,28,14000,392000,Cabang A,Transfer
2024-08-21,Pisang Goreng,Snack,42,10000,420000,Cabang B,Cash
2023-02-24,Ayam Geprek,Makanan,20,28000,560000,Cabang C,QRIS
2024-05-23,Kentang Goreng,Snack,448,12000,5376000,Cabang C,Cash
2023-01-09,Roti Bakar,Snack,9,18000,162000,Cabang C,Cash
2023-04-26,Es Teh Manis,Minuman,47,8000,376000,Cabang C,E-Wallet
2024-05-20,Nasi Goreng,Makanan,22,25000,550000,Cabang B,Cash
2023-09-13,Susu Coklat,Minuman,14,14000,196000,Cabang A,Cash
2023-04-28,Nasi Uduk,Makanan,444,22000,9768000,Cabang C,Transfer
2023-02-23,Jus Alpukat,Minuman,43,15000,645000,Cabang A,Cash
2024-05-04,Es Teh Manis,Minuman,17,8000,136000,Cabang B,QRIS
2024-01-06,Pisang Goreng,Snack,45,10000,450000,Cabang B,Transfer
2023-10-01,Nasi Goreng,Makanan,23,25000,575000,Cabang A,Cash
2024-01-01,Ayam Geprek,Makanan,368,28000,10304000,Cabang B,Cash
2023-12-26,Susu Coklat,Minuman,29,14000,406000,Cabang B,Cash
2023-04-30,Mie Ayam,Makanan,49,20000,980000,Cabang A,Cash
2024-06-14,Pisang Goreng,Snack,14,10000,140000,Cabang C,Cash
2024-05-04,Nasi Uduk,Makanan,21,22000,462000,Cabang A,Cash
2023-11-24,Jus Alpukat,Minuman,216,15000,3240000,Cabang C,Cash
2024-01-21,Mie Ayam,Makanan,6,20000,120000,Cabang B,Transfer
2024-12-04,Roti Bakar,Snack,15,18000,270000,Cabang C,Cash
2024-04-14,Mie Ayam,Makanan,6,20000,120000,Cabang B,Transfer
2024-02-11,Pisang Goreng,Snack,24,10000,240000,Cabang C,Cash
2024-04-28,Kopi Susu,Minuman,38,12000,456000,Cabang C,Cash
2023-10-19,Nasi Uduk,Makanan,25,22000,550000,Cabang B,Cash
2024-11-17,Jus Alpukat,Minuman,35,15000,525000,Cabang A,Cash
2023-10-21,Nasi Uduk,Makanan,16,22000,352000,Cabang C,Cash
2023-11-18,Mie Ayam,Makanan,33,20000,660000,Cabang B,Cash
2024-07-25,Kopi Susu,Minuman,40,12000,480000,Cabang A,Cash
2023-06-06,Susu Coklat,Minuman,20,14000,280000,Cabang C,QRIS
2024-02-20,Es Teh Manis,Minuman,15,8000,120000,Cabang A,Cash
2023-11-08,Nasi Goreng,Makanan,21,25000,525000,Cabang A,Cash
2024-03-24,Roti Bakar,Snack,46,18000,828000,Cabang C,QRIS
2024-10-19,Kentang Goreng,Snack,8,12000,96000,Cabang A,Cash
2024-12-16,Susu Coklat,Minuman,29,14000,406000,Cabang C,Cash
2024-05-19,Nasi Uduk,Makanan,10,22000,220000,Cabang B,Cash
2024-02-01,Kopi Susu,Minuman,43,12000,516000,Cabang A,E-Wallet
2024-02-17,Kentang Goreng,Snack,38,12000,456000,Cabang A,Transfer
2023-11-12,Nasi Uduk,Makanan,27,22000,594000,Cabang B,Cash
2024-01-10,Kopi Susu,Minuman,45,12000,540000,Cabang B,Cash
2023-10-31,Roti Bakar,Snack,39,18000,702000,Cabang B,QRIS
2023-06-28,Susu Coklat,Minuman,23,14000,322000,Cabang C,Cash
2024-10-21,Es Teh Manis,Minuman,17,8000,136000,Cabang A,Cash
2023-10-22,Es Teh Manis,Minuman,34,8000,272000,Cabang B,Cash
2023-05-31,Ayam Geprek,Makanan,18,28000,504000,Cabang C,Cash
2023-11-27,Roti Bakar,Snack,27,18000,486000,Cabang B,QRIS
2024-11-28,Es Teh Manis,Minuman,6,8000,48000,Cabang A,E-Wallet
2023-02-10,Kopi Susu,Minuman,7,12000,84000,Cabang B,QRIS
2023-04-08,Kentang Goreng,Snack,18,12000,216000,Cabang B,Cash
2023-06-08,Kentang Goreng,Snack,21,12000,252000,Cabang A,QRIS
2024-02-29,Susu Coklat,Minuman,17,14000,238000,Cabang A,Cash
2024-12-14,Susu Coklat,Minuman,45,14000,630000,Cabang C,Transfer
2024-11-16,Pisang Goreng,Snack,13,10000,130000,Cabang B,Cash
2023-11-05,Es Teh Manis,Minuman,9,8000,72000,Cabang C,Transfer
2024-12-07,Kentang Goreng,Snack,3,12000,36000,Cabang B,Cash
2023-03-11,Jus Alpukat,Minuman,39,15000,585000,Cabang A,QRIS
2023-04-17,Jus Alpukat,Minuman,4,15000,60000,Cabang C,E-Wallet
2024-03-01,Ayam Geprek,Makanan,28,28000,784000,Cabang A,Cash
2024-03-14,Susu Coklat,Minuman,41,14000,574000,Cabang A,Cash
2023-10-12,Mie Ayam,Makanan,1,20000,20000,Cabang A,Transfer
2023-07-01,Jus Alpukat,Minuman,41,15000,615000,Cabang C,Cash
2024-03-22,Jus Alpukat,Minuman,39,15000,585000,Cabang B,Cash
2023-08-18,Nasi Uduk,Makanan,45,22000,990000,Cabang A,Cash
2023-11-26,Nasi Uduk,Makanan,19,22000,418000,Cabang B,Cash
2024-04-02,Nasi Goreng,Makanan,12,25000,300000,Cabang A,Cash
2024-07-02,Nasi Goreng,Makanan,339,25000,8475000,Cabang A,Cash
2023-03-21,Nasi Goreng,Makanan,20,25000,500000,Cabang C,Cash
2023-04-22,Nasi Uduk,Makanan,6,22000,132000,Cabang B,E-Wallet
2024-06-11,Kopi Susu,Minuman,14,12000,168000,Cabang A,E-Wallet
2023-12-15,Roti Bakar,Snack,42,18000,756000,Cabang C,Cash
2023-01-02,Mie Ayam,Makanan,6,20000,120000,Cabang A,Cash
2023-06-26,Susu Coklat,Minuman,26,14000,364000,Cabang C,Transfer
2024-03-21,Jus Alpukat,Minuman,3,15000,45000,Cabang C,Cash
2024-04-24,Pisang Goreng,Snack,4,10000,40000,Cabang A,Cash
2023-06-03,Jus Alpukat,Minuman,17,15000,255000,Cabang A,Cash
2023-03-24,Es Teh Manis,Minuman,32,8000,256000,Cabang C,QRIS
2023-01-03,Jus Alpukat,Minuman,39,15000,585000,Cabang B,QRIS
2023-04-16,Nasi Uduk,Makanan,11,22000,242000,Cabang C,E-Wallet
2024-10-16,Kentang Goreng,Snack,35,12000,420000,Cabang A,Cash
2024-02-12,Roti Bakar,Snack,2,18000,36000,Cabang B,Cash
2024-09-17,Kopi Susu,Minuman,40,12000,480000,Cabang B,Cash
2024-03-19,Es Teh Manis,Minuman,22,8000,176000,Cabang C,Transfer
2023-02-18,Roti Bakar,Snack,30,18000,540000,Cabang C,Cash
2024-06-22,Es Teh Manis,Minuman,418,8000,3344000,Cabang A,Cash
2023-05-24,Kentang Goreng,Snack,32,12000,384000,Cabang C,Cash
2023-02-13,Ayam Geprek,Makanan,7,28000,196000,Cabang C,Cash
2023-04-21,Susu Coklat,Minuman,41,14000,574000,Cabang B,Cash
2023-11-26,Jus Alpukat,Minuman,36,15000,540000,Cabang C,Cash
2023-08-13,Susu Coklat,Minuman,15,14000,210000,Cabang C,Cash
2024-05-28,Nasi Goreng,Makanan,44,25000,1100000,Cabang B,QRIS
2024-10-16,Susu Coklat,Minuman,7,14000,98000,Cabang C,E-Wallet
2023-12-12,Es Teh Manis,Minuman,35,8000,280000,Cabang A,E-Wallet
2024-07-02,Roti Bakar,Snack,33,18000,594000,Cabang C,E-Wallet
2024-09-30,Mie Ayam,Makanan,25,20000,500000,Cabang B,Cash
2023-06-15,Kopi Susu,Minuman,26,12000,312000,Cabang A,Cash
2023-12-14,Pisang Goreng,Snack,31,10000,310000,Cabang A,Transfer
2023-12-25,Mie Ayam,Makanan,29,20000,580000,Cabang A,Cash
2023-12-30,Es Teh Manis,Minuman,23,8000,184000,Cabang C,Cash
2024-06-15,Kopi Susu,Minuman,39,12000,468000,Cabang A,QRIS
2024-03-08,Ayam Geprek,Makanan,23,28000,644000,Cabang B,Cash
2023-04-14,Es Teh Manis,Minuman,28,8000,224000,Cabang B,QRIS
2024-01-16,Roti Bakar,Snack,25,18000,450000,Cabang A,Transfer
2023-10-22,Roti Bakar,Snack,30,18000,540000,Cabang A,Cash
2023-10-22,Es Teh Manis,Minuman,30,8000,240000,Cabang A,Cash
2023-07-18,Es Teh Manis,Minuman,38,8000,304000,Cabang A,Cash
2024-04-28,Kopi Susu,Minuman,13,12000,156000,Cabang C,Cash
2023-08-03,Roti Bakar,Snack,18,18000,324000,Cabang A,Cash
2024-02-22,Nasi Uduk,Makanan,23,22000,506000,Cabang B,QRIS
2023-08-20,Roti Bakar,Snack,31,18000,558000,Cabang C,Cash
2024-10-10,Susu Coklat,Minuman,10,14000,140000,Cabang C,Cash
2024-01-08,Kopi Susu,Minuman,49,12000,588000,Cabang B,Cash
2024-10-08,Kopi Susu,Minuman,29,12000,348000,Cabang C,E-Wallet
2024-09-04,Pisang Goreng,Snack,4,10000,40000,Cabang C,Cash
2023-09-07,Susu Coklat,Minuman,43,14000,602000,Cabang A,Cash
2023-05-16,Pisang Goreng,Snack,40,10000,400000,Cabang B,Cash
2024-06-28,Mie Ayam,Makanan,30,20000,600000,Cabang B,E-Wallet
2024-08-08,Mie Ayam,Makanan,16,20000,320000,Cabang B,QRIS
2024-09-28,Mie Ayam,Makanan,355,20000,7100000,Cabang C,QRIS
2024-04-16,Es Teh Manis,Minuman,48,8000,384000,Cabang B,QRIS
2024-04-18,Susu Coklat,Minuman,5,14000,70000,Cabang A,Transfer
2023-03-19,Roti Bakar,Snack,39,18000,702000,Cabang A,Transfer
2024-01-08,Nasi Uduk,Makanan,367,22000,8074000,Cabang C,Cash
2024-05-11,Pisang Goreng,Snack,14,10000,140000,Cabang B,QRIS
2023-12-02,Roti Bakar,Snack,16,18000,288000,Cabang A,Cash
2023-05-21,Nasi Goreng,Makanan,36,25000,900000,Cabang A,Cash
2023-07-02,Nasi Goreng,Makanan,18,25000,450000,Cabang A,Transfer
2023-05-31,Kentang Goreng,Snack,44,12000,528000,Cabang B,E-Wallet
2023-02-18,Kopi Susu,Minuman,49,12000,588000,Cabang A,Cash
2024-07-11,Es Teh Manis,Minuman,47,8000,376000,Cabang B,Cash
2023-03-31,Susu Coklat,Minuman,40,14000,560000,Cabang A,E-Wallet
2023-05-21,Jus Alpukat,Minuman,25,15000,375000,Cabang A,QRIS
2023-04-02,Susu Coklat,Minuman,30,14000,420000,Cabang B,Cash
2024-02-18,Mie Ayam,Makanan,38,20000,760000,Cabang B,Cash
2024-10-31,Es Teh Manis,Minuman,17,8000,136000,Cabang B,Cash
2024-12-06,Roti Bakar,Snack,18,18000,324000,Cabang B,Cash
2024-08-25,Ayam Geprek,Makanan,7,28000,196000,Cabang A,Cash
2023-05-21,Kopi Susu,Minuman,8,12000,96000,Cabang A,E-Wallet
2023-08-05,Nasi Goreng,Makanan,48,25000,1200000,Cabang B,Cash
2023-09-10,Nasi Uduk,Makanan,8,22000,176000,Cabang A,Cash
2024-01-20,Nasi Goreng,Makanan,38,25000,950000,Cabang A,Cash
2023-06-30,Es Teh Manis,Minuman,41,8000,328000,Cabang A,Cash
2024-07-17,Roti Bakar,Snack,27,18000,486000,Cabang B,Cash
2023-10-10,Pisang Goreng,Snack,12,10000,120000,Cabang A,Cash
2023-10-28,Kopi Susu,Minuman,2,12000,24000,Cabang A,QRIS
2023-09-11,Jus Alpukat,Minuman,13,15000,195000,Cabang A,E-Wallet
2024-10-26,Es Teh Manis,Minuman,33,8000,264000,Cabang A,Cash
2023-03-21,Nasi Goreng,Makanan,12,25000,300000,Cabang A,QRIS
2024-10-12,Es Teh Manis,Minuman,3,8000,24000,Cabang A,E-Wallet
2024-06-15,Mie Ayam,Makanan,32,20000,640000,Cabang C,QRIS
2023-09-17,Mie Ayam,Makanan,26,20000,520000,Cabang A,Cash
2024-09-26,Es Teh Manis,Minuman,36,8000,288000,Cabang C,Cash
2023-11-11,Jus Alpukat,Minuman,10,15000,150000,Cabang B,QRIS
2023-03-13,Nasi Uduk,Makanan,42,22000,924000,Cabang B,Transfer
2024-02-10,Jus Alpukat,Minuman,7,15000,105000,Cabang A,Cash
2023-01-31,Jus Alpukat,Minuman,6,15000,90000,Cabang A,QRIS
2024-01-05,Nasi Goreng,Makanan,6,25000,150000,Cabang A,QRIS
2024-02-24,Roti Bakar,Snack,23,18000,414000,Cabang B,Cash
2024-02-27,Es Teh Manis,Minuman,4,8000,32000,Cabang A,E-Wallet
2024-05-09,Ayam Geprek,Makanan,32,28000,896000,Cabang C,QRIS
2024-12-19,Susu Coklat,Minuman,27,14000,378000,Cabang C,QRIS
2023-06-13,Jus Alpukat,Minuman,368,15000,5520000,Cabang B,Cash
2023-10-20,Kentang Goreng,Snack,2,12000,24000,Cabang A,Cash
2023-06-03,Kopi Susu,Minuman,23,12000,276000,Cabang A,Cash
2023-09-12,Es Teh Manis,Minuman,26,8000,208000,Cabang C,QRIS
2023-02-10,Es Teh Manis,Minuman,10,8000,80000,Cabang C,Transfer
2023-06-02,Jus Alpukat,Minuman,42,15000,630000,Cabang C,Cash
2024-01-02,Ayam Geprek,Makanan,374,28000,10472000,Cabang C,Cash
2024-09-18,Jus Alpukat,Minuman,4,15000,60000,Cabang C,QRIS
2023-11-25,Kentang Goreng,Snack,45,12000,540000,Cabang A,Cash
2024-02-19,Pisang Goreng,Snack,18,10000,180000,Cabang B,QRIS
2023-04-18,Es Teh Manis,Minuman,25,8000,200000,Cabang B,QRIS
2024-12-21,Jus Alpukat,Minuman,24,15000,360000,Cabang B,Cash
2024-06-27,Ayam Geprek,Makanan,36,28000,1008000,Cabang B,Cash
2023-08-19,Es Teh Manis,Minuman,37,8000,296000,Cabang A,Cash
2023-11-18,Es Teh Manis,Minuman,34,8000,272000,Cabang C,Cash
2023-04-18,Nasi Goreng,Makanan,37,25000,925000,Cabang A,Cash
2023-06-27,Jus Alpukat,Minuman,33,15000,495000,Cabang C,Transfer
2023-11-17,Nasi Uduk,Makanan,38,22000,836000,Cabang C,QRIS
2024-03-16,Es Teh Manis,Minuman,8,8000,64000,Cabang B,Cash
2024-06-15,Nasi Goreng,Makanan,14,25000,350000,Cabang A,Cash
2024-03-17,Susu Coklat,Minuman,38,14000,532000,Cabang C,Cash
2023-12-10,Kopi Susu,Minuman,9,12000,108000,Cabang A,QRIS
2024-10-09,Susu Coklat,Minuman,44,14000,616000,Cabang C,Cash
2023-03-12,Susu Coklat,Minuman,8,14000,112000,Cabang C,QRIS
2023-03-28,Kopi Susu,Minuman,44,12000,528000,Cabang C,E-Wallet
2023-08-15,Kopi Susu,Minuman,12,12000,144000,Cabang B,Cash
2023-10-29,Mie Ayam,Makanan,8,20000,160000,Cabang B,Cash
2023-09-28,Mie Ayam,Makanan,23,20000,460000,Cabang C,E-Wallet
2023-11-17,Nasi Uduk,Makanan,38,22000,836000,Cabang B,Transfer
2023-11-11,Jus Alpukat,Minuman,35,15000,525000,Cabang C,Cash
2024-04-24,Roti Bakar,Snack,44,18000,792000,Cabang B,Cash
2024-11-20,Susu Coklat,Minuman,38,14000,532000,Cabang B,Cash
2024-05-12,Jus Alpukat,Minuman,447,15000,6705000,Cabang B,Transfer
2023-09-11,Nasi Goreng,Makanan,22,25000,550000,Cabang A,Cash
2023-09-09,Jus Alpukat,Minuman,45,15000,675000,Cabang B,E-Wallet
2023-03-06,Jus Alpukat,Minuman,9,15000,135000,Cabang A,Transfer
2023-03-05,Kopi Susu,Minuman,18,12000,216000,Cabang C,QRIS
2024-10-16,Kentang Goreng,Snack,49,12000,588000,Cabang B,Cash
2024-04-18,Nasi Uduk,Makanan,47,22000,1034000,Cabang B,Cash
2023-04-12,Susu Coklat,Minuman,27,14000,378000,Cabang B,Transfer
2023-02-03,Susu Coklat,Minuman,40,14000,560000,Cabang B,Transfer
2023-09-08,Ayam Geprek,Makanan,25,28000,700000,Cabang B,Cash
2024-11-18,Nasi Goreng,Makanan,39,25000,975000,Cabang A,E-Wallet
2023-05-30,Es Teh Manis,Minuman,14,8000,112000,Cabang C,Cash
2024-07-06,Pisang Goreng,Snack,46,10000,460000,Cabang B,Cash
2024-09-22,Susu Coklat,Minuman,31,14000,434000,Cabang A,Cash
2024-03-20,Susu Coklat,Minuman,7,14000,98000,Cabang A,Cash
2024-03-20,Ayam Geprek,Makanan,48,28000,1344000,Cabang B,Cash
2023-09-01,Susu Coklat,Minuman,13,14000,182000,Cabang C,E-Wallet
2024-09-27,Jus Alpukat,Minuman,20,15000,300000,Cabang B,Cash
2024-05-02,Es Teh Manis,Minuman,48,8000,384000,Cabang A,QRIS
2023-09-14,Pisang Goreng,Snack,27,10000,270000,Cabang C,QRIS
2023-12-31,Kopi Susu,Minuman,6,12000,72000,Cabang B,Transfer
2023-03-18,Jus Alpukat,Minuman,41,15000,615000,Cabang C,QRIS
2023-03-26,Roti Bakar,Snack,239,18000,4302000,Cabang C,Cash
2023-06-18,Pisang Goreng,Snack,41,10000,410000,Cabang A,Cash
2024-08-25,Nasi Uduk,Makanan,336,22000,7392000,Cabang B,Cash
2023-04-22,Mie Ayam,Makanan,49,20000,980000,Cabang B,Cash
2024-03-28,Mie Ayam,Makanan,36,20000,720000,Cabang B,Transfer
2023-07-24,Nasi Goreng,Makanan,5,25000,125000,Cabang A,Cash
2023-10-08,Ayam Geprek,Makanan,23,28000,644000,Cabang A,Cash
2024-11-01,Jus Alpukat,Minuman,28,15000,420000,Cabang B,Cash
2023-03-18,Ayam Geprek,Makanan,10,28000,280000,Cabang C,QRIS
2023-06-07,Ayam Geprek,Makanan,29,28000,812000,Cabang A,E-Wallet
2023-02-27,Kopi Susu,Minuman,421,12000,5052000,Cabang B,Cash
2024-10-30,Kopi Susu,Minuman,32,12000,384000,Cabang C,Cash
2024-03-13,Kopi Susu,Minuman,47,12000,564000,Cabang B,Cash
2023-11-28,Es Teh Manis,Minuman,41,8000,328000,Cabang C,Cash
2024-05-25,Mie Ayam,Makanan,6,20000,120000,Cabang C,Cash
2023-04-01,Roti Bakar,Snack,34,18000,612000,Cabang C,Cash
2023-06-12,Nasi Uduk,Makanan,16,22000,352000,Cabang C,E-Wallet
2023-03-17,Ayam Geprek,Makanan,34,28000,952000,Cabang C,Cash
2024-12-25,Nasi Goreng,Makanan,33,25000,825000,Cabang B,QRIS
2024-12-20,Susu Coklat,Minuman,38,14000,532000,Cabang C,E-Wallet
2024-05-15,Roti Bakar,Snack,29,18000,522000,Cabang A,QRIS
2024-01-07,Es Teh Manis,Minuman,49,8000,392000,Cabang A,QRIS
2023-09-07,Kentang Goreng,Snack,35,12000,420000,Cabang A,Cash
2023-07-04,Kopi Susu,Minuman,413,12000,4956000,Cabang B,Cash
2023-03-08,Roti Bakar,Snack,25,18000,450000,Cabang B,QRIS
2024-12-06,Es Teh Manis,Minuman,14,8000,112000,Cabang B,Cash
2023-09-03,Kopi Susu,Minuman,32,12000,384000,Cabang C,Cash
2023-04-26,Susu Coklat,Minuman,24,14000,336000,Cabang B,QRIS
2024-10-23,Roti Bakar,Snack,41,18000,738000,Cabang A,Transfer
2024-06-30,Kopi Susu,Minuman,4,12000,48000,Cabang A,Transfer
2023-02-12,Es Teh Manis,Minuman,30,8000,240000,Cabang A,Cash
2023-09-26,Es Teh Manis,Minuman,8,8000,64000,Cabang C,Cash
2023-08-09,Jus Alpukat,Minuman,10,15000,150000,Cabang C,Cash
2023-08-17,Es Teh Manis,Minuman,12,8000,96000,Cabang C,QRIS
2024-03-08,Pisang Goreng,Snack,15,10000,150000,Cabang A,Cash
2023-01-26,Kentang Goreng,Snack,44,12000,528000,Cabang A,Cash
2024-05-10,Es Teh Manis,Minuman,17,8000,136000,Cabang A,Cash
2023-07-29,Jus Alpukat,Minuman,40,15000,600000,Cabang A,Transfer
2024-04-14,Jus Alpukat,Minuman,2,15000,30000,Cabang A,Transfer
2024-05-23,Nasi Uduk,Makanan,2,22000,44000,Cabang C,Cash
2023-05-28,Nasi Goreng,Makanan,28,25000,700000,Cabang C,E-Wallet
2024-01-14,Es Teh Manis,Minuman,49,8000,392000,Cabang B,Transfer
2024-11-03,Roti Bakar,Snack,32,18000,576000,Cabang A,QRIS
2023-05-15,Es Teh Manis,Minuman,20,8000,160000,Cabang B,Cash
2024-07-28,Nasi Goreng,Makanan,14,25000,350000,Cabang C,Cash
2023-12-28,Kentang Goreng,Snack,15,12000,180000,Cabang A,QRIS
2023-04-09,Susu Coklat,Minuman,7,14000,98000,Cabang B,Cash
2023-01-04,Mie Ayam,Makanan,44,20000,880000,Cabang C,QRIS
2024-02-25,Mie Ayam,Makanan,33,20000,660000,Cabang C,E-Wallet
2023-05-25,Jus Alpukat,Minuman,47,15000,705000,Cabang A,Cash
2023-07-23,Kentang Goreng,Snack,30,12000,360000,Cabang A,Cash
2023-04-23,Nasi Goreng,Makanan,34,25000,850000,Cabang A,Cash
2023-05-01,Kopi Susu,Minuman,16,12000,192000,Cabang C,QRIS
2024-08-17,Kopi Susu,Minuman,1,12000,12000,Cabang C,Cash
2024-01-08,Roti Bakar,Snack,37,18000,666000,Cabang B,Cash
2023-05-16,Susu Coklat,Minuman,309,14000,4326000,Cabang C,QRIS
2024-03-15,Roti Bakar,Snack,38,18000,684000,Cabang A,QRIS
2024-11-17,Nasi Goreng,Makanan,39,25000,975000,Cabang B,Cash
2023-06-27,Pisang Goreng,Snack,35,10000,350000,Cabang A,Cash
2023-11-14,Kopi Susu,Minuman,5,12000,60000,Cabang A,Cash
2024-07-24,Roti Bakar,Snack,36,18000,648000,Cabang B,Cash
2023-02-16,Susu Coklat,Minuman,414,14000,5796000,Cabang C,QRIS
2024-12-07,Nasi Uduk,Makanan,42,22000,924000,Cabang A,Transfer
2023-10-31,Susu Coklat,Minuman,31,14000,434000,Cabang A,Cash
2024-03-07,Susu Coklat,Minuman,277,14000,3878000,Cabang C,Cash
2023-08-16,Kopi Susu,Minuman,4,12000,48000,Cabang A,Cash
2024-01-02,Kentang Goreng,Snack,11,12000,132000,Cabang A,Cash
2023-12-01,Nasi Uduk,Makanan,47,22000,1034000,Cabang C,Cash
2023-08-27,Nasi Uduk,Makanan,39,22000,858000,Cabang B,E-Wallet
2023-03-22,Nasi Uduk,Makanan,39,22000,858000,Cabang A,Cash
2024-07-04,Kopi Susu,Minuman,35,12000,420000,Cabang C,QRIS
2024-01-02,Es Teh Manis,Minuman,31,8000,248000,Cabang C,Cash
2024-04-24,Nasi Goreng,Makanan,11,25000,275000,Cabang C,Cash
2023-10-13,Ayam Geprek,Makanan,39,28000,1092000,Cabang B,Cash
2023-05-03,Mie Ayam,Makanan,30,20000,600000,Cabang B,Cash
2023-09-26,Mie Ayam,Makanan,36,20000,720000,Cabang C,Cash
2023-02-22,Es Teh Manis,Minuman,13,8000,104000,Cabang A,Transfer
2023-08-05,Es Teh Manis,Minuman,27,8000,216000,Cabang A,Transfer
2024-03-19,Mie Ayam,Makanan,310,20000,6200000,Cabang A,E-Wallet
2023-10-25,Jus Alpukat,Minuman,43,15000,645000,Cabang B,Cash
2024-04-01,Mie Ayam,Makanan,45,20000,900000,Cabang C,QRIS
2023-03-19,Susu Coklat,Minuman,42,14000,588000,Cabang B,QRIS
2024-08-24,Mie Ayam,Makanan,25,20000,500000,Cabang C,QRIS
2024-08-11,Susu Coklat,Minuman,17,14000,238000,Cabang A,Cash
2023-06-25,Kentang Goreng,Snack,43,12000,516000,Cabang A,Cash
2024-12-10,Susu Coklat,Minuman,302,14000,4228000,Cabang A,Cash
2024-04-29,Es Teh Manis,Minuman,9,8000,72000,Cabang B,E-Wallet
2023-07-27,Pisang Goreng,Snack,44,10000,440000,Cabang B,Cash
2023-05-24,Susu Coklat,Minuman,1,14000,14000,Cabang B,Cash
2024-08-01,Susu Coklat,Minuman,33,14000,462000,Cabang B,E-Wallet
2023-01-18,Susu Coklat,Minuman,26,14000,364000,Cabang C,QRIS
2023-05-28,Es Teh Manis,Minuman,42,8000,336000,Cabang C,Cash
2023-03-18,Kopi Susu,Minuman,45,12000,540000,Cabang B,Cash
2023-11-27,Susu Coklat,Minuman,13,14000,182000,Cabang B,Cash
2024-08-21,Jus Alpukat,Minuman,2,15000,30000,Cabang B,QRIS
2024-10-13,Roti Bakar,Snack,29,18000,522000,Cabang B,Cash
2023-01-16,Es Teh Manis,Minuman,37,8000,296000,Cabang C,Cash
2023-04-20,Kopi Susu,Minuman,7,12000,84000,Cabang C,Transfer
2024-12-18,Kopi Susu,Minuman,39,12000,468000,Cabang B,QRIS
2024-06-19,Mie Ayam,Makanan,40,20000,800000,Cabang A,QRIS
2023-05-30,Kopi Susu,Minuman,35,12000,420000,Cabang A,Cash
2023-11-24,Jus Alpukat,Minuman,8,15000,120000,Cabang B,QRIS
2023-06-24,Jus Alpukat,Minuman,7,15000,105000,Cabang C,Cash
2023-12-30,Kentang Goreng,Snack,10,12000,120000,Cabang C,Cash
2024-12-22,Susu Coklat,Minuman,46,14000,644000,Cabang B,Cash
2024-04-15,Es Teh Manis,Minuman,42,8000,336000,Cabang B,E-Wallet
2023-03-08,Pisang Goreng,Snack,35,10000,350000,Cabang B,Cash
2024-06-16,Nasi Uduk,Makanan,39,22000,858000,Cabang A,Cash
2024-06-27,Susu Coklat,Minuman,26,14000,364000,Cabang A,Cash
2023-04-30,Roti Bakar,Snack,15,18000,270000,Cabang B,Cash
2023-04-10,Es Teh Manis,Minuman,32,8000,256000,Cabang C,Cash
2024-02-12,Es Teh Manis,Minuman,44,8000,352000,Cabang B,Cash
2023-08-20,Jus Alpukat,Minuman,11,15000,165000,Cabang C,QRIS
2023-07-12,Roti Bakar,Snack,18,18000,324000,Cabang B,E-Wallet
2024-03-09,Es Teh Manis,Minuman,3,8000,24000,Cabang A,QRIS
2024-06-13,Pisang Goreng,Snack,42,10000,420000,Cabang B,Cash
2023-06-04,Kentang Goreng,Snack,47,12000,564000,Cabang A,Cash
2023-10-27,Kopi Susu,Minuman,29,12000,348000,Cabang A,Cash
2024-04-08,Kentang Goreng,Snack,8,12000,96000,Cabang C,E-Wallet
2023-04-05,Mie Ayam,Makanan,18,20000,360000,Cabang A,QRIS
2023-01-22,Kentang Goreng,Snack,4,12000,48000,Cabang A,Cash
2023-07-04,Kentang Goreng,Snack,41,12000,492000,Cabang C,Cash
2023-01-12,Jus Alpukat,Minuman,33,15000,495000,Cabang C,Cash
2023-10-22,Mie Ayam,Makanan,10,20000,200000,Cabang A,Cash
2024-05-24,Es Teh Manis,Minuman,16,8000,128000,Cabang B,E-Wallet
2024-04-08,Nasi Goreng,Makanan,15,25000,375000,Cabang A,Cash
2023-04-09,Jus Alpukat,Minuman,40,15000,600000,Cabang C,Cash
2024-03-16,Es Teh Manis,Minuman,36,8000,288000,Cabang B,E-Wallet
2023-12-18,Ayam Geprek,Makanan,36,28000,1008000,Cabang B,Cash
2023-04-26,Ayam Geprek,Makanan,6,28000,168000,Cabang A,Cash
2024-06-26,Roti Bakar,Snack,498,18000,8964000,Cabang A,QRIS
2024-11-06,Susu Coklat,Minuman,8,14000,112000,Cabang A,Cash
2024-05-28,Jus Alpukat,Minuman,43,15000,645000,Cabang C,Cash
2024-12-14,Nasi Uduk,Makanan,19,22000,418000,Cabang B,E-Wallet
2024-03-01,Pisang Goreng,Snack,25,10000,250000,Cabang A,Transfer
2023-11-07,Jus Alpukat,Minuman,48,15000,720000,Cabang B,E-Wallet
2023-01-10,Jus Alpukat,Minuman,33,15000,495000,Cabang A,QRIS
2023-01-16,Susu Coklat,Minuman,10,14000,140000,Cabang B,QRIS
2024-10-29,Jus Alpukat,Minuman,34,15000,510000,Cabang A,Cash
2023-03-03,Nasi Goreng,Makanan,34,25000,850000,Cabang A,Cash
2023-08-20,Jus Alpukat,Minuman,29,15000,435000,Cabang B,E-Wallet
2023-10-24,Jus Alpukat,Minuman,22,15000,330000,Cabang C,Cash
2024-10-12,Ayam Geprek,Makanan,28,28000,784000,Cabang A,Cash
2024-08-21,Kopi Susu,Minuman,43,12000,516000,Cabang C,QRIS
2023-05-10,Kopi Susu,Minuman,21,12000,252000,Cabang B,Transfer
2024-08-24,Susu Coklat,Minuman,11,14000,154000,Cabang A,Cash
2024-07-25,Kentang Goreng,Snack,44,12000,528000,Cabang A,Cash
2023-04-16,Mie Ayam,Makanan,22,20000,440000,Cabang C,QRIS
2023-04-01,Ayam Geprek,Makanan,39,28000,1092000,Cabang A,Cash
2024-04-06,Susu Coklat,Minuman,48,14000,672000,Cabang C,QRIS
2024-09-06,Susu Coklat,Minuman,23,14000,322000,Cabang C,Cash
2024-04-21,Ayam Geprek,Makanan,316,28000,8848000,Cabang C,Cash
2024-07-28,Susu Coklat,Minuman,11,14000,154000,Cabang B,Cash
2023-11-30,Kopi Susu,Minuman,7,12000,84000,Cabang B,QRIS
2023-03-20,Susu Coklat,Minuman,41,14000,574000,Cabang B,Cash
2023-03-27,Es Teh Manis,Minuman,5,8000,40000,Cabang C,Cash
2023-02-19,Roti Bakar,Snack,34,18000,612000,Cabang A,Cash
2024-12-09,Nasi Uduk,Makanan,17,22000,374000,Cabang B,Transfer
2023-01-07,Kopi Susu,Minuman,39,12000,468000,Cabang C,Cash
2023-07-29,Es Teh Manis,Minuman,7,8000,56000,Cabang C,Cash
2023-08-18,Pisang Goreng,Snack,10,10000,100000,Cabang B,QRIS
2024-12-31,Susu Coklat,Minuman,16,14000,224000,Cabang A,Transfer
2023-09-30,Pisang Goreng,Snack,16,10000,160000,Cabang B,Transfer
2024-12-28,Kopi Susu,Minuman,225,12000,2700000,Cabang C,QRIS
2023-09-17,Kopi Susu,Minuman,14,12000,168000,Cabang B,Cash
2023-03-30,Kopi Susu,Minuman,36,12000,432000,Cabang B,Cash
2024-12-28,Jus Alpukat,Minuman,38,15000,570000,Cabang C,Cash
2023-09-02,Kentang Goreng,Snack,252,12000,3024000,Cabang C,Cash
2023-01-25,Kopi Susu,Minuman,22,12000,264000,Cabang B,Transfer
2023-09-28,Jus Alpukat,Minuman,29,15000,435000,Cabang B,Cash
2024-03-28,Es Teh Manis,Minuman,29,8000,232000,Cabang B,Cash
2024-04-25,Susu Coklat,Minuman,39,14000,546000,Cabang B,Cash
2024-05-04,Jus Alpukat,Minuman,34,15000,510000,Cabang B,QRIS
2024-03-03,Pisang Goreng,Snack,35,10000,350000,Cabang C,QRIS
2023-03-29,Mie Ayam,Makanan,13,20000,260000,Cabang B,Transfer
2024-03-27,Pisang Goreng,Snack,11,10000,110000,Cabang A,Cash
2023-11-11,Es Teh Manis,Minuman,20,8000,160000,Cabang B,Cash
2024-02-05,Kopi Susu,Minuman,6,12000,72000,Cabang B,QRIS
2024-01-21,Nasi Goreng,Makanan,14,25000,350000,Cabang B,QRIS
2024-09-12,Mie Ayam,Makanan,37,20000,740000,Cabang B,Cash
2023-10-29,Nasi Uduk,Makanan,14,22000,308000,Cabang B,QRIS
2023-09-06,Nasi Goreng,Makanan,29,25000,725000,Cabang A,Transfer
2023-01-14,Es Teh Manis,Minuman,22,8000,176000,Cabang C,Cash
2023-02-02,Nasi Uduk,Makanan,49,22000,1078000,Cabang C,Cash
2023-12-22,Jus Alpukat,Minuman,5,15000,75000,Cabang A,Cash
2024-04-07,Ayam Geprek,Makanan,32,28000,896000,Cabang A,Cash
2023-04-20,Kopi Susu,Minuman,46,12000,552000,Cabang C,Cash
2024-12-20,Roti Bakar,Snack,7,18000,126000,Cabang C,Cash
2023-01-08,Ayam Geprek,Makanan,19,28000,532000,Cabang A,Cash
2024-02-27,Nasi Goreng,Makanan,31,25000,775000,Cabang B,Cash
2024-12-14,Es Teh Manis,Minuman,39,8000,312000,Cabang A,Cash
2024-02-27,Nasi Goreng,Makanan,35,25000,875000,Cabang A,Transfer
2023-05-12,Kentang Goreng,Snack,10,12000,120000,Cabang B,Cash
2023-09-10,Jus Alpukat,Minuman,3,15000,45000,Cabang A,QRIS
2024-12-08,Nasi Goreng,Makanan,6,25000,150000,Cabang A,QRIS
2024-06-25,Jus Alpukat,Minuman,34,15000,510000,Cabang C,Cash
2023-03-05,Nasi Uduk,Makanan,26,22000,572000,Cabang C,Cash
2024-02-13,Jus Alpukat,Minuman,9,15000,135000,Cabang A,QRIS
2024-10-19,Kopi Susu,Minuman,4,12000,48000,Cabang C,Transfer
2023-03-03,Roti Bakar,Snack,34,18000,612000,Cabang B,QRIS
2024-04-24,Mie Ayam,Makanan,27,20000,540000,Cabang A,Cash
2023-07-05,Mie Ayam,Makanan,36,20000,720000,Cabang A,Cash
2023-05-14,Roti Bakar,Snack,47,18000,846000,Cabang B,QRIS
2024-12-22,Ayam Geprek,Makanan,30,28000,840000,Cabang A,Cash
2023-12-24,Pisang Goreng,Snack,3,10000,30000,Cabang A,QRIS
2024-08-26,Kopi Susu,Minuman,35,12000,420000,Cabang A,Transfer
2023-04-15,Kopi Susu,Minuman,16,12000,192000,Cabang B,Cash
2024-02-13,Nasi Goreng,Makanan,39,25000,975000,Cabang C,Cash
2024-08-17,Pisang Goreng,Snack,32,10000,320000,Cabang A,Cash
2024-06-15,Nasi Goreng,Makanan,13,25000,325000,Cabang A,Cash
2024-04-17,Kopi Susu,Minuman,3,12000,36000,Cabang A,E-Wallet
2023-09-27,Pisang Goreng,Snack,7,10000,70000,Cabang C,Cash
2024-08-03,Kopi Susu,Minuman,19,12000,228000,Cabang B,Transfer
2023-06-07,Nasi Uduk,Makanan,20,22000,440000,Cabang C,QRIS
2024-05-06,Jus Alpukat,Minuman,2,15000,30000,Cabang A,Cash
2023-08-18,Susu Coklat,Minuman,17,14000,238000,Cabang B,Cash
2024-01-01,Pisang Goreng,Snack,18,10000,180000,Cabang B,E-Wallet
2024-11-14,Es Teh Manis,Minuman,6,8000,48000,Cabang A,Cash
2023-01-18,Mie Ayam,Makanan,45,20000,900000,Cabang C,E-Wallet
2023-09-30,Jus Alpukat,Minuman,38,15000,570000,Cabang B,Cash
2023-12-20,Ayam Geprek,Makanan,47,28000,1316000,Cabang B,Cash
2023-05-14,Mie Ayam,Makanan,38,20000,760000,Cabang B,Cash
2024-06-28,Pisang Goreng,Snack,47,10000,470000,Cabang A,Cash
2024-10-21,Kopi Susu,Minuman,9,12000,108000,Cabang A,Cash
2023-08-19,Roti Bakar,Snack,30,18000,540000,Cabang C,QRIS
2024-08-30,Ayam Geprek,Makanan,13,28000,364000,Cabang B,Cash
2024-08-30,Jus Alpukat,Minuman,38,15000,570000,Cabang C,QRIS
2023-09-05,Susu Coklat,Minuman,6,14000,84000,Cabang C,Cash
2024-10-26,Susu Coklat,Minuman,16,14000,224000,Cabang C,Transfer
2023-06-30,Jus Alpukat,Minuman,2,15000,30000,Cabang B,E-Wallet
2023-10-28,Es Teh Manis,Minuman,41,8000,328000,Cabang A,Cash
2024-04-10,Pisang Goreng,Snack,49,10000,490000,Cabang B,E-Wallet
2023-03-21,Es Teh Manis,Minuman,46,8000,368000,Cabang A,Cash
2023-06-06,Ayam Geprek,Makanan,19,28000,532000,Cabang B,Cash
2024-08-01,Nasi Uduk,Makanan,15,22000,330000,Cabang A,Cash
2023-10-17,Jus Alpukat,Minuman,20,15000,300000,Cabang A,Transfer
2023-04-26,Ayam Geprek,Makanan,22,28000,616000,Cabang B,E-Wallet
2023-03-30,Nasi Uduk,Makanan,25,22000,550000,Cabang A,Transfer
2023-01-29,Jus Alpukat,Minuman,22,15000,330000,Cabang A,Cash
2023-07-05,Jus Alpukat,Minuman,39,15000,585000,Cabang C,QRIS
2024-09-20,Roti Bakar,Snack,41,18000,738000,Cabang C,Cash
2023-12-31,Es Teh Manis,Minuman,13,8000,104000,Cabang A,Cash
2024-06-09,Nasi Uduk,Makanan,34,22000,748000,Cabang B,Transfer
2023-02-17,Mie Ayam,Makanan,13,20000,260000,Cabang B,QRIS
2024-08-08,Nasi Uduk,Makanan,27,22000,594000,Cabang A,Cash
2024-12-22,Jus Alpukat,Minuman,41,15000,615000,Cabang B,E-Wallet
2024-12-24,Nasi Goreng,Makanan,7,25000,175000,Cabang A,Cash
2024-11-18,Nasi Uduk,Makanan,24,22000,528000,Cabang C,Cash
2023-10-29,Susu Coklat,Minuman,16,14000,224000,Cabang B,Transfer
2024-03-31,Mie Ayam,Makanan,44,20000,880000,Cabang A,Cash
2024-11-08,Susu Coklat,Minuman,40,14000,560000,Cabang C,Transfer
2024-01-13,Kentang Goreng,Snack,44,12000,528000,Cabang C,Cash
2024-05-12,Es Teh Manis,Minuman,33,8000,264000,Cabang A,Cash
2023-03-23,Kopi Susu,Minuman,39,12000,468000,Cabang A,E-Wallet
2024-10-13,Jus Alpukat,Minuman,13,15000,195000,Cabang C,QRIS
2023-11-06,Pisang Goreng,Snack,46,10000,460000,Cabang A,E-Wallet
2024-03-03,Kentang Goreng,Snack,29,12000,348000,Cabang B,QRIS
2024-07-29,Ayam Geprek,Makanan,42,28000,1176000,Cabang B,Cash
2024-04-20,Kentang Goreng,Snack,21,12000,252000,Cabang B,Transfer
2023-01-15,Es Teh Manis,Minuman,9,8000,72000,Cabang B,QRIS
2023-03-04,Kopi Susu,Minuman,47,12000,564000,Cabang C,Transfer
2023-09-26,Kentang Goreng,Snack,49,12000,588000,Cabang B,Cash
2023-11-18,Kopi Susu,Minuman,23,12000,276000,Cabang C,Cash
2023-12-05,Jus Alpukat,Minuman,47,15000,705000,Cabang A,Cash
2024-06-14,Nasi Uduk,Makanan,34,22000,748000,Cabang B,Cash
2023-01-27,Es Teh Manis,Minuman,15,8000,120000,Cabang C,QRIS
2024-03-16,Kentang Goreng,Snack,48,12000,576000,Cabang A,QRIS
2023-12-16,Mie Ayam,Makanan,3,20000,60000,Cabang C,QRIS
2023-04-11,Pisang Goreng,Snack,356,10000,3560000,Cabang A,E-Wallet
2024-04-02,Roti Bakar,Snack,6,18000,108000,Cabang A,Cash
2023-05-06,Es Teh Manis,Minuman,19,8000,152000,Cabang B,Transfer
2023-10-26,Susu Coklat,Minuman,20,14000,280000,Cabang B,QRIS
2024-04-23,Susu Coklat,Minuman,44,14000,616000,Cabang B,Transfer
2023-11-29,Kopi Susu,Minuman,13,12000,156000,Cabang B,QRIS
2024-12-12,Pisang Goreng,Snack,34,10000,340000,Cabang A,QRIS
2023-04-16,Nasi Goreng,Makanan,7,25000,175000,Cabang A,Cash
2023-09-13,Roti Bakar,Snack,46,18000,828000,Cabang C,Cash
2023-03-11,Ayam Geprek,Makanan,44,28000,1232000,Cabang C,Cash
2024-07-19,Kopi Susu,Minuman,44,12000,528000,Cabang C,QRIS
2023-12-01,Kopi Susu,Minuman,24,12000,288000,Cabang B,Cash
2024-03-04,Jus Alpukat,Minuman,42,15000,630000,Cabang C,E-Wallet
2023-08-29,Nasi Goreng,Makanan,428,25000,10700000,Cabang A,Transfer
2023-08-31,Kentang Goreng,Snack,16,12000,192000,Cabang A,E-Wallet
2024-07-23,Ayam Geprek,Makanan,17,28000,476000,Cabang C,Cash
2023-01-15,Susu Coklat,Minuman,19,14000,266000,Cabang A,Cash
2023-03-29,Ayam Geprek,Makanan,6,28000,168000,Cabang A,QRIS
2024-06-05,Kopi Susu,Minuman,21,12000,252000,Cabang B,Cash
2023-06-02,Kopi Susu,Minuman,41,12000,492000,Cabang A,Cash
2024-03-06,Kentang Goreng,Snack,1,12000,12000,Cabang C,Transfer
2023-10-14,Kentang Goreng,Snack,4,12000,48000,Cabang B,Cash
2023-01-07,Kopi Susu,Minuman,33,12000,396000,Cabang B,Cash
2024-06-14,Ayam Geprek,Makanan,3,28000,84000,Cabang C,E-Wallet
2023-04-22,Nasi Uduk,Makanan,39,22000,858000,Cabang A,Transfer
2024-12-25,Susu Coklat,Minuman,3,14000,42000,Cabang B,Cash
2023-03-22,Jus Alpukat,Minuman,49,15000,735000,Cabang B,Cash
2023-05-08,Es Teh Manis,Minuman,40,8000,320000,Cabang C,Cash
2023-12-03,Jus Alpukat,Minuman,306,15000,4590000,Cabang A,Cash
2023-01-14,Jus Alpukat,Minuman,28,15000,420000,Cabang A,Cash
2024-06-24,Nasi Uduk,Makanan,10,22000,220000,Cabang B,Cash
2023-11-12,Jus Alpukat,Minuman,3,15000,45000,Cabang C,Cash
2023-04-21,Kopi Susu,Minuman,47,12000,564000,Cabang A,Cash
2024-03-16,Nasi Goreng,Makanan,222,25000,5550000,Cabang B,Cash
2024-06-13,Es Teh Manis,Minuman,38,8000,304000,Cabang B,Cash
2023-02-03,Kentang Goreng,Snack,44,12000,528000,Cabang C,Cash
2023-12-19,Mie Ayam,Makanan,455,20000,9100000,Cabang A,Cash
2024-04-09,Jus Alpukat,Minuman,3,15000,45000,Cabang A,QRIS
2024-02-09,Ayam Geprek,Makanan,235,28000,6580000,Cabang B,Cash
2024-04-24,Jus Alpukat,Minuman,40,15000,600000,Cabang B,Cash
2024-12-19,Nasi Goreng,Makanan,41,25000,1025000,Cabang C,Cash
2024-04-12,Es Teh Manis,Minuman,12,8000,96000,Cabang A,Cash
2023-06-29,Es Teh Manis,Minuman,28,8000,224000,Cabang C,Cash
2024-04-29,Susu Coklat,Minuman,9,14000,126000,Cabang A,QRIS
2024-03-18,Nasi Uduk,Makanan,15,22000,330000,Cabang B,Cash
2024-11-02,Nasi Uduk,Makanan,42,22000,924000,Cabang B,Cash
2023-03-27,Roti Bakar,Snack,31,18000,558000,Cabang B,QRIS
2024-07-21,Pisang Goreng,Snack,25,10000,250000,Cabang C,Cash
2024-05-21,Nasi Uduk,Makanan,25,22000,550000,Cabang A,Cash
2023-01-04,Pisang Goreng,Snack,1,10000,10000,Cabang B,Cash
2023-07-02,Pisang Goreng,Snack,16,10000,160000,Cabang C,Cash
2024-01-17,Jus Alpukat,Minuman,46,15000,690000,Cabang A,Cash
2024-08-15,Es Teh Manis,Minuman,36,8000,288000,Cabang C,QRIS
2023-05-27,Kopi Susu,Minuman,48,12000,576000,Cabang B,QRIS
2023-03-01,Mie Ayam,Makanan,8,20000,160000,Cabang A,E-Wallet
2023-12-03,Es Teh Manis,Minuman,42,8000,336000,Cabang A,Cash
2024-05-20,Kopi Susu,Minuman,20,12000,240000,Cabang B,Transfer
2024-01-09,Nasi Uduk,Makanan,19,22000,418000,Cabang A,Transfer
2023-11-28,Ayam Geprek,Makanan,19,28000,532000,Cabang A,QRIS
2023-12-29,Pisang Goreng,Snack,8,10000,80000,Cabang C,Cash
2024-12-08,Kopi Susu,Minuman,6,12000,72000,Cabang A,Cash
2023-12-30,Kopi Susu,Minuman,47,12000,564000,Cabang A,QRIS
2024-02-05,Susu Coklat,Minuman,13,14000,182000,Cabang C,E-Wallet
2024-09-13,Susu Coklat,Minuman,30,14000,420000,Cabang B,Cash
2023-09-09,Es Teh Manis,Minuman,11,8000,88000,Cabang C,Cash
2024-06-08,Kopi Susu,Minuman,3,12000,36000,Cabang B,Cash
2024-02-15,Roti Bakar,Snack,43,18000,774000,Cabang B,Cash
2024-08-25,Mie Ayam,Makanan,24,20000,480000,Cabang B,Cash
2023-05-07,Ayam Geprek,Makanan,26,28000,728000,Cabang B,Transfer
2024-04-19,Susu Coklat,Minuman,32,14000,448000,Cabang A,Cash
2023-10-01,Kopi Susu,Minuman,429,12000,5148000,Cabang B,Cash
2023-10-21,Roti Bakar,Snack,7,18000,126000,Cabang C,Cash
2024-11-16,Es Teh Manis,Minuman,37,8000,296000,Cabang C,Cash
2024-09-14,Nasi Goreng,Makanan,37,25000,925000,Cabang B,Cash
2024-10-13,Ayam Geprek,Makanan,46,28000,1288000,Cabang C,QRIS
2024-09-09,Jus Alpukat,Minuman,22,15000,330000,Cabang A,Cash
2024-08-11,Jus Alpukat,Minuman,40,15000,600000,Cabang C,Transfer
2024-07-30,Roti Bakar,Snack,461,18000,8298000,Cabang B,QRIS
2024-11-04,Jus Alpukat,Minuman,24,15000,360000,Cabang B,Cash
2023-12-10,Nasi Uduk,Makanan,10,22000,220000,Cabang B,Cash
2023-09-28,Roti Bakar,Snack,15,18000,270000,Cabang C,Cash
2023-12-20,Mie Ayam,Makanan,35,20000,700000,Cabang A,Transfer
2024-01-18,Kopi Susu,Minuman,25,12000,300000,Cabang B,Cash
2024-07-03,Mie Ayam,Makanan,13,20000,260000,Cabang C,Cash
2023-10-30,Jus Alpukat,Minuman,9,15000,135000,Cabang C,E-Wallet
2023-09-09,Ayam Geprek,Makanan,23,28000,644000,Cabang C,Transfer
2024-01-06,Pisang Goreng,Snack,24,10000,240000,Cabang C,QRIS
2023-04-01,Jus Alpukat,Minuman,42,15000,630000,Cabang B,E-Wallet
2023-07-05,Jus Alpukat,Minuman,14,15000,210000,Cabang A,Cash
2024-02-13,Ayam Geprek,Makanan,8,28000,224000,Cabang A,Cash
2024-04-18,Nasi Uduk,Makanan,6,22000,132000,Cabang C,QRIS
2023-05-31,Susu Coklat,Minuman,16,14000,224000,Cabang C,Transfer
2023-09-16,Susu Coklat,Minuman,32,14000,448000,Cabang A,Cash
2023-03-29,Nasi Uduk,Makanan,28,22000,616000,Cabang C,QRIS
2024-04-12,Pisang Goreng,Snack,8,10000,80000,Cabang A,Transfer
2024-12-01,Kentang Goreng,Snack,46,12000,552000,Cabang C,Cash
2023-09-29,Kentang Goreng,Snack,5,12000,60000,Cabang C,Cash
2023-04-29,Jus Alpukat,Minuman,43,15000,645000,Cabang C,Cash
2024-09-15,Nasi Uduk,Makanan,12,22000,264000,Cabang C,Cash
2024-12-21,Ayam Geprek,Makanan,7,28000,196000,Cabang B,QRIS
2024-07-25,Susu Coklat,Minuman,1,14000,14000,Cabang C,E-Wallet
2023-12-15,Kentang Goreng,Snack,2,12000,24000,Cabang A,Cash
2024-09-15,Es Teh Manis,Minuman,10,8000,80000,Cabang B,QRIS
2024-02-25,Kopi Susu,Minuman,38,12000,456000,Cabang C,Cash
2024-10-13,Jus Alpukat,Minuman,28,15000,420000,Cabang A,Cash
2024-01-30,Kopi Susu,Minuman,47,12000,564000,Cabang B,QRIS
2023-11-20,Nasi Uduk,Makanan,32,22000,704000,Cabang B,QRIS
2024-02-19,Nasi Goreng,Makanan,32,25000,800000,Cabang A,Cash
2024-11-13,Pisang Goreng,Snack,35,10000,350000,Cabang C,QRIS
2023-02-06,Ayam Geprek,Makanan,4,28000,112000,Cabang B,QRIS
2024-12-09,Mie Ayam,Makanan,261,20000,5220000,Cabang C,QRIS
2023-05-18,Es Teh Manis,Minuman,25,8000,200000,Cabang A,Cash
2023-08-17,Pisang Goreng,Snack,33,10000,330000,Cabang B,Cash
2024-02-17,Nasi Goreng,Makanan,28,25000,700000,Cabang B,QRIS
2023-10-23,Susu Coklat,Minuman,11,14000,154000,Cabang B,QRIS
2023-11-06,Ayam Geprek,Makanan,37,28000,1036000,Cabang B,Cash
2024-02-04,Jus Alpukat,Minuman,33,15000,495000,Cabang C,Cash
2024-08-02,Ayam Geprek,Makanan,31,28000,868000,Cabang B,E-Wallet
2024-03-21,Kentang Goreng,Snack,46,12000,552000,Cabang B,Cash
2024-10-24,Kentang Goreng,Snack,23,12000,276000,Cabang C,QRIS
2024-10-16,Susu Coklat,Minuman,28,14000,392000,Cabang C,Transfer
2023-10-24,Susu Coklat,Minuman,28,14000,392000,Cabang B,QRIS
2023-09-13,Nasi Uduk,Makanan,39,22000,858000,Cabang B,Cash
2024-11-29,Ayam Geprek,Makanan,14,28000,392000,Cabang B,Cash
2024-08-10,Ayam Geprek,Makanan,36,28000,1008000,Cabang B,Cash
2023-06-23,Kopi Susu,Minuman,32,12000,384000,Cabang A,Cash
2023-12-29,Mie Ayam,Makanan,424,20000,8480000,Cabang C,E-Wallet
2024-12-28,Ayam Geprek,Makanan,25,28000,700000,Cabang B,Cash
2023-06-23,Mie Ayam,Makanan,32,20000,640000,Cabang C,Transfer
2024-10-02,Roti Bakar,Snack,39,18000,702000,Cabang B,Cash
2023-04-24,Jus Alpukat,Minuman,3,15000,45000,Cabang A,Transfer
2024-08-19,Nasi Goreng,Makanan,44,25000,1100000,Cabang C,Cash
2024-09-29,Roti Bakar,Snack,47,18000,846000,Cabang B,Cash
2023-03-25,Nasi Uduk,Makanan,413,22000,9086000,Cabang B,Cash
2024-08-23,Susu Coklat,Minuman,23,14000,322000,Cabang C,Cash
2024-01-30,Mie Ayam,Makanan,23,20000,460000,Cabang B,Cash
2024-06-20,Nasi Goreng,Makanan,15,25000,375000,Cabang A,Cash
2024-09-28,Susu Coklat,Minuman,16,14000,224000,Cabang A,Cash
2024-08-23,Susu Coklat,Minuman,37,14000,518000,Cabang B,QRIS
2023-04-08,Nasi Goreng,Makanan,47,25000,1175000,Cabang B,Cash
2023-06-29,Susu Coklat,Minuman,37,14000,518000,Cabang A,E-Wallet
2024-08-12,Pisang Goreng,Snack,451,10000,4510000,Cabang A,Cash
2024-04-28,Jus Alpukat,Minuman,232,15000,3480000,Cabang B,Cash
2024-06-08,Susu Coklat,Minuman,49,14000,686000,Cabang B,E-Wallet
2023-01-26,Pisang Goreng,Snack,10,10000,100000,Cabang B,Cash
2024-07-06,Nasi Goreng,Makanan,21,25000,525000,Cabang C,QRIS
2023-06-05,Kentang Goreng,Snack,17,12000,204000,Cabang C,Cash
2024-08-21,Es Teh Manis,Minuman,13,8000,104000,Cabang A,Cash
2023-12-03,Susu Coklat,Minuman,24,14000,336000,Cabang B,Transfer
2023-11-02,Nasi Uduk,Makanan,45,22000,990000,Cabang A,QRIS
2024-03-25,Susu Coklat,Minuman,20,14000,280000,Cabang B,Cash
2024-08-26,Nasi Uduk,Makanan,6,22000,132000,Cabang C,Cash
2023-07-02,Kopi Susu,Minuman,13,12000,156000,Cabang A,Cash
2023-11-25,Es Teh Manis,Minuman,13,8000,104000,Cabang B,Cash
2023-04-05,Kopi Susu,Minuman,43,12000,516000,Cabang B,Cash
2024-11-13,Susu Coklat,Minuman,23,14000,322000,Cabang A,Cash
2023-01-08,Nasi Goreng,Makanan,24,25000,600000,Cabang C,Cash
2023-10-20,Kopi Susu,Minuman,47,12000,564000,Cabang A,Cash
2024-06-24,Ayam Geprek,Makanan,21,28000,588000,Cabang C,E-Wallet
2024-07-09,Pisang Goreng,Snack,37,10000,370000,Cabang C,Cash
2024-12-29,Kentang Goreng,Snack,32,12000,384000,Cabang B,E-Wallet
2023-03-21,Pisang Goreng,Snack,31,10000,310000,Cabang B,Cash
2024-01-01,Kopi Susu,Minuman,36,12000,432000,Cabang C,QRIS
2024-01-04,Es Teh Manis,Minuman,32,8000,256000,Cabang C,QRIS
2024-07-23,Es Teh Manis,Minuman,3,8000,24000,Cabang C,Cash
2023-02-14,Mie Ayam,Makanan,44,20000,880000,Cabang C,E-Wallet
2023-07-23,Nasi Goreng,Makanan,2,25000,50000,Cabang A,Transfer
2024-03-11,Nasi Uduk,Makanan,28,22000,616000,Cabang A,Cash
2023-12-17,Susu Coklat,Minuman,434,14000,6076000,Cabang B,Transfer
2024-03-24,Kopi Susu,Minuman,7,12000,84000,Cabang B,Transfer
2024-08-10,Nasi Goreng,Makanan,23,25000,575000,Cabang B,Cash
2024-02-11,Kopi Susu,Minuman,36,12000,432000,Cabang C,Cash
2023-03-19,Kentang Goreng,Snack,21,12000,252000,Cabang B,Cash
2023-02-22,Nasi Uduk,Makanan,42,22000,924000,Cabang B,Cash
2023-09-05,Mie Ayam,Makanan,477,20000,9540000,Cabang C,Transfer
2023-03-27,Roti Bakar,Snack,37,18000,666000,Cabang A,Cash
2024-05-04,Roti Bakar,Snack,47,18000,846000,Cabang A,E-Wallet
2023-01-18,Susu Coklat,Minuman,416,14000,5824000,Cabang C,Transfer
2023-12-27,Ayam Geprek,Makanan,17,28000,476000,Cabang A,Cash
2024-03-25,Mie Ayam,Makanan,10,20000,200000,Cabang A,Cash
2024-02-03,Jus Alpukat,Minuman,1,15000,15000,Cabang B,E-Wallet
2024-07-27,Susu Coklat,Minuman,44,14000,616000,Cabang B,Cash
2024-09-01,Es Teh Manis,Minuman,7,8000,56000,Cabang A,Cash
2023-11-24,Nasi Uduk,Makanan,44,22000,968000,Cabang C,Cash
2024-08-20,Susu Coklat,Minuman,21,14000,294000,Cabang A,Cash
2023-12-18,Es Teh Manis,Minuman,7,8000,56000,Cabang B,QRIS
2023-06-04,Nasi Goreng,Makanan,2,25000,50000,Cabang C,Cash
2023-03-25,Mie Ayam,Makanan,42,20000,840000,Cabang A,Cash
2024-08-18,Nasi Uduk,Makanan,7,22000,154000,Cabang A,Transfer
2023-06-08,Jus Alpukat,Minuman,2,15000,30000,Cabang C,QRIS
2024-05-26,Kopi Susu,Minuman,14,12000,168000,Cabang C,E-Wallet
2023-01-26,Pisang Goreng,Snack,13,10000,130000,Cabang A,Cash
2024-10-13,Mie Ayam,Makanan,7,20000,140000,Cabang A,Cash
2024-11-24,Kopi Susu,Minuman,28,12000,336000,Cabang C,E-Wallet
2023-08-06,Susu Coklat,Minuman,30,14000,420000,Cabang B,Cash
2023-09-24,Jus Alpukat,Minuman,37,15000,555000,Cabang C,Cash
2023-10-04,Ayam Geprek,Makanan,30,28000,840000,Cabang B,QRIS
2023-04-17,Nasi Uduk,Makanan,13,22000,286000,Cabang A,Cash
2024-08-22,Nasi Uduk,Makanan,24,22000,528000,Cabang B,Cash
2024-10-12,Susu Coklat,Minuman,18,14000,252000,Cabang B,E-Wallet
2023-01-03,Nasi Goreng,Makanan,24,25000,600000,Cabang A,Cash
2024-01-07,Kopi Susu,Minuman,9,12000,108000,Cabang C,QRIS
2024-03-29,Susu Coklat,Minuman,42,14000,588000,Cabang C,Cash
2024-04-19,Kentang Goreng,Snack,40,12000,480000,Cabang A,Cash
2024-04-30,Susu Coklat,Minuman,15,14000,210000,Cabang C,Cash
2024-12-21,Jus Alpukat,Minuman,17,15000,255000,Cabang C,Cash
2024-05-18,Es Teh Manis,Minuman,10,8000,80000,Cabang C,Transfer
2024-07-23,Kopi Susu,Minuman,31,12000,372000,Cabang C,Cash
2024-04-14,Es Teh Manis,Minuman,23,8000,184000,Cabang B,Cash
2024-03-16,Mie Ayam,Makanan,27,20000,540000,Cabang C,QRIS
2023-06-14,Mie Ayam,Makanan,5,20000,100000,Cabang B,Cash
2024-05-18,Kentang Goreng,Snack,36,12000,432000,Cabang B,E-Wallet
2023-03-16,Kopi Susu,Minuman,26,12000,312000,Cabang B,Cash
2024-06-07,Pisang Goreng,Snack,15,10000,150000,Cabang A,Cash
2024-09-01,Jus Alpukat,Minuman,14,15000,210000,Cabang B,Cash
2024-11-19,Jus Alpukat,Minuman,22,15000,330000,Cabang A,Cash
2023-06-27,Susu Coklat,Minuman,46,14000,644000,Cabang A,Cash
2023-08-18,Ayam Geprek,Makanan,8,28000,224000,Cabang A,Cash
2024-10-30,Nasi Uduk,Makanan,7,22000,154000,Cabang B,Cash
2023-02-12,Jus Alpukat,Minuman,43,15000,645000,Cabang C,Cash
2024-12-26,Nasi Goreng,Makanan,37,25000,925000,Cabang C,Cash
2023-03-27,Ayam Geprek,Makanan,25,28000,700000,Cabang C,Transfer
2023-04-15,Pisang Goreng,Snack,34,10000,340000,Cabang C,Cash
2024-12-12,Pisang Goreng,Snack,49,10000,490000,Cabang C,E-Wallet
2023-12-21,Susu Coklat,Minuman,44,14000,616000,Cabang C,Cash
2023-10-15,Nasi Uduk,Makanan,22,22000,484000,Cabang A,Cash
2023-03-31,Es Teh Manis,Minuman,46,8000,368000,Cabang C,Transfer
2023-05-29,Susu Coklat,Minuman,15,14000,210000,Cabang C,QRIS
2023-10-21,Es Teh Manis,Minuman,21,8000,168000,Cabang B,Cash
2023-02-18,Nasi Goreng,Makanan,48,25000,1200000,Cabang C,Cash
2023-09-17,Kentang Goreng,Snack,37,12000,444000,Cabang B,QRIS
2024-07-12,Susu Coklat,Minuman,23,14000,322000,Cabang A,E-Wallet
2023-03-16,Susu Coklat,Minuman,35,14000,490000,Cabang A,Cash
2024-05-11,Jus Alpukat,Minuman,12,15000,180000,Cabang C,Cash
2024-08-15,Nasi Goreng,Makanan,23,25000,575000,Cabang B,QRIS
2024-03-13,Nasi Goreng,Makanan,47,25000,1175000,Cabang B,Transfer
2023-02-13,Pisang Goreng,Snack,11,10000,110000,Cabang B,Cash
2024-12-21,Kentang Goreng,Snack,8,12000,96000,Cabang B,E-Wallet
2024-05-18,Es Teh Manis,Minuman,34,8000,272000,Cabang A,Cash
2024-12-31,Kopi Susu,Minuman,29,12000,348000,Cabang B,Cash
2024-04-06,Kopi Susu,Minuman,26,12000,312000,Cabang A,Cash
2023-12-29,Nasi Goreng,Makanan,48,25000,1200000,Cabang C,Cash
2023-05-13,Susu Coklat,Minuman,18,14000,252000,Cabang B,Cash
2024-09-08,Kentang Goreng,Snack,49,12000,588000,Cabang A,Cash
2023-06-23,Kentang Goreng,Snack,5,12000,60000,Cabang C,QRIS
2023-03-18,Kopi Susu,Minuman,17,12000,204000,Cabang B,E-Wallet
2023-01-21,Nasi Uduk,Makanan,42,22000,924000,Cabang A,Cash
2024-06-09,Nasi Goreng,Makanan,1,25000,25000,Cabang B,E-Wallet
2024-08-11,Jus Alpukat,Minuman,21,15000,315000,Cabang B,QRIS
2024-09-28,Roti Bakar,Snack,14,18000,252000,Cabang C,Cash
2024-01-25,Es Teh Manis,Minuman,19,8000,152000,Cabang A,Transfer
2024-07-18,Susu Coklat,Minuman,412,14000,5768000,Cabang B,E-Wallet
2024-12-16,Roti Bakar,Snack,39,18000,702000,Cabang A,Cash
2024-08-17,Nasi Uduk,Makanan,32,22000,704000,Cabang C,Transfer
2024-04-15,Susu Coklat,Minuman,10,14000,140000,Cabang C,Cash
2024-01-10,Ayam Geprek,Makanan,22,28000,616000,Cabang B,QRIS
2023-06-28,Es Teh Manis,Minuman,30,8000,240000,Cabang C,E-Wallet
2023-12-08,Susu Coklat,Minuman,8,14000,112000,Cabang B,QRIS
2024-04-10,Kentang Goreng,Snack,37,12000,444000,Cabang B,Cash
2024-04-08,Nasi Uduk,Makanan,37,22000,814000,Cabang B,Cash
2024-02-21,Ayam Geprek,Makanan,36,28000,1008000,Cabang C,Transfer
2024-11-24,Nasi Goreng,Makanan,42,25000,1050000,Cabang C,QRIS
2023-05-03,Kopi Susu,Minuman,19,12000,228000,Cabang A,Cash
2023-08-26,Jus Alpukat,Minuman,44,15000,660000,Cabang B,Cash
2023-11-08,Kopi Susu,Minuman,32,12000,384000,Cabang C,QRIS
2024-04-13,Es Teh Manis,Minuman,4,8000,32000,Cabang A,QRIS
2023-12-15,Roti Bakar,Snack,11,18000,198000,Cabang C,Cash
2024-12-12,Kentang Goreng,Snack,13,12000,156000,Cabang B,Cash
2023-09-18,Nasi Goreng,Makanan,43,25000,1075000,Cabang B,E-Wallet
2024-04-13,Jus Alpukat,Minuman,29,15000,435000,Cabang C,Cash
2023-11-24,Roti Bakar,Snack,5,18000,90000,Cabang A,QRIS
2023-08-13,Nasi Goreng,Makanan,15,25000,375000,Cabang C,Cash
2023-01-01,Kopi Susu,Minuman,24,12000,288000,Cabang A,Transfer
2024-02-02,Kopi Susu,Minuman,37,12000,444000,Cabang C,Cash
2024-08-07,Mie Ayam,Makanan,6,20000,120000,Cabang A,QRIS
2023-04-02,Kopi Susu,Minuman,29,12000,348000,Cabang A,QRIS
2023-01-19,Kentang Goreng,Snack,37,12000,444000,Cabang C,Cash
2024-12-08,Ayam Geprek,Makanan,49,28000,1372000,Cabang A,Cash
2023-11-25,Mie Ayam,Makanan,10,20000,200000,Cabang C,Cash
2023-01-19,Kentang Goreng,Snack,48,12000,576000,Cabang C,Cash
2024-05-02,Jus Alpukat,Minuman,46,15000,690000,Cabang A,Cash
2024-09-09,Es Teh Manis,Minuman,209,8000,1672000,Cabang B,QRIS
2023-01-25,Kentang Goreng,Snack,45,12000,540000,Cabang B,Cash
2024-05-09,Kopi Susu,Minuman,5,12000,60000,Cabang C,QRIS
2023-04-19,Susu Coklat,Minuman,17,14000,238000,Cabang C,QRIS
2024-05-23,Kentang Goreng,Snack,20,12000,240000,Cabang B,QRIS
2023-01-10,Susu Coklat,Minuman,8,14000,112000,Cabang C,QRIS
2024-03-29,Roti Bakar,Snack,18,18000,324000,Cabang B,Cash
2023-09-10,Susu Coklat,Minuman,3,14000,42000,Cabang A,QRIS
2024-02-25,Susu Coklat,Minuman,5,14000,70000,Cabang B,Cash
2023-04-21,Roti Bakar,Snack,34,18000,612000,Cabang C,Transfer
2023-07-21,Susu Coklat,Minuman,43,14000,602000,Cabang C,QRIS
2023-07-15,Mie Ayam,Makanan,36,20000,720000,Cabang A,Cash
2024-10-15,Kopi Susu,Minuman,17,12000,204000,Cabang A,Cash
2024-03-01,Es Teh Manis,Minuman,16,8000,128000,Cabang A,Cash
2024-01-03,Kopi Susu,Minuman,12,12000,144000,Cabang A,Cash
2023-12-24,Es Teh Manis,Minuman,10,8000,80000,Cabang B,Transfer
2024-12-01,Jus Alpukat,Minuman,42,15000,630000,Cabang A,Cash
2024-03-21,Nasi Uduk,Makanan,25,22000,550000,Cabang C,Cash
2024-05-05,Pisang Goreng,Snack,5,10000,50000,Cabang B,Cash
2023-03-10,Roti Bakar,Snack,22,18000,396000,Cabang A,Cash
2023-01-22,Nasi Uduk,Makanan,28,22000,616000,Cabang C,E-Wallet
2024-12-08,Nasi Goreng,Makanan,362,25000,9050000,Cabang A,Transfer
2024-07-24,Pisang Goreng,Snack,446,10000,4460000,Cabang B,Cash
2024-08-15,Roti Bakar,Snack,31,18000,558000,Cabang A,Cash
2023-10-28,Pisang Goreng,Snack,33,10000,330000,Cabang C,Cash
2024-01-14,Nasi Goreng,Makanan,10,25000,250000,Cabang A,Cash
2024-08-10,Pisang Goreng,Snack,45,10000,450000,Cabang B,Transfer
2024-01-24,Es Teh Manis,Minuman,3,8000,24000,Cabang B,Cash
2023-10-06,Jus Alpukat,Minuman,19,15000,285000,Cabang B,Cash
2023-10-15,Pisang Goreng,Snack,10,10000,100000,Cabang A,E-Wallet
2024-07-01,Es Teh Manis,Minuman,44,8000,352000,Cabang B,Cash
2024-01-28,Nasi Goreng,Makanan,17,25000,425000,Cabang B,Cash
2023-07-02,Jus Alpukat,Minuman,37,15000,555000,Cabang C,Cash
2023-10-21,Kopi Susu,Minuman,6,12000,72000,Cabang C,Cash
2024-10-20,Jus Alpukat,Minuman,31,15000,465000,Cabang A,Cash
2024-07-04,Susu Coklat,Minuman,22,14000,308000,Cabang C,Transfer
2023-07-27,Kopi Susu,Minuman,348,12000,4176000,Cabang C,Cash
2023-03-18,Roti Bakar,Snack,31,18000,558000,Cabang B,QRIS
2024-09-08,Es Teh Manis,Minuman,5,8000,40000,Cabang B,Cash
2024-04-07,Mie Ayam,Makanan,17,20000,340000,Cabang C,E-Wallet
2024-04-19,Ayam Geprek,Makanan,25,28000,700000,Cabang B,Cash
2024-03-30,Kopi Susu,Minuman,41,12000,492000,Cabang C,Transfer
2024-05-06,Susu Coklat,Minuman,10,14000,140000,Cabang A,Cash
2023-06-24,Nasi Goreng,Makanan,46,25000,1150000,Cabang A,Cash
2023-04-15,Kentang Goreng,Snack,35,12000,420000,Cabang B,Cash
2024-11-21,Jus Alpukat,Minuman,30,15000,450000,Cabang A,Cash
2024-06-12,Nasi Goreng,Makanan,28,25000,700000,Cabang B,Cash
2023-12-17,Jus Alpukat,Minuman,26,15000,390000,Cabang B,Transfer
2023-10-21,Kopi Susu,Minuman,40,12000,480000,Cabang B,QRIS
2023-01-22,Ayam Geprek,Makanan,6,28000,168000,Cabang C,Transfer
2023-04-24,Kentang Goreng,Snack,288,12000,3456000,Cabang B,Cash
2024-10-29,Es Teh Manis,Minuman,29,8000,232000,Cabang C,Cash
2023-02-07,Susu Coklat,Minuman,26,14000,364000,Cabang C,Cash
2023-03-18,Ayam Geprek,Makanan,31,28000,868000,Cabang C,Cash
2024-02-28,Jus Alpukat,Minuman,18,15000,270000,Cabang C,E-Wallet
2024-11-18,Jus Alpukat,Minuman,49,15000,735000,Cabang A,Cash
2023-07-07,Roti Bakar,Snack,48,18000,864000,Cabang A,QRIS
2023-10-03,Kopi Susu,Minuman,1,12000,12000,Cabang A,Cash
2024-03-14,Kopi Susu,Minuman,25,12000,300000,Cabang C,Cash
2023-07-10,Susu Coklat,Minuman,18,14000,252000,Cabang A,QRIS
2023-09-11,Es Teh Manis,Minuman,40,8000,320000,Cabang A,QRIS
2023-12-28,Kopi Susu,Minuman,7,12000,84000,Cabang C,Cash
2024-05-04,Jus Alpukat,Minuman,8,15000,120000,Cabang C,Transfer
2023-09-15,Jus Alpukat,Minuman,1,15000,15000,Cabang B,E-Wallet
2024-03-31,Nasi Uduk,Makanan,1,22000,22000,Cabang A,Cash
2023-09-01,Ayam Geprek,Makanan,12,28000,336000,Cabang B,QRIS
2023-11-15,Kentang Goreng,Snack,3,12000,36000,Cabang A,Cash
2024-08-05,Susu Coklat,Minuman,13,14000,182000,Cabang C,QRIS
2023-12-02,Kentang Goreng,Snack,44,12000,528000,Cabang C,Cash
2024-09-07,Es Teh Manis,Minuman,22,8000,176000,Cabang A,E-Wallet
2024-12-17,Kopi Susu,Minuman,49,12000,588000,Cabang C,Cash
2024-05-26,Pisang Goreng,Snack,5,10000,50000,Cabang B,E-Wallet
2024-06-16,Susu Coklat,Minuman,40,14000,560000,Cabang B,E-Wallet
2023-03-18,Susu Coklat,Minuman,40,14000,560000,Cabang B,Cash
2024-10-15,Nasi Goreng,Makanan,45,25000,1125000,Cabang B,QRIS
2023-07-20,Nasi Goreng,Makanan,47,25000,1175000,Cabang B,Transfer
2024-12-09,Susu Coklat,Minuman,24,14000,336000,Cabang A,QRIS
2024-03-13,Nasi Uduk,Makanan,8,22000,176000,Cabang A,E-Wallet
2024-04-03,Nasi Goreng,Makanan,13,25000,325000,Cabang C,Transfer
2023-03-04,Es Teh Manis,Minuman,49,8000,392000,Cabang A,QRIS
2024-10-14,Es Teh Manis,Minuman,42,8000,336000,Cabang B,Cash
2023-04-20,Es Teh Manis,Minuman,479,8000,3832000,Cabang B,Transfer
2023-08-11,Nasi Goreng,Makanan,36,25000,900000,Cabang A,QRIS
2024-06-30,Pisang Goreng,Snack,44,10000,440000,Cabang B,Cash
2023-12-23,Kentang Goreng,Snack,20,12000,240000,Cabang C,QRIS
2024-06-12,Ayam Geprek,Makanan,22,28000,616000,Cabang C,Cash
2023-06-30,Es Teh Manis,Minuman,38,8000,304000,Cabang A,Cash
2023-04-23,Susu Coklat,Minuman,5,14000,70000,Cabang B,QRIS
2024-10-23,Nasi Uduk,Makanan,36,22000,792000,Cabang C,Cash
2024-06-23,Nasi Uduk,Makanan,47,22000,1034000,Cabang B,E-Wallet
2024-02-26,Roti Bakar,Snack,19,18000,342000,Cabang C,Cash
2024-05-12,Susu Coklat,Minuman,46,14000,644000,Cabang A,E-Wallet
2023-08-27,Mie Ayam,Makanan,4,20000,80000,Cabang C,Cash
2024-06-16,Jus Alpukat,Minuman,38,15000,570000,Cabang B,Cash
2023-03-15,Kopi Susu,Minuman,11,12000,132000,Cabang A,QRIS
2023-01-27,Nasi Uduk,Makanan,17,22000,374000,Cabang B,Cash
2023-05-29,Kentang Goreng,Snack,35,12000,420000,Cabang B,Cash
2023-11-05,Roti Bakar,Snack,41,18000,738000,Cabang C,QRIS
2023-02-10,Kopi Susu,Minuman,3,12000,36000,Cabang B,Cash
2024-06-06,Es Teh Manis,Minuman,3,8000,24000,Cabang B,Cash
2024-04-26,Jus Alpukat,Minuman,8,15000,120000,Cabang C,QRIS
2023-08-01,Roti Bakar,Snack,30,18000,540000,Cabang B,QRIS
2024-04-06,Kentang Goreng,Snack,48,12000,576000,Cabang C,Cash
2023-08-05,Kopi Susu,Minuman,49,12000,588000,Cabang A,QRIS
2023-12-28,Jus Alpukat,Minuman,35,15000,525000,Cabang A,Cash
2024-05-25,Es Teh Manis,Minuman,21,8000,168000,Cabang A,Cash
2024-07-14,Nasi Uduk,Makanan,34,22000,748000,Cabang B,Cash
2024-02-25,Kentang Goreng,Snack,10,12000,120000,Cabang B,Cash
2024-09-16,Kopi Susu,Minuman,43,12000,516000,Cabang B,QRIS
2024-04-23,Kopi Susu,Minuman,13,12000,156000,Cabang B,Cash
2023-02-04,Ayam Geprek,Makanan,469,28000,13132000,Cabang B,QRIS
2023-12-09,Es Teh Manis,Minuman,1,8000,8000,Cabang C,Cash
2024-08-25,Jus Alpukat,Minuman,48,15000,720000,Cabang A,Cash
2023-02-11,Kentang Goreng,Snack,4,12000,48000,Cabang B,E-Wallet
2023-12-30,Jus Alpukat,Minuman,45,15000,675000,Cabang B,Cash
2023-08-30,Es Teh Manis,Minuman,370,8000,2960000,Cabang C,Cash
2023-10-22,Es Teh Manis,Minuman,427,8000,3416000,Cabang B,Transfer
2024-10-15,Kentang Goreng,Snack,226,12000,2712000,Cabang A,Cash
2023-06-11,Es Teh Manis,Minuman,15,8000,120000,Cabang C,Transfer
2024-04-04,Susu Coklat,Minuman,15,14000,210000,Cabang B,Cash
2023-03-17,Pisang Goreng,Snack,42,10000,420000,Cabang B,QRIS
2024-07-31,Jus Alpukat,Minuman,24,15000,360000,Cabang B,Cash
2023-04-02,Ayam Geprek,Makanan,8,28000,224000,Cabang C,E-Wallet
2024-06-07,Es Teh Manis,Minuman,23,8000,184000,Cabang C,Cash
2023-10-05,Nasi Uduk,Makanan,31,22000,682000,Cabang C,QRIS
2024-07-21,Mie Ayam,Makanan,34,20000,680000,Cabang B,E-Wallet
2024-12-14,Ayam Geprek,Makanan,10,28000,280000,Cabang A,Cash
2023-03-19,Mie Ayam,Makanan,22,20000,440000,Cabang C,Cash
2023-06-04,Pisang Goreng,Snack,42,10000,420000,Cabang C,E-Wallet
2024-03-03,Mie Ayam,Makanan,49,20000,980000,Cabang C,Cash
2024-06-29,Ayam Geprek,Makanan,36,28000,1008000,Cabang A,Cash
2023-07-02,Nasi Uduk,Makanan,5,22000,110000,Cabang A,Cash
2024-01-24,Ayam Geprek,Makanan,40,28000,1120000,Cabang C,Transfer
2024-05-24,Kopi Susu,Minuman,4,12000,48000,Cabang C,Transfer
2024-12-15,Es Teh Manis,Minuman,4,8000,32000,Cabang B,QRIS
2023-07-12,Pisang Goreng,Snack,47,10000,470000,Cabang C,Cash
,Es Teh Manis,Minuman,24,8000,192000,Cabang A,E-Wallet
2024-07-21,Susu Coklat,Minuman,15,14000,210000,Cabang C,Transfer
2024-05-09,Susu Coklat,Minuman,23,14000,322000,Cabang A,Transfer
2024-12-01,Nasi Goreng,Makanan,32,25000,800000,Cabang C,Cash
2023-08-28,Kopi Susu,Minuman,18,12000,216000,Cabang C,Cash
2023-07-06,Jus Alpukat,Minuman,23,15000,345000,Cabang A,Cash
2023-12-14,Es Teh Manis,Minuman,23,8000,184000,Cabang A,E-Wallet
2024-11-25,Susu Coklat,Minuman,10,14000,140000,Cabang C,E-Wallet
2024-04-13,Es Teh Manis,Minuman,9,8000,72000,Cabang C,Cash
2024-08-24,Kentang Goreng,Snack,7,12000,84000,Cabang B,Cash
2023-05-29,Jus Alpukat,Minuman,18,15000,270000,Cabang B,Cash
2024-09-05,Mie Ayam,Makanan,4,20000,80000,Cabang B,E-Wallet
2023-11-19,Ayam Geprek,Makanan,14,28000,392000,Cabang B,QRIS
2023-03-04,Mie Ayam,Makanan,20,20000,400000,Cabang C,Cash
2023-09-02,Nasi Uduk,Makanan,455,22000,10010000,Cabang B,E-Wallet
2023-03-25,Nasi Uduk,Makanan,39,22000,858000,Cabang C,QRIS
2024-12-29,Kopi Susu,Minuman,479,12000,5748000,Cabang C,Cash
2024-05-03,Susu Coklat,Minuman,12,14000,168000,Cabang A,QRIS
2023-04-05,Susu Coklat,Minuman,6,14000,84000,Cabang B,QRIS
2023-11-30,Susu Coklat,Minuman,22,14000,308000,Cabang C,Cash
2023-05-17,Ayam Geprek,Makanan,46,28000,1288000,Cabang A,Transfer
2024-09-08,Nasi Goreng,Makanan,41,25000,1025000,Cabang C,Transfer
2024-07-17,Nasi Goreng,Makanan,43,25000,1075000,Cabang B,Cash
2024-08-06,Jus Alpukat,Minuman,36,15000,540000,Cabang A,QRIS
2023-01-01,Nasi Goreng,Makanan,24,25000,600000,Cabang A,QRIS
2024-04-21,Pisang Goreng,Snack,25,10000,250000,Cabang C,QRIS
2023-10-25,Jus Alpukat,Minuman,324,15000,4860000,Cabang A,Transfer
2024-10-18,Mie Ayam,Makanan,12,20000,240000,Cabang C,Cash
2023-08-03,Kentang Goreng,Snack,43,12000,516000,Cabang A,E-Wallet
2023-05-14,Pisang Goreng,Snack,43,10000,430000,Cabang C,Cash
2023-01-01,Kopi Susu,Minuman,21,12000,252000,Cabang C,QRIS
2024-01-17,Kopi Susu,Minuman,447,12000,5364000,Cabang B,QRIS
2024-01-14,Jus Alpukat,Minuman,48,15000,720000,Cabang B,Cash
2023-12-04,Kentang Goreng,Snack,27,12000,324000,Cabang C,QRIS
2023-10-14,Nasi Uduk,Makanan,27,22000,594000,Cabang A,Cash
2023-01-21,Ayam Geprek,Makanan,11,28000,308000,Cabang A,Cash
2023-06-04,Susu Coklat,Minuman,12,14000,168000,Cabang A,Cash
2023-01-08,Ayam Geprek,Makanan,36,28000,1008000,Cabang A,Cash
2024-05-11,Kopi Susu,Minuman,25,12000,300000,Cabang C,Cash
2024-01-31,Jus Alpukat,Minuman,362,15000,5430000,Cabang B,Cash
2024-12-21,Jus Alpukat,Minuman,26,15000,390000,Cabang B,Transfer
2024-02-14,Kopi Susu,Minuman,35,12000,420000,Cabang A,E-Wallet
2023-10-02,Nasi Uduk,Makanan,10,22000,220000,Cabang C,Cash
2023-10-15,Es Teh Manis,Minuman,41,8000,328000,Cabang C,Cash
2023-12-24,Pisang Goreng,Snack,8,10000,80000,Cabang A,Cash
2023-10-08,Kopi Susu,Minuman,14,12000,168000,Cabang B,Cash
2024-01-04,Es Teh Manis,Minuman,37,8000,296000,Cabang C,QRIS
2024-04-20,Nasi Uduk,Makanan,14,22000,308000,Cabang B,Cash
2023-07-08,Kopi Susu,Minuman,27,12000,324000,Cabang B,QRIS
2024-07-17,Kentang Goreng,Snack,46,12000,552000,Cabang A,Transfer
2024-12-11,Ayam Geprek,Makanan,39,28000,1092000,Cabang C,QRIS
2023-09-27,Kopi Susu,Minuman,39,12000,468000,Cabang A,E-Wallet
2023-03-05,Susu Coklat,Minuman,47,14000,658000,Cabang A,Cash
2024-06-23,Ayam Geprek,Makanan,38,28000,1064000,Cabang B,Cash
2024-03-11,Es Teh Manis,Minuman,16,8000,128000,Cabang C,E-Wallet
2024-06-05,Mie Ayam,Makanan,412,20000,8240000,Cabang A,Cash
2024-02-18,Kentang Goreng,Snack,461,12000,5532000,Cabang A,Transfer
2023-07-07,Mie Ayam,Makanan,33,20000,660000,Cabang A,Cash
2023-09-04,Kentang Goreng,Snack,445,12000,5340000,Cabang C,E-Wallet
2023-10-31,Nasi Goreng,Makanan,29,25000,725000,Cabang C,Cash
2023-04-09,Pisang Goreng,Snack,16,10000,160000,Cabang B,Cash
2024-07-21,Kopi Susu,Minuman,48,12000,576000,Cabang A,Cash
2023-07-30,Nasi Uduk,Makanan,18,22000,396000,Cabang B,Cash
2024-08-04,Jus Alpukat,Minuman,25,15000,375000,Cabang B,Cash
2024-07-14,Jus Alpukat,Minuman,269,15000,4035000,Cabang C,QRIS
2024-07-08,Pisang Goreng,Snack,48,10000,480000,Cabang B,Transfer
2023-01-06,Kopi Susu,Minuman,13,12000,156000,Cabang A,Cash
2024-11-24,Es Teh Manis,Minuman,15,8000,120000,Cabang C,Cash
2024-07-18,Roti Bakar,Snack,35,18000,630000,Cabang A,Cash
2024-05-14,Es Teh Manis,Minuman,20,8000,160000,Cabang A,Cash
2024-12-17,Mie Ayam,Makanan,42,20000,840000,Cabang B,QRIS
2023-10-01,Nasi Goreng,Makanan,26,25000,650000,Cabang C,Cash
2023-12-07,Nasi Uduk,Makanan,2,22000,44000,Cabang C,Transfer
2023-05-11,Roti Bakar,Snack,31,18000,558000,Cabang B,Transfer
2023-07-05,Kopi Susu,Minuman,17,12000,204000,Cabang B,QRIS
2023-04-30,Ayam Geprek,Makanan,7,28000,196000,Cabang A,QRIS
2023-06-14,Jus Alpukat,Minuman,1,15000,15000,Cabang A,Cash
2023-11-11,Susu Coklat,Minuman,27,14000,378000,Cabang A,QRIS
2024-09-15,Nasi Uduk,Makanan,33,22000,726000,Cabang A,Cash
2024-10-16,Nasi Goreng,Makanan,38,25000,950000,Cabang C,Cash
2023-11-19,Es Teh Manis,Minuman,21,8000,168000,Cabang A,QRIS
2023-11-27,Susu Coklat,Minuman,14,14000,196000,Cabang C,Cash
2024-12-07,Nasi Goreng,Makanan,23,25000,575000,Cabang C,Cash
2023-10-08,Roti Bakar,Snack,15,18000,270000,Cabang B,Transfer
2023-03-09,Kentang Goreng,Snack,26,12000,312000,Cabang C,Cash
2024-09-27,Es Teh Manis,Minuman,29,8000,232000,Cabang B,Cash
2024-11-23,Kopi Susu,Minuman,18,12000,216000,Cabang B,Cash
2023-09-27,Roti Bakar,Snack,39,18000,702000,Cabang C,Cash
2024-07-21,Susu Coklat,Minuman,20,14000,280000,Cabang A,E-Wallet
2024-01-14,Roti Bakar,Snack,38,18000,684000,Cabang C,E-Wallet
2024-06-26,Es Teh Manis,Minuman,31,8000,248000,Cabang B,Cash
2023-07-08,Mie Ayam,Makanan,8,20000,160000,Cabang B,QRIS
2024-10-04,Nasi Goreng,Makanan,48,25000,1200000,Cabang B,Cash
2024-04-02,Nasi Goreng,Makanan,4,25000,100000,Cabang C,Cash
2023-06-17,Kopi Susu,Minuman,28,12000,336000,Cabang C,Cash
2023-11-16,Mie Ayam,Makanan,43,20000,860000,Cabang C,Cash
2024-05-19,Ayam Geprek,Makanan,47,28000,1316000,Cabang C,Cash
2024-06-02,Roti Bakar,Snack,3,18000,54000,Cabang A,Cash
2023-09-30,Kopi Susu,Minuman,27,12000,324000,Cabang A,Cash
2023-03-02,Susu Coklat,Minuman,8,14000,112000,Cabang B,Transfer
2023-01-20,Jus Alpukat,Minuman,12,15000,180000,Cabang B,Cash
2024-06-08,Jus Alpukat,Minuman,31,15000,465000,Cabang C,Cash
2023-08-23,Ayam Geprek,Makanan,484,28000,13552000,Cabang A,QRIS
2024-10-25,Jus Alpukat,Minuman,37,15000,555000,Cabang C,QRIS
2024-02-06,Nasi Goreng,Makanan,24,25000,600000,Cabang B,Cash
2023-12-03,Susu Coklat,Minuman,47,14000,658000,Cabang A,Cash
2023-09-27,Susu Coklat,Minuman,35,14000,490000,Cabang A,QRIS
2023-05-31,Jus Alpukat,Minuman,24,15000,360000,Cabang A,E-Wallet
2023-03-13,Roti Bakar,Snack,6,18000,108000,Cabang C,E-Wallet
2024-07-17,Es Teh Manis,Minuman,8,8000,64000,Cabang A,Cash
2024-10-20,Mie Ayam,Makanan,17,20000,340000,Cabang B,QRIS
2024-04-24,Kopi Susu,Minuman,3,12000,36000,Cabang C,Cash
2024-03-27,Kopi Susu,Minuman,44,12000,528000,Cabang C,Cash
2024-02-11,Nasi Uduk,Makanan,325,22000,7150000,Cabang B,QRIS
2024-03-11,Jus Alpukat,Minuman,27,15000,405000,Cabang C,Cash
2024-10-06,Kentang Goreng,Snack,34,12000,408000,Cabang C,Cash
2023-04-26,Mie Ayam,Makanan,34,20000,680000,Cabang B,Cash
2023-04-03,Kopi Susu,Minuman,49,12000,588000,Cabang A,Cash
2023-08-10,Susu Coklat,Minuman,25,14000,350000,Cabang A,E-Wallet
2024-04-13,Es Teh Manis,Minuman,46,8000,368000,Cabang B,Cash
2024-09-08,Kentang Goreng,Snack,20,12000,240000,Cabang C,Cash
2024-09-09,Kopi Susu,Minuman,23,12000,276000,Cabang B,Cash
2024-02-22,Mie Ayam,Makanan,481,20000,9620000,Cabang B,Cash
2024-07-31,Susu Coklat,Minuman,19,14000,266000,Cabang C,Transfer
2024-03-25,Kentang Goreng,Snack,17,12000,204000,Cabang A,Cash
2023-03-18,Ayam Geprek,Makanan,32,28000,896000,Cabang A,Cash
2024-01-27,Nasi Goreng,Makanan,22,25000,550000,Cabang C,Cash
2023-01-21,Es Teh Manis,Minuman,19,8000,152000,Cabang B,Cash
2024-06-16,Ayam Geprek,Makanan,42,28000,1176000,Cabang A,QRIS
2024-06-21,Pisang Goreng,Snack,27,10000,270000,Cabang A,Cash
2023-02-06,Kopi Susu,Minuman,23,12000,276000,Cabang B,Cash
2023-03-04,Susu Coklat,Minuman,37,14000,518000,Cabang C,Cash
2023-10-11,Jus Alpukat,Minuman,34,15000,510000,Cabang A,Cash
2024-11-08,Es Teh Manis,Minuman,3,8000,24000,Cabang A,Transfer
2023-07-07,Susu Coklat,Minuman,48,14000,672000,Cabang A,Transfer
2024-03-08,Susu Coklat,Minuman,39,14000,546000,Cabang C,Cash
2023-10-11,Pisang Goreng,Snack,7,10000,70000,Cabang C,Cash
2023-07-04,Es Teh Manis,Minuman,16,8000,128000,Cabang B,Transfer
2023-11-12,Ayam Geprek,Makanan,16,28000,448000,Cabang B,E-Wallet
2023-09-24,Ayam Geprek,Makanan,6,28000,168000,Cabang B,Cash
2023-06-04,Jus Alpukat,Minuman,471,15000,7065000,Cabang C,Cash
2024-06-23,Pisang Goreng,Snack,20,10000,200000,Cabang B,QRIS
2023-07-06,Ayam Geprek,Makanan,27,28000,756000,Cabang C,Cash
2023-03-12,Kopi Susu,Minuman,486,12000,5832000,Cabang A,QRIS
2024-01-31,Jus Alpukat,Minuman,47,15000,705000,Cabang C,Cash
2023-10-21,Es Teh Manis,Minuman,41,8000,328000,Cabang A,Cash
2023-03-24,Es Teh Manis,Minuman,7,8000,56000,Cabang B,Cash
2024-03-31,Jus Alpukat,Minuman,7,15000,105000,Cabang B,Cash
2024-11-27,Kentang Goreng,Snack,46,12000,552000,Cabang C,Cash
2024-02-13,Nasi Uduk,Makanan,20,22000,440000,Cabang C,QRIS
2024-08-21,Kopi Susu,Minuman,16,12000,192000,Cabang A,Transfer
2023-08-20,Ayam Geprek,Makanan,20,28000,560000,Cabang B,Cash
2024-03-10,Kentang Goreng,Snack,21,12000,252000,Cabang C,Cash
2023-02-20,Nasi Uduk,Makanan,47,22000,1034000,Cabang C,Cash
2024-07-06,Ayam Geprek,Makanan,34,28000,952000,Cabang A,Cash
2023-05-09,Mie Ayam,Makanan,20,20000,400000,Cabang B,Cash
2023-10-12,Es Teh Manis,Minuman,12,8000,96000,Cabang A,QRIS
2024-11-08,Mie Ayam,Makanan,15,20000,300000,Cabang B,Cash
2024-12-28,Jus Alpukat,Minuman,32,15000,480000,Cabang A,QRIS
2023-01-04,Kentang Goreng,Snack,3,12000,36000,Cabang A,QRIS
2023-08-13,Kentang Goreng,Snack,44,12000,528000,Cabang A,Cash
2024-04-14,Nasi Goreng,Makanan,49,25000,1225000,Cabang C,Transfer
2023-05-12,Kentang Goreng,Snack,46,12000,552000,Cabang C,Cash
2024-12-31,Nasi Goreng,Makanan,45,25000,1125000,Cabang C,Cash
2023-12-27,Jus Alpukat,Minuman,28,15000,420000,Cabang A,Cash
2023-09-20,Roti Bakar,Snack,33,18000,594000,Cabang B,Transfer
2024-06-11,Pisang Goreng,Snack,337,10000,3370000,Cabang C,Cash
2024-12-07,Nasi Goreng,Makanan,2,25000,50000,Cabang C,E-Wallet
2023-04-08,Es Teh Manis,Minuman,30,8000,240000,Cabang C,Cash
2023-12-23,Roti Bakar,Snack,43,18000,774000,Cabang C,Cash
2023-09-26,Es Teh Manis,Minuman,255,8000,2040000,Cabang B,QRIS
2024-07-24,Pisang Goreng,Snack,21,10000,210000,Cabang B,QRIS
2023-11-18,Kentang Goreng,Snack,8,12000,96000,Cabang A,Cash
2023-12-10,Roti Bakar,Snack,6,18000,108000,Cabang B,Cash
2023-12-01,Jus Alpukat,Minuman,28,15000,420000,Cabang C,Cash
2024-06-01,Es Teh Manis,Minuman,22,8000,176000,Cabang A,QRIS
2023-12-13,Kopi Susu,Minuman,1,12000,12000,Cabang B,Cash
2023-06-16,Kopi Susu,Minuman,11,12000,132000,Cabang C,QRIS
2023-07-11,Ayam Geprek,Makanan,28,28000,784000,Cabang C,Cash
2023-11-29,Ayam Geprek,Makanan,22,28000,616000,Cabang C,E-Wallet
2023-04-10,Kopi Susu,Minuman,31,12000,372000,Cabang A,Cash
2023-11-20,Jus Alpukat,Minuman,25,15000,375000,Cabang B,Cash
2023-11-01,Ayam Geprek,Makanan,24,28000,672000,Cabang A,Cash
2024-09-17,Jus Alpukat,Minuman,4,15000,60000,Cabang C,Cash
2023-07-15,Pisang Goreng,Snack,44,10000,440000,Cabang C,E-Wallet
2023-04-08,Kopi Susu,Minuman,45,12000,540000,Cabang C,Cash
2023-05-09,Kopi Susu,Minuman,15,12000,180000,Cabang B,Transfer
2024-03-07,Nasi Uduk,Makanan,2,22000,44000,Cabang C,Transfer
2024-05-03,Nasi Uduk,Makanan,6,22000,132000,Cabang A,Cash
2024-05-12,Susu Coklat,Minuman,21,14000,294000,Cabang B,E-Wallet
2024-05-30,Kopi Susu,Minuman,10,12000,120000,Cabang C,Cash
2024-09-21,Pisang Goreng,Snack,12,10000,120000,Cabang C,Cash
2024-12-25,Mie Ayam,Makanan,25,20000,500000,Cabang A,Cash
2024-11-02,Nasi Goreng,Makanan,34,25000,850000,Cabang C,Cash
2024-04-16,Nasi Goreng,Makanan,20,25000,500000,Cabang B,Cash
2023-12-17,Susu Coklat,Minuman,14,14000,196000,Cabang C,E-Wallet
2023-12-16,Ayam Geprek,Makanan,23,28000,644000,Cabang C,Cash
2023-10-06,Kentang Goreng,Snack,24,12000,288000,Cabang C,Cash
2024-10-21,Kopi Susu,Minuman,34,12000,408000,Cabang A,QRIS
2023-11-26,Ayam Geprek,Makanan,36,28000,1008000,Cabang B,Cash
2023-05-24,Susu Coklat,Minuman,16,14000,224000,Cabang A,Cash
2024-05-05,Susu Coklat,Minuman,17,14000,238000,Cabang C,QRIS
2023-09-23,Susu Coklat,Minuman,41,14000,574000,Cabang A,Cash
2024-08-14,Susu Coklat,Minuman,13,14000,182000,Cabang C,QRIS
2024-04-07,Es Teh Manis,Minuman,38,8000,304000,Cabang C,Cash
2024-08-02,Susu Coklat,Minuman,19,14000,266000,Cabang B,Cash
2023-05-21,Nasi Goreng,Makanan,18,25000,450000,Cabang A,Cash
2023-01-28,Jus Alpukat,Minuman,29,15000,435000,Cabang C,E-Wallet
2024-06-17,Mie Ayam,Makanan,36,20000,720000,Cabang B,Cash
2024-08-04,Nasi Goreng,Makanan,24,25000,600000,Cabang B,Cash
2023-07-16,Ayam Geprek,Makanan,26,28000,728000,Cabang C,Cash
2023-08-19,Susu Coklat,Minuman,44,14000,616000,Cabang A,QRIS
2024-01-10,Kopi Susu,Minuman,42,12000,504000,Cabang B,Transfer
2024-12-27,Es Teh Manis,Minuman,14,8000,112000,Cabang A,Cash
2024-09-21,Es Teh Manis,Minuman,35,8000,280000,Cabang C,Cash
2024-06-28,Kentang Goreng,Snack,42,12000,504000,Cabang A,Cash
2023-01-29,Nasi Uduk,Makanan,9,22000,198000,Cabang B,Cash
2024-06-18,Roti Bakar,Snack,41,18000,738000,Cabang B,Cash
2023-03-12,Jus Alpukat,Minuman,36,15000,540000,Cabang C,Cash
2023-07-24,Jus Alpukat,Minuman,5,15000,75000,Cabang A,QRIS
2023-09-08,Ayam Geprek,Makanan,44,28000,1232000,Cabang A,Cash
2024-06-22,Kopi Susu,Minuman,15,12000,180000,Cabang C,Cash
2023-01-23,Roti Bakar,Snack,12,18000,216000,Cabang B,Cash
2024-02-18,Susu Coklat,Minuman,12,14000,168000,Cabang B,Cash
2023-12-23,Jus Alpukat,Minuman,28,15000,420000,Cabang A,Cash
2024-04-07,Susu Coklat,Minuman,235,14000,3290000,Cabang B,Transfer
2023-01-03,Pisang Goreng,Snack,1,10000,10000,Cabang C,Cash
2024-12-31,Nasi Goreng,Makanan,383,25000,9575000,Cabang A,Cash
2024-11-10,Nasi Goreng,Makanan,47,25000,1175000,Cabang B,Cash
2023-03-05,Pisang Goreng,Snack,8,10000,80000,Cabang B,E-Wallet
2023-03-14,Susu Coklat,Minuman,33,14000,462000,Cabang A,E-Wallet
2023-11-10,Pisang Goreng,Snack,15,10000,150000,Cabang B,QRIS
2023-07-17,Pisang Goreng,Snack,16,10000,160000,Cabang C,QRIS
2023-03-19,Ayam Geprek,Makanan,1,28000,28000,Cabang C,Cash
2023-12-21,Kopi Susu,Minuman,12,12000,144000,Cabang C,Cash
2023-08-12,Nasi Goreng,Makanan,18,25000,450000,Cabang A,Transfer
2024-09-14,Nasi Goreng,Makanan,14,25000,350000,Cabang C,Cash
2024-03-10,Roti Bakar,Snack,10,18000,180000,Cabang C,Cash
2024-09-05,Pisang Goreng,Snack,45,10000,450000,Cabang C,Cash
2024-06-27,Es Teh Manis,Minuman,3,8000,24000,Cabang A,Cash
2024-12-19,Kentang Goreng,Snack,19,12000,228000,Cabang B,Cash
2023-03-26,Ayam Geprek,Makanan,49,28000,1372000,Cabang B,Cash
2023-03-03,Nasi Goreng,Makanan,49,25000,1225000,Cabang B,Cash
2024-03-07,Nasi Uduk,Makanan,11,22000,242000,Cabang B,Cash
2024-09-28,Susu Coklat,Minuman,5,14000,70000,Cabang A,Transfer
2024-02-24,Pisang Goreng,Snack,19,10000,190000,Cabang B,QRIS
2023-06-22,Jus Alpukat,Minuman,2,15000,30000,Cabang C,Transfer
2024-07-27,Ayam Geprek,Makanan,19,28000,532000,Cabang B,Transfer
2024-08-04,Susu Coklat,Minuman,42,14000,588000,Cabang B,Cash
2023-01-12,Es Teh Manis,Minuman,4,8000,32000,Cabang C,Cash
2023-04-24,Pisang Goreng,Snack,37,10000,370000,Cabang A,Cash
2024-11-26,Mie Ayam,Makanan,11,20000,220000,Cabang B,Cash
2024-03-06,Mie Ayam,Makanan,15,20000,300000,Cabang A,Cash
2024-02-11,Kopi Susu,Minuman,48,12000,576000,Cabang C,QRIS
2024-03-26,Ayam Geprek,Makanan,44,28000,1232000,Cabang B,QRIS
2023-02-21,Susu Coklat,Minuman,8,14000,112000,Cabang A,QRIS
2023-04-21,Kopi Susu,Minuman,20,12000,240000,Cabang C,Cash
2024-11-28,Ayam Geprek,Makanan,13,28000,364000,Cabang C,Cash
2024-11-09,Nasi Goreng,Makanan,1,25000,25000,Cabang C,E-Wallet
2024-11-30,Es Teh Manis,Minuman,41,8000,328000,Cabang A,Cash
2023-12-30,Nasi Goreng,Makanan,30,25000,750000,Cabang A,QRIS
2023-04-11,Kentang Goreng,Snack,44,12000,528000,Cabang B,Cash
2023-05-20,Jus Alpukat,Minuman,21,15000,315000,Cabang A,Transfer
2023-12-02,Jus Alpukat,Minuman,2,15000,30000,Cabang B,QRIS
2023-01-25,Es Teh Manis,Minuman,1,8000,8000,Cabang C,Cash
2024-11-02,Mie Ayam,Makanan,2,20000,40000,Cabang B,Cash
2023-06-20,Kopi Susu,Minuman,26,12000,312000,Cabang B,E-Wallet
2024-05-16,Nasi Uduk,Makanan,33,22000,726000,Cabang A,Cash
2023-11-05,Jus Alpukat,Minuman,29,15000,435000,Cabang A,Transfer
2024-11-05,Kopi Susu,Minuman,454,12000,5448000,Cabang A,Cash
2023-12-14,Ayam Geprek,Makanan,31,28000,868000,Cabang C,Cash
2024-03-24,Ayam Geprek,Makanan,34,28000,952000,Cabang C,Cash
2024-10-21,Nasi Uduk,Makanan,25,22000,550000,Cabang B,Transfer
2023-03-11,Kopi Susu,Minuman,24,12000,288000,Cabang B,Cash
2024-11-12,Pisang Goreng,Snack,33,10000,330000,Cabang A,QRIS
2023-08-11,Jus Alpukat,Minuman,13,15000,195000,Cabang A,Cash
2023-04-22,Kopi Susu,Minuman,42,12000,504000,Cabang B,QRIS
2023-12-24,Jus Alpukat,Minuman,36,15000,540000,Cabang C,Cash
2024-06-30,Roti Bakar,Snack,13,18000,234000,Cabang C,E-Wallet
2024-12-07,Kopi Susu,Minuman,11,12000,132000,Cabang A,Cash
2023-06-16,Kentang Goreng,Snack,8,12000,96000,Cabang C,Cash
2023-04-29,Kopi Susu,Minuman,22,12000,264000,Cabang B,QRIS
2023-09-22,Nasi Uduk,Makanan,9,22000,198000,Cabang A,QRIS
2023-01-29,Pisang Goreng,Snack,48,10000,480000,Cabang B,Cash
2023-04-19,Es Teh Manis,Minuman,45,8000,360000,Cabang A,E-Wallet
2024-11-10,Jus Alpukat,Minuman,18,15000,270000,Cabang C,E-Wallet
2024-04-02,Kopi Susu,Minuman,3,12000,36000,Cabang C,Cash
2023-12-20,Mie Ayam,Makanan,45,20000,900000,Cabang B,QRIS
2023-09-20,Mie Ayam,Makanan,35,20000,700000,Cabang B,QRIS
2024-02-29,Es Teh Manis,Minuman,39,8000,312000,Cabang A,QRIS
2023-12-15,Susu Coklat,Minuman,31,14000,434000,Cabang C,Cash
2024-07-04,Susu Coklat,Minuman,46,14000,644000,Cabang A,E-Wallet
2024-12-02,Mie Ayam,Makanan,16,20000,320000,Cabang C,Cash
2023-10-10,Kopi Susu,Minuman,42,12000,504000,Cabang A,QRIS
2023-05-13,Roti Bakar,Snack,1,18000,18000,Cabang C,Cash
2024-12-14,Kentang Goreng,Snack,48,12000,576000,Cabang A,QRIS
2023-05-29,Es Teh Manis,Minuman,15,8000,120000,Cabang C,Transfer
2023-08-24,Ayam Geprek,Makanan,23,28000,644000,Cabang B,QRIS
2023-05-20,Nasi Uduk,Makanan,38,22000,836000,Cabang A,E-Wallet
2023-03-19,Pisang Goreng,Snack,44,10000,440000,Cabang C,Cash
2023-11-20,Ayam Geprek,Makanan,36,28000,1008000,Cabang A,Transfer
2023-06-11,Kopi Susu,Minuman,31,12000,372000,Cabang A,Transfer
2024-03-24,Kentang Goreng,Snack,11,12000,132000,Cabang B,QRIS
2023-02-26,Es Teh Manis,Minuman,5,8000,40000,Cabang C,E-Wallet
2024-03-27,Susu Coklat,Minuman,49,14000,686000,Cabang B,Cash
2023-10-27,Mie Ayam,Makanan,27,20000,540000,Cabang A,QRIS
2024-03-20,Mie Ayam,Makanan,42,20000,840000,Cabang B,Cash
2023-02-23,Pisang Goreng,Snack,17,10000,170000,Cabang C,Cash
2024-06-30,Jus Alpukat,Minuman,19,15000,285000,Cabang B,Cash
2023-02-26,Susu Coklat,Minuman,49,14000,686000,Cabang B,QRIS
2024-01-13,Kopi Susu,Minuman,42,12000,504000,Cabang C,Cash
2023-11-13,Pisang Goreng,Snack,6,10000,60000,Cabang C,QRIS
2024-07-14,Kopi Susu,Minuman,37,12000,444000,Cabang B,Cash
2024-08-26,Kopi Susu,Minuman,42,12000,504000,Cabang B,QRIS
2023-05-30,Mie Ayam,Makanan,17,20000,340000,Cabang A,Transfer
2023-12-09,Kopi Susu,Minuman,8,12000,96000,Cabang C,Cash
2023-07-03,Jus Alpukat,Minuman,25,15000,375000,Cabang C,QRIS
2024-05-14,Es Teh Manis,Minuman,27,8000,216000,Cabang A,Cash
2023-04-09,Kopi Susu,Minuman,30,12000,360000,Cabang C,Cash
2023-11-25,Es Teh Manis,Minuman,7,8000,56000,Cabang A,QRIS
2023-05-18,Es Teh Manis,Minuman,17,8000,136000,Cabang B,Cash
2023-05-13,Roti Bakar,Snack,4,18000,72000,Cabang C,Transfer
2023-03-27,Mie Ayam,Makanan,13,20000,260000,Cabang A,Cash
2023-12-21,Nasi Goreng,Makanan,7,25000,175000,Cabang A,QRIS
2023-03-10,Susu Coklat,Minuman,26,14000,364000,Cabang B,Cash
2023-03-18,Kopi Susu,Minuman,15,12000,180000,Cabang A,E-Wallet
2024-09-11,Ayam Geprek,Makanan,24,28000,672000,Cabang B,Cash
2023-11-07,Nasi Goreng,Makanan,37,25000,925000,Cabang B,Cash
2023-08-26,Es Teh Manis,Minuman,17,8000,136000,Cabang B,Cash
2023-09-21,Roti Bakar,Snack,42,18000,756000,Cabang B,QRIS
2024-03-02,Ayam Geprek,Makanan,40,28000,1120000,Cabang B,Cash
2024-08-09,Pisang Goreng,Snack,13,10000,130000,Cabang B,Cash
2024-09-01,Mie Ayam,Makanan,42,20000,840000,Cabang A,QRIS
2024-05-01,Mie Ayam,Makanan,2,20000,40000,Cabang C,Cash
2024-07-16,Mie Ayam,Makanan,34,20000,680000,Cabang A,Transfer
2024-07-02,Kopi Susu,Minuman,10,12000,120000,Cabang A,QRIS
2024-12-22,Ayam Geprek,Makanan,30,28000,840000,Cabang B,Cash
2024-08-11,Kentang Goreng,Snack,35,12000,420000,Cabang A,QRIS
2024-12-30,Susu Coklat,Minuman,10,14000,140000,Cabang A,Cash
2023-07-28,Kentang Goreng,Snack,48,12000,576000,Cabang C,Cash
2023-10-28,Kopi Susu,Minuman,389,12000,4668000,Cabang A,Cash
2024-05-21,Nasi Goreng,Makanan,4,25000,100000,Cabang A,Cash
2024-11-30,Nasi Uduk,Makanan,241,22000,5302000,Cabang C,Cash
2024-03-04,Susu Coklat,Minuman,499,14000,6986000,Cabang B,Cash
2023-09-15,Nasi Goreng,Makanan,458,25000,11450000,Cabang C,Cash
2024-01-17,Kentang Goreng,Snack,3,12000,36000,Cabang B,Cash
2023-03-25,Roti Bakar,Snack,41,18000,738000,Cabang C,Cash
2024-12-18,Mie Ayam,Makanan,20,20000,400000,Cabang C,Cash
2023-09-02,Kopi Susu,Minuman,6,12000,72000,Cabang B,Cash
2024-04-23,Ayam Geprek,Makanan,25,28000,700000,Cabang A,QRIS
2024-11-23,Nasi Uduk,Makanan,25,22000,550000,Cabang C,Cash
2023-04-14,Ayam Geprek,Makanan,22,28000,616000,Cabang C,Cash
2023-10-07,Mie Ayam,Makanan,27,20000,540000,Cabang C,Cash
2023-10-26,Es Teh Manis,Minuman,45,8000,360000,Cabang A,E-Wallet
2024-05-26,Roti Bakar,Snack,30,18000,540000,Cabang B,QRIS
2024-04-24,Susu Coklat,Minuman,2,14000,28000,Cabang B,Cash
2024-02-19,Jus Alpukat,Minuman,29,15000,435000,Cabang C,QRIS
2024-11-13,Kentang Goreng,Snack,34,12000,408000,Cabang C,Cash
2024-01-07,Susu Coklat,Minuman,9,14000,126000,Cabang A,QRIS
2023-06-15,Mie Ayam,Makanan,28,20000,560000,Cabang B,Cash
2024-04-29,Ayam Geprek,Makanan,11,28000,308000,Cabang C,Cash
2023-03-31,Kopi Susu,Minuman,19,12000,228000,Cabang C,Transfer
2024-04-10,Nasi Uduk,Makanan,23,22000,506000,Cabang B,Cash
2023-04-11,Kentang Goreng,Snack,43,12000,516000,Cabang B,Cash
2024-04-07,Jus Alpukat,Minuman,21,15000,315000,Cabang C,Cash
2023-09-28,Nasi Goreng,Makanan,20,25000,500000,Cabang C,E-Wallet
2023-11-02,Nasi Uduk,Makanan,13,22000,286000,Cabang B,QRIS
2024-06-09,Es Teh Manis,Minuman,3,8000,24000,Cabang A,Transfer
2023-10-19,Jus Alpukat,Minuman,11,15000,165000,Cabang A,QRIS
2023-09-20,Mie Ayam,Makanan,8,20000,160000,Cabang A,Cash
2024-09-16,Ayam Geprek,Makanan,36,28000,1008000,Cabang C,E-Wallet
2024-11-11,Kentang Goreng,Snack,12,12000,144000,Cabang B,QRIS
2023-04-15,Pisang Goreng,Snack,9,10000,90000,Cabang B,Cash
2023-02-16,Nasi Uduk,Makanan,17,22000,374000,Cabang C,Cash
2024-02-07,Kentang Goreng,Snack,37,12000,444000,Cabang B,Cash
2023-04-09,Pisang Goreng,Snack,45,10000,450000,Cabang C,QRIS
2023-05-21,Jus Alpukat,Minuman,27,15000,405000,Cabang A,Cash
2023-11-14,Jus Alpukat,Minuman,17,15000,255000,Cabang B,Cash
2024-06-30,Kentang Goreng,Snack,32,12000,384000,Cabang A,Cash
2024-09-12,Mie Ayam,Makanan,13,20000,260000,Cabang B,QRIS
2023-04-27,Es Teh Manis,Minuman,45,8000,360000,Cabang C,Cash
2023-12-10,Mie Ayam,Makanan,22,20000,440000,Cabang B,Cash
2024-09-08,Nasi Goreng,Makanan,45,25000,1125000,Cabang B,Cash
2023-03-19,Ayam Geprek,Makanan,23,28000,644000,Cabang B,QRIS
2024-12-28,Susu Coklat,Minuman,41,14000,574000,Cabang C,Cash
2023-07-31,Kentang Goreng,Snack,40,12000,480000,Cabang B,Cash
2023-10-21,Es Teh Manis,Minuman,48,8000,384000,Cabang C,Cash
2023-11-25,Nasi Goreng,Makanan,36,25000,900000,Cabang C,Cash
2024-07-17,Susu Coklat,Minuman,43,14000,602000,Cabang C,QRIS
2023-05-08,Pisang Goreng,Snack,30,10000,300000,Cabang B,E-Wallet
2023-01-17,Ayam Geprek,Makanan,37,28000,1036000,Cabang A,QRIS
2024-09-26,Jus Alpukat,Minuman,20,15000,300000,Cabang B,Transfer
2023-03-12,Susu Coklat,Minuman,2,14000,28000,Cabang C,E-Wallet
2024-11-07,Pisang Goreng,Snack,37,10000,370000,Cabang A,Cash
2023-11-04,Susu Coklat,Minuman,3,14000,42000,Cabang B,Cash
2024-02-20,Jus Alpukat,Minuman,23,15000,345000,Cabang C,E-Wallet
2024-04-26,Susu Coklat,Minuman,6,14000,84000,Cabang A,Cash
2024-01-17,Jus Alpukat,Minuman,15,15000,225000,Cabang C,Cash
2023-12-26,Jus Alpukat,Minuman,8,15000,120000,Cabang A,E-Wallet
2024-07-28,Nasi Uduk,Makanan,25,22000,550000,Cabang C,Cash
2024-11-11,Susu Coklat,Minuman,38,14000,532000,Cabang A,E-Wallet
2023-02-13,Kopi Susu,Minuman,26,12000,312000,Cabang C,Cash
2024-01-03,Mie Ayam,Makanan,14,20000,280000,Cabang A,QRIS
2024-03-15,Mie Ayam,Makanan,27,20000,540000,Cabang C,Transfer
2023-08-04,Es Teh Manis,Minuman,16,8000,128000,Cabang B,Cash
2024-08-16,Kentang Goreng,Snack,17,12000,204000,Cabang C,Cash
2023-05-09,Mie Ayam,Makanan,1,20000,20000,Cabang C,Cash
2023-01-08,Kopi Susu,Minuman,33,12000,396000,Cabang C,Cash
2023-04-06,Jus Alpukat,Minuman,13,15000,195000,Cabang C,Cash
2023-04-10,Es Teh Manis,Minuman,25,8000,200000,Cabang A,Cash
2024-06-01,Pisang Goreng,Snack,19,10000,190000,Cabang B,Cash
2024-09-26,Nasi Goreng,Makanan,21,25000,525000,Cabang A,Cash
2023-12-12,Nasi Goreng,Makanan,16,25000,400000,Cabang A,Cash
2023-07-08,Es Teh Manis,Minuman,14,8000,112000,Cabang B,E-Wallet
2023-06-21,Susu Coklat,Minuman,37,14000,518000,Cabang C,Cash
2024-09-21,Susu Coklat,Minuman,260,14000,3640000,Cabang A,Cash
2024-10-15,Susu Coklat,Minuman,31,14000,434000,Cabang A,QRIS
2024-09-18,Kopi Susu,Minuman,33,12000,396000,Cabang B,Transfer
2023-09-23,Pisang Goreng,Snack,8,10000,80000,Cabang A,Cash
2024-08-24,Kopi Susu,Minuman,21,12000,252000,Cabang C,Cash
2023-07-02,Roti Bakar,Snack,45,18000,810000,Cabang B,QRIS
2023-04-06,Nasi Uduk,Makanan,17,22000,374000,Cabang A,Cash
2024-04-14,Jus Alpukat,Minuman,30,15000,450000,Cabang A,Cash
2024-03-17,Roti Bakar,Snack,1,18000,18000,Cabang C,E-Wallet
2023-02-22,Nasi Uduk,Makanan,3,22000,66000,Cabang C,Cash
2023-02-04,Jus Alpukat,Minuman,33,15000,495000,Cabang C,Cash
2024-09-13,Es Teh Manis,Minuman,30,8000,240000,Cabang B,E-Wallet
2023-02-06,Kopi Susu,Minuman,18,12000,216000,Cabang C,QRIS
2023-11-17,Es Teh Manis,Minuman,5,8000,40000,Cabang C,Cash
2023-02-25,Jus Alpukat,Minuman,425,15000,6375000,Cabang A,E-Wallet
2024-05-27,Mie Ayam,Makanan,26,20000,520000,Cabang A,QRIS
2023-11-15,Nasi Uduk,Makanan,328,22000,7216000,Cabang A,Cash
2023-03-15,Nasi Uduk,Makanan,4,22000,88000,Cabang C,E-Wallet
2023-12-05,Mie Ayam,Makanan,41,20000,820000,Cabang B,Cash
2023-01-27,Jus Alpukat,Minuman,34,15000,510000,Cabang A,Cash
2023-04-17,Pisang Goreng,Snack,28,10000,280000,Cabang A,QRIS
2024-10-06,Nasi Goreng,Makanan,30,25000,750000,Cabang B,QRIS
2023-12-18,Susu Coklat,Minuman,18,14000,252000,Cabang B,Cash
2023-03-08,Ayam Geprek,Makanan,15,28000,420000,Cabang B,Cash
2023-10-22,Mie Ayam,Makanan,3,20000,60000,Cabang B,QRIS
2023-01-02,Es Teh Manis,Minuman,23,8000,184000,Cabang A,Cash
2024-02-21,Roti Bakar,Snack,40,18000,720000,Cabang B,Cash
2024-06-01,Nasi Goreng,Makanan,4,25000,100000,Cabang C,Transfer
2023-09-06,Kopi Susu,Minuman,4,12000,48000,Cabang B,QRIS
2023-10-22,Mie Ayam,Makanan,8,20000,160000,Cabang B,Cash
2024-12-29,Es Teh Manis,Minuman,40,8000,320000,Cabang A,Cash
2024-03-24,Jus Alpukat,Minuman,16,15000,240000,Cabang B,QRIS
2024-09-23,Jus Alpukat,Minuman,14,15000,210000,Cabang B,Cash
2024-03-25,Nasi Uduk,Makanan,16,22000,352000,Cabang A,Cash
2023-10-15,Nasi Uduk,Makanan,47,22000,1034000,Cabang C,E-Wallet
2024-02-16,Es Teh Manis,Minuman,39,8000,312000,Cabang B,QRIS
2024-05-22,Es Teh Manis,Minuman,8,8000,64000,Cabang A,Cash
2023-07-17,Nasi Goreng,Makanan,13,25000,325000,Cabang C,Cash
2024-05-26,Mie Ayam,Makanan,14,20000,280000,Cabang A,QRIS
2023-10-26,Nasi Uduk,Makanan,46,22000,1012000,Cabang A,Cash
2024-06-23,Kentang Goreng,Snack,47,12000,564000,Cabang B,Cash
2024-04-27,Nasi Uduk,Makanan,7,22000,154000,Cabang A,Cash
2023-02-19,Nasi Goreng,Makanan,45,25000,1125000,Cabang A,Cash
2023-12-18,Pisang Goreng,Snack,19,10000,190000,Cabang C,QRIS
2023-06-16,Es Teh Manis,Minuman,6,8000,48000,Cabang B,Cash
2023-05-25,Nasi Uduk,Makanan,31,22000,682000,Cabang B,Cash
2023-06-29,Ayam Geprek,Makanan,45,28000,1260000,Cabang C,Cash
2023-09-07,Es Teh Manis,Minuman,32,8000,256000,Cabang C,Cash
2024-09-12,Kopi Susu,Minuman,17,12000,204000,Cabang A,Cash
2024-07-15,Susu Coklat,Minuman,7,14000,98000,Cabang B,E-Wallet
2023-01-01,Ayam Geprek,Makanan,44,28000,1232000,Cabang B,Cash
2024-02-29,Kopi Susu,Minuman,15,12000,180000,Cabang A,Cash
2024-03-25,Nasi Uduk,Makanan,19,22000,418000,Cabang A,QRIS
2024-11-03,Nasi Goreng,Makanan,30,25000,750000,Cabang A,Cash
2023-03-31,Es Teh Manis,Minuman,12,8000,96000,Cabang B,Cash
2023-09-24,Kentang Goreng,Snack,25,12000,300000,Cabang A,Cash
2024-11-11,Mie Ayam,Makanan,452,20000,9040000,Cabang C,Cash
2024-10-02,Jus Alpukat,Minuman,26,15000,390000,Cabang C,Cash
2023-08-14,Es Teh Manis,Minuman,37,8000,296000,Cabang A,Cash
2023-01-29,Kopi Susu,Minuman,41,12000,492000,Cabang B,Cash
2024-04-14,Roti Bakar,Snack,36,18000,648000,Cabang B,QRIS
2023-04-27,Roti Bakar,Snack,26,18000,468000,Cabang B,Cash
2024-11-20,Susu Coklat,Minuman,12,14000,168000,Cabang A,Cash
2024-06-02,Es Teh Manis,Minuman,41,8000,328000,Cabang B,QRIS
2023-04-16,Kopi Susu,Minuman,47,12000,564000,Cabang B,Cash
2024-10-13,Jus Alpukat,Minuman,22,15000,330000,Cabang A,Cash
2024-01-25,Kentang Goreng,Snack,38,12000,456000,Cabang C,QRIS
2023-02-17,Jus Alpukat,Minuman,44,15000,660000,Cabang A,Cash
2023-06-20,Ayam Geprek,Makanan,12,28000,336000,Cabang B,Transfer
2024-10-09,Es Teh Manis,Minuman,31,8000,248000,Cabang B,QRIS
2024-08-27,Jus Alpukat,Minuman,22,15000,330000,Cabang A,Cash
2023-05-27,Susu Coklat,Minuman,5,14000,70000,Cabang C,Cash
2024-09-08,Kentang Goreng,Snack,3,12000,36000,Cabang C,Cash
2023-04-19,Kopi Susu,Minuman,20,12000,240000,Cabang C,Cash
2024-12-11,Jus Alpukat,Minuman,2,15000,30000,Cabang B,QRIS
2024-07-23,Nasi Goreng,Makanan,17,25000,425000,Cabang B,QRIS
2023-03-19,Jus Alpukat,Minuman,19,15000,285000,Cabang C,Cash
2023-11-20,Nasi Goreng,Makanan,37,25000,925000,Cabang C,Cash
2023-08-12,Jus Alpukat,Minuman,24,15000,360000,Cabang B,QRIS
2023-12-05,Susu Coklat,Minuman,15,14000,210000,Cabang C,Cash
2024-11-10,Es Teh Manis,Minuman,22,8000,176000,Cabang C,E-Wallet
2023-11-22,Mie Ayam,Makanan,33,20000,660000,Cabang B,Cash
2024-04-28,Es Teh Manis,Minuman,27,8000,216000,Cabang C,Cash
2023-11-29,Roti Bakar,Snack,38,18000,684000,Cabang B,Cash
2023-11-11,Pisang Goreng,Snack,446,10000,4460000,Cabang B,E-Wallet
2023-03-17,Es Teh Manis,Minuman,26,8000,208000,Cabang A,Cash
2023-06-06,Nasi Goreng,Makanan,5,25000,125000,Cabang C,Transfer
2023-04-07,Nasi Uduk,Makanan,18,22000,396000,Cabang A,QRIS
2024-12-30,Es Teh Manis,Minuman,3,8000,24000,Cabang A,Cash
2024-09-01,Pisang Goreng,Snack,6,10000,60000,Cabang C,Cash
2024-12-29,Mie Ayam,Makanan,8,20000,160000,Cabang C,Cash
2023-03-02,Nasi Goreng,Makanan,18,25000,450000,Cabang B,QRIS
2023-12-03,Nasi Goreng,Makanan,49,25000,1225000,Cabang A,Cash
2024-07-05,Mie Ayam,Makanan,42,20000,840000,Cabang C,QRIS
2024-08-06,Ayam Geprek,Makanan,17,28000,476000,Cabang B,Cash
2023-11-10,Susu Coklat,Minuman,17,14000,238000,Cabang A,Cash
2023-12-15,Nasi Goreng,Makanan,34,25000,850000,Cabang B,Cash
2024-08-22,Kentang Goreng,Snack,3,12000,36000,Cabang B,Cash
2024-04-16,Es Teh Manis,Minuman,26,8000,208000,Cabang C,E-Wallet
2024-06-19,Mie Ayam,Makanan,36,20000,720000,Cabang B,Cash
2024-04-04,Nasi Goreng,Makanan,49,25000,1225000,Cabang B,Cash
2023-03-31,Kopi Susu,Minuman,44,12000,528000,Cabang A,Cash
2023-02-20,Kopi Susu,Minuman,18,12000,216000,Cabang B,QRIS
2023-07-13,Susu Coklat,Minuman,17,14000,238000,Cabang A,Cash
2023-03-12,Kopi Susu,Minuman,16,12000,192000,Cabang B,Cash
2023-09-02,Es Teh Manis,Minuman,3,8000,24000,Cabang B,Cash
2023-04-30,Es Teh Manis,Minuman,4,8000,32000,Cabang A,Cash
2024-07-08,Roti Bakar,Snack,41,18000,738000,Cabang A,Cash
2023-12-21,Nasi Goreng,Makanan,30,25000,750000,Cabang B,Cash
2023-03-19,Jus Alpukat,Minuman,44,15000,660000,Cabang A,QRIS
2024-04-08,Susu Coklat,Minuman,23,14000,322000,Cabang A,Cash
2024-06-15,Es Teh Manis,Minuman,34,8000,272000,Cabang B,Cash
2024-08-16,Es Teh Manis,Minuman,48,8000,384000,Cabang B,Transfer
2023-09-09,Nasi Goreng,Makanan,30,25000,750000,Cabang C,Cash
2023-06-30,Jus Alpukat,Minuman,35,15000,525000,Cabang C,Cash
2023-12-05,Es Teh Manis,Minuman,44,8000,352000,Cabang B,E-Wallet
2024-01-11,Es Teh Manis,Minuman,26,8000,208000,Cabang B,Cash
2024-03-22,Jus Alpukat,Minuman,18,15000,270000,Cabang B,QRIS
,Nasi Uduk,Makanan,221,22000,4862000,Cabang A,Cash
2023-10-16,Jus Alpukat,Minuman,28,15000,420000,Cabang B,Transfer
2023-04-20,Kopi Susu,Minuman,470,12000,5640000,Cabang A,Transfer
2023-11-22,Susu Coklat,Minuman,204,14000,2856000,Cabang B,QRIS
2023-05-20,Kentang Goreng,Snack,30,12000,360000,Cabang A,Transfer
2024-05-12,Jus Alpukat,Minuman,10,15000,150000,Cabang C,Cash
2023-07-22,Nasi Uduk,Makanan,16,22000,352000,Cabang B,QRIS
2024-08-25,Roti Bakar,Snack,34,18000,612000,Cabang B,QRIS
2024-07-06,Kopi Susu,Minuman,34,12000,408000,Cabang B,Cash
2024-06-11,Ayam Geprek,Makanan,42,28000,1176000,Cabang A,Transfer
2023-12-25,Mie Ayam,Makanan,3,20000,60000,Cabang B,Transfer
2024-11-02,Roti Bakar,Snack,25,18000,450000,Cabang A,Cash
2024-12-04,Mie Ayam,Makanan,233,20000,4660000,Cabang C,QRIS
2023-07-24,Jus Alpukat,Minuman,11,15000,165000,Cabang C,QRIS
2023-12-05,Pisang Goreng,Snack,10,10000,100000,Cabang A,E-Wallet
2024-11-03,Kentang Goreng,Snack,3,12000,36000,Cabang B,Cash
2023-01-07,Es Teh Manis,Minuman,8,8000,64000,Cabang A,Cash
2023-07-24,Nasi Goreng,Makanan,46,25000,1150000,Cabang A,Cash
2024-07-09,Pisang Goreng,Snack,46,10000,460000,Cabang B,Cash
2024-06-01,Ayam Geprek,Makanan,9,28000,252000,Cabang B,QRIS
2024-03-31,Mie Ayam,Makanan,465,20000,9300000,Cabang C,Cash
2024-08-06,Kopi Susu,Minuman,33,12000,396000,Cabang C,QRIS
2023-09-02,Kopi Susu,Minuman,46,12000,552000,Cabang B,QRIS
2024-12-03,Kopi Susu,Minuman,44,12000,528000,Cabang C,Cash
2024-08-21,Pisang Goreng,Snack,21,10000,210000,Cabang A,QRIS
2023-03-27,Jus Alpukat,Minuman,5,15000,75000,Cabang A,E-Wallet
2023-12-03,Mie Ayam,Makanan,40,20000,800000,Cabang A,Transfer
2024-01-21,Mie Ayam,Makanan,2,20000,40000,Cabang B,QRIS
2023-08-19,Nasi Uduk,Makanan,33,22000,726000,Cabang B,Cash
2024-10-03,Kopi Susu,Minuman,8,12000,96000,Cabang C,Transfer
2024-12-06,Susu Coklat,Minuman,29,14000,406000,Cabang A,QRIS
2024-10-31,Susu Coklat,Minuman,41,14000,574000,Cabang A,Cash
2023-09-24,Susu Coklat,Minuman,17,14000,238000,Cabang B,Cash
2023-02-01,Kentang Goreng,Snack,3,12000,36000,Cabang A,Cash
2023-03-17,Nasi Goreng,Makanan,41,25000,1025000,Cabang B,QRIS
2024-12-16,Nasi Uduk,Makanan,260,22000,5720000,Cabang A,QRIS
2024-12-09,Susu Coklat,Minuman,3,14000,42000,Cabang B,E-Wallet
2023-11-22,Roti Bakar,Snack,8,18000,144000,Cabang B,Cash
2023-05-28,Susu Coklat,Minuman,34,14000,476000,Cabang C,Cash
2024-12-15,Roti Bakar,Snack,5,18000,90000,Cabang B,QRIS
2024-12-28,Kentang Goreng,Snack,42,12000,504000,Cabang C,Cash
2023-06-17,Kopi Susu,Minuman,25,12000,300000,Cabang C,Cash
2023-12-02,Ayam Geprek,Makanan,37,28000,1036000,Cabang C,Cash
2024-02-04,Kopi Susu,Minuman,44,12000,528000,Cabang A,Cash
2024-04-23,Kentang Goreng,Snack,17,12000,204000,Cabang B,QRIS
2024-02-09,Kentang Goreng,Snack,47,12000,564000,Cabang C,E-Wallet
2024-06-09,Jus Alpukat,Minuman,47,15000,705000,Cabang C,QRIS
2023-11-10,Susu Coklat,Minuman,20,14000,280000,Cabang C,Cash
2023-03-25,Susu Coklat,Minuman,34,14000,476000,Cabang A,Cash
2024-08-15,Susu Coklat,Minuman,8,14000,112000,Cabang C,QRIS
2023-12-29,Susu Coklat,Minuman,7,14000,98000,Cabang A,Cash
2024-09-30,Nasi Uduk,Makanan,35,22000,770000,Cabang A,Cash
2023-12-10,Kentang Goreng,Snack,25,12000,300000,Cabang B,QRIS
2024-04-07,Ayam Geprek,Makanan,15,28000,420000,Cabang B,QRIS
2023-04-09,Es Teh Manis,Minuman,34,8000,272000,Cabang C,Cash
2024-04-25,Roti Bakar,Snack,38,18000,684000,Cabang A,Cash
2023-10-30,Nasi Uduk,Makanan,32,22000,704000,Cabang C,Transfer
2023-09-16,Nasi Goreng,Makanan,15,25000,375000,Cabang B,Cash
2024-03-22,Ayam Geprek,Makanan,34,28000,952000,Cabang C,Cash
2023-08-30,Susu Coklat,Minuman,18,14000,252000,Cabang C,Cash
2024-07-27,Susu Coklat,Minuman,34,14000,476000,Cabang B,Cash
2023-11-05,Kentang Goreng,Snack,19,12000,228000,Cabang C,Cash
2024-05-19,Nasi Uduk,Makanan,11,22000,242000,Cabang C,QRIS
2024-03-18,Susu Coklat,Minuman,39,14000,546000,Cabang C,Cash
2024-04-07,Susu Coklat,Minuman,27,14000,378000,Cabang A,Cash
2023-01-05,Es Teh Manis,Minuman,32,8000,256000,Cabang B,QRIS
2023-12-02,Es Teh Manis,Minuman,35,8000,280000,Cabang C,Cash
2024-02-12,Kentang Goreng,Snack,42,12000,504000,Cabang B,Cash
2024-09-15,Nasi Goreng,Makanan,30,25000,750000,Cabang B,Cash
2024-09-07,Pisang Goreng,Snack,40,10000,400000,Cabang C,Cash
2023-07-02,Susu Coklat,Minuman,11,14000,154000,Cabang A,Cash
2023-12-15,Nasi Goreng,Makanan,9,25000,225000,Cabang C,QRIS
2024-01-30,Kopi Susu,Minuman,10,12000,120000,Cabang C,Cash
2024-06-20,Susu Coklat,Minuman,453,14000,6342000,Cabang B,Cash
2024-04-21,Es Teh Manis,Minuman,28,8000,224000,Cabang C,QRIS
2023-05-07,Nasi Goreng,Makanan,49,25000,1225000,Cabang C,Cash
2023-12-13,Ayam Geprek,Makanan,15,28000,420000,Cabang B,Cash
2023-05-28,Es Teh Manis,Minuman,26,8000,208000,Cabang A,QRIS
2024-02-09,Es Teh Manis,Minuman,3,8000,24000,Cabang C,Transfer
2023-01-26,Kopi Susu,Minuman,9,12000,108000,Cabang A,Cash
2023-04-30,Susu Coklat,Minuman,4,14000,56000,Cabang A,E-Wallet
2024-12-24,Es Teh Manis,Minuman,49,8000,392000,Cabang B,Cash
2023-06-06,Susu Coklat,Minuman,37,14000,518000,Cabang A,QRIS
2024-07-15,Susu Coklat,Minuman,44,14000,616000,Cabang B,Cash
2024-03-24,Nasi Goreng,Makanan,5,25000,125000,Cabang A,Cash
2024-09-19,Kopi Susu,Minuman,2,12000,24000,Cabang B,Cash
2024-12-16,Kopi Susu,Minuman,33,12000,396000,Cabang B,Cash
2023-09-02,Kopi Susu,Minuman,5,12000,60000,Cabang B,Cash
2023-09-24,Nasi Uduk,Makanan,7,22000,154000,Cabang C,QRIS
2024-08-06,Susu Coklat,Minuman,388,14000,5432000,Cabang A,Cash
2024-03-31,Nasi Uduk,Makanan,41,22000,902000,Cabang B,Cash
2024-04-14,Mie Ayam,Makanan,36,20000,720000,Cabang B,Transfer
2024-02-03,Es Teh Manis,Minuman,42,8000,336000,Cabang B,Transfer
2024-03-14,Es Teh Manis,Minuman,20,8000,160000,Cabang A,QRIS
2024-04-28,Pisang Goreng,Snack,18,10000,180000,Cabang C,E-Wallet
2024-01-01,Es Teh Manis,Minuman,26,8000,208000,Cabang C,Transfer
2023-11-11,Kopi Susu,Minuman,25,12000,300000,Cabang B,Cash
2023-08-20,Jus Alpukat,Minuman,39,15000,585000,Cabang C,E-Wallet
2023-02-18,Susu Coklat,Minuman,16,14000,224000,Cabang A,Transfer
2024-04-13,Kentang Goreng,Snack,39,12000,468000,Cabang B,Cash
2023-12-10,Nasi Goreng,Makanan,25,25000,625000,Cabang A,Cash
2024-05-11,Nasi Goreng,Makanan,2,25000,50000,Cabang A,E-Wallet
2023-03-25,Kopi Susu,Minuman,20,12000,240000,Cabang A,Cash
2024-02-24,Pisang Goreng,Snack,17,10000,170000,Cabang A,Transfer
2023-06-03,Susu Coklat,Minuman,10,14000,140000,Cabang C,Cash
2023-01-06,Kentang Goreng,Snack,1,12000,12000,Cabang C,Cash
2024-08-18,Jus Alpukat,Minuman,307,15000,4605000,Cabang A,E-Wallet
2024-08-09,Es Teh Manis,Minuman,12,8000,96000,Cabang C,Cash
2024-05-04,Ayam Geprek,Makanan,46,28000,1288000,Cabang A,QRIS
2023-07-29,Kentang Goreng,Snack,18,12000,216000,Cabang A,Cash
2023-03-25,Kentang Goreng,Snack,27,12000,324000,Cabang B,E-Wallet
2023-07-06,Nasi Uduk,Makanan,4,22000,88000,Cabang A,QRIS
2024-08-25,Kopi Susu,Minuman,6,12000,72000,Cabang A,Cash
2023-08-14,Jus Alpukat,Minuman,38,15000,570000,Cabang B,E-Wallet
2024-10-29,Ayam Geprek,Makanan,24,28000,672000,Cabang B,Cash
2024-12-24,Susu Coklat,Minuman,37,14000,518000,Cabang C,Cash
2024-05-19,Susu Coklat,Minuman,29,14000,406000,Cabang A,Cash
2023-07-31,Kentang Goreng,Snack,13,12000,156000,Cabang A,Cash
2023-04-13,Kentang Goreng,Snack,35,12000,420000,Cabang C,Cash
2024-08-31,Susu Coklat,Minuman,6,14000,84000,Cabang B,Cash
2024-09-18,Kopi Susu,Minuman,3,12000,36000,Cabang A,QRIS
2023-05-22,Es Teh Manis,Minuman,34,8000,272000,Cabang C,Cash
2024-02-25,Es Teh Manis,Minuman,35,8000,280000,Cabang A,Cash
2024-01-10,Kopi Susu,Minuman,7,12000,84000,Cabang B,Cash
2024-12-21,Roti Bakar,Snack,26,18000,468000,Cabang C,QRIS
2023-10-08,Susu Coklat,Minuman,49,14000,686000,Cabang A,QRIS
2023-08-12,Susu Coklat,Minuman,12,14000,168000,Cabang A,QRIS
2024-05-17,Nasi Goreng,Makanan,34,25000,850000,Cabang B,Cash
2023-03-31,Mie Ayam,Makanan,4,20000,80000,Cabang C,Transfer
2024-09-18,Roti Bakar,Snack,11,18000,198000,Cabang B,QRIS
2024-03-23,Nasi Goreng,Makanan,21,25000,525000,Cabang C,QRIS
2024-06-18,Susu Coklat,Minuman,14,14000,196000,Cabang C,E-Wallet
2024-09-29,Kopi Susu,Minuman,9,12000,108000,Cabang C,E-Wallet
2023-03-05,Es Teh Manis,Minuman,29,8000,232000,Cabang B,Transfer
2024-06-09,Mie Ayam,Makanan,9,20000,180000,Cabang B,Cash
2024-01-27,Kopi Susu,Minuman,26,12000,312000,Cabang A,Cash
2024-04-14,Jus Alpukat,Minuman,36,15000,540000,Cabang A,QRIS
2024-01-27,Kopi Susu,Minuman,7,12000,84000,Cabang B,Cash
2024-12-30,Pisang Goreng,Snack,11,10000,110000,Cabang A,Cash
2024-04-20,Kentang Goreng,Snack,46,12000,552000,Cabang C,QRIS
2024-08-16,Nasi Goreng,Makanan,44,25000,1100000,Cabang B,Cash
2023-11-26,Nasi Goreng,Makanan,14,25000,350000,Cabang B,QRIS
2024-04-13,Roti Bakar,Snack,25,18000,450000,Cabang A,QRIS
2024-09-17,Kopi Susu,Minuman,34,12000,408000,Cabang A,QRIS
2024-09-20,Nasi Goreng,Makanan,46,25000,1150000,Cabang B,E-Wallet
2023-06-26,Kentang Goreng,Snack,47,12000,564000,Cabang A,Cash
2023-05-16,Es Teh Manis,Minuman,285,8000,2280000,Cabang A,Transfer
2024-02-25,Susu Coklat,Minuman,16,14000,224000,Cabang B,E-Wallet
2023-11-06,Mie Ayam,Makanan,15,20000,300000,Cabang C,Cash
2024-07-05,Ayam Geprek,Makanan,39,28000,1092000,Cabang C,Cash
2023-07-22,Roti Bakar,Snack,1,18000,18000,Cabang C,Cash
2024-09-05,Jus Alpukat,Minuman,5,15000,75000,Cabang B,Cash
2023-04-01,Kopi Susu,Minuman,25,12000,300000,Cabang C,Cash
2024-03-07,Jus Alpukat,Minuman,7,15000,105000,Cabang B,QRIS
2023-03-21,Kopi Susu,Minuman,16,12000,192000,Cabang A,Cash
2024-04-27,Susu Coklat,Minuman,9,14000,126000,Cabang C,Cash
2023-04-26,Roti Bakar,Snack,43,18000,774000,Cabang B,Cash
2024-01-08,Kopi Susu,Minuman,4,12000,48000,Cabang C,Cash
2024-04-14,Nasi Uduk,Makanan,4,22000,88000,Cabang C,Cash
2023-03-25,Es Teh Manis,Minuman,15,8000,120000,Cabang C,Transfer
2024-12-19,Nasi Uduk,Makanan,16,22000,352000,Cabang B,QRIS
2023-11-16,Ayam Geprek,Makanan,41,28000,1148000,Cabang C,Cash
2024-04-09,Es Teh Manis,Minuman,10,8000,80000,Cabang B,Cash
2024-04-06,Kopi Susu,Minuman,31,12000,372000,Cabang B,Cash
2024-06-09,Nasi Goreng,Makanan,8,25000,200000,Cabang C,Cash
2024-10-19,Roti Bakar,Snack,9,18000,162000,Cabang C,Cash
2023-09-26,Mie Ayam,Makanan,264,20000,5280000,Cabang A,Cash
2024-08-13,Nasi Uduk,Makanan,23,22000,506000,Cabang A,Cash
2024-09-11,Jus Alpukat,Minuman,29,15000,435000,Cabang B,Cash
2024-01-03,Kentang Goreng,Snack,4,12000,48000,Cabang A,QRIS
2023-11-07,Ayam Geprek,Makanan,13,28000,364000,Cabang C,Cash
2023-09-05,Kopi Susu,Minuman,9,12000,108000,Cabang A,Cash
2023-03-05,Susu Coklat,Minuman,45,14000,630000,Cabang B,Cash
2023-11-13,Nasi Goreng,Makanan,22,25000,550000,Cabang A,E-Wallet
2023-04-13,Mie Ayam,Makanan,37,20000,740000,Cabang C,Cash
2023-03-23,Pisang Goreng,Snack,16,10000,160000,Cabang B,QRIS
2023-03-28,Nasi Uduk,Makanan,26,22000,572000,Cabang B,Cash
2024-12-13,Kopi Susu,Minuman,24,12000,288000,Cabang A,Cash
2024-01-22,Kopi Susu,Minuman,11,12000,132000,Cabang A,Cash
2023-02-17,Es Teh Manis,Minuman,492,8000,3936000,Cabang A,Cash
2023-08-20,Es Teh Manis,Minuman,5,8000,40000,Cabang B,E-Wallet
2023-10-07,Kopi Susu,Minuman,13,12000,156000,Cabang A,Cash
2023-03-21,Jus Alpukat,Minuman,46,15000,690000,Cabang A,Cash
2023-10-13,Nasi Uduk,Makanan,1,22000,22000,Cabang C,Cash
2023-01-27,Kentang Goreng,Snack,4,12000,48000,Cabang A,Cash
2024-06-23,Es Teh Manis,Minuman,34,8000,272000,Cabang C,Cash
2024-02-11,Nasi Uduk,Makanan,44,22000,968000,Cabang C,QRIS
2024-02-13,Nasi Uduk,Makanan,43,22000,946000,Cabang C,Cash
2023-01-08,Nasi Goreng,Makanan,16,25000,400000,Cabang A,Cash
2023-03-06,Nasi Goreng,Makanan,6,25000,150000,Cabang B,E-Wallet
2023-04-30,Susu Coklat,Minuman,42,14000,588000,Cabang B,Cash
2023-06-07,Roti Bakar,Snack,18,18000,324000,Cabang C,Cash
2023-01-07,Jus Alpukat,Minuman,13,15000,195000,Cabang C,Transfer
2024-05-04,Jus Alpukat,Minuman,33,15000,495000,Cabang B,Cash
2023-12-21,Pisang Goreng,Snack,27,10000,270000,Cabang B,Cash
2024-12-15,Nasi Goreng,Makanan,32,25000,800000,Cabang A,Cash
2024-04-08,Es Teh Manis,Minuman,41,8000,328000,Cabang B,QRIS
2023-06-28,Jus Alpukat,Minuman,23,15000,345000,Cabang B,Cash
2024-06-24,Es Teh Manis,Minuman,33,8000,264000,Cabang B,Cash
2023-03-28,Pisang Goreng,Snack,30,10000,300000,Cabang C,Cash
2024-10-22,Es Teh Manis,Minuman,26,8000,208000,Cabang B,Cash
2023-12-09,Roti Bakar,Snack,10,18000,180000,Cabang B,Cash
2023-02-23,Susu Coklat,Minuman,13,14000,182000,Cabang C,QRIS
2023-07-26,Kopi Susu,Minuman,36,12000,432000,Cabang B,Cash
2024-01-23,Susu Coklat,Minuman,29,14000,406000,Cabang B,QRIS
2024-12-02,Kopi Susu,Minuman,499,12000,5988000,Cabang A,Cash
2023-04-24,Es Teh Manis,Minuman,23,8000,184000,Cabang A,Cash
2023-11-26,Mie Ayam,Makanan,209,20000,4180000,Cabang C,QRIS
2024-05-31,Nasi Uduk,Makanan,7,22000,154000,Cabang C,Transfer
2024-05-10,Susu Coklat,Minuman,18,14000,252000,Cabang A,Cash
2023-07-22,Susu Coklat,Minuman,16,14000,224000,Cabang C,Cash
2024-03-02,Mie Ayam,Makanan,9,20000,180000,Cabang A,Cash
2023-07-10,Ayam Geprek,Makanan,22,28000,616000,Cabang B,Transfer
2024-07-12,Es Teh Manis,Minuman,41,8000,328000,Cabang A,Cash
2024-12-14,Pisang Goreng,Snack,27,10000,270000,Cabang B,Transfer
2024-03-16,Kopi Susu,Minuman,35,12000,420000,Cabang A,Cash
2024-11-17,Nasi Uduk,Makanan,30,22000,660000,Cabang B,Cash
2023-03-30,Es Teh Manis,Minuman,20,8000,160000,Cabang A,Cash
2024-12-22,Roti Bakar,Snack,1,18000,18000,Cabang A,Transfer
2023-05-23,Susu Coklat,Minuman,38,14000,532000,Cabang A,Cash
2024-03-13,Kopi Susu,Minuman,218,12000,2616000,Cabang C,Cash
2023-03-25,Mie Ayam,Makanan,21,20000,420000,Cabang C,Cash
2023-12-05,Nasi Uduk,Makanan,36,22000,792000,Cabang B,Cash
2023-10-15,Es Teh Manis,Minuman,33,8000,264000,Cabang A,Transfer
2024-04-02,Roti Bakar,Snack,35,18000,630000,Cabang B,Cash
2023-03-22,Nasi Uduk,Makanan,10,22000,220000,Cabang A,Cash
2023-06-25,Jus Alpukat,Minuman,47,15000,705000,Cabang A,Cash
2023-08-10,Es Teh Manis,Minuman,18,8000,144000,Cabang A,Cash
2023-12-05,Pisang Goreng,Snack,16,10000,160000,Cabang B,QRIS
2023-10-20,Roti Bakar,Snack,13,18000,234000,Cabang C,Cash
2024-01-12,Susu Coklat,Minuman,340,14000,4760000,Cabang A,E-Wallet
2023-02-25,Jus Alpukat,Minuman,18,15000,270000,Cabang B,Transfer
2024-04-23,Susu Coklat,Minuman,45,14000,630000,Cabang C,Transfer
2024-01-25,Pisang Goreng,Snack,44,10000,440000,Cabang B,Cash
2024-04-17,Jus Alpukat,Minuman,251,15000,3765000,Cabang A,Cash
2024-01-26,Ayam Geprek,Makanan,40,28000,1120000,Cabang A,Transfer
2023-02-11,Nasi Goreng,Makanan,1,25000,25000,Cabang C,Transfer
2023-01-14,Nasi Goreng,Makanan,44,25000,1100000,Cabang B,E-Wallet
2024-01-16,Ayam Geprek,Makanan,8,28000,224000,Cabang C,Cash
2024-12-15,Ayam Geprek,Makanan,7,28000,196000,Cabang B,Cash
2024-07-25,Nasi Uduk,Makanan,38,22000,836000,Cabang C,Cash
2023-01-02,Mie Ayam,Makanan,29,20000,580000,Cabang A,E-Wallet
2023-12-12,Susu Coklat,Minuman,24,14000,336000,Cabang A,Cash
2024-08-08,Mie Ayam,Makanan,21,20000,420000,Cabang A,QRIS
2023-06-28,Jus Alpukat,Minuman,15,15000,225000,Cabang B,Cash
2024-12-06,Jus Alpukat,Minuman,33,15000,495000,Cabang C,QRIS
2024-06-28,Nasi Uduk,Makanan,14,22000,308000,Cabang C,Cash
2023-08-22,Susu Coklat,Minuman,3,14000,42000,Cabang A,Transfer
2023-11-30,Susu Coklat,Minuman,35,14000,490000,Cabang C,Cash
2023-09-30,Es Teh Manis,Minuman,12,8000,96000,Cabang C,Cash
2024-05-25,Es Teh Manis,Minuman,27,8000,216000,Cabang C,Cash
2024-08-24,Pisang Goreng,Snack,21,10000,210000,Cabang A,QRIS
2024-03-29,Nasi Goreng,Makanan,2,25000,50000,Cabang A,Cash
2024-04-10,Pisang Goreng,Snack,3,10000,30000,Cabang B,Cash
2024-04-30,Nasi Goreng,Makanan,29,25000,725000,Cabang C,Cash
2024-01-16,Susu Coklat,Minuman,43,14000,602000,Cabang C,QRIS
2023-03-17,Kentang Goreng,Snack,40,12000,480000,Cabang A,Cash
2024-07-14,Pisang Goreng,Snack,47,10000,470000,Cabang B,QRIS
2024-12-04,Pisang Goreng,Snack,46,10000,460000,Cabang A,QRIS
2023-12-23,Nasi Uduk,Makanan,48,22000,1056000,Cabang C,QRIS
2023-04-20,Ayam Geprek,Makanan,23,28000,644000,Cabang C,Cash
2023-08-03,Jus Alpukat,Minuman,15,15000,225000,Cabang A,Cash
2024-04-06,Mie Ayam,Makanan,23,20000,460000,Cabang C,Cash
2024-09-15,Nasi Goreng,Makanan,23,25000,575000,Cabang A,Cash
2023-12-22,Nasi Uduk,Makanan,6,22000,132000,Cabang A,Cash
2024-07-10,Jus Alpukat,Minuman,22,15000,330000,Cabang A,Cash
2023-04-11,Roti Bakar,Snack,41,18000,738000,Cabang A,Cash
2024-07-18,Susu Coklat,Minuman,48,14000,672000,Cabang C,Cash
2023-05-16,Es Teh Manis,Minuman,38,8000,304000,Cabang A,E-Wallet
2023-10-13,Jus Alpukat,Minuman,1,15000,15000,Cabang C,Cash
2023-11-18,Pisang Goreng,Snack,24,10000,240000,Cabang C,Cash
2024-12-01,Es Teh Manis,Minuman,27,8000,216000,Cabang C,Cash
2024-04-01,Pisang Goreng,Snack,34,10000,340000,Cabang A,Cash
2023-07-14,Kopi Susu,Minuman,1,12000,12000,Cabang A,Cash
2023-06-03,Es Teh Manis,Minuman,21,8000,168000,Cabang C,E-Wallet
2023-01-23,Nasi Goreng,Makanan,41,25000,1025000,Cabang A,Cash
2024-04-22,Nasi Goreng,Makanan,44,25000,1100000,Cabang A,Transfer
2024-04-23,Kopi Susu,Minuman,27,12000,324000,Cabang A,Cash
2024-08-31,Es Teh Manis,Minuman,33,8000,264000,Cabang A,Cash
2024-01-06,Nasi Goreng,Makanan,42,25000,1050000,Cabang C,Transfer
2023-12-19,Susu Coklat,Minuman,32,14000,448000,Cabang C,E-Wallet
2023-06-04,Nasi Goreng,Makanan,15,25000,375000,Cabang A,Cash
2023-06-11,Nasi Goreng,Makanan,39,25000,975000,Cabang A,Cash
2024-06-30,Ayam Geprek,Makanan,460,28000,12880000,Cabang C,E-Wallet
2024-03-23,Susu Coklat,Minuman,19,14000,266000,Cabang A,Cash
2023-10-02,Kentang Goreng,Snack,244,12000,2928000,Cabang C,Cash
2023-11-05,Kopi Susu,Minuman,39,12000,468000,Cabang C,Cash
2023-10-08,Pisang Goreng,Snack,3,10000,30000,Cabang A,Transfer
2024-08-24,Pisang Goreng,Snack,11,10000,110000,Cabang A,Cash
2023-05-11,Jus Alpukat,Minuman,35,15000,525000,Cabang B,Cash
2024-01-31,Kopi Susu,Minuman,374,12000,4488000,Cabang A,QRIS
2023-07-08,Es Teh Manis,Minuman,17,8000,136000,Cabang A,Cash
2023-06-01,Nasi Goreng,Makanan,46,25000,1150000,Cabang A,Cash
2023-12-07,Susu Coklat,Minuman,13,14000,182000,Cabang B,Cash
2024-09-21,Ayam Geprek,Makanan,40,28000,1120000,Cabang A,QRIS
2024-10-12,Ayam Geprek,Makanan,28,28000,784000,Cabang A,Cash
2024-01-16,Es Teh Manis,Minuman,17,8000,136000,Cabang C,QRIS
2024-02-10,Roti Bakar,Snack,49,18000,882000,Cabang B,Cash
2023-11-19,Es Teh Manis,Minuman,33,8000,264000,Cabang B,Cash
2023-09-03,Nasi Uduk,Makanan,47,22000,1034000,Cabang A,E-Wallet
2024-05-28,Pisang Goreng,Snack,43,10000,430000,Cabang C,Cash
2023-04-05,Susu Coklat,Minuman,24,14000,336000,Cabang A,Cash
2023-05-06,Kopi Susu,Minuman,45,12000,540000,Cabang B,E-Wallet
2024-08-17,Ayam Geprek,Makanan,36,28000,1008000,Cabang B,Cash
2024-05-12,Kopi Susu,Minuman,25,12000,300000,Cabang B,E-Wallet
2023-02-08,Susu Coklat,Minuman,23,14000,322000,Cabang C,Cash
2024-04-18,Mie Ayam,Makanan,5,20000,100000,Cabang B,E-Wallet
2024-04-30,Kentang Goreng,Snack,493,12000,5916000,Cabang C,Cash
2024-04-01,Pisang Goreng,Snack,13,10000,130000,Cabang A,Cash
2024-02-10,Nasi Goreng,Makanan,13,25000,325000,Cabang A,QRIS
2024-01-08,Ayam Geprek,Makanan,38,28000,1064000,Cabang B,E-Wallet
2024-07-06,Nasi Goreng,Makanan,2,25000,50000,Cabang B,Transfer
2024-03-09,Es Teh Manis,Minuman,26,8000,208000,Cabang C,Cash
2024-06-15,Nasi Uduk,Makanan,10,22000,220000,Cabang C,QRIS
2023-04-22,Mie Ayam,Makanan,36,20000,720000,Cabang A,E-Wallet
2023-05-04,Jus Alpukat,Minuman,1,15000,15000,Cabang A,QRIS
2024-04-19,Nasi Uduk,Makanan,16,22000,352000,Cabang A,Cash
2023-03-31,Kopi Susu,Minuman,23,12000,276000,Cabang A,Cash
2023-09-14,Susu Coklat,Minuman,16,14000,224000,Cabang C,Transfer
2024-05-26,Roti Bakar,Snack,43,18000,774000,Cabang B,Cash
2024-06-02,Pisang Goreng,Snack,41,10000,410000,Cabang C,Cash
2023-07-04,Susu Coklat,Minuman,49,14000,686000,Cabang C,Cash
2023-03-26,Nasi Uduk,Makanan,8,22000,176000,Cabang A,Transfer
2024-12-23,Ayam Geprek,Makanan,27,28000,756000,Cabang C,Cash
2024-02-29,Mie Ayam,Makanan,35,20000,700000,Cabang C,Cash
2023-07-19,Mie Ayam,Makanan,21,20000,420000,Cabang B,Cash
2024-04-14,Jus Alpukat,Minuman,48,15000,720000,Cabang C,Cash
2024-11-17,Nasi Goreng,Makanan,6,25000,150000,Cabang A,Cash
2023-06-27,Es Teh Manis,Minuman,28,8000,224000,Cabang A,QRIS
2023-08-14,Ayam Geprek,Makanan,496,28000,13888000,Cabang B,QRIS
2023-12-18,Nasi Goreng,Makanan,13,25000,325000,Cabang C,Cash
2024-11-09,Jus Alpukat,Minuman,10,15000,150000,Cabang C,QRIS
2024-08-23,Jus Alpukat,Minuman,27,15000,405000,Cabang B,QRIS
2023-08-21,Susu Coklat,Minuman,5,14000,70000,Cabang C,Transfer
2024-04-10,Jus Alpukat,Minuman,15,15000,225000,Cabang B,Cash
2024-03-15,Jus Alpukat,Minuman,229,15000,3435000,Cabang B,QRIS
2023-04-28,Kopi Susu,Minuman,495,12000,5940000,Cabang C,Cash
2023-08-01,Nasi Uduk,Makanan,37,22000,814000,Cabang B,E-Wallet
2023-12-14,Susu Coklat,Minuman,37,14000,518000,Cabang A,Cash
2024-09-12,Nasi Goreng,Makanan,34,25000,850000,Cabang A,QRIS
2024-06-26,Pisang Goreng,Snack,12,10000,120000,Cabang C,Transfer
2023-05-21,Jus Alpukat,Minuman,17,15000,255000,Cabang B,Cash
2023-03-11,Nasi Uduk,Makanan,44,22000,968000,Cabang B,Cash
2023-06-02,Ayam Geprek,Makanan,23,28000,644000,Cabang A,Cash
2024-03-18,Ayam Geprek,Makanan,24,28000,672000,Cabang A,Cash
2023-04-02,Nasi Uduk,Makanan,29,22000,638000,Cabang C,Cash
2023-03-17,Kopi Susu,Minuman,37,12000,444000,Cabang A,E-Wallet
2023-08-17,Ayam Geprek,Makanan,39,28000,1092000,Cabang B,Cash
2023-02-15,Nasi Uduk,Makanan,6,22000,132000,Cabang C,E-Wallet
2024-09-16,Roti Bakar,Snack,16,18000,288000,Cabang B,Cash
2023-04-05,Ayam Geprek,Makanan,49,28000,1372000,Cabang A,QRIS
2023-05-22,Kopi Susu,Minuman,8,12000,96000,Cabang C,Cash
2023-02-28,Roti Bakar,Snack,26,18000,468000,Cabang B,Cash
2023-04-02,Jus Alpukat,Minuman,18,15000,270000,Cabang C,Cash
2024-09-16,Ayam Geprek,Makanan,5,28000,140000,Cabang A,QRIS
2024-05-11,Jus Alpukat,Minuman,215,15000,3225000,Cabang B,Transfer
2024-12-31,Mie Ayam,Makanan,30,20000,600000,Cabang A,QRIS
2024-08-12,Kopi Susu,Minuman,12,12000,144000,Cabang C,Transfer
2023-08-24,Kopi Susu,Minuman,49,12000,588000,Cabang C,QRIS
2023-08-06,Kopi Susu,Minuman,23,12000,276000,Cabang A,Cash
2023-02-15,Nasi Goreng,Makanan,24,25000,600000,Cabang A,QRIS
2023-11-22,Ayam Geprek,Makanan,45,28000,1260000,Cabang A,Cash
2024-08-03,Jus Alpukat,Minuman,48,15000,720000,Cabang B,Cash
2024-10-12,Es Teh Manis,Minuman,23,8000,184000,Cabang A,Cash
2024-06-16,Nasi Goreng,Makanan,18,25000,450000,Cabang C,QRIS
2024-09-29,Roti Bakar,Snack,5,18000,90000,Cabang A,QRIS
2024-09-01,Kopi Susu,Minuman,7,12000,84000,Cabang B,Transfer
2024-12-11,Roti Bakar,Snack,7,18000,126000,Cabang C,Cash
2024-12-21,Kopi Susu,Minuman,36,12000,432000,Cabang C,Cash
2023-08-01,Kopi Susu,Minuman,16,12000,192000,Cabang C,Transfer
2024-12-23,Es Teh Manis,Minuman,23,8000,184000,Cabang A,Transfer
2023-04-15,Ayam Geprek,Makanan,44,28000,1232000,Cabang B,Cash
2024-01-21,Susu Coklat,Minuman,36,14000,504000,Cabang B,QRIS
2023-12-31,Jus Alpukat,Minuman,47,15000,705000,Cabang C,Cash
2024-12-12,Ayam Geprek,Makanan,17,28000,476000,Cabang A,Cash
2024-02-07,Es Teh Manis,Minuman,3,8000,24000,Cabang A,E-Wallet
2024-04-20,Susu Coklat,Minuman,17,14000,238000,Cabang B,Cash
2023-10-13,Mie Ayam,Makanan,14,20000,280000,Cabang A,Cash
2023-01-21,Roti Bakar,Snack,429,18000,7722000,Cabang A,Cash
2024-01-29,Es Teh Manis,Minuman,48,8000,384000,Cabang A,Cash
2024-03-20,Kopi Susu,Minuman,49,12000,588000,Cabang B,Cash
2023-06-19,Nasi Uduk,Makanan,46,22000,1012000,Cabang C,QRIS
2024-07-01,Roti Bakar,Snack,48,18000,864000,Cabang C,QRIS
2023-11-28,Susu Coklat,Minuman,11,14000,154000,Cabang A,QRIS
2023-03-07,Mie Ayam,Makanan,46,20000,920000,Cabang C,QRIS
2023-01-24,Susu Coklat,Minuman,27,14000,378000,Cabang B,QRIS
2023-02-01,Jus Alpukat,Minuman,203,15000,3045000,Cabang C,Transfer
2024-03-16,Nasi Uduk,Makanan,1,22000,22000,Cabang B,Cash
2024-01-11,Nasi Goreng,Makanan,26,25000,650000,Cabang C,Cash
2024-01-13,Es Teh Manis,Minuman,24,8000,192000,Cabang C,Cash
2024-04-27,Susu Coklat,Minuman,1,14000,14000,Cabang B,Transfer
2024-03-23,Kopi Susu,Minuman,41,12000,492000,Cabang C,QRIS
2024-05-02,Es Teh Manis,Minuman,47,8000,376000,Cabang A,QRIS
2024-07-15,Susu Coklat,Minuman,37,14000,518000,Cabang C,Transfer
2024-03-31,Mie Ayam,Makanan,32,20000,640000,Cabang B,Cash
2024-07-16,Kopi Susu,Minuman,26,12000,312000,Cabang A,Cash
2023-04-22,Ayam Geprek,Makanan,47,28000,1316000,Cabang C,QRIS
2024-08-23,Susu Coklat,Minuman,26,14000,364000,Cabang B,E-Wallet
2024-03-26,Mie Ayam,Makanan,5,20000,100000,Cabang A,Cash
2024-10-27,Mie Ayam,Makanan,33,20000,660000,Cabang C,QRIS
2023-08-27,Es Teh Manis,Minuman,25,8000,200000,Cabang C,Cash
2024-10-21,Roti Bakar,Snack,24,18000,432000,Cabang A,Cash
2024-01-06,Mie Ayam,Makanan,31,20000,620000,Cabang A,E-Wallet
2024-03-12,Kopi Susu,Minuman,211,12000,2532000,Cabang C,E-Wallet
2024-11-27,Es Teh Manis,Minuman,29,8000,232000,Cabang C,QRIS
2023-03-25,Ayam Geprek,Makanan,22,28000,616000,Cabang C,Cash
2023-04-21,Nasi Uduk,Makanan,23,22000,506000,Cabang A,E-Wallet
2024-07-20,Mie Ayam,Makanan,12,20000,240000,Cabang B,Cash
2023-11-13,Susu Coklat,Minuman,17,14000,238000,Cabang A,QRIS
2023-01-07,Kopi Susu,Minuman,49,12000,588000,Cabang B,Cash
2023-07-24,Es Teh Manis,Minuman,26,8000,208000,Cabang C,Cash
2023-04-08,Jus Alpukat,Minuman,3,15000,45000,Cabang A,QRIS
2024-08-05,Jus Alpukat,Minuman,48,15000,720000,Cabang B,Cash
2023-01-08,Susu Coklat,Minuman,18,14000,252000,Cabang B,Transfer
2024-08-22,Roti Bakar,Snack,21,18000,378000,Cabang B,Transfer
2024-09-07,Jus Alpukat,Minuman,14,15000,210000,Cabang C,Cash
2024-04-21,Es Teh Manis,Minuman,27,8000,216000,Cabang A,QRIS
2024-10-04,Nasi Goreng,Makanan,40,25000,1000000,Cabang C,Cash
2024-01-28,Nasi Goreng,Makanan,2,25000,50000,Cabang A,Cash
2024-10-31,Kopi Susu,Minuman,12,12000,144000,Cabang A,Cash
2023-09-07,Kentang Goreng,Snack,373,12000,4476000,Cabang A,Transfer
2023-04-02,Nasi Uduk,Makanan,9,22000,198000,Cabang B,QRIS
2024-04-20,Ayam Geprek,Makanan,9,28000,252000,Cabang A,Cash
2024-11-23,Nasi Uduk,Makanan,26,22000,572000,Cabang C,QRIS
2024-04-14,Jus Alpukat,Minuman,14,15000,210000,Cabang B,Cash
2024-06-22,Es Teh Manis,Minuman,5,8000,40000,Cabang C,QRIS
2023-07-01,Nasi Goreng,Makanan,49,25000,1225000,Cabang C,Cash
2024-07-02,Jus Alpukat,Minuman,41,15000,615000,Cabang C,Cash
2023-08-17,Es Teh Manis,Minuman,45,8000,360000,Cabang C,QRIS
2024-01-06,Mie Ayam,Makanan,40,20000,800000,Cabang B,Cash
2023-12-08,Es Teh Manis,Minuman,15,8000,120000,Cabang B,Cash
2023-07-24,Kopi Susu,Minuman,10,12000,120000,Cabang C,E-Wallet
2024-04-28,Kentang Goreng,Snack,24,12000,288000,Cabang B,Cash
2024-07-20,Jus Alpukat,Minuman,49,15000,735000,Cabang C,Transfer
2023-04-06,Es Teh Manis,Minuman,32,8000,256000,Cabang C,QRIS
2024-09-13,Kopi Susu,Minuman,15,12000,180000,Cabang A,E-Wallet
2024-08-09,Susu Coklat,Minuman,10,14000,140000,Cabang C,Cash
2024-12-01,Es Teh Manis,Minuman,436,8000,3488000,Cabang B,QRIS
2023-09-18,Es Teh Manis,Minuman,35,8000,280000,Cabang A,Cash
2024-04-12,Kopi Susu,Minuman,45,12000,540000,Cabang C,Transfer
2024-09-19,Es Teh Manis,Minuman,1,8000,8000,Cabang C,Cash
2023-05-07,Nasi Uduk,Makanan,35,22000,770000,Cabang C,QRIS
2023-02-04,Nasi Goreng,Makanan,9,25000,225000,Cabang A,Cash
2023-01-11,Es Teh Manis,Minuman,38,8000,304000,Cabang C,E-Wallet
2023-01-23,Susu Coklat,Minuman,1,14000,14000,Cabang C,QRIS
2024-08-07,Susu Coklat,Minuman,17,14000,238000,Cabang A,Cash
2023-05-12,Susu Coklat,Minuman,3,14000,42000,Cabang A,QRIS
2024-06-05,Susu Coklat,Minuman,42,14000,588000,Cabang A,E-Wallet
2023-12-22,Kopi Susu,Minuman,21,12000,252000,Cabang C,E-Wallet
2024-08-29,Nasi Uduk,Makanan,48,22000,1056000,Cabang C,Cash
2023-01-01,Kopi Susu,Minuman,11,12000,132000,Cabang C,Transfer
2024-03-16,Pisang Goreng,Snack,28,10000,280000,Cabang A,E-Wallet
2024-03-24,Ayam Geprek,Makanan,22,28000,616000,Cabang C,Cash
2024-05-31,Susu Coklat,Minuman,242,14000,3388000,Cabang A,QRIS
2024-10-20,Pisang Goreng,Snack,39,10000,390000,Cabang C,QRIS
2023-08-16,Susu Coklat,Minuman,4,14000,56000,Cabang A,Transfer
2024-09-08,Nasi Goreng,Makanan,7,25000,175000,Cabang C,Cash
2024-11-02,Nasi Goreng,Makanan,22,25000,550000,Cabang A,E-Wallet
2024-09-28,Es Teh Manis,Minuman,6,8000,48000,Cabang A,Cash
2023-01-20,Ayam Geprek,Makanan,47,28000,1316000,Cabang C,Cash
2023-12-31,Susu Coklat,Minuman,5,14000,70000,Cabang A,Cash
2023-08-14,Susu Coklat,Minuman,34,14000,476000,Cabang B,Transfer
2024-08-08,Pisang Goreng,Snack,19,10000,190000,Cabang B,Transfer
2024-06-12,Roti Bakar,Snack,25,18000,450000,Cabang C,Transfer
2024-10-27,Kopi Susu,Minuman,31,12000,372000,Cabang B,Cash
2023-09-03,Ayam Geprek,Makanan,5,28000,140000,Cabang B,Cash
2023-10-08,Nasi Uduk,Makanan,46,22000,1012000,Cabang A,QRIS
2023-02-19,Roti Bakar,Snack,6,18000,108000,Cabang A,Transfer
2023-06-29,Mie Ayam,Makanan,31,20000,620000,Cabang C,Cash
2024-09-19,Kopi Susu,Minuman,6,12000,72000,Cabang B,Transfer
2024-04-27,Nasi Goreng,Makanan,29,25000,725000,Cabang C,QRIS
2024-04-05,Nasi Uduk,Makanan,31,22000,682000,Cabang C,Cash
2023-04-29,Mie Ayam,Makanan,33,20000,660000,Cabang C,QRIS
2023-03-21,Jus Alpukat,Minuman,4,15000,60000,Cabang C,QRIS
2023-12-23,Kopi Susu,Minuman,18,12000,216000,Cabang C,QRIS
2023-01-07,Nasi Uduk,Makanan,11,22000,242000,Cabang A,Cash
2024-06-05,Mie Ayam,Makanan,14,20000,280000,Cabang C,Cash
2023-06-08,Mie Ayam,Makanan,21,20000,420000,Cabang A,Transfer
2023-04-28,Kentang Goreng,Snack,21,12000,252000,Cabang C,E-Wallet
2024-11-17,Susu Coklat,Minuman,37,14000,518000,Cabang A,QRIS
2024-04-30,Nasi Goreng,Makanan,13,25000,325000,Cabang B,E-Wallet
2024-12-27,Roti Bakar,Snack,22,18000,396000,Cabang C,Cash
2024-05-07,Susu Coklat,Minuman,22,14000,308000,Cabang C,Cash
2023-02-20,Roti Bakar,Snack,376,18000,6768000,Cabang A,Cash
2024-06-22,Pisang Goreng,Snack,24,10000,240000,Cabang C,QRIS
2023-06-17,Kopi Susu,Minuman,28,12000,336000,Cabang C,E-Wallet
2024-05-20,Mie Ayam,Makanan,23,20000,460000,Cabang C,Cash
2023-01-18,Kopi Susu,Minuman,41,12000,492000,Cabang C,Cash
2024-03-02,Susu Coklat,Minuman,49,14000,686000,Cabang A,Cash
2024-06-16,Pisang Goreng,Snack,30,10000,300000,Cabang C,Transfer
2024-07-30,Ayam Geprek,Makanan,25,28000,700000,Cabang C,E-Wallet
2024-05-14,Mie Ayam,Makanan,42,20000,840000,Cabang A,Transfer
2024-06-08,Es Teh Manis,Minuman,251,8000,2008000,Cabang B,Cash
2024-07-20,Pisang Goreng,Snack,33,10000,330000,Cabang B,Cash
2023-04-17,Nasi Uduk,Makanan,34,22000,748000,Cabang A,QRIS
2023-07-31,Mie Ayam,Makanan,387,20000,7740000,Cabang A,Transfer
2024-12-30,Kentang Goreng,Snack,40,12000,480000,Cabang C,Cash
2024-10-14,Kopi Susu,Minuman,32,12000,384000,Cabang B,Cash
2023-10-28,Mie Ayam,Makanan,11,20000,220000,Cabang B,QRIS
2023-11-18,Nasi Goreng,Makanan,5,25000,125000,Cabang C,Cash
2023-12-25,Jus Alpukat,Minuman,2,15000,30000,Cabang C,Cash
2023-01-16,Jus Alpukat,Minuman,39,15000,585000,Cabang B,Cash
2023-10-13,Mie Ayam,Makanan,3,20000,60000,Cabang C,Cash
2024-01-29,Jus Alpukat,Minuman,5,15000,75000,Cabang B,Transfer
2023-08-13,Es Teh Manis,Minuman,20,8000,160000,Cabang A,Cash
2023-02-28,Kopi Susu,Minuman,13,12000,156000,Cabang A,Cash
2024-12-04,Es Teh Manis,Minuman,34,8000,272000,Cabang B,Cash
2023-01-22,Pisang Goreng,Snack,45,10000,450000,Cabang B,Cash
2023-03-23,Pisang Goreng,Snack,24,10000,240000,Cabang A,QRIS
2023-01-03,Pisang Goreng,Snack,9,10000,90000,Cabang C,QRIS
2024-09-06,Mie Ayam,Makanan,220,20000,4400000,Cabang A,Cash
2024-10-07,Susu Coklat,Minuman,36,14000,504000,Cabang C,E-Wallet
2023-05-12,Jus Alpukat,Minuman,29,15000,435000,Cabang A,QRIS
2023-06-27,Nasi Goreng,Makanan,22,25000,550000,Cabang B,Transfer
2024-12-16,Roti Bakar,Snack,29,18000,522000,Cabang B,Cash
2023-08-02,Kopi Susu,Minuman,42,12000,504000,Cabang A,Cash
2024-01-06,Ayam Geprek,Makanan,33,28000,924000,Cabang B,Cash
2024-10-22,Jus Alpukat,Minuman,27,15000,405000,Cabang B,Cash
2024-12-04,Mie Ayam,Makanan,43,20000,860000,Cabang C,Cash
2024-03-23,Susu Coklat,Minuman,22,14000,308000,Cabang B,Cash
2023-06-04,Jus Alpukat,Minuman,26,15000,390000,Cabang C,E-Wallet
2024-08-04,Jus Alpukat,Minuman,33,15000,495000,Cabang C,Cash
2024-03-23,Ayam Geprek,Makanan,29,28000,812000,Cabang A,Cash
2024-11-24,Kopi Susu,Minuman,13,12000,156000,Cabang A,Cash
2024-12-08,Ayam Geprek,Makanan,21,28000,588000,Cabang A,Cash
2024-02-04,Susu Coklat,Minuman,6,14000,84000,Cabang A,Cash
2023-03-14,Jus Alpukat,Minuman,34,15000,510000,Cabang B,Cash
2024-01-30,Susu Coklat,Minuman,40,14000,560000,Cabang A,Cash
2024-10-25,Nasi Uduk,Makanan,28,22000,616000,Cabang C,Cash
2023-08-22,Roti Bakar,Snack,16,18000,288000,Cabang B,Cash
2024-03-20,Jus Alpukat,Minuman,48,15000,720000,Cabang A,Cash
2023-07-20,Susu Coklat,Minuman,19,14000,266000,Cabang A,Cash
2024-09-21,Susu Coklat,Minuman,6,14000,84000,Cabang C,Cash
2023-12-20,Jus Alpukat,Minuman,47,15000,705000,Cabang B,Cash
2024-08-30,Es Teh Manis,Minuman,8,8000,64000,Cabang B,Cash
2023-05-02,Susu Coklat,Minuman,9,14000,126000,Cabang B,Cash
2024-02-04,Roti Bakar,Snack,24,18000,432000,Cabang B,Cash
2023-03-16,Susu Coklat,Minuman,5,14000,70000,Cabang B,Cash
2024-12-15,Susu Coklat,Minuman,7,14000,98000,Cabang A,Cash
2024-03-24,Roti Bakar,Snack,48,18000,864000,Cabang A,E-Wallet
2023-05-10,Susu Coklat,Minuman,37,14000,518000,Cabang A,Cash
2024-05-19,Kopi Susu,Minuman,6,12000,72000,Cabang C,Cash
2024-04-04,Ayam Geprek,Makanan,6,28000,168000,Cabang A,Cash
2024-09-13,Kentang Goreng,Snack,282,12000,3384000,Cabang C,Cash
2023-02-03,Es Teh Manis,Minuman,23,8000,184000,Cabang B,Cash
2024-06-16,Es Teh Manis,Minuman,18,8000,144000,Cabang A,Cash
2023-05-06,Kentang Goreng,Snack,317,12000,3804000,Cabang C,QRIS
2023-02-01,Jus Alpukat,Minuman,21,15000,315000,Cabang A,Cash
2023-04-18,Jus Alpukat,Minuman,28,15000,420000,Cabang A,Cash
2023-06-26,Susu Coklat,Minuman,5,14000,70000,Cabang A,Cash
2024-11-23,Pisang Goreng,Snack,36,10000,360000,Cabang B,QRIS
2024-05-12,Mie Ayam,Makanan,29,20000,580000,Cabang A,Cash
2023-12-10,Susu Coklat,Minuman,39,14000,546000,Cabang C,Cash
2023-07-12,Es Teh Manis,Minuman,6,8000,48000,Cabang A,Cash
2023-11-29,Susu Coklat,Minuman,9,14000,126000,Cabang A,Transfer
2023-03-11,Nasi Goreng,Makanan,38,25000,950000,Cabang C,Cash
2023-12-23,Mie Ayam,Makanan,27,20000,540000,Cabang A,Cash
2023-06-23,Nasi Goreng,Makanan,15,25000,375000,Cabang C,QRIS
2023-12-15,Mie Ayam,Makanan,24,20000,480000,Cabang C,Cash
2024-01-20,Pisang Goreng,Snack,23,10000,230000,Cabang C,Cash
2024-03-25,Roti Bakar,Snack,18,18000,324000,Cabang B,QRIS
2024-06-16,Jus Alpukat,Minuman,254,15000,3810000,Cabang A,Cash
2023-08-16,Nasi Goreng,Makanan,40,25000,1000000,Cabang B,Cash
2023-12-25,Roti Bakar,Snack,27,18000,486000,Cabang B,QRIS
2024-08-14,Es Teh Manis,Minuman,24,8000,192000,Cabang C,Cash
2023-02-04,Pisang Goreng,Snack,2,10000,20000,Cabang B,Cash
2024-10-10,Pisang Goreng,Snack,41,10000,410000,Cabang A,Cash
2024-10-28,Susu Coklat,Minuman,10,14000,140000,Cabang A,Cash
2024-03-31,Nasi Goreng,Makanan,44,25000,1100000,Cabang B,QRIS
2024-04-06,Mie Ayam,Makanan,45,20000,900000,Cabang A,Transfer
2023-04-15,Susu Coklat,Minuman,28,14000,392000,Cabang B,E-Wallet
2023-09-09,Kopi Susu,Minuman,40,12000,480000,Cabang B,Cash
2023-11-05,Nasi Goreng,Makanan,33,25000,825000,Cabang A,Cash
2024-06-04,Es Teh Manis,Minuman,29,8000,232000,Cabang A,QRIS
2023-09-24,Es Teh Manis,Minuman,33,8000,264000,Cabang B,Cash
2024-06-23,Es Teh Manis,Minuman,49,8000,392000,Cabang C,E-Wallet
2023-03-08,Nasi Goreng,Makanan,46,25000,1150000,Cabang C,Cash
2024-12-13,Susu Coklat,Minuman,34,14000,476000,Cabang A,Cash
2024-01-11,Kentang Goreng,Snack,38,12000,456000,Cabang A,QRIS
2023-12-06,Mie Ayam,Makanan,8,20000,160000,Cabang B,Cash
2023-06-03,Susu Coklat,Minuman,30,14000,420000,Cabang C,Cash
2023-08-12,Susu Coklat,Minuman,29,14000,406000,Cabang B,Cash
2023-02-14,Jus Alpukat,Minuman,35,15000,525000,Cabang A,Transfer
2023-05-01,Kopi Susu,Minuman,16,12000,192000,Cabang B,Transfer
2024-11-03,Nasi Uduk,Makanan,37,22000,814000,Cabang C,QRIS
2023-07-14,Ayam Geprek,Makanan,273,28000,7644000,Cabang A,Cash
2023-07-13,Susu Coklat,Minuman,35,14000,490000,Cabang A,Cash
2024-06-09,Kopi Susu,Minuman,26,12000,312000,Cabang A,Cash
2023-03-12,Nasi Uduk,Makanan,6,22000,132000,Cabang C,Cash
2023-09-22,Kentang Goreng,Snack,19,12000,228000,Cabang B,QRIS
2024-05-26,Jus Alpukat,Minuman,23,15000,345000,Cabang C,QRIS
2023-03-31,Kentang Goreng,Snack,46,12000,552000,Cabang B,Cash
2023-06-05,Nasi Goreng,Makanan,45,25000,1125000,Cabang B,Transfer
2023-04-09,Es Teh Manis,Minuman,8,8000,64000,Cabang A,Cash
2023-05-23,Mie Ayam,Makanan,37,20000,740000,Cabang C,Transfer
2024-08-12,Kentang Goreng,Snack,11,12000,132000,Cabang B,Cash
2023-04-22,Mie Ayam,Makanan,38,20000,760000,Cabang A,QRIS
2024-04-05,Kopi Susu,Minuman,9,12000,108000,Cabang B,Cash
2023-01-14,Nasi Goreng,Makanan,43,25000,1075000,Cabang A,QRIS
2023-08-12,Jus Alpukat,Minuman,15,15000,225000,Cabang A,Cash
2024-12-11,Nasi Goreng,Makanan,47,25000,1175000,Cabang B,QRIS
2024-12-22,Susu Coklat,Minuman,10,14000,140000,Cabang A,Cash
2024-12-03,Roti Bakar,Snack,36,18000,648000,Cabang C,QRIS
2023-12-11,Nasi Goreng,Makanan,6,25000,150000,Cabang A,E-Wallet
2024-10-28,Susu Coklat,Minuman,44,14000,616000,Cabang C,Cash
2024-08-10,Jus Alpukat,Minuman,4,15000,60000,Cabang C,Cash
2024-02-01,Kopi Susu,Minuman,31,12000,372000,Cabang A,E-Wallet
2024-11-01,Susu Coklat,Minuman,6,14000,84000,Cabang B,Cash
2023-11-26,Kopi Susu,Minuman,43,12000,516000,Cabang C,Cash
2024-04-22,Es Teh Manis,Minuman,48,8000,384000,Cabang C,Transfer
2024-04-18,Kopi Susu,Minuman,27,12000,324000,Cabang C,Cash
2024-04-13,Kopi Susu,Minuman,37,12000,444000,Cabang A,Cash
2023-07-19,Jus Alpukat,Minuman,48,15000,720000,Cabang A,Cash
2024-11-04,Susu Coklat,Minuman,39,14000,546000,Cabang A,Cash
2024-04-19,Mie Ayam,Makanan,24,20000,480000,Cabang C,Cash
2023-02-07,Kentang Goreng,Snack,254,12000,3048000,Cabang B,Cash
2024-06-01,Jus Alpukat,Minuman,40,15000,600000,Cabang C,Cash
2024-12-01,Roti Bakar,Snack,6,18000,108000,Cabang A,Cash
2023-04-12,Jus Alpukat,Minuman,23,15000,345000,Cabang A,Cash
2024-11-13,Mie Ayam,Makanan,6,20000,120000,Cabang B,Cash
2024-12-06,Jus Alpukat,Minuman,10,15000,150000,Cabang C,QRIS
2023-07-01,Ayam Geprek,Makanan,19,28000,532000,Cabang C,Transfer
2023-01-05,Nasi Goreng,Makanan,26,25000,650000,Cabang A,Cash
2023-02-10,Ayam Geprek,Makanan,33,28000,924000,Cabang B,Cash
2023-07-03,Kopi Susu,Minuman,40,12000,480000,Cabang B,Transfer
2024-12-28,Pisang Goreng,Snack,8,10000,80000,Cabang C,Cash
2023-05-12,Susu Coklat,Minuman,15,14000,210000,Cabang C,Cash
2023-11-09,Susu Coklat,Minuman,30,14000,420000,Cabang A,Transfer
2023-04-08,Susu Coklat,Minuman,3,14000,42000,Cabang C,Cash
2023-12-03,Nasi Goreng,Makanan,46,25000,1150000,Cabang A,Cash
2023-05-23,Jus Alpukat,Minuman,11,15000,165000,Cabang A,Cash
2024-10-02,Kopi Susu,Minuman,38,12000,456000,Cabang A,QRIS
2024-03-31,Kopi Susu,Minuman,29,12000,348000,Cabang B,Cash
2024-01-13,Pisang Goreng,Snack,23,10000,230000,Cabang B,Cash
2023-01-19,Susu Coklat,Minuman,17,14000,238000,Cabang C,Cash
2023-01-22,Kopi Susu,Minuman,3,12000,36000,Cabang B,Cash
2023-12-30,Roti Bakar,Snack,16,18000,288000,Cabang A,E-Wallet
2023-12-19,Susu Coklat,Minuman,36,14000,504000,Cabang B,Cash
2023-04-15,Mie Ayam,Makanan,21,20000,420000,Cabang C,Cash
2023-07-22,Kopi Susu,Minuman,26,12000,312000,Cabang C,Cash
2023-06-17,Nasi Uduk,Makanan,46,22000,1012000,Cabang C,Cash
2024-01-06,Susu Coklat,Minuman,35,14000,490000,Cabang A,Cash
2023-07-20,Jus Alpukat,Minuman,26,15000,390000,Cabang B,Cash
2024-03-30,Es Teh Manis,Minuman,14,8000,112000,Cabang B,Cash
2024-12-14,Roti Bakar,Snack,7,18000,126000,Cabang A,Transfer
2023-10-04,Roti Bakar,Snack,279,18000,5022000,Cabang C,Transfer
2024-03-27,Nasi Uduk,Makanan,30,22000,660000,Cabang B,QRIS
2023-04-09,Es Teh Manis,Minuman,37,8000,296000,Cabang C,QRIS
2024-04-13,Es Teh Manis,Minuman,44,8000,352000,Cabang B,E-Wallet
2024-06-04,Nasi Uduk,Makanan,17,22000,374000,Cabang A,QRIS
2023-07-13,Jus Alpukat,Minuman,41,15000,615000,Cabang C,Cash
2023-04-18,Es Teh Manis,Minuman,35,8000,280000,Cabang A,E-Wallet
2023-07-09,Es Teh Manis,Minuman,22,8000,176000,Cabang C,Cash
2023-05-25,Nasi Goreng,Makanan,26,25000,650000,Cabang A,QRIS
2023-05-27,Es Teh Manis,Minuman,45,8000,360000,Cabang A,Cash
2024-04-20,Jus Alpukat,Minuman,25,15000,375000,Cabang B,Cash
2023-09-08,Kentang Goreng,Snack,40,12000,480000,Cabang A,Cash
2024-06-02,Es Teh Manis,Minuman,35,8000,280000,Cabang A,Cash
2024-03-26,Nasi Goreng,Makanan,17,25000,425000,Cabang A,E-Wallet
2024-12-30,Es Teh Manis,Minuman,8,8000,64000,Cabang A,E-Wallet
2023-01-17,Jus Alpukat,Minuman,35,15000,525000,Cabang B,Cash
2023-03-05,Jus Alpukat,Minuman,25,15000,375000,Cabang C,QRIS
2023-11-30,Kopi Susu,Minuman,25,12000,300000,Cabang C,QRIS
2023-11-04,Nasi Uduk,Makanan,48,22000,1056000,Cabang A,Transfer
2024-06-15,Pisang Goreng,Snack,42,10000,420000,Cabang C,E-Wallet
2024-09-29,Roti Bakar,Snack,10,18000,180000,Cabang A,Cash
2023-12-11,Kopi Susu,Minuman,31,12000,372000,Cabang A,QRIS
2024-04-23,Ayam Geprek,Makanan,28,28000,784000,Cabang A,QRIS
2023-11-25,Pisang Goreng,Snack,1,10000,10000,Cabang C,QRIS
2024-12-15,Nasi Goreng,Makanan,44,25000,1100000,Cabang C,QRIS
2023-12-09,Kentang Goreng,Snack,36,12000,432000,Cabang B,QRIS
2023-05-08,Nasi Goreng,Makanan,12,25000,300000,Cabang A,Cash
2023-07-11,Mie Ayam,Makanan,18,20000,360000,Cabang B,Cash
2024-04-30,Kopi Susu,Minuman,5,12000,60000,Cabang A,QRIS
2023-10-01,Nasi Uduk,Makanan,44,22000,968000,Cabang A,Cash
2023-10-24,Es Teh Manis,Minuman,32,8000,256000,Cabang B,Cash
2024-03-31,Pisang Goreng,Snack,23,10000,230000,Cabang C,Cash
2024-04-07,Es Teh Manis,Minuman,49,8000,392000,Cabang C,Cash
2024-05-28,Susu Coklat,Minuman,9,14000,126000,Cabang A,Cash
2023-09-11,Pisang Goreng,Snack,15,10000,150000,Cabang C,Cash
2023-09-01,Es Teh Manis,Minuman,3,8000,24000,Cabang A,QRIS
2023-12-28,Susu Coklat,Minuman,37,14000,518000,Cabang C,Transfer
2023-07-16,Pisang Goreng,Snack,17,10000,170000,Cabang B,Cash
2024-02-02,Susu Coklat,Minuman,13,14000,182000,Cabang C,Transfer
2024-12-12,Susu Coklat,Minuman,47,14000,658000,Cabang C,Cash
2023-07-02,Ayam Geprek,Makanan,46,28000,1288000,Cabang B,Cash
2023-06-09,Roti Bakar,Snack,28,18000,504000,Cabang C,Cash
2023-04-17,Mie Ayam,Makanan,38,20000,760000,Cabang B,QRIS
2023-07-15,Susu Coklat,Minuman,4,14000,56000,Cabang A,QRIS
2023-09-24,Roti Bakar,Snack,34,18000,612000,Cabang B,Cash
2024-08-18,Es Teh Manis,Minuman,7,8000,56000,Cabang B,QRIS
2023-07-14,Kopi Susu,Minuman,313,12000,3756000,Cabang A,Cash
2024-02-11,Es Teh Manis,Minuman,46,8000,368000,Cabang B,E-Wallet
2023-10-04,Pisang Goreng,Snack,23,10000,230000,Cabang B,Cash
2023-04-15,Roti Bakar,Snack,23,18000,414000,Cabang A,QRIS
2024-02-09,Es Teh Manis,Minuman,22,8000,176000,Cabang B,Cash
2024-06-06,Jus Alpukat,Minuman,1,15000,15000,Cabang B,Cash
2024-11-09,Roti Bakar,Snack,31,18000,558000,Cabang A,Cash
2023-06-16,Kentang Goreng,Snack,12,12000,144000,Cabang C,Cash
2024-06-29,Es Teh Manis,Minuman,40,8000,320000,Cabang B,Cash
2023-10-22,Susu Coklat,Minuman,2,14000,28000,Cabang B,QRIS
2024-07-23,Susu Coklat,Minuman,7,14000,98000,Cabang C,Cash
2023-05-21,Jus Alpukat,Minuman,40,15000,600000,Cabang A,Cash
2024-10-27,Susu Coklat,Minuman,45,14000,630000,Cabang A,Cash
2024-03-27,Jus Alpukat,Minuman,44,15000,660000,Cabang B,QRIS
2023-01-14,Ayam Geprek,Makanan,42,28000,1176000,Cabang B,Transfer
2024-02-27,Nasi Goreng,Makanan,25,25000,625000,Cabang A,Cash
2023-12-25,Nasi Goreng,Makanan,47,25000,1175000,Cabang C,Cash
2023-06-25,Jus Alpukat,Minuman,28,15000,420000,Cabang C,QRIS
2023-03-14,Kopi Susu,Minuman,46,12000,552000,Cabang B,Transfer
2023-05-10,Jus Alpukat,Minuman,46,15000,690000,Cabang B,Transfer
2024-09-05,Pisang Goreng,Snack,13,10000,130000,Cabang B,Cash
2023-08-08,Jus Alpukat,Minuman,21,15000,315000,Cabang C,QRIS
2023-03-05,Roti Bakar,Snack,40,18000,720000,Cabang A,QRIS
2024-11-13,Nasi Goreng,Makanan,30,25000,750000,Cabang C,E-Wallet
2023-03-07,Nasi Uduk,Makanan,9,22000,198000,Cabang B,Cash
2023-09-18,Jus Alpukat,Minuman,23,15000,345000,Cabang A,Cash
2024-09-25,Mie Ayam,Makanan,41,20000,820000,Cabang C,Cash
2024-03-23,Kopi Susu,Minuman,16,12000,192000,Cabang A,Cash
2023-12-03,Es Teh Manis,Minuman,35,8000,280000,Cabang C,Cash
2023-12-03,Roti Bakar,Snack,45,18000,810000,Cabang B,Cash
2023-04-22,Kopi Susu,Minuman,2,12000,24000,Cabang C,QRIS
2024-11-05,Kentang Goreng,Snack,6,12000,72000,Cabang A,Cash
2024-07-01,Ayam Geprek,Makanan,17,28000,476000,Cabang B,Cash
2023-02-05,Ayam Geprek,Makanan,10,28000,280000,Cabang A,Cash
2024-03-01,Es Teh Manis,Minuman,5,8000,40000,Cabang C,Cash
2023-06-10,Ayam Geprek,Makanan,40,28000,1120000,Cabang B,Cash
2023-01-07,Es Teh Manis,Minuman,2,8000,16000,Cabang C,Cash
2023-12-02,Kopi Susu,Minuman,39,12000,468000,Cabang C,QRIS
2023-12-15,Pisang Goreng,Snack,11,10000,110000,Cabang A,Cash
2023-05-13,Pisang Goreng,Snack,44,10000,440000,Cabang C,Cash
2024-03-31,Mie Ayam,Makanan,377,20000,7540000,Cabang A,Cash
2023-08-13,Kentang Goreng,Snack,25,12000,300000,Cabang B,Transfer
2024-01-23,Kopi Susu,Minuman,47,12000,564000,Cabang A,QRIS
2024-03-03,Jus Alpukat,Minuman,33,15000,495000,Cabang C,QRIS
2023-08-04,Susu Coklat,Minuman,45,14000,630000,Cabang C,Cash
2024-08-31,Nasi Uduk,Makanan,36,22000,792000,Cabang B,Cash
2024-03-31,Kentang Goreng,Snack,3,12000,36000,Cabang B,Cash
2024-11-01,Nasi Uduk,Makanan,13,22000,286000,Cabang C,QRIS
2023-01-01,Mie Ayam,Makanan,39,20000,780000,Cabang C,Cash
2023-10-27,Es Teh Manis,Minuman,10,8000,80000,Cabang A,Cash
2024-02-21,Jus Alpukat,Minuman,18,15000,270000,Cabang C,Cash
2024-03-29,Pisang Goreng,Snack,38,10000,380000,Cabang A,QRIS
2023-04-27,Jus Alpukat,Minuman,27,15000,405000,Cabang A,Cash
2024-05-08,Pisang Goreng,Snack,31,10000,310000,Cabang B,Cash
2024-04-01,Susu Coklat,Minuman,4,14000,56000,Cabang B,E-Wallet
2024-08-21,Jus Alpukat,Minuman,43,15000,645000,Cabang A,Cash
2024-01-20,Es Teh Manis,Minuman,47,8000,376000,Cabang A,Transfer
2024-10-19,Jus Alpukat,Minuman,45,15000,675000,Cabang B,Cash
2024-11-18,Roti Bakar,Snack,23,18000,414000,Cabang B,QRIS
2023-04-06,Nasi Goreng,Makanan,1,25000,25000,Cabang B,Cash
2024-05-05,Nasi Uduk,Makanan,40,22000,880000,Cabang A,Cash
2023-08-13,Mie Ayam,Makanan,30,20000,600000,Cabang B,Transfer
2024-02-14,Kopi Susu,Minuman,9,12000,108000,Cabang C,Cash
2024-12-11,Nasi Goreng,Makanan,12,25000,300000,Cabang A,Transfer
2023-05-16,Es Teh Manis,Minuman,15,8000,120000,Cabang C,Cash
2024-08-27,Kopi Susu,Minuman,33,12000,396000,Cabang B,Cash
2023-08-26,Mie Ayam,Makanan,20,20000,400000,Cabang C,Transfer
2024-09-20,Kentang Goreng,Snack,23,12000,276000,Cabang B,Cash
2024-07-13,Es Teh Manis,Minuman,35,8000,280000,Cabang A,Cash
2024-04-26,Ayam Geprek,Makanan,26,28000,728000,Cabang B,Transfer
2023-10-10,Nasi Uduk,Makanan,24,22000,528000,Cabang C,Cash
2023-03-24,Susu Coklat,Minuman,26,14000,364000,Cabang C,Cash
2023-05-16,Jus Alpukat,Minuman,46,15000,690000,Cabang A,Cash
2024-04-27,Susu Coklat,Minuman,44,14000,616000,Cabang A,Cash
2023-06-26,Ayam Geprek,Makanan,43,28000,1204000,Cabang C,E-Wallet
2023-05-25,Kopi Susu,Minuman,19,12000,228000,Cabang C,E-Wallet
2024-04-07,Jus Alpukat,Minuman,21,15000,315000,Cabang A,Cash
2024-11-25,Susu Coklat,Minuman,37,14000,518000,Cabang C,Cash
2024-01-16,Ayam Geprek,Makanan,37,28000,1036000,Cabang A,Cash
2023-01-30,Susu Coklat,Minuman,45,14000,630000,Cabang A,Cash
2023-06-09,Nasi Goreng,Makanan,12,25000,300000,Cabang C,Cash
2023-10-19,Nasi Goreng,Makanan,31,25000,775000,Cabang A,Transfer
2023-04-17,Nasi Goreng,Makanan,6,25000,150000,Cabang A,Cash
2023-06-02,Jus Alpukat,Minuman,22,15000,330000,Cabang C,QRIS
2024-06-22,Kopi Susu,Minuman,45,12000,540000,Cabang A,Cash
2024-08-12,Pisang Goreng,Snack,35,10000,350000,Cabang B,Transfer
2024-09-04,Pisang Goreng,Snack,9,10000,90000,Cabang A,Cash
2023-09-10,Jus Alpukat,Minuman,22,15000,330000,Cabang A,Cash
2023-12-23,Mie Ayam,Makanan,220,20000,4400000,Cabang C,QRIS
2023-01-24,Ayam Geprek,Makanan,33,28000,924000,Cabang B,Cash
2023-12-09,Kopi Susu,Minuman,23,12000,276000,Cabang A,Cash
2024-05-22,Susu Coklat,Minuman,2,14000,28000,Cabang A,Cash
2023-02-03,Kopi Susu,Minuman,15,12000,180000,Cabang C,Cash
2023-11-05,Es Teh Manis,Minuman,48,8000,384000,Cabang B,Cash
2023-12-13,Mie Ayam,Makanan,15,20000,300000,Cabang B,Cash
2023-04-04,Ayam Geprek,Makanan,34,28000,952000,Cabang C,Cash
2024-11-28,Kentang Goreng,Snack,36,12000,432000,Cabang A,QRIS
2024-07-05,Jus Alpukat,Minuman,20,15000,300000,Cabang B,Cash
2023-09-30,Nasi Uduk,Makanan,29,22000,638000,Cabang C,Cash
2024-09-10,Susu Coklat,Minuman,227,14000,3178000,Cabang C,QRIS
2023-12-20,Roti Bakar,Snack,49,18000,882000,Cabang C,Cash
2023-05-19,Roti Bakar,Snack,7,18000,126000,Cabang B,Cash
2024-09-14,Jus Alpukat,Minuman,420,15000,6300000,Cabang C,QRIS
2024-10-05,Kopi Susu,Minuman,27,12000,324000,Cabang C,Cash
2024-09-23,Nasi Uduk,Makanan,383,22000,8426000,Cabang A,Cash
2023-03-01,Ayam Geprek,Makanan,31,28000,868000,Cabang C,Cash
2024-05-02,Nasi Uduk,Makanan,46,22000,1012000,Cabang C,Transfer
2024-06-20,Nasi Goreng,Makanan,34,25000,850000,Cabang C,Cash
2024-02-21,Mie Ayam,Makanan,16,20000,320000,Cabang A,Transfer
2024-12-23,Kopi Susu,Minuman,10,12000,120000,Cabang C,Cash
2023-02-28,Susu Coklat,Minuman,17,14000,238000,Cabang C,Cash
2023-12-29,Kopi Susu,Minuman,17,12000,204000,Cabang B,QRIS
2023-12-18,Susu Coklat,Minuman,42,14000,588000,Cabang C,Transfer
2023-10-06,Susu Coklat,Minuman,43,14000,602000,Cabang C,Cash
2024-07-23,Mie Ayam,Makanan,21,20000,420000,Cabang B,Cash
2024-01-01,Roti Bakar,Snack,30,18000,540000,Cabang A,Cash
2024-10-15,Susu Coklat,Minuman,43,14000,602000,Cabang A,Cash
2024-03-11,Susu Coklat,Minuman,41,14000,574000,Cabang A,Cash
2024-12-08,Kopi Susu,Minuman,28,12000,336000,Cabang C,Cash
2024-09-29,Pisang Goreng,Snack,16,10000,160000,Cabang B,QRIS
2023-03-12,Roti Bakar,Snack,5,18000,90000,Cabang A,QRIS
2023-04-25,Nasi Goreng,Makanan,29,25000,725000,Cabang C,Cash
2024-03-09,Nasi Goreng,Makanan,30,25000,750000,Cabang C,Cash
2023-02-18,Pisang Goreng,Snack,10,10000,100000,Cabang C,Cash
2024-04-20,Nasi Uduk,Makanan,481,22000,10582000,Cabang B,Transfer
2023-03-04,Es Teh Manis,Minuman,25,8000,200000,Cabang B,E-Wallet
2023-05-13,Nasi Goreng,Makanan,25,25000,625000,Cabang C,QRIS
2023-08-15,Jus Alpukat,Minuman,13,15000,195000,Cabang C,Cash
2024-06-15,Kopi Susu,Minuman,22,12000,264000,Cabang C,E-Wallet
2024-09-21,Es Teh Manis,Minuman,29,8000,232000,Cabang A,Transfer
2023-01-13,Nasi Uduk,Makanan,37,22000,814000,Cabang C,E-Wallet
2024-11-30,Nasi Goreng,Makanan,30,25000,750000,Cabang B,Cash
2023-01-17,Pisang Goreng,Snack,24,10000,240000,Cabang C,QRIS
2023-10-28,Kopi Susu,Minuman,16,12000,192000,Cabang C,Cash
2023-10-20,Kopi Susu,Minuman,10,12000,120000,Cabang B,E-Wallet
2024-03-16,Kopi Susu,Minuman,31,12000,372000,Cabang A,E-Wallet
2024-12-30,Roti Bakar,Snack,33,18000,594000,Cabang A,QRIS
2024-09-22,Jus Alpukat,Minuman,7,15000,105000,Cabang A,Cash
2024-12-19,Kopi Susu,Minuman,27,12000,324000,Cabang B,E-Wallet
2023-07-17,Es Teh Manis,Minuman,42,8000,336000,Cabang A,Cash
2023-05-25,Kentang Goreng,Snack,27,12000,324000,Cabang C,Cash
2024-01-01,Jus Alpukat,Minuman,28,15000,420000,Cabang B,Cash
2023-03-04,Ayam Geprek,Makanan,37,28000,1036000,Cabang A,Transfer
2023-06-21,Jus Alpukat,Minuman,44,15000,660000,Cabang A,Cash
2024-12-29,Kopi Susu,Minuman,48,12000,576000,Cabang B,Cash
2024-10-12,Kentang Goreng,Snack,9,12000,108000,Cabang C,Cash
2023-04-01,Kopi Susu,Minuman,33,12000,396000,Cabang B,Cash
2024-12-27,Kentang Goreng,Snack,16,12000,192000,Cabang A,Cash
2024-12-28,Pisang Goreng,Snack,10,10000,100000,Cabang A,Cash
2023-02-15,Mie Ayam,Makanan,17,20000,340000,Cabang A,QRIS
2024-05-07,Nasi Goreng,Makanan,1,25000,25000,Cabang B,Cash
2024-12-29,Susu Coklat,Minuman,48,14000,672000,Cabang B,Cash
2023-10-29,Jus Alpukat,Minuman,15,15000,225000,Cabang B,Cash
2023-04-19,Kopi Susu,Minuman,11,12000,132000,Cabang A,Cash
2024-08-10,Kopi Susu,Minuman,4,12000,48000,Cabang C,Cash
2024-04-21,Kopi Susu,Minuman,21,12000,252000,Cabang B,Cash
2023-03-29,Es Teh Manis,Minuman,21,8000,168000,Cabang B,Cash
2024-11-02,Es Teh Manis,Minuman,49,8000,392000,Cabang B,QRIS
2023-02-20,Roti Bakar,Snack,9,18000,162000,Cabang B,Cash
2024-08-03,Kopi Susu,Minuman,45,12000,540000,Cabang C,Cash
2023-12-14,Jus Alpukat,Minuman,35,15000,525000,Cabang B,QRIS
2024-07-14,Es Teh Manis,Minuman,31,8000,248000,Cabang A,QRIS
2024-07-14,Ayam Geprek,Makanan,5,28000,140000,Cabang A,QRIS
2024-05-16,Jus Alpukat,Minuman,23,15000,345000,Cabang B,Cash
2023-03-22,Susu Coklat,Minuman,36,14000,504000,Cabang A,Cash
2024-10-12,Susu Coklat,Minuman,24,14000,336000,Cabang B,QRIS
2024-02-24,Ayam Geprek,Makanan,22,28000,616000,Cabang A,QRIS
2024-04-21,Nasi Goreng,Makanan,23,25000,575000,Cabang A,Cash
2023-01-03,Jus Alpukat,Minuman,16,15000,240000,Cabang C,QRIS
2023-05-27,Mie Ayam,Makanan,18,20000,360000,Cabang A,Cash
2023-01-04,Susu Coklat,Minuman,23,14000,322000,Cabang A,QRIS
2023-10-07,Jus Alpukat,Minuman,36,15000,540000,Cabang C,E-Wallet
2023-03-05,Roti Bakar,Snack,48,18000,864000,Cabang B,QRIS
2024-08-02,Kopi Susu,Minuman,9,12000,108000,Cabang C,Cash
2024-03-10,Nasi Uduk,Makanan,24,22000,528000,Cabang A,Cash
2023-03-09,Roti Bakar,Snack,20,18000,360000,Cabang B,Cash
2023-04-18,Mie Ayam,Makanan,22,20000,440000,Cabang A,Transfer
2023-11-19,Es Teh Manis,Minuman,42,8000,336000,Cabang B,Transfer
2024-10-18,Pisang Goreng,Snack,39,10000,390000,Cabang C,QRIS
2023-03-08,Mie Ayam,Makanan,46,20000,920000,Cabang A,QRIS
2024-12-08,Nasi Uduk,Makanan,39,22000,858000,Cabang C,Cash
2023-04-01,Ayam Geprek,Makanan,3,28000,84000,Cabang B,QRIS
2023-09-25,Roti Bakar,Snack,46,18000,828000,Cabang B,QRIS
2023-11-10,Mie Ayam,Makanan,3,20000,60000,Cabang B,Cash
2024-04-03,Es Teh Manis,Minuman,444,8000,3552000,Cabang C,Transfer
2023-04-29,Kopi Susu,Minuman,46,12000,552000,Cabang B,Cash
2024-06-10,Es Teh Manis,Minuman,9,8000,72000,Cabang B,Cash
2023-06-16,Susu Coklat,Minuman,42,14000,588000,Cabang B,Cash
2023-07-02,Pisang Goreng,Snack,15,10000,150000,Cabang A,Cash
2023-04-01,Nasi Goreng,Makanan,29,25000,725000,Cabang B,QRIS
2023-05-23,Es Teh Manis,Minuman,2,8000,16000,Cabang C,QRIS
2023-07-12,Ayam Geprek,Makanan,22,28000,616000,Cabang B,QRIS
2024-06-25,Pisang Goreng,Snack,49,10000,490000,Cabang A,Cash
2023-11-26,Nasi Goreng,Makanan,5,25000,125000,Cabang C,QRIS
2024-04-06,Es Teh Manis,Minuman,23,8000,184000,Cabang A,Cash
2024-02-28,Roti Bakar,Snack,46,18000,828000,Cabang B,E-Wallet
2024-02-23,Es Teh Manis,Minuman,43,8000,344000,Cabang B,Transfer
2024-04-21,Kopi Susu,Minuman,4,12000,48000,Cabang C,Cash
2024-07-28,Kentang Goreng,Snack,39,12000,468000,Cabang C,QRIS
2023-12-23,Es Teh Manis,Minuman,12,8000,96000,Cabang C,Cash
2024-01-05,Ayam Geprek,Makanan,25,28000,700000,Cabang C,Cash
2024-09-24,Es Teh Manis,Minuman,438,8000,3504000,Cabang A,Cash
2024-04-06,Jus Alpukat,Minuman,30,15000,450000,Cabang C,QRIS
2024-02-10,Nasi Goreng,Makanan,47,25000,1175000,Cabang C,Transfer
2023-06-05,Pisang Goreng,Snack,350,10000,3500000,Cabang A,Cash
2024-06-29,Susu Coklat,Minuman,45,14000,630000,Cabang C,QRIS
2024-05-17,Kopi Susu,Minuman,33,12000,396000,Cabang B,Cash
2023-05-13,Es Teh Manis,Minuman,19,8000,152000,Cabang C,QRIS
2024-05-11,Kopi Susu,Minuman,40,12000,480000,Cabang C,QRIS
2023-09-23,Kentang Goreng,Snack,12,12000,144000,Cabang B,E-Wallet
2023-08-07,Pisang Goreng,Snack,10,10000,100000,Cabang B,Cash
2023-02-07,Es Teh Manis,Minuman,36,8000,288000,Cabang B,Cash
2024-01-02,Susu Coklat,Minuman,3,14000,42000,Cabang A,Cash
2023-07-20,Nasi Uduk,Makanan,31,22000,682000,Cabang C,Cash
2024-12-13,Jus Alpukat,Minuman,43,15000,645000,Cabang B,Cash
2023-09-14,Mie Ayam,Makanan,37,20000,740000,Cabang A,Cash
2023-03-19,Kopi Susu,Minuman,14,12000,168000,Cabang B,Cash
2023-12-14,Susu Coklat,Minuman,26,14000,364000,Cabang C,Cash
2024-10-07,Kopi Susu,Minuman,279,12000,3348000,Cabang A,Cash
2023-12-09,Jus Alpukat,Minuman,16,15000,240000,Cabang B,Cash
2024-09-19,Es Teh Manis,Minuman,3,8000,24000,Cabang A,Transfer
2024-10-19,Es Teh Manis,Minuman,10,8000,80000,Cabang B,Cash
2023-12-02,Nasi Uduk,Makanan,35,22000,770000,Cabang B,Transfer
2023-07-15,Nasi Goreng,Makanan,47,25000,1175000,Cabang A,Cash
2024-12-02,Jus Alpukat,Minuman,28,15000,420000,Cabang A,Cash
2024-11-23,Susu Coklat,Minuman,31,14000,434000,Cabang A,E-Wallet
2023-03-14,Jus Alpukat,Minuman,35,15000,525000,Cabang C,Cash
2024-03-04,Nasi Goreng,Makanan,25,25000,625000,Cabang B,E-Wallet
2024-09-23,Mie Ayam,Makanan,29,20000,580000,Cabang A,E-Wallet
2023-11-01,Pisang Goreng,Snack,8,10000,80000,Cabang A,QRIS
2023-05-06,Kopi Susu,Minuman,48,12000,576000,Cabang C,Cash
2024-06-15,Susu Coklat,Minuman,44,14000,616000,Cabang B,QRIS
2024-12-16,Nasi Goreng,Makanan,20,25000,500000,Cabang A,QRIS
2023-11-25,Susu Coklat,Minuman,22,14000,308000,Cabang B,Cash
2023-05-07,Ayam Geprek,Makanan,34,28000,952000,Cabang B,QRIS
2024-10-09,Kentang Goreng,Snack,343,12000,4116000,Cabang B,E-Wallet
2023-09-19,Jus Alpukat,Minuman,45,15000,675000,Cabang A,Cash
2023-11-06,Susu Coklat,Minuman,3,14000,42000,Cabang B,QRIS
2023-05-17,Jus Alpukat,Minuman,2,15000,30000,Cabang B,Transfer
2023-12-08,Kopi Susu,Minuman,1,12000,12000,Cabang A,Cash
2023-04-23,Mie Ayam,Makanan,47,20000,940000,Cabang B,Cash
2023-01-25,Ayam Geprek,Makanan,2,28000,56000,Cabang B,Cash
2024-09-01,Pisang Goreng,Snack,8,10000,80000,Cabang A,E-Wallet
2023-12-13,Kentang Goreng,Snack,34,12000,408000,Cabang C,Cash
2024-03-14,Nasi Goreng,Makanan,49,25000,1225000,Cabang C,Cash
2024-01-09,Es Teh Manis,Minuman,6,8000,48000,Cabang B,Cash
2023-09-07,Nasi Uduk,Makanan,37,22000,814000,Cabang B,Cash
2024-09-29,Kopi Susu,Minuman,29,12000,348000,Cabang C,Cash
2024-02-22,Susu Coklat,Minuman,34,14000,476000,Cabang B,Cash
2023-08-16,Nasi Uduk,Makanan,40,22000,880000,Cabang B,Cash
2024-08-24,Kopi Susu,Minuman,13,12000,156000,Cabang A,Cash
2024-11-02,Susu Coklat,Minuman,44,14000,616000,Cabang A,Cash
2023-04-08,Nasi Uduk,Makanan,17,22000,374000,Cabang C,Transfer
2024-06-16,Ayam Geprek,Makanan,26,28000,728000,Cabang A,Cash
2023-02-04,Nasi Uduk,Makanan,29,22000,638000,Cabang B,Cash
2024-12-07,Susu Coklat,Minuman,22,14000,308000,Cabang C,Transfer
2023-02-18,Es Teh Manis,Minuman,4,8000,32000,Cabang B,QRIS
2023-08-12,Es Teh Manis,Minuman,1,8000,8000,Cabang B,Cash
2024-02-10,Nasi Uduk,Makanan,11,22000,242000,Cabang A,E-Wallet
2024-12-13,Mie Ayam,Makanan,364,20000,7280000,Cabang B,QRIS
2024-01-19,Mie Ayam,Makanan,43,20000,860000,Cabang C,Cash
2023-05-22,Susu Coklat,Minuman,1,14000,14000,Cabang C,QRIS
2023-02-05,Nasi Uduk,Makanan,38,22000,836000,Cabang B,Cash
2024-10-12,Nasi Goreng,Makanan,29,25000,725000,Cabang A,QRIS
2023-04-16,Ayam Geprek,Makanan,4,28000,112000,Cabang B,Cash
2024-03-03,Jus Alpukat,Minuman,42,15000,630000,Cabang A,QRIS
2023-01-19,Jus Alpukat,Minuman,32,15000,480000,Cabang A,Cash
2024-05-23,Pisang Goreng,Snack,47,10000,470000,Cabang A,Transfer
2023-01-28,Nasi Uduk,Makanan,23,22000,506000,Cabang B,Cash
2024-12-15,Jus Alpukat,Minuman,273,15000,4095000,Cabang B,QRIS
2024-02-08,Susu Coklat,Minuman,35,14000,490000,Cabang B,Cash
2024-04-14,Susu Coklat,Minuman,17,14000,238000,Cabang C,QRIS
2024-02-24,Nasi Goreng,Makanan,44,25000,1100000,Cabang A,Cash
2023-11-01,Susu Coklat,Minuman,45,14000,630000,Cabang B,Cash
2024-12-12,Pisang Goreng,Snack,48,10000,480000,Cabang B,QRIS
2023-07-04,Jus Alpukat,Minuman,40,15000,600000,Cabang B,Transfer
2023-05-02,Es Teh Manis,Minuman,48,8000,384000,Cabang B,Cash
2023-04-02,Kopi Susu,Minuman,11,12000,132000,Cabang C,Cash
2023-11-14,Kentang Goreng,Snack,3,12000,36000,Cabang B,Cash
2024-03-22,Nasi Goreng,Makanan,1,25000,25000,Cabang C,Cash
2023-07-08,Nasi Uduk,Makanan,13,22000,286000,Cabang B,Cash
2024-07-18,Susu Coklat,Minuman,25,14000,350000,Cabang A,Cash
2024-05-05,Mie Ayam,Makanan,19,20000,380000,Cabang A,Cash
2023-04-27,Mie Ayam,Makanan,6,20000,120000,Cabang B,E-Wallet
2023-04-22,Pisang Goreng,Snack,22,10000,220000,Cabang A,Cash
2024-04-04,Nasi Uduk,Makanan,37,22000,814000,Cabang C,QRIS
2023-11-26,Es Teh Manis,Minuman,18,8000,144000,Cabang A,QRIS
2024-10-24,Pisang Goreng,Snack,48,10000,480000,Cabang C,Cash
2024-04-01,Kentang Goreng,Snack,10,12000,120000,Cabang B,Cash
2023-07-18,Jus Alpukat,Minuman,24,15000,360000,Cabang B,Cash
2024-02-21,Ayam Geprek,Makanan,17,28000,476000,Cabang C,Cash
2023-03-14,Kentang Goreng,Snack,10,12000,120000,Cabang A,Transfer
2023-11-26,Kopi Susu,Minuman,38,12000,456000,Cabang C,QRIS
2023-06-12,Kopi Susu,Minuman,4,12000,48000,Cabang C,Cash
2023-07-29,Es Teh Manis,Minuman,20,8000,160000,Cabang C,Cash
2024-05-15,Kopi Susu,Minuman,15,12000,180000,Cabang C,Transfer
2024-04-14,Jus Alpukat,Minuman,46,15000,690000,Cabang B,E-Wallet
2023-05-18,Pisang Goreng,Snack,42,10000,420000,Cabang A,Transfer
2023-09-15,Ayam Geprek,Makanan,2,28000,56000,Cabang C,Cash
2024-04-28,Ayam Geprek,Makanan,29,28000,812000,Cabang C,Cash
2023-08-07,Jus Alpukat,Minuman,4,15000,60000,Cabang A,Cash
2023-04-30,Susu Coklat,Minuman,32,14000,448000,Cabang C,Transfer
2023-12-08,Pisang Goreng,Snack,3,10000,30000,Cabang B,Cash
2023-11-30,Susu Coklat,Minuman,10,14000,140000,Cabang C,Cash
2024-11-30,Susu Coklat,Minuman,9,14000,126000,Cabang A,Cash
2023-12-22,Ayam Geprek,Makanan,22,28000,616000,Cabang A,E-Wallet
2023-12-27,Mie Ayam,Makanan,42,20000,840000,Cabang A,QRIS
2023-03-10,Susu Coklat,Minuman,10,14000,140000,Cabang C,Transfer
2024-02-13,Es Teh Manis,Minuman,20,8000,160000,Cabang C,E-Wallet
2024-05-09,Nasi Goreng,Makanan,7,25000,175000,Cabang B,Cash
2023-06-24,Pisang Goreng,Snack,46,10000,460000,Cabang C,Cash
2023-03-25,Mie Ayam,Makanan,38,20000,760000,Cabang A,Transfer
2023-01-15,Susu Coklat,Minuman,403,14000,5642000,Cabang C,Cash
2024-01-13,Jus Alpukat,Minuman,29,15000,435000,Cabang B,Transfer
2023-03-19,Kopi Susu,Minuman,29,12000,348000,Cabang C,QRIS
2023-01-26,Kentang Goreng,Snack,487,12000,5844000,Cabang A,Cash
2023-02-11,Kentang Goreng,Snack,7,12000,84000,Cabang B,QRIS
2023-01-17,Pisang Goreng,Snack,40,10000,400000,Cabang B,E-Wallet
2024-09-21,Es Teh Manis,Minuman,23,8000,184000,Cabang A,Cash
2024-03-03,Ayam Geprek,Makanan,21,28000,588000,Cabang A,QRIS
2024-05-23,Kopi Susu,Minuman,42,12000,504000,Cabang B,Cash
2024-08-08,Kopi Susu,Minuman,9,12000,108000,Cabang C,Transfer
2024-06-20,Roti Bakar,Snack,24,18000,432000,Cabang B,QRIS
2024-01-19,Pisang Goreng,Snack,47,10000,470000,Cabang A,QRIS
2024-10-21,Pisang Goreng,Snack,17,10000,170000,Cabang C,QRIS
2024-11-07,Kentang Goreng,Snack,2,12000,24000,Cabang C,Transfer
2024-12-06,Jus Alpukat,Minuman,3,15000,45000,Cabang A,Cash
2024-12-02,Jus Alpukat,Minuman,21,15000,315000,Cabang B,Transfer
2024-11-29,Jus Alpukat,Minuman,42,15000,630000,Cabang A,Cash
2024-04-23,Mie Ayam,Makanan,30,20000,600000,Cabang A,QRIS
2024-10-22,Susu Coklat,Minuman,14,14000,196000,Cabang C,QRIS
2023-11-12,Pisang Goreng,Snack,28,10000,280000,Cabang C,Cash
2023-03-22,Ayam Geprek,Makanan,20,28000,560000,Cabang A,QRIS
2024-11-28,Es Teh Manis,Minuman,20,8000,160000,Cabang A,E-Wallet
2024-01-28,Nasi Goreng,Makanan,45,25000,1125000,Cabang A,Cash
2023-10-14,Mie Ayam,Makanan,47,20000,940000,Cabang A,Cash
2024-08-31,Susu Coklat,Minuman,16,14000,224000,Cabang B,Cash
2024-09-08,Susu Coklat,Minuman,22,14000,308000,Cabang C,QRIS
2024-03-06,Jus Alpukat,Minuman,27,15000,405000,Cabang B,QRIS
2024-06-17,Mie Ayam,Makanan,41,20000,820000,Cabang A,Cash
2023-08-11,Ayam Geprek,Makanan,2,28000,56000,Cabang C,E-Wallet
2023-01-13,Roti Bakar,Snack,46,18000,828000,Cabang B,Cash
2023-06-12,Es Teh Manis,Minuman,39,8000,312000,Cabang A,Cash
2024-08-29,Jus Alpukat,Minuman,46,15000,690000,Cabang B,Cash
2023-09-04,Nasi Goreng,Makanan,271,25000,6775000,Cabang A,QRIS
2024-07-29,Nasi Goreng,Makanan,29,25000,725000,Cabang C,Cash
2024-12-18,Nasi Uduk,Makanan,7,22000,154000,Cabang A,Cash
2024-12-22,Es Teh Manis,Minuman,22,8000,176000,Cabang B,Cash
2024-03-24,Es Teh Manis,Minuman,21,8000,168000,Cabang B,Cash
2023-05-15,Es Teh Manis,Minuman,39,8000,312000,Cabang B,Cash
2023-08-21,Mie Ayam,Makanan,12,20000,240000,Cabang B,Cash
2023-07-08,Kopi Susu,Minuman,15,12000,180000,Cabang A,Cash
2024-08-10,Susu Coklat,Minuman,31,14000,434000,Cabang C,Transfer
2024-04-07,Roti Bakar,Snack,28,18000,504000,Cabang B,Cash
2023-11-05,Ayam Geprek,Makanan,17,28000,476000,Cabang C,E-Wallet
2023-01-31,Pisang Goreng,Snack,34,10000,340000,Cabang C,Cash
2024-05-03,Susu Coklat,Minuman,49,14000,686000,Cabang A,Cash
2024-10-28,Susu Coklat,Minuman,27,14000,378000,Cabang B,Transfer
2024-09-24,Nasi Uduk,Makanan,25,22000,550000,Cabang C,Cash
2024-10-31,Roti Bakar,Snack,32,18000,576000,Cabang C,E-Wallet
2024-04-25,Roti Bakar,Snack,21,18000,378000,Cabang A,Transfer
2023-02-26,Jus Alpukat,Minuman,8,15000,120000,Cabang C,QRIS
2023-08-05,Nasi Goreng,Makanan,24,25000,600000,Cabang B,Cash
2023-11-12,Ayam Geprek,Makanan,37,28000,1036000,Cabang C,Cash
2024-03-24,Jus Alpukat,Minuman,21,15000,315000,Cabang B,Transfer
2023-04-04,Nasi Uduk,Makanan,36,22000,792000,Cabang A,Cash
2023-03-30,Kopi Susu,Minuman,38,12000,456000,Cabang A,Cash
2024-02-08,Mie Ayam,Makanan,49,20000,980000,Cabang B,E-Wallet
2023-12-21,Ayam Geprek,Makanan,31,28000,868000,Cabang B,Cash
2024-04-30,Susu Coklat,Minuman,28,14000,392000,Cabang B,QRIS
2023-01-16,Ayam Geprek,Makanan,1,28000,28000,Cabang A,Cash
2024-09-14,Susu Coklat,Minuman,21,14000,294000,Cabang A,Transfer
2023-02-27,Ayam Geprek,Makanan,48,28000,1344000,Cabang A,Cash
2023-02-14,Jus Alpukat,Minuman,12,15000,180000,Cabang B,Cash
2023-10-25,Susu Coklat,Minuman,16,14000,224000,Cabang B,Cash
2023-08-10,Kentang Goreng,Snack,3,12000,36000,Cabang C,Transfer
2024-12-29,Kopi Susu,Minuman,43,12000,516000,Cabang C,Cash
2024-07-17,Mie Ayam,Makanan,2,20000,40000,Cabang B,Cash
2024-03-27,Mie Ayam,Makanan,41,20000,820000,Cabang C,Cash
2024-04-14,Roti Bakar,Snack,13,18000,234000,Cabang C,Cash
2024-03-01,Susu Coklat,Minuman,7,14000,98000,Cabang C,Cash
2023-10-20,Jus Alpukat,Minuman,10,15000,150000,Cabang A,E-Wallet
2024-12-13,Ayam Geprek,Makanan,45,28000,1260000,Cabang C,Cash
2023-11-13,Kentang Goreng,Snack,11,12000,132000,Cabang C,Cash
2024-11-19,Es Teh Manis,Minuman,17,8000,136000,Cabang A,Cash
2023-03-29,Pisang Goreng,Snack,35,10000,350000,Cabang A,Cash
2024-11-29,Kentang Goreng,Snack,31,12000,372000,Cabang C,Cash
2024-10-12,Kentang Goreng,Snack,41,12000,492000,Cabang C,E-Wallet
2024-02-21,Mie Ayam,Makanan,27,20000,540000,Cabang A,Cash
2024-08-11,Susu Coklat,Minuman,3,14000,42000,Cabang C,Cash
2023-03-04,Jus Alpukat,Minuman,475,15000,7125000,Cabang B,Cash
2024-12-16,Mie Ayam,Makanan,33,20000,660000,Cabang B,Transfer
2023-12-24,Kopi Susu,Minuman,23,12000,276000,Cabang B,QRIS
2024-04-07,Es Teh Manis,Minuman,44,8000,352000,Cabang C,QRIS
2023-04-22,Es Teh Manis,Minuman,47,8000,376000,Cabang C,Transfer
2023-05-04,Ayam Geprek,Makanan,13,28000,364000,Cabang B,QRIS
2024-05-01,Nasi Uduk,Makanan,24,22000,528000,Cabang A,QRIS
2023-11-02,Es Teh Manis,Minuman,33,8000,264000,Cabang A,Cash
2024-12-28,Roti Bakar,Snack,34,18000,612000,Cabang A,QRIS
2024-12-11,Nasi Goreng,Makanan,49,25000,1225000,Cabang C,Cash
2024-06-23,Jus Alpukat,Minuman,38,15000,570000,Cabang B,Cash
2024-10-10,Nasi Goreng,Makanan,16,25000,400000,Cabang A,Transfer
2024-04-11,Jus Alpukat,Minuman,339,15000,5085000,Cabang B,Cash
2024-10-20,Kentang Goreng,Snack,41,12000,492000,Cabang B,QRIS
2024-01-01,Kopi Susu,Minuman,46,12000,552000,Cabang A,E-Wallet
2024-02-22,Susu Coklat,Minuman,411,14000,5754000,Cabang B,Cash
2024-06-13,Nasi Goreng,Makanan,15,25000,375000,Cabang B,Cash
2024-05-13,Mie Ayam,Makanan,6,20000,120000,Cabang C,Cash
2023-08-28,Ayam Geprek,Makanan,22,28000,616000,Cabang B,Cash
2024-03-18,Mie Ayam,Makanan,22,20000,440000,Cabang C,Cash
2024-11-18,Nasi Goreng,Makanan,36,25000,900000,Cabang B,QRIS
2024-10-28,Kopi Susu,Minuman,19,12000,228000,Cabang C,E-Wallet
2024-12-21,Susu Coklat,Minuman,3,14000,42000,Cabang C,Cash
2023-08-27,Nasi Goreng,Makanan,32,25000,800000,Cabang B,QRIS
2023-12-30,Nasi Goreng,Makanan,17,25000,425000,Cabang C,Cash
2023-10-08,Mie Ayam,Makanan,22,20000,440000,Cabang A,Cash
2023-04-11,Nasi Uduk,Makanan,17,22000,374000,Cabang C,Cash
2024-02-28,Es Teh Manis,Minuman,20,8000,160000,Cabang B,Cash
2023-12-17,Kopi Susu,Minuman,33,12000,396000,Cabang B,QRIS
2023-01-14,Ayam Geprek,Makanan,1,28000,28000,Cabang C,Cash
2023-09-18,Kopi Susu,Minuman,14,12000,168000,Cabang A,Cash
2024-08-15,Jus Alpukat,Minuman,48,15000,720000,Cabang A,Cash
2024-04-20,Jus Alpukat,Minuman,29,15000,435000,Cabang C,E-Wallet
2024-07-19,Es Teh Manis,Minuman,4,8000,32000,Cabang A,Cash
2023-05-19,Kopi Susu,Minuman,21,12000,252000,Cabang A,Cash
2023-02-05,Nasi Uduk,Makanan,39,22000,858000,Cabang C,Cash
2024-06-21,Roti Bakar,Snack,43,18000,774000,Cabang B,Cash
2024-01-17,Nasi Uduk,Makanan,38,22000,836000,Cabang B,Cash
2024-09-14,Susu Coklat,Minuman,31,14000,434000,Cabang C,Transfer
2024-06-14,Kopi Susu,Minuman,40,12000,480000,Cabang B,Transfer
2024-04-27,Kopi Susu,Minuman,34,12000,408000,Cabang C,Transfer
2023-07-31,Susu Coklat,Minuman,15,14000,210000,Cabang B,Cash
2023-04-18,Susu Coklat,Minuman,17,14000,238000,Cabang C,Cash
2023-09-27,Kentang Goreng,Snack,40,12000,480000,Cabang B,E-Wallet
2023-11-09,Jus Alpukat,Minuman,28,15000,420000,Cabang C,QRIS
2024-02-16,Kopi Susu,Minuman,1,12000,12000,Cabang B,QRIS
2024-03-16,Jus Alpukat,Minuman,27,15000,405000,Cabang C,QRIS
2024-09-22,Roti Bakar,Snack,2,18000,36000,Cabang C,QRIS
2023-02-04,Kentang Goreng,Snack,39,12000,468000,Cabang B,Cash
2023-08-08,Nasi Goreng,Makanan,1,25000,25000,Cabang B,QRIS
2023-04-20,Kopi Susu,Minuman,19,12000,228000,Cabang C,Cash
2024-02-23,Susu Coklat,Minuman,2,14000,28000,Cabang A,Cash
2024-07-26,Jus Alpukat,Minuman,14,15000,210000,Cabang B,Cash
2023-09-07,Kentang Goreng,Snack,40,12000,480000,Cabang A,Cash
2023-09-13,Mie Ayam,Makanan,9,20000,180000,Cabang B,Cash
2023-11-08,Susu Coklat,Minuman,47,14000,658000,Cabang A,Transfer
2023-02-06,Pisang Goreng,Snack,12,10000,120000,Cabang B,E-Wallet
2024-04-21,Jus Alpukat,Minuman,34,15000,510000,Cabang C,Cash
2023-02-11,Jus Alpukat,Minuman,12,15000,180000,Cabang B,Transfer
2024-10-23,Nasi Goreng,Makanan,20,25000,500000,Cabang B,Cash
2023-04-15,Nasi Uduk,Makanan,13,22000,286000,Cabang A,Cash
2023-10-26,Susu Coklat,Minuman,25,14000,350000,Cabang A,Transfer
2023-03-18,Nasi Uduk,Makanan,15,22000,330000,Cabang A,Transfer
2024-09-29,Es Teh Manis,Minuman,448,8000,3584000,Cabang A,E-Wallet
2023-05-04,Nasi Goreng,Makanan,10,25000,250000,Cabang B,Cash
2023-04-06,Roti Bakar,Snack,36,18000,648000,Cabang A,Cash
2023-01-28,Ayam Geprek,Makanan,439,28000,12292000,Cabang B,Cash
2024-02-04,Susu Coklat,Minuman,24,14000,336000,Cabang A,QRIS
2023-04-11,Nasi Uduk,Makanan,26,22000,572000,Cabang B,QRIS
2024-05-05,Susu Coklat,Minuman,43,14000,602000,Cabang B,Cash
2024-10-22,Roti Bakar,Snack,40,18000,720000,Cabang C,QRIS
2024-12-23,Susu Coklat,Minuman,40,14000,560000,Cabang A,Cash
2023-12-19,Mie Ayam,Makanan,39,20000,780000,Cabang A,Transfer
2024-10-20,Nasi Goreng,Makanan,6,25000,150000,Cabang C,Cash
2023-02-26,Nasi Goreng,Makanan,46,25000,1150000,Cabang A,Cash
2023-07-23,Susu Coklat,Minuman,48,14000,672000,Cabang A,Cash
2023-12-13,Roti Bakar,Snack,16,18000,288000,Cabang A,Cash
2023-11-13,Mie Ayam,Makanan,16,20000,320000,Cabang B,Cash
2024-06-17,Nasi Goreng,Makanan,15,25000,375000,Cabang A,Cash
2023-02-13,Nasi Goreng,Makanan,34,25000,850000,Cabang C,QRIS
2024-09-19,Kopi Susu,Minuman,5,12000,60000,Cabang A,Cash
2024-10-12,Kopi Susu,Minuman,36,12000,432000,Cabang B,Cash
2024-12-12,Pisang Goreng,Snack,24,10000,240000,Cabang C,QRIS
2023-10-25,Susu Coklat,Minuman,47,14000,658000,Cabang B,Cash
2023-04-15,Jus Alpukat,Minuman,28,15000,420000,Cabang C,Cash
2024-03-08,Roti Bakar,Snack,14,18000,252000,Cabang A,E-Wallet
2024-07-07,Pisang Goreng,Snack,46,10000,460000,Cabang C,Cash
2023-04-10,Susu Coklat,Minuman,23,14000,322000,Cabang B,QRIS
2023-04-17,Susu Coklat,Minuman,16,14000,224000,Cabang A,E-Wallet
2024-04-04,Nasi Uduk,Makanan,209,22000,4598000,Cabang C,QRIS
2024-04-19,Susu Coklat,Minuman,10,14000,140000,Cabang A,Cash
2024-04-06,Pisang Goreng,Snack,5,10000,50000,Cabang B,E-Wallet
2023-02-25,Susu Coklat,Minuman,13,14000,182000,Cabang C,Transfer
2023-12-24,Jus Alpukat,Minuman,15,15000,225000,Cabang C,Cash
2023-08-21,Pisang Goreng,Snack,21,10000,210000,Cabang C,QRIS
2024-07-09,Pisang Goreng,Snack,6,10000,60000,Cabang A,Transfer
2024-02-24,Roti Bakar,Snack,46,18000,828000,Cabang B,Cash
2024-03-23,Jus Alpukat,Minuman,32,15000,480000,Cabang A,Cash
2024-03-10,Pisang Goreng,Snack,32,10000,320000,Cabang B,Cash
2024-12-08,Nasi Uduk,Makanan,41,22000,902000,Cabang A,Cash
2023-05-10,Kopi Susu,Minuman,29,12000,348000,Cabang B,Cash
2023-01-22,Pisang Goreng,Snack,21,10000,210000,Cabang B,E-Wallet
2024-06-28,Mie Ayam,Makanan,40,20000,800000,Cabang C,Transfer
2023-03-19,Mie Ayam,Makanan,47,20000,940000,Cabang B,Cash
2024-07-21,Kopi Susu,Minuman,31,12000,372000,Cabang B,Cash
2024-11-30,Mie Ayam,Makanan,32,20000,640000,Cabang C,Cash
2023-04-16,Mie Ayam,Makanan,26,20000,520000,Cabang A,Cash
2023-01-29,Roti Bakar,Snack,49,18000,882000,Cabang C,Cash
2024-02-25,Nasi Uduk,Makanan,8,22000,176000,Cabang B,Cash
2023-05-20,Es Teh Manis,Minuman,486,8000,3888000,Cabang B,Cash
2023-08-16,Susu Coklat,Minuman,35,14000,490000,Cabang C,Cash
2024-01-23,Mie Ayam,Makanan,18,20000,360000,Cabang A,QRIS
2024-12-13,Susu Coklat,Minuman,14,14000,196000,Cabang A,Cash
2023-03-29,Susu Coklat,Minuman,25,14000,350000,Cabang A,Cash
2024-03-23,Mie Ayam,Makanan,37,20000,740000,Cabang C,Cash
2023-12-13,Es Teh Manis,Minuman,10,8000,80000,Cabang A,Transfer
2023-03-25,Susu Coklat,Minuman,49,14000,686000,Cabang A,Cash
2023-10-11,Kopi Susu,Minuman,11,12000,132000,Cabang A,Cash
2024-06-04,Mie Ayam,Makanan,22,20000,440000,Cabang A,Cash
2023-09-05,Kopi Susu,Minuman,13,12000,156000,Cabang C,E-Wallet
2023-05-07,Mie Ayam,Makanan,419,20000,8380000,Cabang B,Cash
2023-12-20,Es Teh Manis,Minuman,9,8000,72000,Cabang C,E-Wallet
2023-09-18,Nasi Goreng,Makanan,21,25000,525000,Cabang A,Cash
2023-04-05,Ayam Geprek,Makanan,45,28000,1260000,Cabang A,E-Wallet
2023-07-27,Roti Bakar,Snack,6,18000,108000,Cabang C,Cash
2023-03-13,Es Teh Manis,Minuman,12,8000,96000,Cabang A,E-Wallet
2023-02-07,Es Teh Manis,Minuman,25,8000,200000,Cabang C,Transfer
2023-06-28,Jus Alpukat,Minuman,42,15000,630000,Cabang C,Cash
2023-11-22,Pisang Goreng,Snack,5,10000,50000,Cabang C,Cash
2023-09-04,Kopi Susu,Minuman,306,12000,3672000,Cabang A,Cash
2023-10-07,Nasi Goreng,Makanan,33,25000,825000,Cabang A,Cash
2023-05-17,Es Teh Manis,Minuman,24,8000,192000,Cabang B,Cash
2024-06-07,Roti Bakar,Snack,27,18000,486000,Cabang C,Cash
2024-12-07,Kopi Susu,Minuman,38,12000,456000,Cabang B,Cash
2023-10-07,Jus Alpukat,Minuman,21,15000,315000,Cabang B,Cash
2023-03-26,Susu Coklat,Minuman,3,14000,42000,Cabang B,E-Wallet
2024-11-03,Pisang Goreng,Snack,38,10000,380000,Cabang A,Cash
2024-06-07,Nasi Goreng,Makanan,17,25000,425000,Cabang B,Cash
2024-11-30,Kopi Susu,Minuman,27,12000,324000,Cabang C,Cash
2024-04-21,Kopi Susu,Minuman,27,12000,324000,Cabang A,Cash
2024-10-22,Nasi Uduk,Makanan,31,22000,682000,Cabang B,E-Wallet
2023-01-17,Pisang Goreng,Snack,28,10000,280000,Cabang A,Cash
2024-10-29,Nasi Uduk,Makanan,24,22000,528000,Cabang A,Transfer
2023-11-18,Jus Alpukat,Minuman,32,15000,480000,Cabang C,Cash
2023-12-20,Susu Coklat,Minuman,16,14000,224000,Cabang C,Cash
2023-07-16,Es Teh Manis,Minuman,41,8000,328000,Cabang C,E-Wallet
2023-06-22,Kopi Susu,Minuman,11,12000,132000,Cabang A,Transfer
2024-01-26,Pisang Goreng,Snack,45,10000,450000,Cabang C,Cash
2024-03-24,Susu Coklat,Minuman,35,14000,490000,Cabang C,Transfer
2023-01-30,Pisang Goreng,Snack,43,10000,430000,Cabang A,Cash
2023-07-30,Kentang Goreng,Snack,8,12000,96000,Cabang C,Cash
2023-03-04,Nasi Goreng,Makanan,12,25000,300000,Cabang B,Cash
2023-03-01,Ayam Geprek,Makanan,20,28000,560000,Cabang C,Cash
2023-03-29,Nasi Uduk,Makanan,34,22000,748000,Cabang C,Cash
2023-11-12,Kopi Susu,Minuman,7,12000,84000,Cabang C,Cash
2023-05-28,Es Teh Manis,Minuman,12,8000,96000,Cabang B,Cash
2024-12-03,Es Teh Manis,Minuman,4,8000,32000,Cabang A,Cash
2023-12-04,Susu Coklat,Minuman,20,14000,280000,Cabang C,Transfer
2024-05-18,Susu Coklat,Minuman,26,14000,364000,Cabang B,E-Wallet
2024-05-14,Jus Alpukat,Minuman,49,15000,735000,Cabang C,Cash
2023-06-07,Pisang Goreng,Snack,36,10000,360000,Cabang B,Cash
2024-09-29,Kopi Susu,Minuman,33,12000,396000,Cabang B,Cash
2023-11-04,Nasi Uduk,Makanan,25,22000,550000,Cabang C,QRIS
2024-03-03,Ayam Geprek,Makanan,2,28000,56000,Cabang A,QRIS
2024-01-07,Ayam Geprek,Makanan,48,28000,1344000,Cabang B,Cash
2023-11-03,Kopi Susu,Minuman,13,12000,156000,Cabang A,Transfer
2023-12-25,Es Teh Manis,Minuman,34,8000,272000,Cabang A,QRIS
2023-11-09,Roti Bakar,Snack,49,18000,882000,Cabang B,E-Wallet
2024-06-22,Ayam Geprek,Makanan,5,28000,140000,Cabang C,Cash
2023-01-13,Kentang Goreng,Snack,21,12000,252000,Cabang C,Cash
2023-01-11,Nasi Uduk,Makanan,22,22000,484000,Cabang B,Cash
2024-09-13,Roti Bakar,Snack,14,18000,252000,Cabang B,Cash
2024-12-22,Jus Alpukat,Minuman,2,15000,30000,Cabang B,QRIS
2024-02-04,Jus Alpukat,Minuman,35,15000,525000,Cabang C,Cash
2024-04-16,Susu Coklat,Minuman,16,14000,224000,Cabang A,Cash
2023-06-09,Ayam Geprek,Makanan,4,28000,112000,Cabang B,Cash
2024-05-04,Ayam Geprek,Makanan,19,28000,532000,Cabang A,Cash
2024-12-07,Es Teh Manis,Minuman,43,8000,344000,Cabang C,Cash
2023-11-01,Nasi Goreng,Makanan,12,25000,300000,Cabang C,Transfer
2023-06-23,Jus Alpukat,Minuman,15,15000,225000,Cabang B,Cash
2024-01-10,Nasi Uduk,Makanan,19,22000,418000,Cabang C,Transfer
2024-01-04,Nasi Goreng,Makanan,44,25000,1100000,Cabang C,Cash
2023-09-17,Nasi Uduk,Makanan,35,22000,770000,Cabang C,Cash
2024-02-07,Kopi Susu,Minuman,47,12000,564000,Cabang A,Cash
2023-02-08,Susu Coklat,Minuman,24,14000,336000,Cabang C,Cash
2023-03-14,Roti Bakar,Snack,13,18000,234000,Cabang C,Cash
2023-04-08,Kentang Goreng,Snack,41,12000,492000,Cabang A,Cash
2023-06-10,Roti Bakar,Snack,43,18000,774000,Cabang A,Cash
2023-03-07,Kentang Goreng,Snack,48,12000,576000,Cabang C,Transfer
2024-08-11,Es Teh Manis,Minuman,2,8000,16000,Cabang C,Cash
2024-02-17,Ayam Geprek,Makanan,275,28000,7700000,Cabang A,QRIS
2024-12-27,Nasi Goreng,Makanan,7,25000,175000,Cabang B,QRIS
2024-08-08,Jus Alpukat,Minuman,26,15000,390000,Cabang B,Cash
2023-05-20,Jus Alpukat,Minuman,34,15000,510000,Cabang A,E-Wallet
2024-03-17,Roti Bakar,Snack,30,18000,540000,Cabang B,QRIS
2023-12-30,Es Teh Manis,Minuman,35,8000,280000,Cabang C,Cash
2024-11-02,Jus Alpukat,Minuman,6,15000,90000,Cabang A,Cash
2024-05-12,Nasi Goreng,Makanan,39,25000,975000,Cabang A,Cash
2024-12-10,Pisang Goreng,Snack,30,10000,300000,Cabang B,Cash
2024-04-25,Mie Ayam,Makanan,42,20000,840000,Cabang C,E-Wallet
2024-04-20,Jus Alpukat,Minuman,29,15000,435000,Cabang C,Cash
2023-06-18,Es Teh Manis,Minuman,24,8000,192000,Cabang C,Transfer
2023-02-02,Ayam Geprek,Makanan,45,28000,1260000,Cabang B,QRIS
2024-01-07,Ayam Geprek,Makanan,11,28000,308000,Cabang B,QRIS
2024-12-17,Es Teh Manis,Minuman,19,8000,152000,Cabang A,Cash
2023-12-10,Kopi Susu,Minuman,16,12000,192000,Cabang B,Cash
2024-07-09,Susu Coklat,Minuman,344,14000,4816000,Cabang B,QRIS
2023-02-13,Susu Coklat,Minuman,43,14000,602000,Cabang C,Cash
2024-11-16,Ayam Geprek,Makanan,39,28000,1092000,Cabang C,Cash
2023-08-05,Nasi Uduk,Makanan,9,22000,198000,Cabang A,Cash
2023-08-16,Susu Coklat,Minuman,28,14000,392000,Cabang B,QRIS
2024-10-30,Susu Coklat,Minuman,36,14000,504000,Cabang A,Cash
2024-12-01,Kopi Susu,Minuman,11,12000,132000,Cabang B,QRIS
2023-11-03,Kentang Goreng,Snack,9,12000,108000,Cabang B,QRIS
2024-04-07,Susu Coklat,Minuman,15,14000,210000,Cabang A,Cash
2024-04-08,Mie Ayam,Makanan,1,20000,20000,Cabang A,Cash
2024-06-24,Mie Ayam,Makanan,2,20000,40000,Cabang C,QRIS
2023-04-02,Roti Bakar,Snack,8,18000,144000,Cabang C,Transfer
2023-07-07,Jus Alpukat,Minuman,17,15000,255000,Cabang C,Cash
2023-01-28,Kopi Susu,Minuman,20,12000,240000,Cabang B,Cash
2023-01-15,Jus Alpukat,Minuman,246,15000,3690000,Cabang B,QRIS
2024-10-27,Kentang Goreng,Snack,1,12000,12000,Cabang B,Cash
2024-03-19,Es Teh Manis,Minuman,10,8000,80000,Cabang C,Transfer
2023-11-04,Nasi Goreng,Makanan,29,25000,725000,Cabang C,Cash
2024-06-29,Es Teh Manis,Minuman,26,8000,208000,Cabang A,Cash
2023-08-07,Kopi Susu,Minuman,39,12000,468000,Cabang C,Transfer
2024-03-16,Jus Alpukat,Minuman,37,15000,555000,Cabang A,Transfer
2023-12-09,Pisang Goreng,Snack,16,10000,160000,Cabang C,Transfer
2023-04-10,Kentang Goreng,Snack,23,12000,276000,Cabang C,Transfer
2023-05-23,Pisang Goreng,Snack,8,10000,80000,Cabang A,QRIS
2024-03-10,Kopi Susu,Minuman,18,12000,216000,Cabang B,Cash
2024-02-14,Mie Ayam,Makanan,200,20000,4000000,Cabang C,E-Wallet
2023-02-24,Jus Alpukat,Minuman,34,15000,510000,Cabang B,Cash
2023-12-26,Pisang Goreng,Snack,35,10000,350000,Cabang C,E-Wallet
2024-04-13,Kentang Goreng,Snack,4,12000,48000,Cabang A,Cash
2024-03-16,Nasi Goreng,Makanan,341,25000,8525000,Cabang C,Cash
2023-03-06,Kentang Goreng,Snack,23,12000,276000,Cabang C,Cash
2023-09-17,Nasi Goreng,Makanan,22,25000,550000,Cabang C,E-Wallet
2024-01-14,Pisang Goreng,Snack,21,10000,210000,Cabang C,QRIS
2023-12-12,Kentang Goreng,Snack,321,12000,3852000,Cabang C,Cash
2024-02-17,Pisang Goreng,Snack,12,10000,120000,Cabang C,Cash
2023-05-06,Es Teh Manis,Minuman,30,8000,240000,Cabang A,QRIS
2023-05-24,Es Teh Manis,Minuman,46,8000,368000,Cabang B,QRIS
2024-01-23,Jus Alpukat,Minuman,5,15000,75000,Cabang B,Cash
2023-06-16,Mie Ayam,Makanan,7,20000,140000,Cabang C,QRIS
2023-03-15,Susu Coklat,Minuman,36,14000,504000,Cabang C,Cash
2024-03-20,Pisang Goreng,Snack,27,10000,270000,Cabang B,QRIS
2024-05-04,Mie Ayam,Makanan,22,20000,440000,Cabang C,E-Wallet
2023-03-08,Es Teh Manis,Minuman,48,8000,384000,Cabang A,Cash
2024-08-31,Ayam Geprek,Makanan,31,28000,868000,Cabang A,Cash
2024-03-10,Pisang Goreng,Snack,34,10000,340000,Cabang B,QRIS
2024-09-21,Nasi Uduk,Makanan,8,22000,176000,Cabang C,Cash
2023-12-08,Nasi Uduk,Makanan,37,22000,814000,Cabang A,QRIS
2023-01-26,Mie Ayam,Makanan,3,20000,60000,Cabang B,Cash
2023-11-21,Es Teh Manis,Minuman,9,8000,72000,Cabang A,QRIS
2024-07-15,Kopi Susu,Minuman,4,12000,48000,Cabang B,QRIS
2023-12-31,Jus Alpukat,Minuman,27,15000,405000,Cabang C,Cash
2024-07-30,Kopi Susu,Minuman,4,12000,48000,Cabang B,QRIS
2024-11-27,Mie Ayam,Makanan,8,20000,160000,Cabang A,Cash
2023-12-22,Nasi Uduk,Makanan,5,22000,110000,Cabang A,Cash
2024-11-09,Pisang Goreng,Snack,45,10000,450000,Cabang A,Cash
2024-06-01,Nasi Goreng,Makanan,45,25000,1125000,Cabang B,Transfer
2023-07-16,Jus Alpukat,Minuman,29,15000,435000,Cabang C,Cash
2024-05-07,Susu Coklat,Minuman,49,14000,686000,Cabang A,Transfer
2024-03-11,Pisang Goreng,Snack,22,10000,220000,Cabang A,Cash
2024-08-25,Ayam Geprek,Makanan,28,28000,784000,Cabang B,Transfer
2023-10-01,Pisang Goreng,Snack,40,10000,400000,Cabang B,Cash
2023-11-18,Nasi Uduk,Makanan,46,22000,1012000,Cabang C,QRIS
2023-05-28,Kentang Goreng,Snack,17,12000,204000,Cabang C,Cash
2024-06-07,Ayam Geprek,Makanan,23,28000,644000,Cabang C,Cash
2024-10-30,Kopi Susu,Minuman,4,12000,48000,Cabang A,Cash
2024-10-30,Susu Coklat,Minuman,36,14000,504000,Cabang A,QRIS
2024-02-05,Nasi Uduk,Makanan,24,22000,528000,Cabang B,Cash
2023-02-05,Susu Coklat,Minuman,29,14000,406000,Cabang B,Cash
2024-10-05,Kopi Susu,Minuman,40,12000,480000,Cabang B,Cash
2024-10-02,Es Teh Manis,Minuman,9,8000,72000,Cabang B,Cash
2023-07-01,Susu Coklat,Minuman,45,14000,630000,Cabang A,Cash
2024-05-01,Es Teh Manis,Minuman,12,8000,96000,Cabang C,Transfer
2024-03-13,Mie Ayam,Makanan,26,20000,520000,Cabang B,Cash
2024-09-04,Susu Coklat,Minuman,19,14000,266000,Cabang A,Cash
2024-08-17,Roti Bakar,Snack,9,18000,162000,Cabang B,QRIS
2024-11-29,Nasi Uduk,Makanan,35,22000,770000,Cabang B,Cash
2024-02-06,Roti Bakar,Snack,39,18000,702000,Cabang B,QRIS
2023-12-03,Es Teh Manis,Minuman,8,8000,64000,Cabang A,QRIS
2023-05-19,Roti Bakar,Snack,45,18000,810000,Cabang C,E-Wallet
2024-08-15,Es Teh Manis,Minuman,13,8000,104000,Cabang A,Cash
2024-03-27,Jus Alpukat,Minuman,7,15000,105000,Cabang C,Cash
2023-12-23,Nasi Uduk,Makanan,21,22000,462000,Cabang B,Cash
2023-12-12,Es Teh Manis,Minuman,6,8000,48000,Cabang A,Cash
2023-08-28,Jus Alpukat,Minuman,44,15000,660000,Cabang B,QRIS
2023-04-13,Kopi Susu,Minuman,7,12000,84000,Cabang C,QRIS
2023-03-23,Es Teh Manis,Minuman,28,8000,224000,Cabang A,QRIS
2024-05-20,Mie Ayam,Makanan,12,20000,240000,Cabang C,Cash
2023-03-01,Kentang Goreng,Snack,34,12000,408000,Cabang B,Cash
2023-03-29,Kentang Goreng,Snack,17,12000,204000,Cabang C,QRIS
2023-12-24,Susu Coklat,Minuman,26,14000,364000,Cabang C,Cash
2023-03-11,Susu Coklat,Minuman,269,14000,3766000,Cabang A,Cash
2023-10-10,Pisang Goreng,Snack,31,10000,310000,Cabang B,QRIS
2023-04-01,Susu Coklat,Minuman,46,14000,644000,Cabang A,Cash
2024-11-11,Kentang Goreng,Snack,6,12000,72000,Cabang C,QRIS
2024-12-19,Es Teh Manis,Minuman,6,8000,48000,Cabang A,E-Wallet
2023-11-25,Nasi Goreng,Makanan,13,25000,325000,Cabang B,QRIS
2023-10-14,Jus Alpukat,Minuman,19,15000,285000,Cabang A,QRIS
2023-09-30,Kopi Susu,Minuman,36,12000,432000,Cabang A,Cash
2024-11-12,Mie Ayam,Makanan,43,20000,860000,Cabang A,Cash
2024-11-06,Es Teh Manis,Minuman,41,8000,328000,Cabang C,QRIS
2024-04-03,Kopi Susu,Minuman,14,12000,168000,Cabang B,Transfer
2024-12-05,Nasi Uduk,Makanan,46,22000,1012000,Cabang A,Cash
2024-08-19,Mie Ayam,Makanan,12,20000,240000,Cabang B,Cash
2024-12-26,Jus Alpukat,Minuman,10,15000,150000,Cabang C,Cash
2024-04-12,Kopi Susu,Minuman,36,12000,432000,Cabang C,Transfer
2023-03-12,Susu Coklat,Minuman,2,14000,28000,Cabang C,E-Wallet
2024-03-17,Nasi Goreng,Makanan,37,25000,925000,Cabang A,Cash
2024-05-05,Es Teh Manis,Minuman,2,8000,16000,Cabang C,Cash
2024-03-30,Kentang Goreng,Snack,5,12000,60000,Cabang C,Transfer
2024-09-02,Kopi Susu,Minuman,16,12000,192000,Cabang B,QRIS
2024-04-21,Nasi Uduk,Makanan,4,22000,88000,Cabang B,E-Wallet
2024-05-29,Jus Alpukat,Minuman,41,15000,615000,Cabang C,Cash
2023-04-09,Es Teh Manis,Minuman,34,8000,272000,Cabang C,Cash
2024-01-15,Susu Coklat,Minuman,35,14000,490000,Cabang A,Transfer
2023-12-23,Kopi Susu,Minuman,4,12000,48000,Cabang C,Transfer
2024-06-26,Kopi Susu,Minuman,4,12000,48000,Cabang A,Cash
2023-12-15,Pisang Goreng,Snack,16,10000,160000,Cabang A,QRIS
2024-10-18,Jus Alpukat,Minuman,1,15000,15000,Cabang A,QRIS
2023-12-10,Kopi Susu,Minuman,370,12000,4440000,Cabang A,QRIS
2023-05-11,Es Teh Manis,Minuman,11,8000,88000,Cabang B,Cash
2023-11-07,Kopi Susu,Minuman,17,12000,204000,Cabang B,Cash
2023-03-08,Kopi Susu,Minuman,34,12000,408000,Cabang C,Cash
2023-02-15,Pisang Goreng,Snack,12,10000,120000,Cabang B,Cash
2024-02-22,Es Teh Manis,Minuman,45,8000,360000,Cabang C,QRIS
2023-04-17,Jus Alpukat,Minuman,11,15000,165000,Cabang A,QRIS
2023-06-15,Nasi Uduk,Makanan,13,22000,286000,Cabang C,QRIS
2023-07-21,Roti Bakar,Snack,7,18000,126000,Cabang C,Cash
2024-08-26,Nasi Uduk,Makanan,30,22000,660000,Cabang A,Cash
2024-07-27,Es Teh Manis,Minuman,27,8000,216000,Cabang B,Cash
2024-12-09,Pisang Goreng,Snack,41,10000,410000,Cabang C,Cash
2024-12-20,Susu Coklat,Minuman,10,14000,140000,Cabang C,Cash
2023-10-15,Nasi Uduk,Makanan,13,22000,286000,Cabang A,Cash
2024-12-18,Nasi Goreng,Makanan,20,25000,500000,Cabang C,QRIS
2023-05-05,Nasi Uduk,Makanan,1,22000,22000,Cabang B,Cash
2023-11-19,Susu Coklat,Minuman,48,14000,672000,Cabang A,Cash
2023-12-09,Es Teh Manis,Minuman,494,8000,3952000,Cabang C,QRIS
2024-01-02,Pisang Goreng,Snack,45,10000,450000,Cabang C,Cash
2023-03-23,Ayam Geprek,Makanan,19,28000,532000,Cabang C,Cash
2023-10-21,Es Teh Manis,Minuman,276,8000,2208000,Cabang A,Cash
2023-09-16,Nasi Goreng,Makanan,30,25000,750000,Cabang C,Cash
2024-01-22,Pisang Goreng,Snack,17,10000,170000,Cabang C,E-Wallet
2024-05-14,Jus Alpukat,Minuman,38,15000,570000,Cabang A,E-Wallet
2024-04-06,Nasi Goreng,Makanan,49,25000,1225000,Cabang B,QRIS
2023-09-23,Pisang Goreng,Snack,19,10000,190000,Cabang A,Transfer
2024-05-14,Kopi Susu,Minuman,19,12000,228000,Cabang A,E-Wallet
2024-04-06,Roti Bakar,Snack,45,18000,810000,Cabang C,Cash
2024-04-13,Nasi Goreng,Makanan,15,25000,375000,Cabang B,Cash
2024-12-21,Kopi Susu,Minuman,4,12000,48000,Cabang A,Cash
2023-07-31,Es Teh Manis,Minuman,15,8000,120000,Cabang B,Cash
2023-11-19,Es Teh Manis,Minuman,26,8000,208000,Cabang C,QRIS
2024-11-26,Kopi Susu,Minuman,26,12000,312000,Cabang A,QRIS
2023-12-09,Nasi Uduk,Makanan,13,22000,286000,Cabang B,QRIS
2023-01-23,Kopi Susu,Minuman,28,12000,336000,Cabang C,Cash
2024-12-26,Kentang Goreng,Snack,42,12000,504000,Cabang B,Cash
2024-06-09,Jus Alpukat,Minuman,15,15000,225000,Cabang C,Cash
2024-05-27,Jus Alpukat,Minuman,33,15000,495000,Cabang A,Cash
2024-11-08,Pisang Goreng,Snack,45,10000,450000,Cabang B,Cash
2023-12-31,Jus Alpukat,Minuman,44,15000,660000,Cabang A,Cash
2023-04-28,Es Teh Manis,Minuman,46,8000,368000,Cabang B,Cash
2023-12-17,Pisang Goreng,Snack,44,10000,440000,Cabang B,Transfer
2023-04-16,Nasi Uduk,Makanan,466,22000,10252000,Cabang C,E-Wallet
2023-12-06,Es Teh Manis,Minuman,29,8000,232000,Cabang B,QRIS
2024-01-27,Es Teh Manis,Minuman,42,8000,336000,Cabang A,Cash
2024-09-23,Susu Coklat,Minuman,18,14000,252000,Cabang A,Cash
2023-05-24,Susu Coklat,Minuman,46,14000,644000,Cabang A,Cash
2024-11-12,Nasi Uduk,Makanan,7,22000,154000,Cabang C,Cash
2024-02-27,Ayam Geprek,Makanan,47,28000,1316000,Cabang C,E-Wallet
2023-10-02,Kopi Susu,Minuman,49,12000,588000,Cabang C,QRIS
2023-04-16,Mie Ayam,Makanan,43,20000,860000,Cabang A,Transfer
2024-03-13,Mie Ayam,Makanan,43,20000,860000,Cabang B,Cash
2023-11-10,Roti Bakar,Snack,17,18000,306000,Cabang C,Cash
2024-04-18,Susu Coklat,Minuman,36,14000,504000,Cabang C,Cash
2024-06-29,Roti Bakar,Snack,8,18000,144000,Cabang C,Cash
2023-01-12,Kentang Goreng,Snack,27,12000,324000,Cabang C,Cash
2024-06-27,Ayam Geprek,Makanan,45,28000,1260000,Cabang C,E-Wallet
2023-10-10,Es Teh Manis,Minuman,38,8000,304000,Cabang B,Cash
2023-09-01,Ayam Geprek,Makanan,5,28000,140000,Cabang B,E-Wallet
2023-07-16,Kentang Goreng,Snack,41,12000,492000,Cabang B,Cash
2023-08-03,Es Teh Manis,Minuman,41,8000,328000,Cabang C,QRIS
2024-07-07,Kopi Susu,Minuman,12,12000,144000,Cabang B,QRIS
2023-11-23,Kopi Susu,Minuman,16,12000,192000,Cabang C,Cash
2024-06-27,Jus Alpukat,Minuman,9,15000,135000,Cabang A,Cash
2023-04-15,Nasi Goreng,Makanan,13,25000,325000,Cabang A,E-Wallet
2024-10-05,Pisang Goreng,Snack,49,10000,490000,Cabang C,Cash
2023-04-24,Kopi Susu,Minuman,48,12000,576000,Cabang C,Transfer
2023-03-23,Es Teh Manis,Minuman,5,8000,40000,Cabang C,Transfer
2024-08-05,Es Teh Manis,Minuman,43,8000,344000,Cabang A,Cash
2024-03-02,Jus Alpukat,Minuman,47,15000,705000,Cabang C,Transfer
2023-12-23,Nasi Goreng,Makanan,41,25000,1025000,Cabang C,Cash
2023-06-26,Roti Bakar,Snack,44,18000,792000,Cabang B,Cash
2023-04-15,Kopi Susu,Minuman,29,12000,348000,Cabang C,Cash
2024-03-26,Es Teh Manis,Minuman,38,8000,304000,Cabang A,QRIS
2023-06-17,Pisang Goreng,Snack,12,10000,120000,Cabang C,QRIS
2024-06-15,Susu Coklat,Minuman,46,14000,644000,Cabang A,Transfer
2023-01-31,Kopi Susu,Minuman,47,12000,564000,Cabang B,QRIS
2023-04-29,Kentang Goreng,Snack,19,12000,228000,Cabang B,Cash
2024-04-04,Ayam Geprek,Makanan,46,28000,1288000,Cabang C,Transfer
2024-03-29,Pisang Goreng,Snack,32,10000,320000,Cabang B,Cash
2023-12-03,Es Teh Manis,Minuman,18,8000,144000,Cabang C,E-Wallet
2023-12-14,Susu Coklat,Minuman,39,14000,546000,Cabang C,QRIS
2023-05-14,Pisang Goreng,Snack,26,10000,260000,Cabang B,QRIS
2024-10-07,Nasi Goreng,Makanan,9,25000,225000,Cabang B,Transfer
2024-06-15,Es Teh Manis,Minuman,36,8000,288000,Cabang C,Cash
2023-12-16,Susu Coklat,Minuman,8,14000,112000,Cabang A,Cash
2024-06-23,Es Teh Manis,Minuman,214,8000,1712000,Cabang B,Cash
2023-08-15,Roti Bakar,Snack,22,18000,396000,Cabang C,E-Wallet
2024-06-13,Susu Coklat,Minuman,34,14000,476000,Cabang C,Cash
2023-05-06,Jus Alpukat,Minuman,29,15000,435000,Cabang C,Cash
2024-03-01,Susu Coklat,Minuman,2,14000,28000,Cabang C,Transfer
2024-03-01,Susu Coklat,Minuman,39,14000,546000,Cabang A,Cash
2024-07-28,Nasi Goreng,Makanan,38,25000,950000,Cabang C,Cash
2023-03-04,Susu Coklat,Minuman,47,14000,658000,Cabang C,Cash
2023-09-19,Jus Alpukat,Minuman,28,15000,420000,Cabang B,Cash
2024-12-01,Kentang Goreng,Snack,1,12000,12000,Cabang C,Cash
2023-09-07,Jus Alpukat,Minuman,23,15000,345000,Cabang B,E-Wallet
2024-11-05,Es Teh Manis,Minuman,18,8000,144000,Cabang B,QRIS
2023-04-18,Kopi Susu,Minuman,20,12000,240000,Cabang B,Cash
2023-02-02,Pisang Goreng,Snack,49,10000,490000,Cabang B,Cash
2023-09-24,Jus Alpukat,Minuman,11,15000,165000,Cabang C,QRIS
2024-08-24,Roti Bakar,Snack,11,18000,198000,Cabang C,Cash
2024-05-24,Es Teh Manis,Minuman,41,8000,328000,Cabang C,Cash
2023-10-14,Jus Alpukat,Minuman,18,15000,270000,Cabang C,Transfer
2024-07-04,Kopi Susu,Minuman,10,12000,120000,Cabang C,Cash
2023-05-03,Susu Coklat,Minuman,42,14000,588000,Cabang B,Transfer
2023-09-16,Roti Bakar,Snack,7,18000,126000,Cabang B,Cash
2024-08-20,Kopi Susu,Minuman,48,12000,576000,Cabang A,Cash
2023-10-14,Es Teh Manis,Minuman,1,8000,8000,Cabang A,Transfer
2024-07-29,Mie Ayam,Makanan,27,20000,540000,Cabang A,E-Wallet
2024-12-20,Pisang Goreng,Snack,25,10000,250000,Cabang C,Cash
2024-01-20,Kopi Susu,Minuman,26,12000,312000,Cabang B,QRIS
2023-10-03,Es Teh Manis,Minuman,39,8000,312000,Cabang B,Cash
2024-12-01,Pisang Goreng,Snack,48,10000,480000,Cabang C,Cash
2024-01-09,Kentang Goreng,Snack,46,12000,552000,Cabang C,Cash
2024-04-18,Kopi Susu,Minuman,40,12000,480000,Cabang C,Cash
2024-04-08,Mie Ayam,Makanan,23,20000,460000,Cabang A,Cash
2023-03-26,Susu Coklat,Minuman,10,14000,140000,Cabang C,Cash
2023-12-14,Es Teh Manis,Minuman,7,8000,56000,Cabang C,QRIS
2024-04-07,Mie Ayam,Makanan,14,20000,280000,Cabang A,QRIS
2024-05-27,Kopi Susu,Minuman,38,12000,456000,Cabang C,Cash
2024-04-19,Susu Coklat,Minuman,39,14000,546000,Cabang B,Cash
2023-03-18,Ayam Geprek,Makanan,1,28000,28000,Cabang B,Cash
2023-10-22,Nasi Goreng,Makanan,29,25000,725000,Cabang A,E-Wallet
2024-11-10,Es Teh Manis,Minuman,43,8000,344000,Cabang A,Cash
2023-12-03,Jus Alpukat,Minuman,38,15000,570000,Cabang B,QRIS
2024-01-11,Es Teh Manis,Minuman,15,8000,120000,Cabang C,E-Wallet
2024-11-21,Jus Alpukat,Minuman,21,15000,315000,Cabang B,Cash
2024-10-31,Kopi Susu,Minuman,25,12000,300000,Cabang B,Cash
2023-03-02,Jus Alpukat,Minuman,13,15000,195000,Cabang C,Cash
2024-08-17,Nasi Uduk,Makanan,12,22000,264000,Cabang B,Transfer
2023-10-30,Roti Bakar,Snack,292,18000,5256000,Cabang B,Cash
2023-10-09,Jus Alpukat,Minuman,6,15000,90000,Cabang C,Transfer
2024-04-28,Pisang Goreng,Snack,11,10000,110000,Cabang B,Cash
2023-02-21,Es Teh Manis,Minuman,13,8000,104000,Cabang C,Transfer
2023-10-22,Ayam Geprek,Makanan,41,28000,1148000,Cabang B,Cash
2024-04-26,Susu Coklat,Minuman,15,14000,210000,Cabang B,QRIS
2023-08-01,Kopi Susu,Minuman,44,12000,528000,Cabang B,Cash
2023-03-16,Es Teh Manis,Minuman,27,8000,216000,Cabang C,Cash
2023-02-11,Kopi Susu,Minuman,36,12000,432000,Cabang C,QRIS
2023-05-02,Mie Ayam,Makanan,13,20000,260000,Cabang B,QRIS
2023-04-07,Nasi Uduk,Makanan,19,22000,418000,Cabang B,Cash
2024-05-22,Kentang Goreng,Snack,22,12000,264000,Cabang B,Cash
2024-08-25,Ayam Geprek,Makanan,36,28000,1008000,Cabang C,Cash
2023-05-15,Es Teh Manis,Minuman,31,8000,248000,Cabang C,QRIS
2024-09-23,Es Teh Manis,Minuman,14,8000,112000,Cabang B,Cash
2024-03-05,Susu Coklat,Minuman,30,14000,420000,Cabang A,Cash
2023-12-10,Roti Bakar,Snack,47,18000,846000,Cabang C,Cash
2024-10-17,Ayam Geprek,Makanan,38,28000,1064000,Cabang C,Cash
2024-04-23,Kentang Goreng,Snack,34,12000,408000,Cabang B,Cash
2023-12-23,Susu Coklat,Minuman,16,14000,224000,Cabang A,Transfer
2023-02-10,Mie Ayam,Makanan,8,20000,160000,Cabang B,Cash
2024-10-27,Es Teh Manis,Minuman,44,8000,352000,Cabang A,Cash
2023-04-17,Jus Alpukat,Minuman,37,15000,555000,Cabang C,Cash
2023-09-19,Susu Coklat,Minuman,6,14000,84000,Cabang C,Cash
2024-01-21,Roti Bakar,Snack,454,18000,8172000,Cabang A,Cash
2024-02-13,Es Teh Manis,Minuman,36,8000,288000,Cabang A,Cash
2024-12-06,Roti Bakar,Snack,25,18000,450000,Cabang A,QRIS
2023-06-05,Nasi Goreng,Makanan,29,25000,725000,Cabang A,Cash
2024-09-22,Pisang Goreng,Snack,14,10000,140000,Cabang C,E-Wallet
2024-04-19,Roti Bakar,Snack,11,18000,198000,Cabang C,QRIS
2023-09-22,Nasi Uduk,Makanan,48,22000,1056000,Cabang A,Cash
2023-09-16,Kopi Susu,Minuman,48,12000,576000,Cabang C,Cash
2024-04-30,Nasi Goreng,Makanan,14,25000,350000,Cabang C,QRIS
2023-08-12,Jus Alpukat,Minuman,32,15000,480000,Cabang B,QRIS
2024-04-10,Nasi Goreng,Makanan,22,25000,550000,Cabang B,QRIS
2023-03-04,Es Teh Manis,Minuman,20,8000,160000,Cabang A,Cash
2024-07-10,Es Teh Manis,Minuman,41,8000,328000,Cabang B,Cash
2023-04-06,Pisang Goreng,Snack,49,10000,490000,Cabang B,Cash
2024-02-04,Kopi Susu,Minuman,11,12000,132000,Cabang C,Cash
2023-11-05,Pisang Goreng,Snack,19,10000,190000,Cabang C,Cash
2023-08-11,Jus Alpukat,Minuman,18,15000,270000,Cabang C,Cash
2023-06-28,Es Teh Manis,Minuman,27,8000,216000,Cabang C,Cash
2023-04-10,Es Teh Manis,Minuman,36,8000,288000,Cabang B,QRIS
2024-09-28,Susu Coklat,Minuman,9,14000,126000,Cabang B,Cash
2024-08-18,Susu Coklat,Minuman,47,14000,658000,Cabang A,Cash
2024-04-13,Kopi Susu,Minuman,24,12000,288000,Cabang B,Transfer
2024-04-15,Pisang Goreng,Snack,34,10000,340000,Cabang B,Cash
2023-01-08,Kentang Goreng,Snack,22,12000,264000,Cabang A,Cash
2023-03-08,Kentang Goreng,Snack,45,12000,540000,Cabang A,Transfer
2023-03-31,Roti Bakar,Snack,24,18000,432000,Cabang A,E-Wallet
2024-08-18,Nasi Goreng,Makanan,17,25000,425000,Cabang C,Cash
2024-01-07,Kentang Goreng,Snack,25,12000,300000,Cabang B,QRIS
2023-01-12,Kopi Susu,Minuman,46,12000,552000,Cabang A,E-Wallet
2023-08-16,Mie Ayam,Makanan,2,20000,40000,Cabang C,Cash
2023-03-17,Jus Alpukat,Minuman,41,15000,615000,Cabang A,QRIS
2024-04-27,Es Teh Manis,Minuman,46,8000,368000,Cabang C,QRIS
2024-04-11,Jus Alpukat,Minuman,44,15000,660000,Cabang A,Cash
2023-03-16,Susu Coklat,Minuman,39,14000,546000,Cabang B,QRIS
2024-04-26,Pisang Goreng,Snack,31,10000,310000,Cabang C,Cash
2023-06-24,Es Teh Manis,Minuman,13,8000,104000,Cabang A,E-Wallet
2024-01-12,Kopi Susu,Minuman,34,12000,408000,Cabang B,Cash
2024-08-14,Kopi Susu,Minuman,41,12000,492000,Cabang B,QRIS
2024-07-22,Kopi Susu,Minuman,9,12000,108000,Cabang A,QRIS
2024-07-24,Susu Coklat,Minuman,364,14000,5096000,Cabang B,Cash
2024-09-22,Nasi Uduk,Makanan,35,22000,770000,Cabang C,Cash
2023-04-19,Es Teh Manis,Minuman,1,8000,8000,Cabang C,Cash
2024-07-27,Ayam Geprek,Makanan,40,28000,1120000,Cabang B,Cash
2024-09-28,Ayam Geprek,Makanan,10,28000,280000,Cabang C,E-Wallet
2024-02-07,Es Teh Manis,Minuman,45,8000,360000,Cabang B,Cash
2024-12-21,Es Teh Manis,Minuman,28,8000,224000,Cabang C,QRIS
2024-04-15,Ayam Geprek,Makanan,20,28000,560000,Cabang B,QRIS
2023-10-09,Ayam Geprek,Makanan,15,28000,420000,Cabang A,Cash
2024-06-14,Mie Ayam,Makanan,32,20000,640000,Cabang A,QRIS
2024-04-28,Susu Coklat,Minuman,30,14000,420000,Cabang B,Cash
2024-05-10,Kopi Susu,Minuman,47,12000,564000,Cabang A,QRIS
2024-10-26,Susu Coklat,Minuman,22,14000,308000,Cabang C,Cash
2024-10-06,Ayam Geprek,Makanan,15,28000,420000,Cabang A,Cash
2024-04-20,Kentang Goreng,Snack,41,12000,492000,Cabang B,Cash
2024-04-28,Roti Bakar,Snack,48,18000,864000,Cabang C,Cash
2024-03-02,Jus Alpukat,Minuman,8,15000,120000,Cabang C,Cash
2024-03-03,Nasi Uduk,Makanan,45,22000,990000,Cabang A,Cash
2023-04-24,Ayam Geprek,Makanan,12,28000,336000,Cabang C,Cash
2024-12-01,Nasi Goreng,Makanan,3,25000,75000,Cabang B,Cash
2023-11-26,Kentang Goreng,Snack,3,12000,36000,Cabang A,Cash
2024-04-13,Roti Bakar,Snack,43,18000,774000,Cabang C,Cash
2023-02-18,Nasi Uduk,Makanan,39,22000,858000,Cabang B,Cash
2023-09-22,Kopi Susu,Minuman,14,12000,168000,Cabang B,Cash
2023-05-19,Jus Alpukat,Minuman,25,15000,375000,Cabang A,Cash
2023-08-26,Jus Alpukat,Minuman,24,15000,360000,Cabang A,Cash
2024-10-23,Nasi Uduk,Makanan,413,22000,9086000,Cabang A,Transfer
2024-02-04,Kopi Susu,Minuman,18,12000,216000,Cabang A,Cash
2024-08-29,Pisang Goreng,Snack,13,10000,130000,Cabang B,QRIS
2024-10-08,Jus Alpukat,Minuman,27,15000,405000,Cabang B,Cash
2024-06-09,Nasi Uduk,Makanan,34,22000,748000,Cabang B,Cash
2024-06-22,Pisang Goreng,Snack,371,10000,3710000,Cabang A,Cash
2023-04-05,Nasi Uduk,Makanan,38,22000,836000,Cabang A,Cash
2024-11-07,Susu Coklat,Minuman,6,14000,84000,Cabang B,QRIS
2023-08-24,Pisang Goreng,Snack,33,10000,330000,Cabang A,Cash
2024-08-14,Mie Ayam,Makanan,48,20000,960000,Cabang C,Transfer
2024-05-15,Es Teh Manis,Minuman,19,8000,152000,Cabang C,Cash
2023-08-19,Susu Coklat,Minuman,10,14000,140000,Cabang C,Cash
2024-10-09,Nasi Goreng,Makanan,28,25000,700000,Cabang A,QRIS
2024-01-07,Roti Bakar,Snack,17,18000,306000,Cabang B,Cash
2023-03-01,Kentang Goreng,Snack,26,12000,312000,Cabang B,QRIS
2024-12-14,Susu Coklat,Minuman,43,14000,602000,Cabang C,QRIS
2024-04-27,Es Teh Manis,Minuman,33,8000,264000,Cabang C,E-Wallet
2024-04-10,Es Teh Manis,Minuman,42,8000,336000,Cabang A,Cash
2023-05-10,Kentang Goreng,Snack,46,12000,552000,Cabang B,QRIS
2023-02-04,Nasi Goreng,Makanan,26,25000,650000,Cabang B,E-Wallet
2023-03-08,Jus Alpukat,Minuman,4,15000,60000,Cabang B,E-Wallet
2023-12-10,Ayam Geprek,Makanan,16,28000,448000,Cabang C,QRIS
2024-08-30,Kopi Susu,Minuman,43,12000,516000,Cabang C,Cash
2023-11-28,Kopi Susu,Minuman,48,12000,576000,Cabang B,QRIS
2023-10-12,Jus Alpukat,Minuman,23,15000,345000,Cabang B,Cash
2024-11-25,Nasi Goreng,Makanan,6,25000,150000,Cabang C,Transfer
2023-04-01,Pisang Goreng,Snack,49,10000,490000,Cabang A,Cash
2024-04-26,Pisang Goreng,Snack,40,10000,400000,Cabang B,QRIS
2024-03-09,Susu Coklat,Minuman,38,14000,532000,Cabang A,Cash
2023-04-14,Ayam Geprek,Makanan,36,28000,1008000,Cabang A,Transfer
2024-11-12,Jus Alpukat,Minuman,1,15000,15000,Cabang A,Cash
2024-02-26,Mie Ayam,Makanan,37,20000,740000,Cabang B,Cash
2023-08-24,Nasi Uduk,Makanan,40,22000,880000,Cabang A,Cash
2024-06-28,Nasi Goreng,Makanan,38,25000,950000,Cabang A,Cash
2024-04-04,Kentang Goreng,Snack,7,12000,84000,Cabang B,Transfer
2024-04-07,Jus Alpukat,Minuman,30,15000,450000,Cabang B,Cash
2023-12-13,Jus Alpukat,Minuman,42,15000,630000,Cabang A,E-Wallet
2024-06-04,Jus Alpukat,Minuman,270,15000,4050000,Cabang A,Cash
2023-12-30,Susu Coklat,Minuman,25,14000,350000,Cabang A,Cash
2023-03-21,Kentang Goreng,Snack,35,12000,420000,Cabang A,Cash
2024-03-03,Kentang Goreng,Snack,8,12000,96000,Cabang B,QRIS
2024-06-19,Ayam Geprek,Makanan,1,28000,28000,Cabang A,Cash
2024-12-29,Ayam Geprek,Makanan,18,28000,504000,Cabang C,Cash
2024-03-07,Nasi Uduk,Makanan,17,22000,374000,Cabang C,Cash
2023-03-04,Kentang Goreng,Snack,47,12000,564000,Cabang A,Cash
2023-05-06,Susu Coklat,Minuman,6,14000,84000,Cabang C,Cash
2023-12-26,Es Teh Manis,Minuman,7,8000,56000,Cabang B,Cash
2023-05-09,Kopi Susu,Minuman,6,12000,72000,Cabang C,QRIS
2023-09-23,Mie Ayam,Makanan,47,20000,940000,Cabang A,E-Wallet
2024-04-19,Ayam Geprek,Makanan,17,28000,476000,Cabang A,Cash
2024-07-28,Nasi Uduk,Makanan,18,22000,396000,Cabang A,E-Wallet
2024-01-21,Kentang Goreng,Snack,48,12000,576000,Cabang A,Transfer
2024-10-10,Es Teh Manis,Minuman,6,8000,48000,Cabang A,Cash
2023-05-25,Es Teh Manis,Minuman,12,8000,96000,Cabang B,Transfer
2023-08-05,Mie Ayam,Makanan,39,20000,780000,Cabang A,Cash
2024-05-10,Susu Coklat,Minuman,49,14000,686000,Cabang A,Cash
2024-05-12,Nasi Uduk,Makanan,22,22000,484000,Cabang C,E-Wallet
2024-11-23,Es Teh Manis,Minuman,18,8000,144000,Cabang C,Cash
2023-06-09,Nasi Uduk,Makanan,42,22000,924000,Cabang A,QRIS
2023-10-01,Nasi Goreng,Makanan,10,25000,250000,Cabang B,Transfer
2023-09-09,Pisang Goreng,Snack,39,10000,390000,Cabang B,Cash
2024-07-23,Es Teh Manis,Minuman,482,8000,3856000,Cabang A,Transfer
2024-12-15,Jus Alpukat,Minuman,1,15000,15000,Cabang B,E-Wallet
2024-03-30,Susu Coklat,Minuman,15,14000,210000,Cabang A,Cash
2023-08-06,Ayam Geprek,Makanan,15,28000,420000,Cabang A,Cash
2024-05-31,Susu Coklat,Minuman,46,14000,644000,Cabang A,Transfer
2024-04-27,Nasi Goreng,Makanan,24,25000,600000,Cabang A,QRIS
2023-04-05,Kentang Goreng,Snack,37,12000,444000,Cabang B,E-Wallet
2024-09-29,Kentang Goreng,Snack,34,12000,408000,Cabang B,Cash
2023-09-22,Ayam Geprek,Makanan,3,28000,84000,Cabang B,Cash
2023-02-09,Nasi Uduk,Makanan,1,22000,22000,Cabang B,QRIS
2024-10-03,Es Teh Manis,Minuman,36,8000,288000,Cabang A,Cash
2024-02-24,Nasi Uduk,Makanan,17,22000,374000,Cabang A,Cash
2023-03-22,Jus Alpukat,Minuman,6,15000,90000,Cabang C,E-Wallet
2023-05-18,Mie Ayam,Makanan,40,20000,800000,Cabang C,QRIS
2024-03-13,Nasi Goreng,Makanan,26,25000,650000,Cabang B,Cash
2024-04-09,Kopi Susu,Minuman,18,12000,216000,Cabang A,Transfer
2023-11-12,Kopi Susu,Minuman,13,12000,156000,Cabang B,Cash
2024-12-12,Roti Bakar,Snack,5,18000,90000,Cabang B,E-Wallet
2023-06-24,Ayam Geprek,Makanan,48,28000,1344000,Cabang A,Cash
2024-06-01,Jus Alpukat,Minuman,8,15000,120000,Cabang A,Cash
2023-02-18,Jus Alpukat,Minuman,20,15000,300000,Cabang C,QRIS
2024-01-10,Nasi Goreng,Makanan,38,25000,950000,Cabang A,Cash
2024-07-14,Mie Ayam,Makanan,14,20000,280000,Cabang B,E-Wallet
2024-02-18,Nasi Uduk,Makanan,17,22000,374000,Cabang B,Transfer
2023-03-12,Roti Bakar,Snack,38,18000,684000,Cabang B,Cash
2024-11-23,Susu Coklat,Minuman,47,14000,658000,Cabang A,Transfer
2024-12-15,Nasi Uduk,Makanan,8,22000,176000,Cabang C,QRIS
2024-08-10,Jus Alpukat,Minuman,39,15000,585000,Cabang C,Cash
2023-10-03,Susu Coklat,Minuman,24,14000,336000,Cabang C,Cash
2024-08-16,Nasi Uduk,Makanan,36,22000,792000,Cabang C,Cash
2024-01-03,Jus Alpukat,Minuman,27,15000,405000,Cabang B,E-Wallet
2023-06-22,Nasi Uduk,Makanan,49,22000,1078000,Cabang A,Cash
2023-07-22,Kopi Susu,Minuman,3,12000,36000,Cabang B,E-Wallet
2023-08-28,Es Teh Manis,Minuman,49,8000,392000,Cabang C,Cash
2024-07-22,Kopi Susu,Minuman,41,12000,492000,Cabang A,Cash
2024-12-21,Kopi Susu,Minuman,29,12000,348000,Cabang C,Cash
2024-08-12,Pisang Goreng,Snack,25,10000,250000,Cabang B,Cash
2023-07-26,Kentang Goreng,Snack,8,12000,96000,Cabang A,QRIS
2024-01-19,Ayam Geprek,Makanan,48,28000,1344000,Cabang A,Cash
2023-05-30,Jus Alpukat,Minuman,36,15000,540000,Cabang A,QRIS
2024-08-23,Es Teh Manis,Minuman,37,8000,296000,Cabang A,Cash
2024-03-16,Pisang Goreng,Snack,18,10000,180000,Cabang C,Cash
2023-07-22,Kentang Goreng,Snack,49,12000,588000,Cabang B,Transfer
2024-05-07,Jus Alpukat,Minuman,39,15000,585000,Cabang C,Transfer
2023-11-02,Nasi Uduk,Makanan,21,22000,462000,Cabang C,QRIS
2024-10-10,Nasi Uduk,Makanan,10,22000,220000,Cabang A,Cash
2024-08-22,Es Teh Manis,Minuman,30,8000,240000,Cabang C,Cash
2024-02-11,Kopi Susu,Minuman,37,12000,444000,Cabang B,QRIS
2024-02-13,Susu Coklat,Minuman,19,14000,266000,Cabang A,Cash
2023-09-03,Es Teh Manis,Minuman,28,8000,224000,Cabang A,Cash
2024-12-16,Jus Alpukat,Minuman,41,15000,615000,Cabang B,Cash
2023-02-25,Nasi Goreng,Makanan,12,25000,300000,Cabang C,Cash
2024-12-10,Nasi Goreng,Makanan,39,25000,975000,Cabang A,Cash
2023-12-09,Roti Bakar,Snack,41,18000,738000,Cabang B,Cash
2023-05-01,Roti Bakar,Snack,42,18000,756000,Cabang C,Transfer
2024-04-10,Kentang Goreng,Snack,38,12000,456000,Cabang C,Cash
2024-05-28,Susu Coklat,Minuman,22,14000,308000,Cabang C,Cash
2024-04-01,Jus Alpukat,Minuman,2,15000,30000,Cabang B,Cash
2024-06-17,Kentang Goreng,Snack,2,12000,24000,Cabang C,QRIS
2024-08-27,Jus Alpukat,Minuman,302,15000,4530000,Cabang A,Cash
2023-12-26,Jus Alpukat,Minuman,47,15000,705000,Cabang A,Cash
2023-07-04,Nasi Uduk,Makanan,35,22000,770000,Cabang C,Transfer
2023-12-03,Es Teh Manis,Minuman,29,8000,232000,Cabang B,Cash
2024-03-09,Mie Ayam,Makanan,28,20000,560000,Cabang C,E-Wallet
2023-10-15,Es Teh Manis,Minuman,34,8000,272000,Cabang B,E-Wallet
2024-08-01,Kopi Susu,Minuman,31,12000,372000,Cabang A,QRIS
2023-02-23,Roti Bakar,Snack,29,18000,522000,Cabang A,Cash
2024-12-19,Jus Alpukat,Minuman,37,15000,555000,Cabang C,E-Wallet
2024-03-25,Nasi Uduk,Makanan,2,22000,44000,Cabang A,E-Wallet
2024-07-05,Jus Alpukat,Minuman,6,15000,90000,Cabang C,Cash
2023-04-15,Susu Coklat,Minuman,17,14000,238000,Cabang B,E-Wallet
2024-03-03,Kopi Susu,Minuman,36,12000,432000,Cabang B,QRIS
2023-12-31,Mie Ayam,Makanan,36,20000,720000,Cabang A,Cash
2023-07-31,Mie Ayam,Makanan,37,20000,740000,Cabang B,Cash
2024-12-22,Kopi Susu,Minuman,30,12000,360000,Cabang A,Cash
2023-09-27,Ayam Geprek,Makanan,43,28000,1204000,Cabang C,Transfer
2024-11-30,Kentang Goreng,Snack,5,12000,60000,Cabang C,QRIS
2023-06-07,Kopi Susu,Minuman,38,12000,456000,Cabang B,Cash
2024-08-28,Susu Coklat,Minuman,40,14000,560000,Cabang A,Cash
2024-09-23,Kopi Susu,Minuman,41,12000,492000,Cabang C,Transfer
2024-04-22,Ayam Geprek,Makanan,1,28000,28000,Cabang B,Cash
2024-06-08,Ayam Geprek,Makanan,27,28000,756000,Cabang C,Cash
2023-07-06,Nasi Uduk,Makanan,45,22000,990000,Cabang C,Cash
2023-03-11,Ayam Geprek,Makanan,18,28000,504000,Cabang B,Cash
2024-08-27,Susu Coklat,Minuman,13,14000,182000,Cabang A,Cash
2023-12-03,Mie Ayam,Makanan,23,20000,460000,Cabang A,Cash
2023-09-17,Jus Alpukat,Minuman,2,15000,30000,Cabang B,Cash
2024-07-03,Nasi Goreng,Makanan,258,25000,6450000,Cabang C,Transfer
2024-10-20,Nasi Uduk,Makanan,33,22000,726000,Cabang C,E-Wallet
2023-01-29,Jus Alpukat,Minuman,1,15000,15000,Cabang C,Cash
2024-03-23,Kopi Susu,Minuman,46,12000,552000,Cabang B,E-Wallet
2023-12-25,Susu Coklat,Minuman,43,14000,602000,Cabang B,Cash
2024-01-07,Nasi Goreng,Makanan,30,25000,750000,Cabang A,Cash
2023-06-24,Pisang Goreng,Snack,8,10000,80000,Cabang C,Transfer
2024-07-21,Es Teh Manis,Minuman,24,8000,192000,Cabang B,Cash
2024-02-28,Kopi Susu,Minuman,32,12000,384000,Cabang A,Cash
2024-01-09,Susu Coklat,Minuman,33,14000,462000,Cabang C,E-Wallet
2023-11-19,Ayam Geprek,Makanan,3,28000,84000,Cabang A,Cash
2023-08-08,Nasi Uduk,Makanan,33,22000,726000,Cabang C,Cash
2023-10-10,Kopi Susu,Minuman,39,12000,468000,Cabang A,Cash
2023-03-03,Es Teh Manis,Minuman,24,8000,192000,Cabang B,Cash
2023-11-29,Nasi Goreng,Makanan,18,25000,450000,Cabang A,Cash
2024-03-03,Kopi Susu,Minuman,42,12000,504000,Cabang B,Cash
2024-07-30,Nasi Goreng,Makanan,28,25000,700000,Cabang C,Transfer
2024-12-08,Jus Alpukat,Minuman,8,15000,120000,Cabang B,Cash
2024-07-06,Nasi Goreng,Makanan,48,25000,1200000,Cabang C,E-Wallet
2024-12-30,Kopi Susu,Minuman,3,12000,36000,Cabang A,Cash
2024-11-23,Es Teh Manis,Minuman,37,8000,296000,Cabang C,QRIS
2024-03-10,Jus Alpukat,Minuman,239,15000,3585000,Cabang C,Cash
2023-09-21,Es Teh Manis,Minuman,14,8000,112000,Cabang A,Cash
2024-01-07,Kopi Susu,Minuman,44,12000,528000,Cabang A,Cash
2024-08-27,Pisang Goreng,Snack,29,10000,290000,Cabang C,Transfer
2023-01-10,Nasi Goreng,Makanan,35,25000,875000,Cabang C,Cash
2024-07-24,Jus Alpukat,Minuman,29,15000,435000,Cabang A,Cash
2024-01-01,Nasi Goreng,Makanan,10,25000,250000,Cabang C,E-Wallet
2024-07-21,Pisang Goreng,Snack,14,10000,140000,Cabang C,E-Wallet
2023-04-20,Susu Coklat,Minuman,36,14000,504000,Cabang A,QRIS
2023-01-14,Es Teh Manis,Minuman,22,8000,176000,Cabang A,Cash
2024-07-18,Pisang Goreng,Snack,325,10000,3250000,Cabang C,QRIS
2023-01-15,Es Teh Manis,Minuman,22,8000,176000,Cabang A,Cash
2023-06-23,Jus Alpukat,Minuman,3,15000,45000,Cabang C,Cash
2024-09-04,Es Teh Manis,Minuman,327,8000,2616000,Cabang A,Cash
2024-04-29,Jus Alpukat,Minuman,48,15000,720000,Cabang B,Cash
2023-07-17,Nasi Goreng,Makanan,22,25000,550000,Cabang B,Cash
2024-08-17,Susu Coklat,Minuman,15,14000,210000,Cabang C,QRIS
2023-02-09,Susu Coklat,Minuman,30,14000,420000,Cabang B,Cash
2024-01-08,Ayam Geprek,Makanan,17,28000,476000,Cabang A,Cash
2024-04-22,Roti Bakar,Snack,345,18000,6210000,Cabang B,Cash
2024-09-26,Ayam Geprek,Makanan,12,28000,336000,Cabang C,E-Wallet
2024-02-10,Susu Coklat,Minuman,36,14000,504000,Cabang C,Cash
2024-09-21,Ayam Geprek,Makanan,22,28000,616000,Cabang C,Cash
2024-07-20,Nasi Uduk,Makanan,38,22000,836000,Cabang A,Cash
2023-07-06,Kentang Goreng,Snack,45,12000,540000,Cabang B,QRIS
2023-04-27,Nasi Goreng,Makanan,22,25000,550000,Cabang B,E-Wallet
2024-12-27,Kopi Susu,Minuman,37,12000,444000,Cabang B,Cash
2024-11-23,Ayam Geprek,Makanan,43,28000,1204000,Cabang A,Transfer
2024-07-09,Jus Alpukat,Minuman,25,15000,375000,Cabang B,Cash
2024-01-02,Susu Coklat,Minuman,4,14000,56000,Cabang B,Cash
2024-03-17,Nasi Goreng,Makanan,47,25000,1175000,Cabang B,QRIS
2023-09-16,Jus Alpukat,Minuman,11,15000,165000,Cabang A,Transfer
2024-02-11,Mie Ayam,Makanan,16,20000,320000,Cabang B,Cash
2023-12-26,Nasi Uduk,Makanan,26,22000,572000,Cabang B,Cash
2023-05-28,Jus Alpukat,Minuman,37,15000,555000,Cabang A,QRIS
2024-02-25,Roti Bakar,Snack,27,18000,486000,Cabang B,Cash
2023-07-05,Mie Ayam,Makanan,23,20000,460000,Cabang B,Transfer
2024-05-20,Mie Ayam,Makanan,41,20000,820000,Cabang A,Cash
2024-09-19,Mie Ayam,Makanan,8,20000,160000,Cabang C,QRIS
2023-05-20,Nasi Uduk,Makanan,38,22000,836000,Cabang A,Cash
2023-01-15,Mie Ayam,Makanan,30,20000,600000,Cabang C,Cash
2023-07-29,Mie Ayam,Makanan,42,20000,840000,Cabang C,Cash
2024-07-02,Nasi Goreng,Makanan,1,25000,25000,Cabang C,Cash
2023-03-12,Jus Alpukat,Minuman,8,15000,120000,Cabang A,Cash
2024-07-11,Nasi Uduk,Makanan,12,22000,264000,Cabang C,Cash
2023-08-19,Kentang Goreng,Snack,45,12000,540000,Cabang A,QRIS
2024-08-31,Mie Ayam,Makanan,8,20000,160000,Cabang A,QRIS
2024-01-07,Jus Alpukat,Minuman,31,15000,465000,Cabang B,Cash
2024-07-14,Ayam Geprek,Makanan,9,28000,252000,Cabang C,Cash
2024-03-14,Kentang Goreng,Snack,16,12000,192000,Cabang A,Cash
2024-09-07,Jus Alpukat,Minuman,40,15000,600000,Cabang A,Cash
2024-04-13,Kentang Goreng,Snack,10,12000,120000,Cabang B,Cash
2023-10-23,Mie Ayam,Makanan,44,20000,880000,Cabang C,QRIS
2023-04-15,Roti Bakar,Snack,26,18000,468000,Cabang B,QRIS
2024-01-15,Susu Coklat,Minuman,14,14000,196000,Cabang B,QRIS
2024-01-14,Jus Alpukat,Minuman,26,15000,390000,Cabang B,QRIS
2024-08-11,Jus Alpukat,Minuman,41,15000,615000,Cabang C,QRIS
2023-02-25,Kentang Goreng,Snack,11,12000,132000,Cabang B,QRIS
2024-05-15,Nasi Uduk,Makanan,32,22000,704000,Cabang A,Cash
2023-08-19,Susu Coklat,Minuman,5,14000,70000,Cabang C,QRIS
2023-05-20,Ayam Geprek,Makanan,6,28000,168000,Cabang A,Cash
2024-08-31,Kopi Susu,Minuman,13,12000,156000,Cabang C,Transfer
2024-03-22,Mie Ayam,Makanan,22,20000,440000,Cabang B,QRIS
2024-12-08,Nasi Uduk,Makanan,36,22000,792000,Cabang A,Cash
2024-07-13,Es Teh Manis,Minuman,31,8000,248000,Cabang B,Cash
2023-12-09,Kopi Susu,Minuman,4,12000,48000,Cabang B,E-Wallet
2023-07-20,Es Teh Manis,Minuman,33,8000,264000,Cabang C,E-Wallet
2023-05-08,Kopi Susu,Minuman,11,12000,132000,Cabang A,Cash
2023-04-14,Jus Alpukat,Minuman,9,15000,135000,Cabang B,Transfer
2024-05-18,Pisang Goreng,Snack,281,10000,2810000,Cabang B,Cash
2023-04-04,Ayam Geprek,Makanan,44,28000,1232000,Cabang B,QRIS
2024-01-12,Kopi Susu,Minuman,23,12000,276000,Cabang B,QRIS
2024-11-08,Ayam Geprek,Makanan,1,28000,28000,Cabang A,QRIS
2024-01-13,Ayam Geprek,Makanan,25,28000,700000,Cabang A,Cash
2023-12-18,Susu Coklat,Minuman,30,14000,420000,Cabang A,QRIS
2024-04-12,Kopi Susu,Minuman,26,12000,312000,Cabang C,QRIS
2023-05-29,Jus Alpukat,Minuman,6,15000,90000,Cabang B,QRIS
2023-10-31,Ayam Geprek,Makanan,20,28000,560000,Cabang C,Cash
2023-09-26,Kentang Goreng,Snack,3,12000,36000,Cabang C,QRIS
2023-12-17,Susu Coklat,Minuman,25,14000,350000,Cabang B,E-Wallet
2023-03-27,Nasi Goreng,Makanan,19,25000,475000,Cabang C,Transfer
2024-09-08,Nasi Goreng,Makanan,30,25000,750000,Cabang C,Cash
2024-01-21,Kopi Susu,Minuman,38,12000,456000,Cabang B,Transfer
2023-11-11,Kentang Goreng,Snack,16,12000,192000,Cabang A,QRIS
2024-11-24,Kopi Susu,Minuman,10,12000,120000,Cabang C,Transfer
2024-02-03,Pisang Goreng,Snack,20,10000,200000,Cabang C,Cash
2024-09-19,Nasi Uduk,Makanan,21,22000,462000,Cabang B,Cash
2023-10-22,Roti Bakar,Snack,12,18000,216000,Cabang B,Cash
2023-08-11,Ayam Geprek,Makanan,42,28000,1176000,Cabang A,E-Wallet
2023-04-23,Kopi Susu,Minuman,41,12000,492000,Cabang C,Cash
2023-02-18,Kopi Susu,Minuman,18,12000,216000,Cabang C,E-Wallet
2023-07-08,Nasi Goreng,Makanan,32,25000,800000,Cabang A,Cash
2023-10-07,Jus Alpukat,Minuman,21,15000,315000,Cabang B,Cash
2024-05-18,Mie Ayam,Makanan,15,20000,300000,Cabang B,Cash
2024-06-14,Kopi Susu,Minuman,46,12000,552000,Cabang A,Cash
2023-06-26,Jus Alpukat,Minuman,19,15000,285000,Cabang C,Cash
2023-09-23,Susu Coklat,Minuman,33,14000,462000,Cabang B,Transfer
2024-05-29,Susu Coklat,Minuman,25,14000,350000,Cabang A,Transfer
2023-10-28,Kopi Susu,Minuman,9,12000,108000,Cabang C,Transfer
2024-04-06,Es Teh Manis,Minuman,9,8000,72000,Cabang B,QRIS
2023-08-24,Kopi Susu,Minuman,27,12000,324000,Cabang C,Cash
2024-03-20,Jus Alpukat,Minuman,258,15000,3870000,Cabang B,Cash
2023-09-16,Kentang Goreng,Snack,9,12000,108000,Cabang A,QRIS
2024-09-24,Kopi Susu,Minuman,45,12000,540000,Cabang B,Cash
2023-06-01,Nasi Goreng,Makanan,6,25000,150000,Cabang B,Cash
2023-04-09,Susu Coklat,Minuman,40,14000,560000,Cabang C,E-Wallet
2023-11-19,Kopi Susu,Minuman,47,12000,564000,Cabang B,Cash
2023-11-03,Mie Ayam,Makanan,34,20000,680000,Cabang C,Cash
2023-11-12,Kopi Susu,Minuman,331,12000,3972000,Cabang B,Cash
2024-12-04,Roti Bakar,Snack,23,18000,414000,Cabang B,Cash
2023-06-14,Es Teh Manis,Minuman,27,8000,216000,Cabang C,Cash
2023-03-07,Susu Coklat,Minuman,49,14000,686000,Cabang B,Cash
2023-07-15,Jus Alpukat,Minuman,17,15000,255000,Cabang A,Cash
2023-07-02,Kopi Susu,Minuman,24,12000,288000,Cabang B,Cash
2023-05-11,Kopi Susu,Minuman,15,12000,180000,Cabang A,Cash
2023-07-01,Mie Ayam,Makanan,18,20000,360000,Cabang C,Cash
2023-01-01,Nasi Goreng,Makanan,3,25000,75000,Cabang A,Transfer
2023-09-21,Es Teh Manis,Minuman,7,8000,56000,Cabang B,Cash
2023-12-23,Kopi Susu,Minuman,41,12000,492000,Cabang B,E-Wallet
2024-06-08,Es Teh Manis,Minuman,45,8000,360000,Cabang B,Cash
2023-12-23,Kentang Goreng,Snack,29,12000,348000,Cabang A,Cash
2023-01-02,Kopi Susu,Minuman,8,12000,96000,Cabang C,Cash
2024-09-14,Roti Bakar,Snack,20,18000,360000,Cabang A,E-Wallet
2024-10-02,Kentang Goreng,Snack,19,12000,228000,Cabang A,QRIS
2024-05-20,Jus Alpukat,Minuman,46,15000,690000,Cabang B,Cash
2023-10-02,Nasi Uduk,Makanan,12,22000,264000,Cabang A,Cash
2023-04-06,Es Teh Manis,Minuman,44,8000,352000,Cabang B,Transfer
2023-03-23,Kopi Susu,Minuman,30,12000,360000,Cabang B,Cash
2024-09-20,Mie Ayam,Makanan,36,20000,720000,Cabang A,Cash
2023-12-07,Es Teh Manis,Minuman,23,8000,184000,Cabang A,Cash
2023-03-07,Susu Coklat,Minuman,7,14000,98000,Cabang A,Cash
2023-02-15,Roti Bakar,Snack,45,18000,810000,Cabang A,QRIS
2023-12-09,Pisang Goreng,Snack,22,10000,220000,Cabang A,Cash
2023-10-08,Kopi Susu,Minuman,14,12000,168000,Cabang B,Cash
2023-08-23,Susu Coklat,Minuman,33,14000,462000,Cabang B,Cash
2023-10-29,Es Teh Manis,Minuman,19,8000,152000,Cabang B,Cash
2024-02-03,Nasi Goreng,Makanan,5,25000,125000,Cabang B,QRIS
2023-11-29,Kentang Goreng,Snack,7,12000,84000,Cabang A,QRIS
2023-12-18,Jus Alpukat,Minuman,27,15000,405000,Cabang B,Cash
2024-09-04,Mie Ayam,Makanan,44,20000,880000,Cabang C,Cash
2024-01-20,Kopi Susu,Minuman,5,12000,60000,Cabang A,E-Wallet
2023-12-27,Kopi Susu,Minuman,28,12000,336000,Cabang A,Cash
2024-12-08,Kopi Susu,Minuman,48,12000,576000,Cabang A,Cash
2023-11-02,Jus Alpukat,Minuman,32,15000,480000,Cabang C,QRIS
2024-05-16,Nasi Goreng,Makanan,31,25000,775000,Cabang C,E-Wallet
2023-06-18,Jus Alpukat,Minuman,48,15000,720000,Cabang C,Cash
2023-02-06,Jus Alpukat,Minuman,9,15000,135000,Cabang B,Cash
2024-09-22,Kopi Susu,Minuman,21,12000,252000,Cabang C,Cash
2023-03-21,Nasi Uduk,Makanan,24,22000,528000,Cabang B,QRIS
2024-08-04,Nasi Uduk,Makanan,24,22000,528000,Cabang B,E-Wallet
2023-05-15,Jus Alpukat,Minuman,17,15000,255000,Cabang A,Transfer
2024-05-30,Kentang Goreng,Snack,12,12000,144000,Cabang B,QRIS
2024-01-24,Pisang Goreng,Snack,36,10000,360000,Cabang B,Transfer
2024-01-31,Mie Ayam,Makanan,33,20000,660000,Cabang C,Cash
2023-05-31,Nasi Uduk,Makanan,2,22000,44000,Cabang C,Cash
2024-03-17,Nasi Uduk,Makanan,36,22000,792000,Cabang A,Cash
2024-08-15,Jus Alpukat,Minuman,13,15000,195000,Cabang A,QRIS
2023-01-07,Kopi Susu,Minuman,15,12000,180000,Cabang B,Cash
2023-11-15,Jus Alpukat,Minuman,31,15000,465000,Cabang A,Transfer
2024-10-13,Nasi Uduk,Makanan,2,22000,44000,Cabang B,Cash
2024-06-11,Es Teh Manis,Minuman,19,8000,152000,Cabang B,Cash
2023-07-26,Nasi Uduk,Makanan,9,22000,198000,Cabang B,Cash
2023-09-16,Ayam Geprek,Makanan,27,28000,756000,Cabang B,Cash
2024-02-12,Jus Alpukat,Minuman,44,15000,660000,Cabang C,Cash
2023-09-07,Nasi Uduk,Makanan,15,22000,330000,Cabang A,Cash
2024-08-03,Mie Ayam,Makanan,47,20000,940000,Cabang A,QRIS
2023-05-05,Nasi Uduk,Makanan,1,22000,22000,Cabang C,Cash
2024-12-19,Kentang Goreng,Snack,2,12000,24000,Cabang B,QRIS
2023-04-06,Es Teh Manis,Minuman,6,8000,48000,Cabang A,QRIS
2023-11-25,Ayam Geprek,Makanan,10,28000,280000,Cabang A,Transfer
2023-01-01,Susu Coklat,Minuman,2,14000,28000,Cabang B,QRIS
2024-03-25,Kopi Susu,Minuman,49,12000,588000,Cabang C,Cash
2024-04-18,Nasi Goreng,Makanan,32,25000,800000,Cabang A,Cash
2024-04-02,Pisang Goreng,Snack,48,10000,480000,Cabang A,QRIS
2023-02-07,Nasi Uduk,Makanan,17,22000,374000,Cabang B,Cash
2024-02-25,Mie Ayam,Makanan,8,20000,160000,Cabang C,Cash
2023-03-05,Mie Ayam,Makanan,19,20000,380000,Cabang A,E-Wallet
2023-07-07,Nasi Uduk,Makanan,41,22000,902000,Cabang B,Cash
2024-10-26,Es Teh Manis,Minuman,12,8000,96000,Cabang C,QRIS
2023-10-07,Kopi Susu,Minuman,3,12000,36000,Cabang A,QRIS
2024-06-23,Nasi Uduk,Makanan,30,22000,660000,Cabang B,QRIS
2024-05-17,Mie Ayam,Makanan,21,20000,420000,Cabang A,E-Wallet
2024-06-18,Roti Bakar,Snack,6,18000,108000,Cabang C,Cash
2024-05-06,Mie Ayam,Makanan,3,20000,60000,Cabang C,Cash
2024-12-30,Es Teh Manis,Minuman,4,8000,32000,Cabang C,Cash
2024-08-07,Mie Ayam,Makanan,30,20000,600000,Cabang C,Cash
2024-11-29,Kentang Goreng,Snack,18,12000,216000,Cabang B,QRIS
2024-07-11,Kentang Goreng,Snack,11,12000,132000,Cabang B,QRIS
2023-02-06,Roti Bakar,Snack,456,18000,8208000,Cabang C,Cash
2024-11-24,Roti Bakar,Snack,6,18000,108000,Cabang C,Cash
2023-08-01,Kopi Susu,Minuman,45,12000,540000,Cabang B,Cash
2023-01-01,Nasi Uduk,Makanan,44,22000,968000,Cabang C,Cash
2024-10-21,Kopi Susu,Minuman,43,12000,516000,Cabang B,Cash
2024-02-26,Jus Alpukat,Minuman,8,15000,120000,Cabang B,QRIS
2023-05-27,Kentang Goreng,Snack,40,12000,480000,Cabang B,QRIS
2023-12-20,Pisang Goreng,Snack,49,10000,490000,Cabang A,QRIS
2024-03-13,Kopi Susu,Minuman,27,12000,324000,Cabang B,E-Wallet
2023-05-06,Es Teh Manis,Minuman,11,8000,88000,Cabang C,QRIS
2023-09-03,Roti Bakar,Snack,20,18000,360000,Cabang B,QRIS
2024-12-01,Mie Ayam,Makanan,33,20000,660000,Cabang C,Cash
2024-06-29,Jus Alpukat,Minuman,29,15000,435000,Cabang A,QRIS
2024-02-27,Pisang Goreng,Snack,37,10000,370000,Cabang B,Cash
2024-07-09,Susu Coklat,Minuman,39,14000,546000,Cabang A,Cash
2023-08-21,Mie Ayam,Makanan,44,20000,880000,Cabang A,Cash
2024-07-11,Susu Coklat,Minuman,16,14000,224000,Cabang B,Cash
2023-08-28,Kopi Susu,Minuman,26,12000,312000,Cabang C,Cash
2024-09-22,Kopi Susu,Minuman,4,12000,48000,Cabang A,Cash
2024-11-04,Mie Ayam,Makanan,38,20000,760000,Cabang C,Cash
2024-03-21,Kopi Susu,Minuman,32,12000,384000,Cabang C,Cash
2023-04-23,Susu Coklat,Minuman,6,14000,84000,Cabang C,QRIS
2024-11-26,Susu Coklat,Minuman,23,14000,322000,Cabang B,Cash
2024-11-25,Nasi Goreng,Makanan,37,25000,925000,Cabang A,Transfer
2023-05-01,Pisang Goreng,Snack,39,10000,390000,Cabang B,Cash
2023-03-09,Susu Coklat,Minuman,31,14000,434000,Cabang A,Transfer
2024-06-12,Kopi Susu,Minuman,28,12000,336000,Cabang C,QRIS
2023-06-15,Es Teh Manis,Minuman,8,8000,64000,Cabang C,E-Wallet
2023-07-23,Es Teh Manis,Minuman,27,8000,216000,Cabang B,Transfer
2024-03-19,Susu Coklat,Minuman,16,14000,224000,Cabang A,Cash
2023-02-25,Nasi Goreng,Makanan,29,25000,725000,Cabang C,QRIS
2024-04-08,Mie Ayam,Makanan,40,20000,800000,Cabang B,QRIS
2024-04-06,Mie Ayam,Makanan,25,20000,500000,Cabang B,Cash
2023-04-27,Jus Alpukat,Minuman,22,15000,330000,Cabang A,QRIS
2023-12-05,Kopi Susu,Minuman,13,12000,156000,Cabang A,Cash
2023-09-12,Es Teh Manis,Minuman,21,8000,168000,Cabang C,E-Wallet
2023-01-03,Es Teh Manis,Minuman,1,8000,8000,Cabang A,Cash
2023-06-21,Kentang Goreng,Snack,30,12000,360000,Cabang C,QRIS
2023-12-15,Nasi Goreng,Makanan,12,25000,300000,Cabang B,Transfer
2023-07-14,Roti Bakar,Snack,29,18000,522000,Cabang A,Cash
2024-01-28,Mie Ayam,Makanan,23,20000,460000,Cabang C,Cash
2023-03-15,Pisang Goreng,Snack,39,10000,390000,Cabang B,Cash
2024-07-19,Nasi Uduk,Makanan,32,22000,704000,Cabang C,QRIS
2024-10-03,Nasi Goreng,Makanan,44,25000,1100000,Cabang B,E-Wallet
2023-11-12,Nasi Uduk,Makanan,44,22000,968000,Cabang A,Cash
2023-11-24,Jus Alpukat,Minuman,3,15000,45000,Cabang C,QRIS
2024-08-18,Susu Coklat,Minuman,474,14000,6636000,Cabang B,Cash
2024-09-13,Ayam Geprek,Makanan,366,28000,10248000,Cabang B,Cash
2023-11-26,Mie Ayam,Makanan,40,20000,800000,Cabang C,QRIS
2024-03-23,Ayam Geprek,Makanan,37,28000,1036000,Cabang A,Cash
2023-12-26,Mie Ayam,Makanan,44,20000,880000,Cabang C,Cash
2023-03-12,Ayam Geprek,Makanan,32,28000,896000,Cabang C,Cash
2023-02-26,Roti Bakar,Snack,47,18000,846000,Cabang B,QRIS
2024-07-12,Susu Coklat,Minuman,29,14000,406000,Cabang C,Cash
2024-01-21,Nasi Goreng,Makanan,15,25000,375000,Cabang B,QRIS
2024-07-12,Mie Ayam,Makanan,18,20000,360000,Cabang C,Cash
2024-03-01,Es Teh Manis,Minuman,20,8000,160000,Cabang C,QRIS
2023-10-28,Kopi Susu,Minuman,15,12000,180000,Cabang B,Cash
2023-08-11,Nasi Uduk,Makanan,17,22000,374000,Cabang A,Transfer
2023-07-15,Es Teh Manis,Minuman,18,8000,144000,,Cash
2024-05-06,Pisang Goreng,Snack,36,10000,360000,Cabang B,QRIS
2024-05-22,Susu Coklat,Minuman,5,14000,70000,Cabang C,Cash
2024-12-20,Mie Ayam,Makanan,7,20000,140000,Cabang C,Cash
2024-04-15,Mie Ayam,Makanan,18,20000,360000,Cabang A,QRIS
2023-04-08,Nasi Uduk,Makanan,46,22000,1012000,Cabang A,Cash
2024-06-17,Pisang Goreng,Snack,7,10000,70000,Cabang B,Cash
2023-12-29,Nasi Uduk,Makanan,8,22000,176000,Cabang C,Cash
2023-03-18,Susu Coklat,Minuman,47,14000,658000,Cabang A,Cash
2023-12-06,Mie Ayam,Makanan,22,20000,440000,Cabang C,E-Wallet
2023-05-09,Kopi Susu,Minuman,36,12000,432000,Cabang A,Transfer
2023-03-25,Jus Alpukat,Minuman,16,15000,240000,Cabang B,Cash
2024-12-10,Kopi Susu,Minuman,49,12000,588000,Cabang B,Cash
2024-03-02,Kopi Susu,Minuman,15,12000,180000,Cabang C,Transfer
2023-04-09,Es Teh Manis,Minuman,26,8000,208000,Cabang B,Transfer
2024-08-16,Kopi Susu,Minuman,26,12000,312000,Cabang B,Transfer
2023-12-30,Roti Bakar,Snack,22,18000,396000,Cabang C,Cash
2023-12-05,Pisang Goreng,Snack,30,10000,300000,Cabang B,Cash
2023-04-07,Nasi Goreng,Makanan,34,25000,850000,Cabang A,QRIS
2024-09-10,Ayam Geprek,Makanan,9,28000,252000,Cabang A,E-Wallet
2024-11-02,Nasi Goreng,Makanan,2,25000,50000,Cabang B,Cash
2024-03-12,Es Teh Manis,Minuman,37,8000,296000,Cabang A,Cash
2024-05-21,Es Teh Manis,Minuman,7,8000,56000,Cabang A,Cash
2024-10-03,Es Teh Manis,Minuman,46,8000,368000,Cabang A,Cash
2024-02-24,Ayam Geprek,Makanan,39,28000,1092000,Cabang B,Cash
2024-10-06,Nasi Goreng,Makanan,39,25000,975000,Cabang A,E-Wallet
2023-05-11,Nasi Uduk,Makanan,3,22000,66000,Cabang C,E-Wallet
2024-04-01,Nasi Goreng,Makanan,25,25000,625000,Cabang B,Cash
2023-09-30,Es Teh Manis,Minuman,25,8000,200000,Cabang A,QRIS
2024-01-12,Es Teh Manis,Minuman,7,8000,56000,Cabang B,QRIS
2023-04-08,Kopi Susu,Minuman,325,12000,3900000,Cabang B,QRIS
2023-01-21,Jus Alpukat,Minuman,10,15000,150000,Cabang A,Transfer
2024-01-18,Es Teh Manis,Minuman,45,8000,360000,Cabang A,QRIS
2024-04-25,Es Teh Manis,Minuman,48,8000,384000,Cabang A,Cash
2024-04-18,Kentang Goreng,Snack,32,12000,384000,Cabang B,Transfer
2024-11-19,Kopi Susu,Minuman,22,12000,264000,Cabang A,Cash
2023-04-22,Kentang Goreng,Snack,14,12000,168000,Cabang C,Cash
2023-03-12,Pisang Goreng,Snack,45,10000,450000,Cabang B,Cash
2024-01-28,Jus Alpukat,Minuman,20,15000,300000,Cabang C,QRIS
2023-01-19,Es Teh Manis,Minuman,25,8000,200000,Cabang C,Cash
2024-02-15,Ayam Geprek,Makanan,18,28000,504000,Cabang B,Cash
2023-03-10,Ayam Geprek,Makanan,10,28000,280000,Cabang C,Cash
2023-12-23,Ayam Geprek,Makanan,342,28000,9576000,Cabang B,Cash
2023-05-08,Ayam Geprek,Makanan,47,28000,1316000,Cabang C,QRIS
2024-07-01,Nasi Goreng,Makanan,2,25000,50000,Cabang B,Cash
2024-01-30,Pisang Goreng,Snack,17,10000,170000,Cabang A,E-Wallet
2024-06-29,Susu Coklat,Minuman,21,14000,294000,Cabang A,Cash
2023-10-01,Nasi Goreng,Makanan,28,25000,700000,Cabang C,QRIS
2023-06-08,Ayam Geprek,Makanan,32,28000,896000,Cabang C,Transfer
2023-08-19,Ayam Geprek,Makanan,39,28000,1092000,Cabang A,Transfer
2023-12-13,Es Teh Manis,Minuman,37,8000,296000,Cabang B,QRIS
2023-08-06,Es Teh Manis,Minuman,23,8000,184000,Cabang C,E-Wallet
2024-11-19,Nasi Uduk,Makanan,24,22000,528000,Cabang C,QRIS
2024-12-13,Kopi Susu,Minuman,34,12000,408000,Cabang C,E-Wallet
2024-12-05,Kopi Susu,Minuman,11,12000,132000,Cabang C,Transfer
2024-01-22,Jus Alpukat,Minuman,4,15000,60000,Cabang B,Cash
2023-03-01,Mie Ayam,Makanan,40,20000,800000,Cabang C,QRIS
2024-05-11,Roti Bakar,Snack,4,18000,72000,Cabang B,Transfer
2024-03-26,Susu Coklat,Minuman,44,14000,616000,Cabang B,Cash
2024-05-23,Pisang Goreng,Snack,39,10000,390000,Cabang B,Cash
2023-09-01,Susu Coklat,Minuman,23,14000,322000,Cabang C,Cash
2023-04-16,Kopi Susu,Minuman,432,12000,5184000,Cabang B,Cash
2024-09-07,Es Teh Manis,Minuman,28,8000,224000,Cabang B,Cash
2023-12-02,Nasi Goreng,Makanan,15,25000,375000,Cabang A,Transfer
2024-02-24,Jus Alpukat,Minuman,46,15000,690000,Cabang B,Cash
2023-04-19,Kentang Goreng,Snack,45,12000,540000,Cabang B,Cash
2024-03-21,Susu Coklat,Minuman,39,14000,546000,Cabang C,Transfer
2023-12-11,Nasi Uduk,Makanan,17,22000,374000,Cabang A,Cash
2024-10-22,Ayam Geprek,Makanan,27,28000,756000,Cabang A,QRIS
2023-07-09,Es Teh Manis,Minuman,41,8000,328000,Cabang A,Cash
2024-11-05,Nasi Goreng,Makanan,39,25000,975000,Cabang C,QRIS
2024-04-27,Susu Coklat,Minuman,32,14000,448000,Cabang C,E-Wallet
2023-01-08,Es Teh Manis,Minuman,41,8000,328000,Cabang C,QRIS
2024-03-24,Ayam Geprek,Makanan,9,28000,252000,Cabang B,Cash
2024-11-25,Ayam Geprek,Makanan,48,28000,1344000,Cabang B,Cash
2024-04-08,Susu Coklat,Minuman,14,14000,196000,Cabang C,Cash
2023-05-26,Susu Coklat,Minuman,48,14000,672000,Cabang B,Cash
2023-06-10,Pisang Goreng,Snack,40,10000,400000,Cabang A,Cash
2024-09-26,Susu Coklat,Minuman,14,14000,196000,Cabang A,Cash
2024-07-01,Jus Alpukat,Minuman,18,15000,270000,Cabang C,QRIS
2023-05-14,Mie Ayam,Makanan,33,20000,660000,Cabang B,QRIS
2024-06-01,Mie Ayam,Makanan,15,20000,300000,Cabang C,Cash
2024-04-02,Susu Coklat,Minuman,3,14000,42000,Cabang C,Cash
2023-06-22,Susu Coklat,Minuman,18,14000,252000,Cabang B,Cash
2023-06-25,Nasi Uduk,Makanan,28,22000,616000,Cabang A,Cash
2023-04-14,Kopi Susu,Minuman,8,12000,96000,Cabang C,QRIS
2023-10-25,Ayam Geprek,Makanan,28,28000,784000,Cabang A,Cash
2024-01-21,Nasi Goreng,Makanan,37,25000,925000,Cabang A,Cash
2024-06-02,Ayam Geprek,Makanan,41,28000,1148000,Cabang B,Cash
2024-10-11,Ayam Geprek,Makanan,45,28000,1260000,Cabang C,Transfer
2023-05-21,Nasi Goreng,Makanan,10,25000,250000,Cabang B,QRIS
2024-08-10,Mie Ayam,Makanan,46,20000,920000,Cabang A,Cash
2023-07-15,Kopi Susu,Minuman,23,12000,276000,Cabang C,Cash
2023-10-09,Nasi Goreng,Makanan,34,25000,850000,Cabang B,Cash
2024-11-24,Roti Bakar,Snack,37,18000,666000,Cabang C,Cash
2023-05-20,Es Teh Manis,Minuman,25,8000,200000,Cabang B,Cash
2024-03-08,Pisang Goreng,Snack,14,10000,140000,Cabang C,Cash
2023-02-23,Jus Alpukat,Minuman,19,15000,285000,Cabang B,QRIS
2024-03-24,Jus Alpukat,Minuman,38,15000,570000,Cabang B,Cash
2024-10-23,Kentang Goreng,Snack,17,12000,204000,Cabang A,Cash
2023-03-12,Nasi Uduk,Makanan,1,22000,22000,Cabang C,Transfer
2024-03-30,Nasi Uduk,Makanan,15,22000,330000,Cabang A,Cash
2023-12-02,Nasi Goreng,Makanan,3,25000,75000,Cabang A,QRIS
2023-08-12,Susu Coklat,Minuman,45,14000,630000,Cabang A,Cash
2023-01-14,Pisang Goreng,Snack,2,10000,20000,Cabang A,Cash
2024-12-26,Kopi Susu,Minuman,6,12000,72000,Cabang A,Cash
2024-06-10,Kopi Susu,Minuman,1,12000,12000,Cabang A,Transfer
2024-08-06,Jus Alpukat,Minuman,37,15000,555000,Cabang A,Cash
2023-04-01,Es Teh Manis,Minuman,13,8000,104000,Cabang A,Cash
2023-03-04,Kentang Goreng,Snack,14,12000,168000,Cabang C,Cash
2023-12-19,Nasi Goreng,Makanan,38,25000,950000,Cabang C,Cash
2024-05-07,Nasi Goreng,Makanan,25,25000,625000,Cabang B,Cash
2023-07-16,Kopi Susu,Minuman,23,12000,276000,Cabang C,QRIS
2024-03-03,Susu Coklat,Minuman,21,14000,294000,Cabang C,Cash
2024-03-02,Kentang Goreng,Snack,29,12000,348000,Cabang B,QRIS
2023-01-17,Es Teh Manis,Minuman,479,8000,3832000,Cabang A,E-Wallet
2024-10-27,Ayam Geprek,Makanan,49,28000,1372000,Cabang C,Cash
2024-01-15,Nasi Goreng,Makanan,37,25000,925000,Cabang C,Cash
2023-06-08,Es Teh Manis,Minuman,31,8000,248000,Cabang A,QRIS
2024-04-07,Pisang Goreng,Snack,26,10000,260000,Cabang B,Cash
2023-05-09,Kentang Goreng,Snack,21,12000,252000,Cabang C,QRIS
2023-03-04,Es Teh Manis,Minuman,37,8000,296000,Cabang C,E-Wallet
2023-09-18,Kopi Susu,Minuman,33,12000,396000,Cabang C,Cash
2024-09-18,Pisang Goreng,Snack,38,10000,380000,Cabang B,Cash
2023-06-10,Mie Ayam,Makanan,42,20000,840000,Cabang B,Cash
2023-12-17,Nasi Uduk,Makanan,22,22000,484000,Cabang A,Cash
2023-12-22,Roti Bakar,Snack,11,18000,198000,Cabang C,QRIS
2024-04-02,Pisang Goreng,Snack,46,10000,460000,Cabang C,Transfer
2023-01-15,Pisang Goreng,Snack,1,10000,10000,Cabang A,E-Wallet
2023-05-30,Pisang Goreng,Snack,35,10000,350000,Cabang A,Cash
2024-08-05,Kopi Susu,Minuman,466,12000,5592000,Cabang A,Cash
2024-09-10,Kopi Susu,Minuman,14,12000,168000,Cabang A,Cash
2023-12-07,Nasi Uduk,Makanan,25,22000,550000,Cabang C,QRIS
2024-12-11,Kopi Susu,Minuman,43,12000,516000,Cabang B,Cash
2024-12-13,Roti Bakar,Snack,32,18000,576000,Cabang C,QRIS
2023-03-06,Nasi Goreng,Makanan,41,25000,1025000,Cabang C,Cash
2024-03-12,Ayam Geprek,Makanan,41,28000,1148000,Cabang B,Cash
2023-07-03,Ayam Geprek,Makanan,42,28000,1176000,Cabang A,QRIS
2024-09-25,Jus Alpukat,Minuman,18,15000,270000,Cabang C,Cash
2024-03-13,Mie Ayam,Makanan,33,20000,660000,Cabang C,QRIS
2023-01-14,Jus Alpukat,Minuman,7,15000,105000,Cabang C,Cash
2024-01-10,Es Teh Manis,Minuman,32,8000,256000,Cabang C,Cash
2023-12-06,Jus Alpukat,Minuman,8,15000,120000,Cabang C,Transfer
2023-02-05,Mie Ayam,Makanan,26,20000,520000,Cabang C,Cash
2023-05-11,Jus Alpukat,Minuman,24,15000,360000,Cabang A,QRIS
2023-03-13,Jus Alpukat,Minuman,22,15000,330000,Cabang C,Cash
2023-01-13,Es Teh Manis,Minuman,31,8000,248000,Cabang A,E-Wallet
2023-12-10,Es Teh Manis,Minuman,26,8000,208000,Cabang A,Transfer
2024-11-07,Kopi Susu,Minuman,38,12000,456000,Cabang C,Cash
2023-07-23,Jus Alpukat,Minuman,46,15000,690000,Cabang C,QRIS
2023-02-26,Kopi Susu,Minuman,38,12000,456000,Cabang B,Cash
2024-04-21,Ayam Geprek,Makanan,27,28000,756000,Cabang A,QRIS
2023-04-15,Es Teh Manis,Minuman,32,8000,256000,Cabang B,Cash
2024-06-23,Es Teh Manis,Minuman,37,8000,296000,Cabang A,Cash
2023-03-09,Ayam Geprek,Makanan,18,28000,504000,Cabang A,Cash
2023-08-27,Kopi Susu,Minuman,10,12000,120000,Cabang A,Cash
2024-12-07,Pisang Goreng,Snack,308,10000,3080000,Cabang A,QRIS
2023-01-07,Susu Coklat,Minuman,37,14000,518000,Cabang C,Cash
2024-08-31,Susu Coklat,Minuman,44,14000,616000,Cabang B,Cash
2024-09-01,Jus Alpukat,Minuman,1,15000,15000,Cabang A,Cash
2023-12-28,Es Teh Manis,Minuman,22,8000,176000,Cabang B,QRIS
2023-09-12,Jus Alpukat,Minuman,5,15000,75000,Cabang B,Cash
2024-02-05,Roti Bakar,Snack,21,18000,378000,Cabang C,Cash
2024-06-09,Susu Coklat,Minuman,43,14000,602000,Cabang C,Cash
2024-01-19,Kopi Susu,Minuman,18,12000,216000,Cabang B,Cash
2023-01-12,Nasi Goreng,Makanan,17,25000,425000,Cabang A,E-Wallet
2024-04-13,Mie Ayam,Makanan,9,20000,180000,Cabang B,Cash
2024-10-31,Roti Bakar,Snack,45,18000,810000,Cabang B,Cash
2023-07-23,Jus Alpukat,Minuman,19,15000,285000,Cabang B,Cash
2023-04-24,Ayam Geprek,Makanan,14,28000,392000,Cabang C,QRIS
2024-06-13,Pisang Goreng,Snack,13,10000,130000,Cabang A,Cash
2024-12-13,Kopi Susu,Minuman,4,12000,48000,Cabang A,QRIS
2024-02-03,Nasi Uduk,Makanan,30,22000,660000,Cabang A,E-Wallet
2023-12-03,Kentang Goreng,Snack,38,12000,456000,Cabang C,Cash
2024-07-16,Es Teh Manis,Minuman,44,8000,352000,Cabang A,QRIS
2023-01-27,Nasi Goreng,Makanan,11,25000,275000,Cabang A,Cash
2024-01-26,Jus Alpukat,Minuman,43,15000,645000,Cabang A,QRIS
2023-10-17,Kentang Goreng,Snack,46,12000,552000,Cabang C,Transfer
2024-02-25,Susu Coklat,Minuman,49,14000,686000,Cabang C,E-Wallet
2023-07-18,Es Teh Manis,Minuman,37,8000,296000,Cabang B,Transfer
2023-08-27,Jus Alpukat,Minuman,4,15000,60000,Cabang B,Cash
2023-06-18,Susu Coklat,Minuman,33,14000,462000,Cabang A,Cash
2024-06-05,Nasi Uduk,Makanan,34,22000,748000,Cabang B,Cash
2024-04-03,Kopi Susu,Minuman,21,12000,252000,Cabang C,QRIS
2024-03-29,Kentang Goreng,Snack,28,12000,336000,Cabang A,Cash
2023-10-21,Es Teh Manis,Minuman,36,8000,288000,Cabang B,Cash
2024-12-29,Susu Coklat,Minuman,33,14000,462000,Cabang C,Cash
2023-05-13,Ayam Geprek,Makanan,5,28000,140000,Cabang C,E-Wallet
2024-05-15,Kopi Susu,Minuman,28,12000,336000,Cabang A,Transfer
2023-08-13,Roti Bakar,Snack,34,18000,612000,Cabang A,Cash
2024-03-03,Es Teh Manis,Minuman,21,8000,168000,Cabang A,E-Wallet
2023-03-07,Kentang Goreng,Snack,29,12000,348000,Cabang C,Cash
2023-01-28,Nasi Uduk,Makanan,19,22000,418000,Cabang C,Transfer
2024-04-28,Nasi Goreng,Makanan,49,25000,1225000,Cabang C,Cash
2024-08-24,Kopi Susu,Minuman,16,12000,192000,Cabang A,QRIS
2024-03-05,Es Teh Manis,Minuman,16,8000,128000,Cabang A,QRIS
2023-03-23,Pisang Goreng,Snack,36,10000,360000,Cabang C,Cash
2023-01-10,Nasi Uduk,Makanan,3,22000,66000,Cabang A,Transfer
2024-09-17,Ayam Geprek,Makanan,47,28000,1316000,Cabang B,Cash
2023-06-10,Pisang Goreng,Snack,12,10000,120000,Cabang B,Cash
2023-10-19,Jus Alpukat,Minuman,5,15000,75000,Cabang A,Cash
2024-12-07,Nasi Uduk,Makanan,26,22000,572000,Cabang A,Cash
2024-12-14,Jus Alpukat,Minuman,28,15000,420000,Cabang B,Cash
2023-10-18,Kopi Susu,Minuman,5,12000,60000,Cabang C,Cash
2024-06-25,Kopi Susu,Minuman,18,12000,216000,Cabang B,Cash
2024-08-14,Nasi Goreng,Makanan,4,25000,100000,Cabang B,E-Wallet
2024-11-03,Nasi Uduk,Makanan,458,22000,10076000,Cabang A,Cash
2024-08-04,Nasi Uduk,Makanan,336,22000,7392000,Cabang C,Cash
2023-01-12,Susu Coklat,Minuman,5,14000,70000,Cabang C,Cash
2024-06-22,Pisang Goreng,Snack,45,10000,450000,Cabang B,Cash
2024-11-07,Susu Coklat,Minuman,406,14000,5684000,Cabang A,Cash
2023-03-23,Susu Coklat,Minuman,49,14000,686000,Cabang C,Cash
2023-11-25,Susu Coklat,Minuman,34,14000,476000,Cabang C,Cash
2023-09-18,Ayam Geprek,Makanan,11,28000,308000,Cabang B,Cash
2024-12-06,Pisang Goreng,Snack,36,10000,360000,Cabang A,Cash
2023-05-28,Es Teh Manis,Minuman,38,8000,304000,Cabang C,Cash
2023-05-04,Mie Ayam,Makanan,29,20000,580000,Cabang B,Cash
2023-08-20,Nasi Goreng,Makanan,1,25000,25000,Cabang C,Cash
2023-09-22,Es Teh Manis,Minuman,15,8000,120000,Cabang A,Cash
2023-11-27,Jus Alpukat,Minuman,31,15000,465000,Cabang C,Transfer
2024-02-15,Nasi Goreng,Makanan,25,25000,625000,Cabang C,Cash
2024-09-01,Roti Bakar,Snack,2,18000,36000,Cabang C,E-Wallet
2024-03-29,Jus Alpukat,Minuman,24,15000,360000,Cabang C,E-Wallet
2024-07-20,Jus Alpukat,Minuman,16,15000,240000,Cabang C,Cash
2024-03-24,Kentang Goreng,Snack,9,12000,108000,Cabang B,QRIS
2024-07-20,Susu Coklat,Minuman,17,14000,238000,Cabang A,Cash
2024-06-26,Ayam Geprek,Makanan,19,28000,532000,Cabang C,Cash
2023-02-26,Susu Coklat,Minuman,15,14000,210000,Cabang A,Cash
2024-12-16,Susu Coklat,Minuman,10,14000,140000,Cabang C,Transfer
2023-11-14,Es Teh Manis,Minuman,4,8000,32000,Cabang C,Cash
2023-12-22,Jus Alpukat,Minuman,21,15000,315000,Cabang C,QRIS
2023-12-06,Roti Bakar,Snack,41,18000,738000,Cabang B,QRIS
2024-10-17,Kopi Susu,Minuman,45,12000,540000,Cabang B,Cash
2024-01-15,Es Teh Manis,Minuman,36,8000,288000,Cabang A,Cash
2023-01-21,Kentang Goreng,Snack,5,12000,60000,Cabang C,QRIS
2024-03-10,Kentang Goreng,Snack,21,12000,252000,Cabang A,E-Wallet
2023-09-09,Mie Ayam,Makanan,2,20000,40000,Cabang A,Cash
2024-10-12,Pisang Goreng,Snack,17,10000,170000,Cabang A,Cash
2023-03-14,Es Teh Manis,Minuman,45,8000,360000,Cabang C,Cash
2023-03-13,Roti Bakar,Snack,9,18000,162000,Cabang A,Cash
2023-12-30,Es Teh Manis,Minuman,30,8000,240000,Cabang C,Transfer
2023-03-14,Kopi Susu,Minuman,21,12000,252000,Cabang C,Cash
2024-11-25,Mie Ayam,Makanan,10,20000,200000,Cabang B,Cash
2023-02-28,Nasi Uduk,Makanan,15,22000,330000,Cabang B,Cash
2024-09-04,Nasi Goreng,Makanan,37,25000,925000,Cabang B,Cash
2023-04-06,Kopi Susu,Minuman,21,12000,252000,Cabang B,Cash
2024-02-19,Jus Alpukat,Minuman,14,15000,210000,Cabang C,Cash
2024-03-22,Nasi Goreng,Makanan,29,25000,725000,Cabang C,QRIS
2024-08-20,Nasi Goreng,Makanan,45,25000,1125000,Cabang C,QRIS
2023-06-14,Jus Alpukat,Minuman,11,15000,165000,Cabang A,Transfer
2024-11-15,Ayam Geprek,Makanan,45,28000,1260000,Cabang B,Cash
2024-02-09,Nasi Uduk,Makanan,29,22000,638000,Cabang C,Cash
2023-05-27,Es Teh Manis,Minuman,44,8000,352000,Cabang B,QRIS
2024-12-04,Pisang Goreng,Snack,23,10000,230000,Cabang A,QRIS
2023-06-16,Nasi Goreng,Makanan,20,25000,500000,Cabang A,QRIS
2024-10-25,Nasi Uduk,Makanan,2,22000,44000,Cabang C,Transfer
2024-01-18,Susu Coklat,Minuman,43,14000,602000,Cabang A,E-Wallet
2023-12-30,Susu Coklat,Minuman,36,14000,504000,Cabang C,Cash
2023-05-17,Jus Alpukat,Minuman,24,15000,360000,Cabang C,QRIS
2024-05-28,Pisang Goreng,Snack,21,10000,210000,Cabang B,Cash
2023-08-19,Kopi Susu,Minuman,49,12000,588000,Cabang C,Transfer
2023-06-07,Mie Ayam,Makanan,11,20000,220000,Cabang B,Cash
2024-07-20,Jus Alpukat,Minuman,18,15000,270000,Cabang B,Cash
2023-01-25,Es Teh Manis,Minuman,28,8000,224000,Cabang B,Transfer
2024-10-07,Kopi Susu,Minuman,49,12000,588000,Cabang B,E-Wallet
2023-02-17,Kopi Susu,Minuman,49,12000,588000,Cabang C,Cash
2023-11-10,Es Teh Manis,Minuman,3,8000,24000,Cabang C,QRIS
2023-12-26,Es Teh Manis,Minuman,37,8000,296000,Cabang C,E-Wallet
2023-01-22,Susu Coklat,Minuman,41,14000,574000,Cabang C,QRIS
2024-07-11,Jus Alpukat,Minuman,38,15000,570000,Cabang B,QRIS
2024-11-19,Kopi Susu,Minuman,22,12000,264000,Cabang C,Cash
2024-12-03,Es Teh Manis,Minuman,40,8000,320000,Cabang A,Cash
2023-05-23,Pisang Goreng,Snack,28,10000,280000,Cabang C,Cash
2023-10-31,Kopi Susu,Minuman,49,12000,588000,Cabang B,E-Wallet
2023-05-04,Susu Coklat,Minuman,33,14000,462000,Cabang B,Cash
2024-03-10,Nasi Uduk,Makanan,219,22000,4818000,Cabang B,E-Wallet
2023-03-10,Susu Coklat,Minuman,42,14000,588000,Cabang C,E-Wallet
2024-01-04,Kentang Goreng,Snack,40,12000,480000,Cabang C,Transfer
2023-02-02,Nasi Goreng,Makanan,11,25000,275000,Cabang C,Transfer
2023-08-03,Susu Coklat,Minuman,10,14000,140000,Cabang C,Cash
2024-03-17,Mie Ayam,Makanan,35,20000,700000,Cabang A,QRIS
2024-12-22,Es Teh Manis,Minuman,22,8000,176000,Cabang B,Cash
2023-07-12,Roti Bakar,Snack,49,18000,882000,Cabang C,Transfer
2023-05-18,Susu Coklat,Minuman,383,14000,5362000,Cabang A,Cash
2023-08-01,Pisang Goreng,Snack,40,10000,400000,Cabang A,Cash
2023-04-05,Susu Coklat,Minuman,31,14000,434000,Cabang B,QRIS
2024-04-27,Es Teh Manis,Minuman,40,8000,320000,Cabang C,Cash
2024-11-03,Susu Coklat,Minuman,14,14000,196000,Cabang B,Cash
2023-11-06,Roti Bakar,Snack,29,18000,522000,Cabang B,Cash
2023-10-07,Susu Coklat,Minuman,10,14000,140000,Cabang A,Cash
2023-09-04,Nasi Uduk,Makanan,33,22000,726000,Cabang C,Cash
2024-08-10,Es Teh Manis,Minuman,13,8000,104000,Cabang B,Cash
2023-05-21,Nasi Goreng,Makanan,4,25000,100000,Cabang C,Cash
2024-10-14,Mie Ayam,Makanan,42,20000,840000,Cabang B,E-Wallet
2024-01-28,Es Teh Manis,Minuman,30,8000,240000,Cabang B,Cash
2023-01-06,Susu Coklat,Minuman,485,14000,6790000,Cabang C,Transfer
2023-12-03,Mie Ayam,Makanan,6,20000,120000,Cabang C,Cash
2024-11-10,Kentang Goreng,Snack,34,12000,408000,Cabang C,Cash
2023-10-16,Kopi Susu,Minuman,42,12000,504000,Cabang B,Cash
2024-12-29,Susu Coklat,Minuman,10,14000,140000,Cabang A,Cash
2024-07-29,Mie Ayam,Makanan,49,20000,980000,Cabang B,Transfer
2023-09-02,Pisang Goreng,Snack,18,10000,180000,Cabang B,Cash
2023-09-03,Nasi Uduk,Makanan,42,22000,924000,Cabang C,QRIS
2024-05-18,Kopi Susu,Minuman,49,12000,588000,Cabang A,Cash
2023-08-29,Kentang Goreng,Snack,39,12000,468000,Cabang B,Cash
2023-04-23,Nasi Goreng,Makanan,49,25000,1225000,Cabang A,Cash
2023-07-17,Susu Coklat,Minuman,2,14000,28000,Cabang A,Cash
2024-07-14,Es Teh Manis,Minuman,44,8000,352000,Cabang B,QRIS
2023-04-29,Jus Alpukat,Minuman,28,15000,420000,Cabang C,E-Wallet
2023-07-30,Mie Ayam,Makanan,26,20000,520000,Cabang A,Cash
2023-10-29,Mie Ayam,Makanan,49,20000,980000,Cabang B,QRIS
2024-09-15,Kentang Goreng,Snack,1,12000,12000,Cabang B,Cash
2024-11-03,Nasi Uduk,Makanan,10,22000,220000,Cabang C,Cash
2023-03-11,Es Teh Manis,Minuman,33,8000,264000,Cabang C,Cash
2024-03-10,Es Teh Manis,Minuman,4,8000,32000,Cabang C,E-Wallet
2023-04-08,Kentang Goreng,Snack,36,12000,432000,Cabang C,Cash
2024-12-16,Mie Ayam,Makanan,210,20000,4200000,Cabang C,E-Wallet
2024-04-27,Es Teh Manis,Minuman,42,8000,336000,Cabang B,Cash
2024-10-16,Nasi Goreng,Makanan,21,25000,525000,Cabang A,QRIS
2023-03-25,Kentang Goreng,Snack,48,12000,576000,Cabang B,Cash
2024-05-03,Susu Coklat,Minuman,39,14000,546000,Cabang A,E-Wallet
2023-02-14,Kopi Susu,Minuman,9,12000,108000,Cabang C,Cash
2023-11-30,Kopi Susu,Minuman,7,12000,84000,Cabang B,Cash
2024-04-05,Susu Coklat,Minuman,48,14000,672000,Cabang C,QRIS
2024-11-26,Susu Coklat,Minuman,6,14000,84000,Cabang C,Cash
2023-08-23,Susu Coklat,Minuman,21,14000,294000,Cabang A,Cash
2024-05-07,Nasi Uduk,Makanan,23,22000,506000,Cabang C,E-Wallet
2023-02-04,Kopi Susu,Minuman,1,12000,12000,Cabang B,QRIS
2023-01-17,Nasi Uduk,Makanan,33,22000,726000,Cabang C,Cash
2024-04-28,Nasi Goreng,Makanan,42,25000,1050000,Cabang B,QRIS
2023-04-22,Roti Bakar,Snack,37,18000,666000,Cabang B,QRIS
2023-03-06,Ayam Geprek,Makanan,38,28000,1064000,Cabang A,Cash
2024-12-31,Roti Bakar,Snack,14,18000,252000,Cabang B,Cash
2023-05-04,Roti Bakar,Snack,17,18000,306000,Cabang C,Cash
2023-09-08,Susu Coklat,Minuman,42,14000,588000,Cabang A,Cash
2024-12-21,Pisang Goreng,Snack,1,10000,10000,Cabang C,Cash
2024-08-04,Mie Ayam,Makanan,44,20000,880000,Cabang C,Transfer
2024-02-16,Pisang Goreng,Snack,18,10000,180000,Cabang A,Cash
2023-12-27,Kentang Goreng,Snack,48,12000,576000,Cabang B,QRIS
2024-12-03,Nasi Uduk,Makanan,47,22000,1034000,Cabang A,Cash
2024-01-13,Es Teh Manis,Minuman,48,8000,384000,Cabang A,Cash
2024-12-19,Kopi Susu,Minuman,38,12000,456000,Cabang B,Cash
2023-07-22,Mie Ayam,Makanan,44,20000,880000,Cabang B,Cash
2023-12-03,Susu Coklat,Minuman,22,14000,308000,Cabang A,QRIS
2023-08-21,Kopi Susu,Minuman,15,12000,180000,Cabang B,QRIS
2024-12-28,Nasi Goreng,Makanan,11,25000,275000,Cabang C,Cash
2023-03-21,Nasi Goreng,Makanan,31,25000,775000,Cabang A,Transfer
2023-05-17,Jus Alpukat,Minuman,38,15000,570000,Cabang B,QRIS
2024-02-01,Mie Ayam,Makanan,11,20000,220000,Cabang A,Cash
2024-03-12,Susu Coklat,Minuman,41,14000,574000,Cabang A,Cash
2024-12-31,Ayam Geprek,Makanan,20,28000,560000,Cabang C,Transfer
2023-07-30,Ayam Geprek,Makanan,30,28000,840000,Cabang A,Cash
2024-09-14,Jus Alpukat,Minuman,28,15000,420000,Cabang B,Cash
2024-11-16,Pisang Goreng,Snack,34,10000,340000,Cabang C,QRIS
2023-05-26,Mie Ayam,Makanan,315,20000,6300000,Cabang B,Cash
2024-02-11,Susu Coklat,Minuman,3,14000,42000,Cabang B,Transfer
2024-09-29,Kopi Susu,Minuman,22,12000,264000,Cabang A,Cash
2023-07-12,Jus Alpukat,Minuman,21,15000,315000,Cabang B,Cash
2024-12-14,Es Teh Manis,Minuman,6,8000,48000,Cabang A,QRIS
2023-01-21,Pisang Goreng,Snack,2,10000,20000,Cabang C,Cash
2024-03-18,Pisang Goreng,Snack,18,10000,180000,Cabang B,Cash
2024-06-01,Nasi Uduk,Makanan,27,22000,594000,Cabang A,QRIS
2024-09-14,Jus Alpukat,Minuman,37,15000,555000,Cabang A,QRIS
2024-03-29,Kopi Susu,Minuman,23,12000,276000,Cabang C,Cash
2023-07-30,Nasi Uduk,Makanan,4,22000,88000,Cabang C,Transfer
2023-02-12,Kentang Goreng,Snack,32,12000,384000,Cabang C,Cash
2024-01-08,Es Teh Manis,Minuman,9,8000,72000,Cabang C,Cash
2024-12-26,Ayam Geprek,Makanan,1,28000,28000,Cabang B,Cash
2023-05-10,Es Teh Manis,Minuman,38,8000,304000,Cabang C,Cash
2023-05-14,Ayam Geprek,Makanan,49,28000,1372000,Cabang B,Cash
2024-04-26,Nasi Goreng,Makanan,46,25000,1150000,Cabang C,Cash
2023-12-16,Kopi Susu,Minuman,38,12000,456000,Cabang C,E-Wallet
2024-08-27,Susu Coklat,Minuman,29,14000,406000,Cabang A,Cash
2024-09-16,Nasi Goreng,Makanan,27,25000,675000,Cabang C,Cash
2023-03-20,Ayam Geprek,Makanan,46,28000,1288000,,QRIS
2024-08-03,Kopi Susu,Minuman,28,12000,336000,Cabang B,Cash
2024-02-11,Kopi Susu,Minuman,24,12000,288000,Cabang B,Cash
2024-04-20,Jus Alpukat,Minuman,36,15000,540000,Cabang A,Transfer
2023-12-31,Pisang Goreng,Snack,415,10000,4150000,Cabang C,Cash
2024-12-21,Susu Coklat,Minuman,15,14000,210000,Cabang A,Cash
2024-10-01,Nasi Goreng,Makanan,49,25000,1225000,Cabang A,Cash
2024-07-07,Kentang Goreng,Snack,45,12000,540000,Cabang B,Cash
2023-11-18,Pisang Goreng,Snack,7,10000,70000,Cabang A,Cash
2024-07-20,Mie Ayam,Makanan,5,20000,100000,Cabang C,QRIS
2024-05-05,Ayam Geprek,Makanan,43,28000,1204000,Cabang B,E-Wallet
2023-08-25,Kopi Susu,Minuman,36,12000,432000,Cabang C,Cash
2023-04-17,Kentang Goreng,Snack,4,12000,48000,Cabang A,Transfer
2023-09-25,Jus Alpukat,Minuman,13,15000,195000,Cabang B,Cash
2023-01-10,Roti Bakar,Snack,25,18000,450000,Cabang A,Cash
2024-05-22,Es Teh Manis,Minuman,20,8000,160000,Cabang C,QRIS
2024-03-06,Es Teh Manis,Minuman,5,8000,40000,Cabang A,Cash
2023-03-30,Roti Bakar,Snack,19,18000,342000,Cabang B,Transfer
2024-06-19,Roti Bakar,Snack,15,18000,270000,Cabang C,Cash
2023-04-24,Es Teh Manis,Minuman,33,8000,264000,Cabang A,Cash
2023-09-25,Jus Alpukat,Minuman,9,15000,135000,Cabang A,Cash
2023-09-20,Es Teh Manis,Minuman,39,8000,312000,Cabang C,Cash
2023-10-30,Nasi Goreng,Makanan,15,25000,375000,Cabang B,Cash
2024-03-10,Kopi Susu,Minuman,23,12000,276000,Cabang A,Cash
2024-04-17,Susu Coklat,Minuman,6,14000,84000,Cabang A,Transfer
2023-10-14,Roti Bakar,Snack,9,18000,162000,Cabang C,Cash
2023-03-05,Jus Alpukat,Minuman,43,15000,645000,Cabang B,Cash
2024-08-07,Kopi Susu,Minuman,38,12000,456000,Cabang A,QRIS
2023-08-12,Jus Alpukat,Minuman,24,15000,360000,Cabang A,Transfer
2023-12-07,Nasi Goreng,Makanan,29,25000,725000,Cabang C,E-Wallet
2023-05-25,Kopi Susu,Minuman,24,12000,288000,Cabang B,Cash
2023-03-13,Roti Bakar,Snack,23,18000,414000,Cabang B,E-Wallet
2024-12-26,Kentang Goreng,Snack,44,12000,528000,Cabang A,Cash
2023-04-19,Susu Coklat,Minuman,11,14000,154000,Cabang C,QRIS
2024-03-23,Ayam Geprek,Makanan,3,28000,84000,Cabang C,Cash
2024-01-23,Jus Alpukat,Minuman,17,15000,255000,Cabang B,E-Wallet
2024-04-18,Jus Alpukat,Minuman,30,15000,450000,Cabang A,Cash
2024-04-20,Ayam Geprek,Makanan,37,28000,1036000,Cabang B,Cash
2023-08-12,Susu Coklat,Minuman,28,14000,392000,Cabang B,Transfer
2024-05-26,Nasi Goreng,Makanan,41,25000,1025000,Cabang B,Cash
2024-11-02,Susu Coklat,Minuman,3,14000,42000,Cabang B,Transfer
2024-07-14,Nasi Uduk,Makanan,29,22000,638000,Cabang C,Cash
2023-10-09,Jus Alpukat,Minuman,22,15000,330000,Cabang B,QRIS
2023-09-02,Kopi Susu,Minuman,44,12000,528000,Cabang C,Cash
2023-01-25,Roti Bakar,Snack,11,18000,198000,Cabang C,Cash
2023-12-20,Mie Ayam,Makanan,30,20000,600000,Cabang A,Cash
2023-04-15,Ayam Geprek,Makanan,7,28000,196000,Cabang A,Cash
2024-08-03,Jus Alpukat,Minuman,25,15000,375000,Cabang A,Transfer
2023-12-25,Kopi Susu,Minuman,26,12000,312000,Cabang B,Cash
2024-02-18,Mie Ayam,Makanan,22,20000,440000,Cabang A,E-Wallet
2024-03-15,Kopi Susu,Minuman,9,12000,108000,Cabang C,Cash
2023-04-20,Kentang Goreng,Snack,40,12000,480000,Cabang B,Cash
2024-03-17,Kopi Susu,Minuman,34,12000,408000,Cabang A,Cash
2024-04-16,Kopi Susu,Minuman,12,12000,144000,Cabang B,Cash
2024-04-13,Jus Alpukat,Minuman,20,15000,300000,Cabang B,Transfer
2023-04-01,Kopi Susu,Minuman,11,12000,132000,Cabang C,Cash
2024-05-03,Kopi Susu,Minuman,18,12000,216000,Cabang A,Cash
2024-02-07,Jus Alpukat,Minuman,4,15000,60000,Cabang B,Cash
2024-06-22,Roti Bakar,Snack,2,18000,36000,Cabang B,Cash
2024-04-20,Jus Alpukat,Minuman,34,15000,510000,Cabang C,Cash
2023-08-30,Roti Bakar,Snack,9,18000,162000,Cabang C,QRIS
2023-12-29,Kopi Susu,Minuman,43,12000,516000,Cabang C,Cash
2023-01-14,Kopi Susu,Minuman,26,12000,312000,Cabang C,QRIS
2024-11-03,Jus Alpukat,Minuman,46,15000,690000,Cabang C,QRIS
2024-01-21,Nasi Goreng,Makanan,14,25000,350000,Cabang B,QRIS
2024-03-02,Kopi Susu,Minuman,40,12000,480000,Cabang B,Cash
2023-11-18,Roti Bakar,Snack,7,18000,126000,Cabang C,Cash
2024-11-18,Susu Coklat,Minuman,4,14000,56000,Cabang A,QRIS
2023-07-29,Kopi Susu,Minuman,49,12000,588000,Cabang A,E-Wallet
2024-03-08,Nasi Goreng,Makanan,47,25000,1175000,Cabang A,Cash
2024-02-01,Kopi Susu,Minuman,37,12000,444000,Cabang B,Cash
2024-07-07,Nasi Uduk,Makanan,27,22000,594000,Cabang A,QRIS
2024-04-09,Susu Coklat,Minuman,29,14000,406000,Cabang B,E-Wallet
2024-07-21,Nasi Uduk,Makanan,49,22000,1078000,Cabang B,Cash
2023-09-10,Mie Ayam,Makanan,32,20000,640000,Cabang A,Cash
2024-06-10,Nasi Uduk,Makanan,28,22000,616000,Cabang B,E-Wallet
2023-03-16,Kopi Susu,Minuman,14,12000,168000,Cabang B,Cash
2023-04-14,Mie Ayam,Makanan,28,20000,560000,Cabang A,E-Wallet
2024-02-08,Nasi Uduk,Makanan,2,22000,44000,Cabang C,QRIS
2023-04-08,Ayam Geprek,Makanan,44,28000,1232000,Cabang C,Cash
2023-01-20,Kentang Goreng,Snack,12,12000,144000,Cabang B,Cash
2024-08-14,Jus Alpukat,Minuman,23,15000,345000,Cabang A,Cash
2023-01-30,Susu Coklat,Minuman,7,14000,98000,Cabang B,QRIS
2023-09-20,Kopi Susu,Minuman,8,12000,96000,Cabang C,Cash
2024-12-30,Nasi Uduk,Makanan,249,22000,5478000,Cabang A,Transfer
2024-04-27,Susu Coklat,Minuman,3,14000,42000,Cabang A,Cash
2023-09-11,Susu Coklat,Minuman,25,14000,350000,Cabang C,Cash
2024-02-04,Pisang Goreng,Snack,1,10000,10000,Cabang B,Transfer
2024-10-23,Jus Alpukat,Minuman,12,15000,180000,Cabang A,QRIS
2024-09-28,Nasi Goreng,Makanan,34,25000,850000,Cabang C,QRIS
2024-02-07,Es Teh Manis,Minuman,14,8000,112000,Cabang A,Cash
2023-06-03,Jus Alpukat,Minuman,45,15000,675000,Cabang B,Cash
2023-04-13,Jus Alpukat,Minuman,48,15000,720000,Cabang C,Cash
2024-10-07,Roti Bakar,Snack,14,18000,252000,Cabang A,Cash
2024-03-16,Pisang Goreng,Snack,22,10000,220000,Cabang C,Cash
2023-04-21,Pisang Goreng,Snack,7,10000,70000,Cabang C,Cash
2023-03-04,Nasi Uduk,Makanan,47,22000,1034000,Cabang A,QRIS
2024-05-03,Roti Bakar,Snack,5,18000,90000,Cabang A,Cash
2023-03-14,Kentang Goreng,Snack,20,12000,240000,Cabang C,Cash
2023-12-20,Kopi Susu,Minuman,29,12000,348000,Cabang A,E-Wallet
2023-01-14,Es Teh Manis,Minuman,42,8000,336000,Cabang A,Transfer
2023-02-15,Pisang Goreng,Snack,49,10000,490000,Cabang B,Cash
2023-04-13,Susu Coklat,Minuman,21,14000,294000,Cabang A,Cash
2023-06-04,Nasi Uduk,Makanan,43,22000,946000,Cabang B,Cash
2023-06-19,Ayam Geprek,Makanan,43,28000,1204000,Cabang C,Cash
2024-06-15,Ayam Geprek,Makanan,20,28000,560000,Cabang A,E-Wallet
2023-12-18,Nasi Goreng,Makanan,441,25000,11025000,Cabang C,Cash
2023-03-04,Pisang Goreng,Snack,5,10000,50000,Cabang C,Cash
2024-05-27,Es Teh Manis,Minuman,7,8000,56000,Cabang A,QRIS
2024-06-02,Susu Coklat,Minuman,10,14000,140000,Cabang B,Cash
2023-10-25,Es Teh Manis,Minuman,15,8000,120000,Cabang C,Cash
2023-03-28,Susu Coklat,Minuman,11,14000,154000,Cabang C,QRIS
2023-10-06,Roti Bakar,Snack,33,18000,594000,Cabang B,Cash
2024-02-18,Jus Alpukat,Minuman,28,15000,420000,Cabang A,Cash
2023-06-14,Kopi Susu,Minuman,47,12000,564000,Cabang A,Cash
2024-05-03,Nasi Uduk,Makanan,42,22000,924000,Cabang B,Cash
2024-11-22,Es Teh Manis,Minuman,385,8000,3080000,Cabang B,Cash
2023-06-13,Jus Alpukat,Minuman,43,15000,645000,Cabang B,Cash
2024-01-31,Es Teh Manis,Minuman,40,8000,320000,Cabang B,QRIS
2023-06-06,Kopi Susu,Minuman,2,12000,24000,Cabang C,Cash
2023-11-29,Nasi Uduk,Makanan,8,22000,176000,Cabang C,Cash
2023-09-14,Nasi Uduk,Makanan,10,22000,220000,Cabang A,Cash
2023-04-21,Jus Alpukat,Minuman,6,15000,90000,Cabang C,Cash
2024-08-31,Nasi Uduk,Makanan,15,22000,330000,Cabang C,E-Wallet
2023-01-21,Es Teh Manis,Minuman,42,8000,336000,Cabang B,E-Wallet
2023-12-11,Kentang Goreng,Snack,34,12000,408000,Cabang B,Cash
2023-07-09,Pisang Goreng,Snack,49,10000,490000,Cabang A,Cash
2024-06-26,Es Teh Manis,Minuman,48,8000,384000,Cabang C,Cash
2023-01-22,Nasi Uduk,Makanan,19,22000,418000,Cabang C,QRIS
2023-02-17,Jus Alpukat,Minuman,23,15000,345000,Cabang A,Cash
2023-01-11,Mie Ayam,Makanan,41,20000,820000,Cabang A,Cash
2024-08-30,Mie Ayam,Makanan,34,20000,680000,Cabang A,Cash
2023-09-01,Susu Coklat,Minuman,14,14000,196000,Cabang C,QRIS
2024-03-17,Kentang Goreng,Snack,47,12000,564000,Cabang A,Cash
2024-05-24,Roti Bakar,Snack,30,18000,540000,Cabang C,Cash
2023-12-02,Mie Ayam,Makanan,17,20000,340000,Cabang B,Cash
2024-05-13,Jus Alpukat,Minuman,39,15000,585000,Cabang C,Cash
2024-11-25,Susu Coklat,Minuman,40,14000,560000,Cabang A,Cash
2024-05-03,Nasi Uduk,Makanan,40,22000,880000,Cabang B,Cash
2023-05-21,Ayam Geprek,Makanan,30,28000,840000,Cabang A,Cash
2023-12-19,Pisang Goreng,Snack,37,10000,370000,Cabang C,Cash
2023-09-10,Ayam Geprek,Makanan,35,28000,980000,Cabang C,Cash
2023-06-05,Es Teh Manis,Minuman,317,8000,2536000,Cabang C,Cash
2024-11-12,Susu Coklat,Minuman,10,14000,140000,Cabang C,QRIS
2023-12-29,Kopi Susu,Minuman,11,12000,132000,Cabang A,Cash
2024-08-11,Susu Coklat,Minuman,4,14000,56000,Cabang B,Transfer
2024-01-24,Susu Coklat,Minuman,16,14000,224000,Cabang B,Cash
2023-03-14,Kopi Susu,Minuman,7,12000,84000,Cabang B,Cash
2024-11-07,Kentang Goreng,Snack,36,12000,432000,Cabang C,Cash
2023-09-17,Es Teh Manis,Minuman,2,8000,16000,Cabang A,QRIS
2023-10-30,Kopi Susu,Minuman,19,12000,228000,Cabang B,Cash
2023-10-18,Jus Alpukat,Minuman,11,15000,165000,Cabang C,QRIS
2023-06-22,Mie Ayam,Makanan,25,20000,500000,Cabang C,Cash
2023-04-24,Kopi Susu,Minuman,33,12000,396000,Cabang B,Cash
2023-05-20,Kentang Goreng,Snack,8,12000,96000,Cabang A,Cash
2023-01-23,Susu Coklat,Minuman,28,14000,392000,Cabang C,QRIS
2023-06-15,Nasi Goreng,Makanan,22,25000,550000,Cabang A,Cash
2024-02-15,Nasi Goreng,Makanan,42,25000,1050000,Cabang C,Transfer
2023-02-11,Jus Alpukat,Minuman,42,15000,630000,Cabang A,Transfer
2023-11-18,Pisang Goreng,Snack,5,10000,50000,Cabang C,E-Wallet
2023-03-30,Susu Coklat,Minuman,48,14000,672000,Cabang B,QRIS
2023-08-26,Jus Alpukat,Minuman,1,15000,15000,Cabang C,Cash
2023-09-18,Es Teh Manis,Minuman,17,8000,136000,Cabang B,Transfer
2024-11-21,Jus Alpukat,Minuman,258,15000,3870000,Cabang A,Cash
2024-09-21,Kopi Susu,Minuman,44,12000,528000,Cabang A,Cash
2024-07-27,Mie Ayam,Makanan,4,20000,80000,Cabang C,Cash
2024-12-21,Roti Bakar,Snack,13,18000,234000,Cabang C,QRIS
2023-12-19,Ayam Geprek,Makanan,13,28000,364000,Cabang C,Cash
2024-12-13,Es Teh Manis,Minuman,1,8000,8000,Cabang B,Cash
2023-04-08,Pisang Goreng,Snack,48,10000,480000,Cabang A,E-Wallet
2024-10-05,Mie Ayam,Makanan,33,20000,660000,Cabang A,Cash
2023-09-19,Roti Bakar,Snack,15,18000,270000,Cabang A,QRIS
2023-10-11,Kentang Goreng,Snack,10,12000,120000,Cabang B,Cash
2023-03-03,Susu Coklat,Minuman,8,14000,112000,Cabang B,Cash
2024-03-26,Roti Bakar,Snack,45,18000,810000,Cabang C,Cash
2023-06-18,Nasi Goreng,Makanan,26,25000,650000,Cabang A,Cash
2024-09-05,Nasi Uduk,Makanan,35,22000,770000,Cabang B,Cash
2024-12-20,Roti Bakar,Snack,19,18000,342000,Cabang C,QRIS
2023-04-01,Es Teh Manis,Minuman,6,8000,48000,Cabang C,Cash
2024-09-30,Roti Bakar,Snack,2,18000,36000,Cabang B,Cash
2024-01-18,Es Teh Manis,Minuman,28,8000,224000,Cabang A,Cash
2023-08-21,Jus Alpukat,Minuman,10,15000,150000,Cabang A,QRIS
2024-07-03,Es Teh Manis,Minuman,5,8000,40000,Cabang C,Transfer
2024-05-24,Jus Alpukat,Minuman,31,15000,465000,Cabang C,E-Wallet
2023-05-10,Nasi Goreng,Makanan,18,25000,450000,Cabang C,Transfer
2023-12-20,Jus Alpukat,Minuman,388,15000,5820000,Cabang A,Cash
2024-03-21,Mie Ayam,Makanan,40,20000,800000,Cabang B,QRIS
2024-11-09,Kopi Susu,Minuman,48,12000,576000,Cabang A,E-Wallet
2024-07-02,Jus Alpukat,Minuman,47,15000,705000,Cabang C,QRIS
2023-07-25,Jus Alpukat,Minuman,12,15000,180000,Cabang A,QRIS
2024-10-13,Mie Ayam,Makanan,7,20000,140000,Cabang C,E-Wallet
2023-10-02,Mie Ayam,Makanan,41,20000,820000,Cabang A,QRIS
2023-03-26,Nasi Uduk,Makanan,35,22000,770000,Cabang C,Cash
2023-12-01,Es Teh Manis,Minuman,25,8000,200000,Cabang C,Cash
2024-07-05,Roti Bakar,Snack,6,18000,108000,Cabang A,Cash
2023-06-17,Nasi Goreng,Makanan,24,25000,600000,Cabang B,E-Wallet
2024-07-07,Es Teh Manis,Minuman,38,8000,304000,Cabang B,Cash
2024-05-27,Nasi Uduk,Makanan,33,22000,726000,Cabang B,E-Wallet
2024-11-17,Mie Ayam,Makanan,20,20000,400000,Cabang A,Cash
2023-08-12,Jus Alpukat,Minuman,35,15000,525000,Cabang B,Cash
2023-05-07,Roti Bakar,Snack,30,18000,540000,Cabang C,Cash
2023-03-15,Jus Alpukat,Minuman,28,15000,420000,Cabang C,Cash
2023-05-22,Susu Coklat,Minuman,11,14000,154000,Cabang B,Cash
2023-05-02,Es Teh Manis,Minuman,40,8000,320000,Cabang B,Transfer
2023-06-05,Pisang Goreng,Snack,5,10000,50000,Cabang A,Cash
2023-05-03,Es Teh Manis,Minuman,39,8000,312000,Cabang B,Cash
2023-12-21,Kopi Susu,Minuman,13,12000,156000,Cabang B,Cash
2024-09-27,Kopi Susu,Minuman,43,12000,516000,Cabang B,QRIS
2024-12-25,Jus Alpukat,Minuman,43,15000,645000,Cabang C,Cash
2023-12-21,Nasi Goreng,Makanan,39,25000,975000,Cabang B,E-Wallet
2023-01-15,Susu Coklat,Minuman,12,14000,168000,Cabang C,Cash
2023-02-08,Susu Coklat,Minuman,21,14000,294000,Cabang C,Cash
2023-08-01,Pisang Goreng,Snack,48,10000,480000,Cabang B,Cash
2024-03-27,Es Teh Manis,Minuman,44,8000,352000,Cabang B,Cash
2023-10-16,Mie Ayam,Makanan,8,20000,160000,Cabang A,Cash
2024-07-22,Es Teh Manis,Minuman,28,8000,224000,Cabang C,Cash
2024-04-30,Jus Alpukat,Minuman,40,15000,600000,Cabang A,E-Wallet
2023-07-01,Es Teh Manis,Minuman,35,8000,280000,Cabang B,Transfer
2024-09-16,Nasi Goreng,Makanan,49,25000,1225000,Cabang A,QRIS
2023-07-02,Nasi Goreng,Makanan,7,25000,175000,Cabang B,Cash
2023-01-15,Es Teh Manis,Minuman,16,8000,128000,Cabang B,E-Wallet
2023-12-13,Mie Ayam,Makanan,17,20000,340000,Cabang A,Cash
2024-06-21,Roti Bakar,Snack,1,18000,18000,Cabang A,Cash
2024-08-22,Mie Ayam,Makanan,22,20000,440000,Cabang C,Cash
2024-05-29,Nasi Uduk,Makanan,44,22000,968000,Cabang B,Cash
2024-12-20,Susu Coklat,Minuman,27,14000,378000,Cabang C,QRIS
2024-07-17,Roti Bakar,Snack,5,18000,90000,Cabang C,Cash
2024-08-20,Kentang Goreng,Snack,10,12000,120000,Cabang C,Cash
2024-05-26,Pisang Goreng,Snack,28,10000,280000,Cabang B,QRIS
2023-10-29,Es Teh Manis,Minuman,1,8000,8000,Cabang A,Cash
2024-03-02,Ayam Geprek,Makanan,7,28000,196000,Cabang C,Cash
2024-11-10,Susu Coklat,Minuman,27,14000,378000,Cabang A,Cash
2023-12-31,Jus Alpukat,Minuman,39,15000,585000,Cabang B,Cash
2023-04-07,Ayam Geprek,Makanan,12,28000,336000,Cabang C,Cash
2024-09-24,Susu Coklat,Minuman,36,14000,504000,Cabang B,Cash
2023-10-02,Roti Bakar,Snack,37,18000,666000,Cabang B,QRIS
2024-12-04,Susu Coklat,Minuman,13,14000,182000,Cabang A,Cash
2024-12-27,Kopi Susu,Minuman,17,12000,204000,Cabang A,Cash
2023-12-08,Es Teh Manis,Minuman,8,8000,64000,Cabang C,Transfer
2024-03-30,Es Teh Manis,Minuman,46,8000,368000,Cabang B,Transfer
2023-09-16,Pisang Goreng,Snack,18,10000,180000,Cabang C,Cash
2024-02-16,Kopi Susu,Minuman,15,12000,180000,Cabang C,QRIS
2024-10-18,Kopi Susu,Minuman,18,12000,216000,Cabang A,Cash
2024-11-13,Mie Ayam,Makanan,47,20000,940000,Cabang C,Cash
2024-03-09,Nasi Goreng,Makanan,14,25000,350000,Cabang C,Transfer
2024-12-29,Susu Coklat,Minuman,24,14000,336000,Cabang C,E-Wallet
2024-12-15,Jus Alpukat,Minuman,43,15000,645000,Cabang B,QRIS
2024-04-30,Roti Bakar,Snack,1,18000,18000,Cabang C,QRIS
2023-05-25,Pisang Goreng,Snack,25,10000,250000,Cabang B,E-Wallet
2024-04-14,Es Teh Manis,Minuman,46,8000,368000,Cabang B,QRIS
2023-06-06,Nasi Goreng,Makanan,19,25000,475000,Cabang A,QRIS
2023-02-09,Es Teh Manis,Minuman,1,8000,8000,Cabang A,Cash
2024-08-10,Susu Coklat,Minuman,12,14000,168000,Cabang C,Cash
2024-03-15,Ayam Geprek,Makanan,26,28000,728000,Cabang B,E-Wallet
2023-04-16,Pisang Goreng,Snack,38,10000,380000,Cabang A,Cash
2023-02-24,Es Teh Manis,Minuman,27,8000,216000,Cabang B,Cash
2024-01-28,Pisang Goreng,Snack,21,10000,210000,Cabang B,Transfer
2023-09-30,Es Teh Manis,Minuman,39,8000,312000,Cabang B,Cash
2023-12-24,Jus Alpukat,Minuman,31,15000,465000,Cabang B,QRIS
2024-04-28,Ayam Geprek,Makanan,20,28000,560000,Cabang C,Transfer
2023-05-21,Ayam Geprek,Makanan,13,28000,364000,Cabang C,Cash
2024-07-21,Mie Ayam,Makanan,37,20000,740000,Cabang A,Cash
2023-03-28,Susu Coklat,Minuman,34,14000,476000,Cabang B,Cash
2023-05-29,Susu Coklat,Minuman,5,14000,70000,Cabang C,Cash
2023-02-05,Nasi Goreng,Makanan,33,25000,825000,Cabang C,Cash
2023-12-16,Kentang Goreng,Snack,26,12000,312000,Cabang B,Cash
2023-03-30,Jus Alpukat,Minuman,14,15000,210000,Cabang B,E-Wallet
2024-10-20,Nasi Goreng,Makanan,48,25000,1200000,Cabang B,Transfer
2024-09-02,Roti Bakar,Snack,34,18000,612000,Cabang B,QRIS
2023-12-16,Mie Ayam,Makanan,40,20000,800000,Cabang A,Cash
2024-01-17,Kopi Susu,Minuman,35,12000,420000,Cabang C,QRIS
2023-02-17,Kentang Goreng,Snack,17,12000,204000,Cabang B,QRIS
2023-03-19,Es Teh Manis,Minuman,22,8000,176000,Cabang C,QRIS
2023-08-27,Susu Coklat,Minuman,35,14000,490000,Cabang B,Cash
2023-09-03,Kopi Susu,Minuman,8,12000,96000,Cabang C,Transfer
2023-05-11,Es Teh Manis,Minuman,35,8000,280000,Cabang A,Cash
2023-05-22,Susu Coklat,Minuman,47,14000,658000,Cabang C,Cash
2023-08-16,Ayam Geprek,Makanan,13,28000,364000,Cabang C,Cash
2023-04-18,Mie Ayam,Makanan,47,20000,940000,Cabang C,Cash
2024-12-29,Roti Bakar,Snack,32,18000,576000,Cabang C,QRIS
2023-01-03,Nasi Uduk,Makanan,35,22000,770000,Cabang A,QRIS
2024-05-01,Nasi Uduk,Makanan,39,22000,858000,Cabang C,Transfer
2024-07-02,Roti Bakar,Snack,15,18000,270000,Cabang A,QRIS
2023-04-03,Jus Alpukat,Minuman,15,15000,225000,Cabang C,Cash
2024-03-08,Jus Alpukat,Minuman,8,15000,120000,Cabang C,Cash
2023-04-29,Jus Alpukat,Minuman,48,15000,720000,Cabang B,Cash
2024-06-08,Kopi Susu,Minuman,23,12000,276000,Cabang B,E-Wallet
2023-03-10,Jus Alpukat,Minuman,24,15000,360000,Cabang B,Transfer
2024-05-04,Kopi Susu,Minuman,14,12000,168000,Cabang C,QRIS
2024-12-18,Roti Bakar,Snack,20,18000,360000,Cabang B,Cash
2023-08-18,Susu Coklat,Minuman,26,14000,364000,Cabang B,Cash
2024-11-26,Es Teh Manis,Minuman,9,8000,72000,Cabang C,Cash
2024-08-20,Kopi Susu,Minuman,38,12000,456000,Cabang A,Cash
2024-01-26,Kopi Susu,Minuman,12,12000,144000,Cabang B,Cash
2024-08-16,Pisang Goreng,Snack,29,10000,290000,Cabang A,Cash
2023-07-28,Nasi Uduk,Makanan,28,22000,616000,Cabang A,Cash
2024-08-11,Kentang Goreng,Snack,19,12000,228000,Cabang C,Cash
2024-05-26,Nasi Uduk,Makanan,37,22000,814000,Cabang B,QRIS
2024-12-26,Es Teh Manis,Minuman,46,8000,368000,Cabang B,QRIS
2024-07-22,Kentang Goreng,Snack,3,12000,36000,Cabang A,Cash
2023-09-08,Nasi Goreng,Makanan,21,25000,525000,Cabang C,Transfer
2023-04-17,Nasi Goreng,Makanan,13,25000,325000,Cabang B,Transfer
2024-09-03,Susu Coklat,Minuman,41,14000,574000,Cabang C,Cash
2023-10-21,Kentang Goreng,Snack,19,12000,228000,Cabang B,Transfer
2023-06-17,Susu Coklat,Minuman,30,14000,420000,Cabang B,E-Wallet
2024-05-30,Es Teh Manis,Minuman,33,8000,264000,Cabang A,E-Wallet
2023-11-04,Jus Alpukat,Minuman,397,15000,5955000,Cabang B,QRIS
2024-08-03,Kopi Susu,Minuman,20,12000,240000,Cabang A,QRIS
2023-02-19,Pisang Goreng,Snack,8,10000,80000,Cabang C,E-Wallet
2024-10-06,Jus Alpukat,Minuman,48,15000,720000,Cabang B,Cash
2024-03-24,Susu Coklat,Minuman,8,14000,112000,Cabang A,QRIS
2024-04-19,Es Teh Manis,Minuman,18,8000,144000,Cabang B,Cash
2024-03-20,Nasi Uduk,Makanan,40,22000,880000,Cabang C,Cash
2024-08-01,Roti Bakar,Snack,1,18000,18000,Cabang C,QRIS
2023-08-25,Nasi Uduk,Makanan,2,22000,44000,Cabang B,QRIS
2024-11-12,Es Teh Manis,Minuman,37,8000,296000,Cabang C,Cash
2023-04-28,Mie Ayam,Makanan,47,20000,940000,Cabang B,Cash
2024-11-15,Kopi Susu,Minuman,5,12000,60000,Cabang A,QRIS
2024-04-09,Es Teh Manis,Minuman,38,8000,304000,Cabang B,Transfer
2023-08-30,Es Teh Manis,Minuman,18,8000,144000,Cabang C,Cash
2023-02-20,Ayam Geprek,Makanan,440,28000,12320000,Cabang B,Cash
2024-01-21,Jus Alpukat,Minuman,36,15000,540000,Cabang A,Cash
2023-10-15,Es Teh Manis,Minuman,4,8000,32000,Cabang A,QRIS
2023-11-03,Nasi Uduk,Makanan,6,22000,132000,Cabang B,QRIS
2023-03-19,Jus Alpukat,Minuman,18,15000,270000,Cabang C,Cash
2023-10-01,Jus Alpukat,Minuman,44,15000,660000,Cabang C,Transfer
2023-01-31,Es Teh Manis,Minuman,41,8000,328000,Cabang C,Cash
2023-11-25,Nasi Uduk,Makanan,32,22000,704000,Cabang B,Cash
2023-12-23,Kentang Goreng,Snack,16,12000,192000,Cabang B,Cash
2023-08-10,Roti Bakar,Snack,19,18000,342000,Cabang B,Cash
2023-04-19,Jus Alpukat,Minuman,1,15000,15000,Cabang A,Cash
2024-02-14,Jus Alpukat,Minuman,25,15000,375000,Cabang C,Cash
2023-02-19,Es Teh Manis,Minuman,26,8000,208000,Cabang A,Cash
2024-06-16,Es Teh Manis,Minuman,7,8000,56000,Cabang B,QRIS
2023-06-18,Jus Alpukat,Minuman,9,15000,135000,Cabang A,Cash
2024-06-18,Pisang Goreng,Snack,15,10000,150000,Cabang B,Cash
2024-04-29,Pisang Goreng,Snack,3,10000,30000,Cabang C,Cash
2023-06-14,Jus Alpukat,Minuman,33,15000,495000,Cabang A,QRIS
2023-01-22,Susu Coklat,Minuman,17,14000,238000,Cabang A,E-Wallet
2023-02-09,Es Teh Manis,Minuman,30,8000,240000,Cabang A,Transfer
2024-04-04,Es Teh Manis,Minuman,28,8000,224000,Cabang C,Cash
2024-04-14,Kopi Susu,Minuman,39,12000,468000,Cabang A,QRIS
2024-08-09,Ayam Geprek,Makanan,9,28000,252000,Cabang A,E-Wallet
2024-09-03,Ayam Geprek,Makanan,34,28000,952000,Cabang C,Cash
2024-12-18,Kopi Susu,Minuman,40,12000,480000,Cabang C,Cash
2023-02-20,Kentang Goreng,Snack,37,12000,444000,Cabang C,Cash
2024-11-09,Jus Alpukat,Minuman,13,15000,195000,Cabang A,Cash
2024-11-21,Susu Coklat,Minuman,33,14000,462000,Cabang B,Cash
2024-07-22,Roti Bakar,Snack,21,18000,378000,Cabang B,Cash
2023-05-06,Es Teh Manis,Minuman,15,8000,120000,Cabang A,Cash
2024-12-04,Ayam Geprek,Makanan,43,28000,1204000,Cabang C,QRIS
2024-06-17,Kopi Susu,Minuman,49,12000,588000,Cabang B,Cash
2024-09-05,Pisang Goreng,Snack,28,10000,280000,Cabang B,QRIS
2024-07-27,Es Teh Manis,Minuman,48,8000,384000,Cabang A,Cash
2024-06-22,Nasi Uduk,Makanan,30,22000,660000,Cabang C,QRIS
2024-04-29,Ayam Geprek,Makanan,15,28000,420000,Cabang C,E-Wallet
2024-05-22,Nasi Uduk,Makanan,34,22000,748000,Cabang B,Cash
2023-07-01,Susu Coklat,Minuman,34,14000,476000,Cabang B,Transfer
2024-04-13,Mie Ayam,Makanan,29,20000,580000,Cabang B,Cash
2023-08-09,Ayam Geprek,Makanan,43,28000,1204000,Cabang B,Cash
2024-02-17,Kentang Goreng,Snack,41,12000,492000,Cabang C,Cash
2023-03-10,Ayam Geprek,Makanan,15,28000,420000,Cabang B,QRIS
2023-11-21,Es Teh Manis,Minuman,27,8000,216000,Cabang B,E-Wallet
2024-07-19,Jus Alpukat,Minuman,24,15000,360000,Cabang C,Transfer
2024-12-26,Mie Ayam,Makanan,48,20000,960000,Cabang A,Cash
2023-01-15,Jus Alpukat,Minuman,48,15000,720000,Cabang A,Cash
2023-02-26,Ayam Geprek,Makanan,27,28000,756000,Cabang B,Transfer
2024-10-04,Kentang Goreng,Snack,6,12000,72000,Cabang A,Cash
2023-02-26,Kentang Goreng,Snack,37,12000,444000,Cabang A,QRIS
2024-10-26,Kopi Susu,Minuman,16,12000,192000,Cabang C,QRIS
2023-11-01,Es Teh Manis,Minuman,33,8000,264000,Cabang C,Cash
2023-03-04,Kopi Susu,Minuman,12,12000,144000,Cabang B,Transfer
2024-06-22,Nasi Goreng,Makanan,40,25000,1000000,Cabang C,Cash
2024-10-21,Nasi Goreng,Makanan,4,25000,100000,Cabang A,Cash
2023-09-04,Jus Alpukat,Minuman,30,15000,450000,Cabang A,E-Wallet
2024-02-12,Roti Bakar,Snack,9,18000,162000,Cabang B,E-Wallet
2023-06-03,Nasi Uduk,Makanan,47,22000,1034000,Cabang B,Cash
2023-02-27,Susu Coklat,Minuman,2,14000,28000,Cabang A,QRIS
2023-04-30,Mie Ayam,Makanan,46,20000,920000,Cabang A,Cash
2024-04-27,Jus Alpukat,Minuman,10,15000,150000,Cabang A,Cash
2023-01-17,Kopi Susu,Minuman,13,12000,156000,Cabang B,Cash
2024-09-24,Susu Coklat,Minuman,8,14000,112000,Cabang C,QRIS
2023-06-28,Jus Alpukat,Minuman,24,15000,360000,Cabang B,QRIS
2023-03-01,Nasi Goreng,Makanan,6,25000,150000,Cabang A,Cash
2023-11-07,Nasi Goreng,Makanan,11,25000,275000,Cabang C,Cash
2023-01-27,Susu Coklat,Minuman,34,14000,476000,Cabang A,Cash
2023-08-21,Roti Bakar,Snack,47,18000,846000,Cabang B,E-Wallet
2023-03-29,Mie Ayam,Makanan,27,20000,540000,Cabang C,Cash
2024-08-25,Jus Alpukat,Minuman,33,15000,495000,Cabang C,QRIS
2023-04-26,Jus Alpukat,Minuman,10,15000,150000,Cabang C,Cash
2024-01-20,Jus Alpukat,Minuman,17,15000,255000,Cabang C,Cash
2024-12-08,Nasi Goreng,Makanan,17,25000,425000,Cabang C,QRIS
2024-01-02,Jus Alpukat,Minuman,15,15000,225000,Cabang A,Transfer
2023-04-29,Roti Bakar,Snack,18,18000,324000,Cabang C,QRIS
2023-05-24,Susu Coklat,Minuman,49,14000,686000,Cabang C,Cash
2023-10-09,Nasi Goreng,Makanan,23,25000,575000,Cabang C,Cash
2024-12-17,Kopi Susu,Minuman,45,12000,540000,Cabang A,QRIS
2023-03-03,Nasi Uduk,Makanan,12,22000,264000,Cabang C,Cash
2023-10-05,Nasi Uduk,Makanan,31,22000,682000,Cabang B,Transfer
2024-06-14,Susu Coklat,Minuman,4,14000,56000,Cabang B,Cash
2023-09-22,Mie Ayam,Makanan,7,20000,140000,Cabang C,Cash
2024-12-27,Kentang Goreng,Snack,2,12000,24000,Cabang C,Cash
2024-10-26,Ayam Geprek,Makanan,31,28000,868000,Cabang B,Cash
2023-11-27,Kopi Susu,Minuman,10,12000,120000,Cabang A,Cash
2023-06-14,Susu Coklat,Minuman,20,14000,280000,Cabang A,QRIS
2023-02-11,Kopi Susu,Minuman,14,12000,168000,Cabang A,Cash
2023-03-11,Susu Coklat,Minuman,13,14000,182000,Cabang B,Cash
2024-06-30,Roti Bakar,Snack,38,18000,684000,Cabang C,Cash
2023-04-16,Pisang Goreng,Snack,5,10000,50000,Cabang A,Cash
2024-02-01,Susu Coklat,Minuman,1,14000,14000,Cabang C,Cash
2023-12-31,Jus Alpukat,Minuman,18,15000,270000,Cabang B,E-Wallet
2023-02-11,Mie Ayam,Makanan,21,20000,420000,Cabang B,Cash
2024-04-01,Mie Ayam,Makanan,270,20000,5400000,Cabang B,Cash
2023-04-22,Kopi Susu,Minuman,9,12000,108000,Cabang A,Cash
2023-06-24,Jus Alpukat,Minuman,41,15000,615000,Cabang B,E-Wallet
2024-04-06,Pisang Goreng,Snack,11,10000,110000,Cabang C,QRIS
2023-09-24,Ayam Geprek,Makanan,46,28000,1288000,Cabang C,QRIS
2024-02-08,Mie Ayam,Makanan,10,20000,200000,Cabang B,Cash
2024-07-13,Pisang Goreng,Snack,19,10000,190000,Cabang B,Cash
2023-08-30,Es Teh Manis,Minuman,17,8000,136000,Cabang B,Cash
2023-04-22,Nasi Uduk,Makanan,22,22000,484000,Cabang C,Cash
2023-02-14,Es Teh Manis,Minuman,43,8000,344000,Cabang B,Cash
2023-12-14,Nasi Goreng,Makanan,24,25000,600000,Cabang A,QRIS
2023-08-28,Pisang Goreng,Snack,31,10000,310000,Cabang C,Cash
2024-07-01,Nasi Uduk,Makanan,36,22000,792000,Cabang C,QRIS
2023-04-08,Es Teh Manis,Minuman,24,8000,192000,Cabang B,Cash
2024-10-12,Susu Coklat,Minuman,22,14000,308000,Cabang C,Transfer
2024-10-05,Kopi Susu,Minuman,3,12000,36000,Cabang A,Cash
2024-11-02,Susu Coklat,Minuman,12,14000,168000,Cabang C,Cash
2024-04-11,Kopi Susu,Minuman,453,12000,5436000,Cabang A,E-Wallet
2023-07-12,Jus Alpukat,Minuman,34,15000,510000,Cabang B,Cash
2024-07-28,Es Teh Manis,Minuman,34,8000,272000,Cabang B,Cash
2023-10-21,Nasi Uduk,Makanan,49,22000,1078000,Cabang B,Cash
2023-07-14,Ayam Geprek,Makanan,19,28000,532000,Cabang C,Cash
2024-08-08,Kopi Susu,Minuman,9,12000,108000,Cabang B,QRIS
2024-03-24,Nasi Goreng,Makanan,4,25000,100000,Cabang C,Cash
2024-06-29,Jus Alpukat,Minuman,48,15000,720000,Cabang C,Cash
2023-10-13,Pisang Goreng,Snack,43,10000,430000,Cabang B,Cash
2024-07-16,Kopi Susu,Minuman,42,12000,504000,Cabang C,Cash
2023-05-22,Ayam Geprek,Makanan,33,28000,924000,Cabang C,Cash
2023-11-14,Es Teh Manis,Minuman,4,8000,32000,Cabang B,Cash
2024-03-21,Ayam Geprek,Makanan,26,28000,728000,Cabang B,Cash
2024-11-20,Mie Ayam,Makanan,43,20000,860000,Cabang B,Cash
2023-03-22,Pisang Goreng,Snack,45,10000,450000,Cabang A,Cash
2024-06-16,Roti Bakar,Snack,23,18000,414000,Cabang B,Cash
2023-05-22,Kopi Susu,Minuman,12,12000,144000,Cabang A,QRIS
2024-03-05,Pisang Goreng,Snack,37,10000,370000,Cabang C,Cash
2024-04-15,Kopi Susu,Minuman,15,12000,180000,Cabang C,E-Wallet
2023-02-05,Pisang Goreng,Snack,296,10000,2960000,Cabang A,QRIS
2024-09-05,Jus Alpukat,Minuman,7,15000,105000,Cabang A,QRIS
2024-12-05,Mie Ayam,Makanan,7,20000,140000,Cabang B,Transfer
2023-04-12,Kentang Goreng,Snack,13,12000,156000,Cabang C,Cash
2024-08-20,Jus Alpukat,Minuman,39,15000,585000,Cabang A,Transfer
2024-08-03,Pisang Goreng,Snack,3,10000,30000,Cabang B,Cash
2023-12-31,Mie Ayam,Makanan,20,20000,400000,Cabang A,Cash
2023-12-06,Nasi Goreng,Makanan,19,25000,475000,Cabang A,Transfer
2024-11-07,Susu Coklat,Minuman,46,14000,644000,Cabang A,Transfer
2023-09-04,Susu Coklat,Minuman,29,14000,406000,Cabang B,Cash
2023-07-04,Es Teh Manis,Minuman,38,8000,304000,Cabang B,QRIS
2024-12-14,Nasi Uduk,Makanan,10,22000,220000,Cabang C,Cash
2023-03-21,Roti Bakar,Snack,37,18000,666000,Cabang B,Cash
2024-07-16,Kopi Susu,Minuman,26,12000,312000,Cabang B,Transfer
2024-06-19,Jus Alpukat,Minuman,479,15000,7185000,Cabang A,Cash
2024-07-06,Susu Coklat,Minuman,352,14000,4928000,Cabang C,Transfer
2024-04-27,Nasi Goreng,Makanan,15,25000,375000,Cabang A,Cash
2024-06-23,Susu Coklat,Minuman,41,14000,574000,Cabang C,QRIS
2024-08-11,Pisang Goreng,Snack,9,10000,90000,Cabang C,QRIS
2024-08-16,Nasi Uduk,Makanan,38,22000,836000,Cabang B,E-Wallet
2024-05-10,Ayam Geprek,Makanan,9,28000,252000,Cabang B,Cash
2023-01-29,Roti Bakar,Snack,14,18000,252000,Cabang C,QRIS
2024-08-02,Kopi Susu,Minuman,46,12000,552000,Cabang C,Cash
2024-02-24,Susu Coklat,Minuman,14,14000,196000,Cabang A,QRIS
2023-06-10,Kopi Susu,Minuman,30,12000,360000,Cabang A,Cash
2023-06-17,Roti Bakar,Snack,4,18000,72000,Cabang A,Cash
2024-12-25,Es Teh Manis,Minuman,10,8000,80000,Cabang B,Cash
2024-04-06,Nasi Uduk,Makanan,31,22000,682000,Cabang C,Cash
2024-03-12,Kentang Goreng,Snack,39,12000,468000,Cabang B,Cash
2024-04-27,Es Teh Manis,Minuman,42,8000,336000,Cabang A,QRIS
2023-12-21,Kopi Susu,Minuman,45,12000,540000,Cabang A,E-Wallet
2024-04-17,Jus Alpukat,Minuman,47,15000,705000,Cabang A,QRIS
2023-08-10,Es Teh Manis,Minuman,40,8000,320000,Cabang B,Cash
2023-12-19,Es Teh Manis,Minuman,44,8000,352000,Cabang B,Cash
2023-03-06,Kopi Susu,Minuman,2,12000,24000,Cabang B,E-Wallet
2023-08-26,Nasi Goreng,Makanan,28,25000,700000,Cabang C,Cash
2023-08-13,Jus Alpukat,Minuman,12,15000,180000,Cabang A,Cash
2024-08-30,Susu Coklat,Minuman,13,14000,182000,Cabang C,Cash
2023-09-16,Mie Ayam,Makanan,24,20000,480000,Cabang B,Cash
2024-10-08,Susu Coklat,Minuman,17,14000,238000,Cabang A,Cash
2023-05-07,Nasi Uduk,Makanan,25,22000,550000,Cabang C,Cash
2023-03-06,Pisang Goreng,Snack,13,10000,130000,Cabang B,QRIS
2023-09-27,Kentang Goreng,Snack,33,12000,396000,Cabang C,Cash
2023-04-25,Mie Ayam,Makanan,418,20000,8360000,Cabang C,Cash
2024-02-09,Kopi Susu,Minuman,44,12000,528000,Cabang C,Cash
2023-07-16,Jus Alpukat,Minuman,32,15000,480000,Cabang B,E-Wallet
2024-12-21,Nasi Uduk,Makanan,2,22000,44000,Cabang A,Cash
2023-06-01,Pisang Goreng,Snack,40,10000,400000,Cabang A,Cash
2023-12-31,Nasi Goreng,Makanan,12,25000,300000,Cabang A,QRIS
2024-10-27,Roti Bakar,Snack,23,18000,414000,Cabang A,E-Wallet
2024-07-25,Jus Alpukat,Minuman,44,15000,660000,Cabang B,Cash
2024-11-11,Kentang Goreng,Snack,17,12000,204000,Cabang B,Cash
2024-04-14,Es Teh Manis,Minuman,437,8000,3496000,Cabang C,Cash
2023-11-15,Kopi Susu,Minuman,33,12000,396000,Cabang B,Cash
2023-12-18,Nasi Uduk,Makanan,23,22000,506000,Cabang C,Transfer
2023-07-19,Roti Bakar,Snack,42,18000,756000,Cabang C,Cash
2024-03-16,Kopi Susu,Minuman,20,12000,240000,Cabang A,Cash
2024-02-01,Es Teh Manis,Minuman,18,8000,144000,Cabang C,QRIS
2024-09-30,Es Teh Manis,Minuman,17,8000,136000,Cabang A,Cash
2023-06-14,Pisang Goreng,Snack,35,10000,350000,Cabang C,Transfer
2023-07-31,Pisang Goreng,Snack,12,10000,120000,Cabang A,Cash
2024-09-26,Kentang Goreng,Snack,31,12000,372000,Cabang B,Cash
2023-04-02,Kopi Susu,Minuman,15,12000,180000,Cabang B,QRIS
2023-11-04,Kopi Susu,Minuman,45,12000,540000,Cabang C,E-Wallet
2023-07-20,Pisang Goreng,Snack,18,10000,180000,Cabang A,Transfer
2024-04-27,Nasi Uduk,Makanan,20,22000,440000,Cabang B,Cash
2023-08-08,Kentang Goreng,Snack,43,12000,516000,Cabang A,Cash
2024-10-22,Mie Ayam,Makanan,37,20000,740000,Cabang A,Cash
2023-06-13,Jus Alpukat,Minuman,23,15000,345000,Cabang C,Transfer
2024-12-22,Kopi Susu,Minuman,7,12000,84000,Cabang A,Cash
2023-06-12,Ayam Geprek,Makanan,18,28000,504000,Cabang C,Cash
2024-09-01,Nasi Goreng,Makanan,24,25000,600000,Cabang A,Cash
2024-01-02,Kentang Goreng,Snack,11,12000,132000,Cabang C,QRIS
2023-02-09,Susu Coklat,Minuman,30,14000,420000,Cabang C,Cash
2023-04-08,Nasi Uduk,Makanan,41,22000,902000,Cabang B,Transfer
2023-08-03,Kentang Goreng,Snack,3,12000,36000,Cabang C,QRIS
2023-04-02,Kopi Susu,Minuman,26,12000,312000,Cabang C,E-Wallet
2023-03-05,Es Teh Manis,Minuman,42,8000,336000,Cabang C,Cash
2023-12-21,Jus Alpukat,Minuman,24,15000,360000,Cabang B,Cash
2023-05-31,Jus Alpukat,Minuman,45,15000,675000,Cabang A,Cash
2024-11-12,Jus Alpukat,Minuman,27,15000,405000,Cabang A,QRIS
2023-12-25,Mie Ayam,Makanan,24,20000,480000,Cabang A,Cash
2024-07-26,Pisang Goreng,Snack,16,10000,160000,Cabang B,QRIS
2024-05-14,Es Teh Manis,Minuman,26,8000,208000,Cabang A,QRIS
2023-03-18,Susu Coklat,Minuman,9,14000,126000,Cabang A,Cash
2024-02-03,Kopi Susu,Minuman,33,12000,396000,Cabang B,Cash
2024-08-15,Es Teh Manis,Minuman,22,8000,176000,Cabang C,Cash
2024-02-26,Susu Coklat,Minuman,16,14000,224000,Cabang C,QRIS
2024-06-18,Roti Bakar,Snack,14,18000,252000,Cabang B,Cash
2024-06-02,Ayam Geprek,Makanan,205,28000,5740000,Cabang A,Cash
2024-11-10,Nasi Uduk,Makanan,25,22000,550000,Cabang A,Cash
2023-11-30,Es Teh Manis,Minuman,22,8000,176000,Cabang A,Cash
2024-10-24,Ayam Geprek,Makanan,10,28000,280000,Cabang A,QRIS
2023-09-01,Pisang Goreng,Snack,32,10000,320000,Cabang A,QRIS
2023-05-05,Nasi Uduk,Makanan,16,22000,352000,Cabang A,Cash
2024-02-23,Roti Bakar,Snack,41,18000,738000,Cabang C,Cash
2023-11-02,Nasi Uduk,Makanan,32,22000,704000,Cabang A,Cash
2023-12-11,Kopi Susu,Minuman,43,12000,516000,Cabang A,Cash
2024-04-17,Jus Alpukat,Minuman,30,15000,450000,Cabang C,Cash
2023-11-23,Ayam Geprek,Makanan,237,28000,6636000,Cabang C,Transfer
2023-12-07,Ayam Geprek,Makanan,8,28000,224000,Cabang B,Cash
2024-11-09,Susu Coklat,Minuman,48,14000,672000,Cabang C,E-Wallet
2024-08-11,Pisang Goreng,Snack,46,10000,460000,Cabang B,Cash
2023-11-11,Nasi Uduk,Makanan,31,22000,682000,Cabang A,Cash
2023-03-07,Es Teh Manis,Minuman,38,8000,304000,Cabang A,Cash
2024-09-06,Jus Alpukat,Minuman,23,15000,345000,Cabang B,E-Wallet
2024-07-22,Kopi Susu,Minuman,38,12000,456000,Cabang B,Cash
2023-05-13,Es Teh Manis,Minuman,11,8000,88000,Cabang C,Transfer
2024-02-11,Nasi Uduk,Makanan,23,22000,506000,Cabang C,Cash
2023-10-20,Es Teh Manis,Minuman,1,8000,8000,Cabang C,Cash
2023-04-09,Jus Alpukat,Minuman,26,15000,390000,Cabang C,Cash
2024-07-17,Es Teh Manis,Minuman,9,8000,72000,Cabang A,Cash
2023-12-07,Jus Alpukat,Minuman,393,15000,5895000,Cabang B,Cash
2023-03-26,Es Teh Manis,Minuman,41,8000,328000,Cabang A,Cash
2023-09-23,Roti Bakar,Snack,2,18000,36000,Cabang B,E-Wallet
2024-01-23,Pisang Goreng,Snack,14,10000,140000,Cabang B,E-Wallet
2024-03-24,Kopi Susu,Minuman,39,12000,468000,Cabang A,Cash
2024-12-09,Roti Bakar,Snack,40,18000,720000,Cabang A,Transfer
2023-03-30,Pisang Goreng,Snack,20,10000,200000,Cabang C,E-Wallet
2024-10-19,Pisang Goreng,Snack,31,10000,310000,Cabang A,Cash
2024-03-30,Kopi Susu,Minuman,30,12000,360000,Cabang B,QRIS
2024-10-13,Nasi Goreng,Makanan,29,25000,725000,Cabang B,E-Wallet
2023-08-21,Susu Coklat,Minuman,38,14000,532000,Cabang B,E-Wallet
2023-08-08,Es Teh Manis,Minuman,17,8000,136000,Cabang C,QRIS
2024-08-04,Jus Alpukat,Minuman,20,15000,300000,Cabang A,Cash
2024-07-02,Kopi Susu,Minuman,6,12000,72000,Cabang A,Cash
2024-09-05,Roti Bakar,Snack,364,18000,6552000,Cabang B,Transfer
2023-02-07,Es Teh Manis,Minuman,24,8000,192000,Cabang A,Cash
2023-06-15,Jus Alpukat,Minuman,19,15000,285000,Cabang B,QRIS
2024-03-10,Mie Ayam,Makanan,440,20000,8800000,Cabang B,E-Wallet
2023-02-04,Roti Bakar,Snack,39,18000,702000,Cabang B,QRIS
2023-12-11,Roti Bakar,Snack,40,18000,720000,Cabang A,Cash
2023-06-06,Jus Alpukat,Minuman,29,15000,435000,Cabang A,Cash
2023-11-25,Jus Alpukat,Minuman,25,15000,375000,Cabang C,Cash
2024-03-23,Mie Ayam,Makanan,26,20000,520000,Cabang A,Cash
2024-12-26,Nasi Goreng,Makanan,272,25000,6800000,Cabang B,Cash
2024-04-06,Nasi Uduk,Makanan,35,22000,770000,Cabang B,Cash
2023-04-16,Es Teh Manis,Minuman,41,8000,328000,Cabang C,Cash
2023-12-08,Kentang Goreng,Snack,10,12000,120000,Cabang B,Cash
2023-01-29,Ayam Geprek,Makanan,15,28000,420000,Cabang C,Cash
2023-08-13,Kopi Susu,Minuman,384,12000,4608000,Cabang A,Cash
2024-04-13,Nasi Uduk,Makanan,45,22000,990000,Cabang C,Cash
2023-04-25,Roti Bakar,Snack,20,18000,360000,Cabang B,QRIS
2023-12-30,Mie Ayam,Makanan,26,20000,520000,Cabang B,Cash
2024-02-27,Kopi Susu,Minuman,36,12000,432000,Cabang A,QRIS
2024-04-05,Mie Ayam,Makanan,9,20000,180000,Cabang A,QRIS
2023-08-31,Susu Coklat,Minuman,48,14000,672000,Cabang B,E-Wallet
2023-11-01,Jus Alpukat,Minuman,42,15000,630000,Cabang C,QRIS
2023-04-24,Kopi Susu,Minuman,218,12000,2616000,Cabang A,QRIS
2023-02-13,Roti Bakar,Snack,47,18000,846000,Cabang C,E-Wallet
2023-04-27,Susu Coklat,Minuman,45,14000,630000,Cabang A,QRIS
2024-07-28,Pisang Goreng,Snack,13,10000,130000,Cabang B,Cash
2024-05-04,Jus Alpukat,Minuman,21,15000,315000,Cabang C,E-Wallet
2023-01-20,Susu Coklat,Minuman,36,14000,504000,Cabang A,Cash
2023-11-19,Nasi Goreng,Makanan,24,25000,600000,Cabang B,Transfer
2023-02-28,Pisang Goreng,Snack,38,10000,380000,Cabang C,Cash
2023-08-27,Susu Coklat,Minuman,306,14000,4284000,Cabang B,QRIS
2023-12-14,Susu Coklat,Minuman,5,14000,70000,Cabang C,Cash
2023-04-18,Es Teh Manis,Minuman,13,8000,104000,Cabang B,Cash
2023-12-04,Nasi Uduk,Makanan,23,22000,506000,Cabang C,Cash
2023-05-25,Kopi Susu,Minuman,9,12000,108000,Cabang C,Cash
2023-01-23,Es Teh Manis,Minuman,19,8000,152000,Cabang B,E-Wallet
2024-01-12,Roti Bakar,Snack,442,18000,7956000,Cabang A,QRIS
2024-04-04,Kentang Goreng,Snack,11,12000,132000,Cabang C,Cash
2024-07-16,Mie Ayam,Makanan,5,20000,100000,Cabang C,Cash
2024-07-13,Es Teh Manis,Minuman,36,8000,288000,Cabang C,QRIS
2023-04-09,Kentang Goreng,Snack,9,12000,108000,Cabang B,QRIS
2024-01-18,Susu Coklat,Minuman,6,14000,84000,Cabang B,Cash
2023-03-30,Es Teh Manis,Minuman,485,8000,3880000,Cabang C,Cash
2024-04-14,Es Teh Manis,Minuman,10,8000,80000,Cabang B,Cash
2023-07-28,Jus Alpukat,Minuman,10,15000,150000,Cabang C,QRIS
2023-11-27,Nasi Goreng,Makanan,29,25000,725000,Cabang A,E-Wallet
2023-11-01,Jus Alpukat,Minuman,43,15000,645000,Cabang A,QRIS
2024-11-18,Es Teh Manis,Minuman,46,8000,368000,Cabang C,QRIS
2024-03-31,Susu Coklat,Minuman,21,14000,294000,Cabang A,E-Wallet
2024-03-25,Es Teh Manis,Minuman,5,8000,40000,Cabang B,Cash
2024-09-29,Es Teh Manis,Minuman,28,8000,224000,Cabang B,Cash
2023-02-20,Kopi Susu,Minuman,32,12000,384000,Cabang B,Cash
2024-08-22,Mie Ayam,Makanan,221,20000,4420000,Cabang B,QRIS
2024-11-08,Mie Ayam,Makanan,26,20000,520000,Cabang A,Transfer
2024-01-03,Ayam Geprek,Makanan,41,28000,1148000,Cabang B,Cash
2023-12-16,Nasi Uduk,Makanan,6,22000,132000,Cabang B,Cash
2024-11-14,Roti Bakar,Snack,10,18000,180000,Cabang C,Transfer
2023-05-23,Nasi Goreng,Makanan,38,25000,950000,Cabang C,Cash
2023-07-09,Susu Coklat,Minuman,42,14000,588000,Cabang A,Cash
2024-09-28,Mie Ayam,Makanan,13,20000,260000,Cabang A,QRIS
2023-10-06,Kopi Susu,Minuman,37,12000,444000,Cabang B,Cash
2024-09-04,Mie Ayam,Makanan,27,20000,540000,Cabang A,Cash
2024-01-02,Nasi Uduk,Makanan,38,22000,836000,Cabang A,Cash
2023-12-01,Mie Ayam,Makanan,27,20000,540000,Cabang B,Cash
2023-08-02,Susu Coklat,Minuman,45,14000,630000,Cabang B,QRIS
2024-09-22,Es Teh Manis,Minuman,32,8000,256000,Cabang B,Cash
2023-03-17,Susu Coklat,Minuman,29,14000,406000,Cabang A,Cash
2023-10-01,Susu Coklat,Minuman,409,14000,5726000,Cabang A,Cash
2024-04-04,Kopi Susu,Minuman,26,12000,312000,Cabang C,Transfer
2024-03-20,Jus Alpukat,Minuman,8,15000,120000,Cabang C,Cash
2023-12-30,Nasi Goreng,Makanan,35,25000,875000,Cabang A,QRIS
2023-04-01,Susu Coklat,Minuman,41,14000,574000,Cabang C,Transfer
2023-10-11,Nasi Uduk,Makanan,31,22000,682000,Cabang B,QRIS
2024-07-07,Pisang Goreng,Snack,15,10000,150000,Cabang B,QRIS
2023-12-19,Kopi Susu,Minuman,32,12000,384000,Cabang A,E-Wallet
2024-04-06,Susu Coklat,Minuman,48,14000,672000,Cabang A,QRIS
2023-11-12,Es Teh Manis,Minuman,26,8000,208000,Cabang C,Cash
2023-03-02,Susu Coklat,Minuman,18,14000,252000,Cabang C,Cash
2023-03-03,Es Teh Manis,Minuman,21,8000,168000,Cabang B,QRIS
2024-11-17,Ayam Geprek,Makanan,40,28000,1120000,Cabang A,QRIS
2024-04-23,Jus Alpukat,Minuman,26,15000,390000,Cabang B,Cash
2023-02-04,Kentang Goreng,Snack,37,12000,444000,Cabang B,Transfer
2023-01-18,Es Teh Manis,Minuman,10,8000,80000,Cabang A,Cash
2023-02-02,Ayam Geprek,Makanan,2,28000,56000,Cabang A,Cash
2023-04-23,Roti Bakar,Snack,40,18000,720000,Cabang C,QRIS
2023-12-26,Nasi Uduk,Makanan,12,22000,264000,Cabang C,QRIS
2023-12-10,Jus Alpukat,Minuman,34,15000,510000,Cabang C,QRIS
2024-08-14,Kopi Susu,Minuman,43,12000,516000,Cabang A,QRIS
2023-12-23,Jus Alpukat,Minuman,3,15000,45000,Cabang C,E-Wallet
2023-01-03,Es Teh Manis,Minuman,11,8000,88000,Cabang B,Cash
2023-12-29,Kentang Goreng,Snack,49,12000,588000,Cabang C,Cash
2023-12-09,Mie Ayam,Makanan,36,20000,720000,Cabang B,Transfer
2023-12-31,Roti Bakar,Snack,32,18000,576000,Cabang A,Cash
2023-09-30,Mie Ayam,Makanan,17,20000,340000,Cabang C,E-Wallet
2023-05-05,Mie Ayam,Makanan,25,20000,500000,Cabang B,QRIS
2023-07-08,Es Teh Manis,Minuman,34,8000,272000,Cabang B,Cash
2024-08-04,Kopi Susu,Minuman,1,12000,12000,Cabang A,Cash
2023-07-03,Es Teh Manis,Minuman,35,8000,280000,Cabang A,Cash
2024-10-02,Ayam Geprek,Makanan,9,28000,252000,Cabang A,Cash
2024-04-18,Mie Ayam,Makanan,45,20000,900000,Cabang A,Cash
2024-08-03,Nasi Uduk,Makanan,37,22000,814000,Cabang B,Cash
2023-12-09,Nasi Goreng,Makanan,2,25000,50000,Cabang B,QRIS
2023-12-13,Pisang Goreng,Snack,1,10000,10000,Cabang A,Cash
2023-02-21,Nasi Uduk,Makanan,34,22000,748000,Cabang B,Cash
2023-05-26,Ayam Geprek,Makanan,33,28000,924000,Cabang B,Cash
2023-07-25,Ayam Geprek,Makanan,17,28000,476000,Cabang C,QRIS
2023-10-23,Kopi Susu,Minuman,48,12000,576000,Cabang A,QRIS
2024-04-09,Jus Alpukat,Minuman,28,15000,420000,Cabang B,Cash
2023-03-25,Jus Alpukat,Minuman,25,15000,375000,Cabang C,E-Wallet
2023-11-18,Nasi Goreng,Makanan,39,25000,975000,Cabang C,Cash
2023-04-08,Roti Bakar,Snack,32,18000,576000,Cabang B,Cash
2024-11-22,Jus Alpukat,Minuman,10,15000,150000,Cabang C,Cash
2023-10-04,Roti Bakar,Snack,24,18000,432000,Cabang B,Cash
2024-07-07,Susu Coklat,Minuman,2,14000,28000,Cabang C,Cash
2024-03-06,Pisang Goreng,Snack,14,10000,140000,Cabang C,Cash
2023-01-09,Nasi Goreng,Makanan,49,25000,1225000,Cabang C,Cash
2023-12-10,Nasi Uduk,Makanan,4,22000,88000,Cabang C,Cash
2024-09-20,Es Teh Manis,Minuman,33,8000,264000,Cabang C,E-Wallet
2024-10-27,Jus Alpukat,Minuman,3,15000,45000,Cabang C,QRIS
2023-03-10,Jus Alpukat,Minuman,7,15000,105000,Cabang C,Cash
2023-03-22,Susu Coklat,Minuman,28,14000,392000,Cabang C,QRIS
2023-06-03,Es Teh Manis,Minuman,10,8000,80000,Cabang C,Transfer
2023-09-14,Kopi Susu,Minuman,12,12000,144000,Cabang A,Cash
2024-07-11,Jus Alpukat,Minuman,7,15000,105000,Cabang B,E-Wallet
2023-11-11,Mie Ayam,Makanan,32,20000,640000,Cabang A,Cash
2024-03-22,Susu Coklat,Minuman,17,14000,238000,Cabang C,Cash
2024-04-27,Pisang Goreng,Snack,15,10000,150000,Cabang C,QRIS
2024-01-17,Ayam Geprek,Makanan,48,28000,1344000,Cabang B,Cash
2023-03-27,Kentang Goreng,Snack,46,12000,552000,Cabang A,Cash
2023-03-10,Roti Bakar,Snack,33,18000,594000,Cabang B,Cash
2024-02-02,Pisang Goreng,Snack,290,10000,2900000,Cabang C,Cash
2023-09-04,Roti Bakar,Snack,38,18000,684000,Cabang A,Cash
2023-06-06,Nasi Goreng,Makanan,19,25000,475000,Cabang A,QRIS
2024-07-13,Jus Alpukat,Minuman,39,15000,585000,Cabang B,Cash
2024-01-17,Nasi Goreng,Makanan,19,25000,475000,Cabang A,Cash
2023-10-05,Nasi Uduk,Makanan,29,22000,638000,Cabang A,QRIS
2024-01-27,Mie Ayam,Makanan,203,20000,4060000,Cabang B,Cash
2024-11-13,Jus Alpukat,Minuman,21,15000,315000,Cabang B,Cash
2024-11-06,Es Teh Manis,Minuman,6,8000,48000,Cabang B,Cash
2023-07-26,Es Teh Manis,Minuman,14,8000,112000,Cabang B,Transfer
2023-08-20,Mie Ayam,Makanan,19,20000,380000,Cabang B,QRIS
2023-12-01,Jus Alpukat,Minuman,28,15000,420000,Cabang B,E-Wallet
2024-02-02,Es Teh Manis,Minuman,33,8000,264000,Cabang B,Cash
2023-06-12,Ayam Geprek,Makanan,32,28000,896000,Cabang C,QRIS
2023-02-13,Mie Ayam,Makanan,39,20000,780000,Cabang B,QRIS
2024-12-28,Pisang Goreng,Snack,21,10000,210000,Cabang A,Cash
2023-06-21,Kopi Susu,Minuman,37,12000,444000,Cabang C,QRIS
2024-07-27,Ayam Geprek,Makanan,24,28000,672000,Cabang A,Transfer
2024-09-10,Kopi Susu,Minuman,10,12000,120000,Cabang C,QRIS
2024-09-25,Nasi Goreng,Makanan,21,25000,525000,Cabang C,Cash
2024-03-26,Nasi Goreng,Makanan,33,25000,825000,Cabang A,Transfer
2024-06-01,Ayam Geprek,Makanan,6,28000,168000,Cabang A,Cash
2023-04-05,Pisang Goreng,Snack,4,10000,40000,Cabang B,Cash
2023-10-11,Susu Coklat,Minuman,30,14000,420000,Cabang A,Cash
2023-04-04,Jus Alpukat,Minuman,4,15000,60000,Cabang A,Cash
2023-12-24,Nasi Goreng,Makanan,37,25000,925000,Cabang C,Cash
2024-01-05,Kentang Goreng,Snack,12,12000,144000,Cabang C,Cash
2024-06-14,Kentang Goreng,Snack,49,12000,588000,Cabang C,Cash
2023-01-01,Ayam Geprek,Makanan,9,28000,252000,Cabang C,Cash
2024-01-24,Ayam Geprek,Makanan,29,28000,812000,Cabang B,Transfer
2024-08-08,Susu Coklat,Minuman,17,14000,238000,Cabang C,Cash
2023-10-22,Jus Alpukat,Minuman,40,15000,600000,Cabang B,Cash
2023-12-17,Ayam Geprek,Makanan,41,28000,1148000,Cabang B,QRIS
2024-02-23,Jus Alpukat,Minuman,316,15000,4740000,Cabang C,QRIS
2023-09-18,Nasi Uduk,Makanan,22,22000,484000,Cabang A,Cash
2024-04-14,Jus Alpukat,Minuman,3,15000,45000,Cabang B,Cash
2024-03-11,Es Teh Manis,Minuman,35,8000,280000,Cabang C,QRIS
2024-06-12,Mie Ayam,Makanan,44,20000,880000,Cabang A,Cash
2024-05-17,Susu Coklat,Minuman,19,14000,266000,Cabang A,Cash
2024-10-28,Kentang Goreng,Snack,39,12000,468000,Cabang B,Cash
2023-09-03,Nasi Uduk,Makanan,27,22000,594000,Cabang B,Cash
2024-11-02,Kopi Susu,Minuman,22,12000,264000,Cabang B,Cash
2024-12-06,Roti Bakar,Snack,34,18000,612000,Cabang A,E-Wallet
2023-11-16,Pisang Goreng,Snack,321,10000,3210000,Cabang B,Cash
2023-11-06,Kentang Goreng,Snack,398,12000,4776000,Cabang A,Cash
2023-10-08,Nasi Uduk,Makanan,43,22000,946000,Cabang B,Cash
2023-01-14,Jus Alpukat,Minuman,37,15000,555000,Cabang B,Cash
2024-12-06,Kopi Susu,Minuman,29,12000,348000,Cabang B,Cash
2024-11-21,Ayam Geprek,Makanan,41,28000,1148000,Cabang A,Cash
2023-12-01,Nasi Goreng,Makanan,2,25000,50000,Cabang A,E-Wallet
2023-03-10,Nasi Uduk,Makanan,13,22000,286000,Cabang C,QRIS
2024-06-06,Kopi Susu,Minuman,17,12000,204000,Cabang A,QRIS
2023-05-08,Ayam Geprek,Makanan,42,28000,1176000,Cabang B,Cash
2024-06-15,Ayam Geprek,Makanan,20,28000,560000,Cabang B,Cash
2023-04-06,Jus Alpukat,Minuman,4,15000,60000,Cabang B,E-Wallet
2023-04-25,Es Teh Manis,Minuman,47,8000,376000,Cabang B,Cash
2023-12-04,Es Teh Manis,Minuman,17,8000,136000,Cabang B,Cash
2023-01-10,Es Teh Manis,Minuman,18,8000,144000,Cabang B,Cash
2024-03-29,Nasi Goreng,Makanan,20,25000,500000,Cabang A,Cash
2024-02-10,Es Teh Manis,Minuman,14,8000,112000,Cabang A,Transfer
2023-01-22,Jus Alpukat,Minuman,20,15000,300000,Cabang B,Cash
2024-05-24,Jus Alpukat,Minuman,14,15000,210000,Cabang B,QRIS
2024-05-08,Susu Coklat,Minuman,49,14000,686000,Cabang A,Cash
2024-04-29,Kopi Susu,Minuman,31,12000,372000,Cabang C,Cash
2023-09-29,Ayam Geprek,Makanan,35,28000,980000,Cabang A,Transfer
2024-01-14,Roti Bakar,Snack,17,18000,306000,Cabang A,Cash
2024-09-11,Jus Alpukat,Minuman,32,15000,480000,Cabang B,Cash
2023-10-18,Jus Alpukat,Minuman,17,15000,255000,Cabang C,Cash
2024-02-16,Kopi Susu,Minuman,1,12000,12000,Cabang B,QRIS
2023-07-13,Ayam Geprek,Makanan,15,28000,420000,Cabang C,QRIS
2023-04-29,Jus Alpukat,Minuman,43,15000,645000,Cabang C,QRIS
2024-07-14,Pisang Goreng,Snack,16,10000,160000,Cabang A,Cash
2023-07-24,Ayam Geprek,Makanan,15,28000,420000,Cabang C,Cash
2024-07-01,Ayam Geprek,Makanan,49,28000,1372000,Cabang B,Cash
2024-05-18,Es Teh Manis,Minuman,14,8000,112000,Cabang A,Cash
2024-07-28,Kopi Susu,Minuman,37,12000,444000,Cabang C,Cash
2024-10-26,Jus Alpukat,Minuman,22,15000,330000,Cabang A,QRIS
2024-05-18,Jus Alpukat,Minuman,42,15000,630000,Cabang A,Cash
2024-01-21,Kopi Susu,Minuman,36,12000,432000,Cabang B,QRIS
2024-05-03,Mie Ayam,Makanan,24,20000,480000,Cabang B,Cash
2024-05-25,Ayam Geprek,Makanan,45,28000,1260000,Cabang A,Cash
2023-03-13,Kopi Susu,Minuman,18,12000,216000,Cabang C,QRIS
2024-12-16,Jus Alpukat,Minuman,49,15000,735000,Cabang A,Cash
2024-04-20,Kopi Susu,Minuman,1,12000,12000,Cabang B,E-Wallet
2023-03-02,Nasi Goreng,Makanan,22,25000,550000,Cabang C,Cash
2023-06-14,Kentang Goreng,Snack,11,12000,132000,Cabang B,Cash
2024-03-21,Pisang Goreng,Snack,48,10000,480000,Cabang C,Cash
2024-11-15,Pisang Goreng,Snack,22,10000,220000,Cabang C,Cash
2023-12-24,Nasi Uduk,Makanan,15,22000,330000,Cabang C,QRIS
2024-06-20,Jus Alpukat,Minuman,39,15000,585000,Cabang A,Cash
2024-09-09,Es Teh Manis,Minuman,49,8000,392000,Cabang B,Cash
2023-05-28,Jus Alpukat,Minuman,31,15000,465000,Cabang B,QRIS
2024-04-30,Es Teh Manis,Minuman,34,8000,272000,Cabang C,Cash
2024-07-08,Es Teh Manis,Minuman,31,8000,248000,Cabang B,E-Wallet
2023-09-05,Kopi Susu,Minuman,40,12000,480000,Cabang A,Cash
2023-05-27,Kopi Susu,Minuman,11,12000,132000,Cabang B,Transfer
2023-10-06,Nasi Uduk,Makanan,6,22000,132000,Cabang C,Transfer
2023-06-03,Kopi Susu,Minuman,14,12000,168000,Cabang B,Cash
2024-08-24,Susu Coklat,Minuman,2,14000,28000,Cabang C,Transfer
2024-03-11,Susu Coklat,Minuman,39,14000,546000,Cabang B,Cash
2023-03-03,Susu Coklat,Minuman,15,14000,210000,Cabang C,Cash
2024-06-09,Susu Coklat,Minuman,26,14000,364000,Cabang B,E-Wallet
2023-08-15,Jus Alpukat,Minuman,39,15000,585000,Cabang A,QRIS
2023-05-31,Kopi Susu,Minuman,39,12000,468000,Cabang A,Cash
2023-10-17,Es Teh Manis,Minuman,1,8000,8000,Cabang C,Cash
2023-11-14,Susu Coklat,Minuman,10,14000,140000,Cabang A,QRIS
2024-11-01,Jus Alpukat,Minuman,497,15000,7455000,Cabang B,Cash
2023-12-15,Es Teh Manis,Minuman,42,8000,336000,Cabang B,Cash
2023-07-11,Nasi Goreng,Makanan,6,25000,150000,Cabang C,Cash
2024-05-31,Kopi Susu,Minuman,17,12000,204000,Cabang A,Cash
2024-12-07,Nasi Goreng,Makanan,19,25000,475000,Cabang C,Transfer
2023-04-27,Es Teh Manis,Minuman,4,8000,32000,Cabang C,E-Wallet
2023-12-09,Mie Ayam,Makanan,10,20000,200000,Cabang B,Cash
2024-03-18,Kentang Goreng,Snack,31,12000,372000,Cabang B,QRIS
2023-06-11,Jus Alpukat,Minuman,32,15000,480000,Cabang B,Transfer
2023-03-24,Kentang Goreng,Snack,6,12000,72000,Cabang C,Cash
2024-06-08,Pisang Goreng,Snack,4,10000,40000,Cabang A,Cash
2023-02-12,Kopi Susu,Minuman,29,12000,348000,Cabang B,Cash
2024-03-01,Nasi Goreng,Makanan,14,25000,350000,Cabang B,Transfer
2023-12-08,Jus Alpukat,Minuman,29,15000,435000,Cabang B,Transfer
2024-08-03,Nasi Goreng,Makanan,5,25000,125000,Cabang A,Cash
2023-03-19,Susu Coklat,Minuman,44,14000,616000,Cabang B,QRIS
2024-07-10,Es Teh Manis,Minuman,10,8000,80000,Cabang B,Cash
2023-03-19,Mie Ayam,Makanan,33,20000,660000,Cabang C,Cash
2024-08-20,Es Teh Manis,Minuman,15,8000,120000,Cabang B,QRIS
2023-09-28,Roti Bakar,Snack,27,18000,486000,Cabang B,Cash
2024-04-13,Es Teh Manis,Minuman,5,8000,40000,Cabang A,Cash
2024-12-08,Nasi Goreng,Makanan,28,25000,700000,Cabang A,Cash
2024-05-15,Kentang Goreng,Snack,21,12000,252000,Cabang A,Cash
2024-06-07,Susu Coklat,Minuman,37,14000,518000,Cabang A,E-Wallet
2024-09-26,Mie Ayam,Makanan,39,20000,780000,Cabang C,Cash
2023-12-31,Susu Coklat,Minuman,29,14000,406000,Cabang B,QRIS
2024-12-14,Roti Bakar,Snack,11,18000,198000,Cabang B,E-Wallet
2024-02-17,Jus Alpukat,Minuman,45,15000,675000,Cabang A,Cash
2024-03-31,Pisang Goreng,Snack,22,10000,220000,Cabang A,QRIS
2023-09-25,Nasi Uduk,Makanan,10,22000,220000,Cabang B,QRIS
2024-02-26,Pisang Goreng,Snack,16,10000,160000,Cabang A,Transfer
2024-12-28,Nasi Goreng,Makanan,5,25000,125000,Cabang A,Cash
2024-04-29,Mie Ayam,Makanan,10,20000,200000,Cabang B,Cash
2023-05-28,Kentang Goreng,Snack,16,12000,192000,Cabang C,Cash
2023-02-26,Kentang Goreng,Snack,28,12000,336000,Cabang C,QRIS
2024-10-25,Kentang Goreng,Snack,8,12000,96000,Cabang C,Cash
2023-12-17,Es Teh Manis,Minuman,21,8000,168000,Cabang B,QRIS
2024-05-02,Kopi Susu,Minuman,26,12000,312000,Cabang C,Cash
2024-08-06,Jus Alpukat,Minuman,38,15000,570000,Cabang C,Cash
2023-11-21,Jus Alpukat,Minuman,20,15000,300000,Cabang C,QRIS
2023-05-06,Nasi Uduk,Makanan,40,22000,880000,Cabang A,Cash
2024-03-30,Kentang Goreng,Snack,3,12000,36000,Cabang C,E-Wallet
2024-12-21,Kopi Susu,Minuman,373,12000,4476000,Cabang C,Cash
2023-07-02,Ayam Geprek,Makanan,31,28000,868000,Cabang B,Cash
2023-10-01,Kopi Susu,Minuman,39,12000,468000,Cabang C,Cash
2023-05-21,Es Teh Manis,Minuman,30,8000,240000,Cabang B,Cash
2024-07-10,Susu Coklat,Minuman,45,14000,630000,Cabang C,QRIS
2024-10-21,Nasi Goreng,Makanan,43,25000,1075000,Cabang C,Cash
2024-03-25,Ayam Geprek,Makanan,49,28000,1372000,Cabang A,QRIS
2023-11-28,Roti Bakar,Snack,9,18000,162000,Cabang A,Transfer
2024-09-18,Kentang Goreng,Snack,5,12000,60000,Cabang A,E-Wallet
2023-03-18,Mie Ayam,Makanan,45,20000,900000,Cabang B,Transfer
2023-05-16,Es Teh Manis,Minuman,10,8000,80000,Cabang A,Cash
2023-04-23,Nasi Uduk,Makanan,17,22000,374000,Cabang C,Cash
2023-02-04,Es Teh Manis,Minuman,42,8000,336000,Cabang C,Cash
2024-11-24,Es Teh Manis,Minuman,11,8000,88000,Cabang B,Transfer
2024-12-07,Pisang Goreng,Snack,39,10000,390000,Cabang A,Cash
2024-09-26,Kentang Goreng,Snack,15,12000,180000,Cabang B,E-Wallet
2023-06-08,Kentang Goreng,Snack,30,12000,360000,Cabang A,Cash
2024-12-22,Kentang Goreng,Snack,33,12000,396000,Cabang B,Cash
2024-04-06,Jus Alpukat,Minuman,18,15000,270000,Cabang A,Cash
2023-03-18,Es Teh Manis,Minuman,49,8000,392000,Cabang C,Cash
2023-11-11,Mie Ayam,Makanan,17,20000,340000,Cabang C,Cash
2023-06-17,Es Teh Manis,Minuman,36,8000,288000,Cabang C,Cash
2024-12-02,Mie Ayam,Makanan,38,20000,760000,Cabang C,Cash
2024-11-20,Ayam Geprek,Makanan,34,28000,952000,Cabang C,Cash
2023-02-22,Nasi Uduk,Makanan,24,22000,528000,Cabang C,QRIS
2023-10-01,Es Teh Manis,Minuman,16,8000,128000,Cabang A,QRIS
2023-03-03,Kopi Susu,Minuman,30,12000,360000,Cabang C,E-Wallet
2023-06-27,Roti Bakar,Snack,49,18000,882000,Cabang B,E-Wallet
2024-09-22,Nasi Goreng,Makanan,32,25000,800000,Cabang B,Cash
2023-05-31,Mie Ayam,Makanan,39,20000,780000,Cabang A,QRIS
2024-11-15,Susu Coklat,Minuman,22,14000,308000,Cabang B,Cash
2023-01-07,Es Teh Manis,Minuman,49,8000,392000,Cabang B,E-Wallet
2024-11-09,Jus Alpukat,Minuman,491,15000,7365000,Cabang B,Cash
2023-12-12,Kopi Susu,Minuman,26,12000,312000,Cabang B,Cash
2024-11-16,Susu Coklat,Minuman,17,14000,238000,Cabang C,QRIS
2024-10-31,Kopi Susu,Minuman,45,12000,540000,Cabang B,Cash
2023-02-05,Jus Alpukat,Minuman,8,15000,120000,Cabang B,QRIS
2024-03-31,Susu Coklat,Minuman,12,14000,168000,Cabang C,QRIS
2024-02-12,Mie Ayam,Makanan,404,20000,8080000,Cabang B,E-Wallet
2023-10-28,Kentang Goreng,Snack,9,12000,108000,Cabang B,QRIS
2023-02-07,Nasi Goreng,Makanan,47,25000,1175000,Cabang A,Cash
2023-08-20,Susu Coklat,Minuman,36,14000,504000,Cabang B,Transfer
2023-06-17,Ayam Geprek,Makanan,43,28000,1204000,Cabang C,E-Wallet
2024-12-14,Es Teh Manis,Minuman,34,8000,272000,Cabang A,Transfer
2024-03-03,Mie Ayam,Makanan,19,20000,380000,Cabang B,Cash
2023-09-01,Es Teh Manis,Minuman,30,8000,240000,Cabang B,Cash
2023-04-15,Susu Coklat,Minuman,49,14000,686000,Cabang C,Cash
2023-12-16,Es Teh Manis,Minuman,42,8000,336000,Cabang A,QRIS
2024-05-16,Roti Bakar,Snack,11,18000,198000,Cabang A,Transfer
2024-03-09,Jus Alpukat,Minuman,36,15000,540000,Cabang A,QRIS
2023-01-27,Es Teh Manis,Minuman,42,8000,336000,Cabang B,Transfer
2024-04-27,Nasi Uduk,Makanan,25,22000,550000,Cabang B,E-Wallet
2023-09-19,Es Teh Manis,Minuman,24,8000,192000,Cabang B,Cash
2024-07-21,Roti Bakar,Snack,15,18000,270000,Cabang C,Cash
2023-05-12,Susu Coklat,Minuman,10,14000,140000,Cabang B,Cash
2023-06-12,Nasi Uduk,Makanan,16,22000,352000,Cabang A,E-Wallet
2023-10-26,Es Teh Manis,Minuman,22,8000,176000,Cabang A,QRIS
2024-03-14,Nasi Goreng,Makanan,27,25000,675000,Cabang A,Cash
2024-07-20,Jus Alpukat,Minuman,31,15000,465000,Cabang B,E-Wallet
2023-12-21,Susu Coklat,Minuman,36,14000,504000,Cabang A,QRIS
2023-02-07,Pisang Goreng,Snack,7,10000,70000,Cabang B,Cash
2023-02-03,Ayam Geprek,Makanan,36,28000,1008000,Cabang A,Cash
2023-01-22,Nasi Uduk,Makanan,27,22000,594000,Cabang A,Cash
2024-06-19,Pisang Goreng,Snack,7,10000,70000,Cabang A,E-Wallet
2023-09-12,Pisang Goreng,Snack,49,10000,490000,Cabang A,Cash
2024-10-15,Kentang Goreng,Snack,33,12000,396000,Cabang C,Cash
2023-04-13,Es Teh Manis,Minuman,14,8000,112000,Cabang A,QRIS
2024-04-02,Jus Alpukat,Minuman,40,15000,600000,Cabang C,QRIS
2023-12-17,Mie Ayam,Makanan,27,20000,540000,Cabang B,Cash
2024-10-28,Jus Alpukat,Minuman,14,15000,210000,Cabang C,Transfer
2023-05-13,Jus Alpukat,Minuman,46,15000,690000,Cabang A,Cash
2024-09-14,Nasi Uduk,Makanan,5,22000,110000,Cabang C,QRIS
2023-02-19,Nasi Goreng,Makanan,12,25000,300000,Cabang A,E-Wallet
2023-02-12,Jus Alpukat,Minuman,11,15000,165000,Cabang A,Transfer
2023-02-26,Pisang Goreng,Snack,7,10000,70000,Cabang B,QRIS
2023-07-08,Susu Coklat,Minuman,31,14000,434000,Cabang A,Cash
2024-08-11,Ayam Geprek,Makanan,42,28000,1176000,Cabang A,E-Wallet
2024-03-18,Jus Alpukat,Minuman,28,15000,420000,Cabang A,QRIS
2024-08-29,Pisang Goreng,Snack,9,10000,90000,Cabang A,Cash
2023-12-14,Susu Coklat,Minuman,15,14000,210000,Cabang C,QRIS
2023-12-19,Es Teh Manis,Minuman,26,8000,208000,Cabang C,Cash
2023-05-27,Nasi Uduk,Makanan,25,22000,550000,Cabang C,Cash
2024-10-17,Kentang Goreng,Snack,18,12000,216000,Cabang C,Cash
2024-08-14,Kopi Susu,Minuman,298,12000,3576000,Cabang B,Cash
2024-01-11,Pisang Goreng,Snack,28,10000,280000,Cabang A,QRIS
2023-09-02,Susu Coklat,Minuman,49,14000,686000,Cabang B,Transfer
2024-02-03,Mie Ayam,Makanan,21,20000,420000,Cabang C,QRIS
2023-12-25,Kentang Goreng,Snack,38,12000,456000,Cabang A,Cash
2024-04-17,Es Teh Manis,Minuman,7,8000,56000,Cabang B,QRIS
2024-03-24,Ayam Geprek,Makanan,4,28000,112000,Cabang C,Cash
2023-06-25,Ayam Geprek,Makanan,43,28000,1204000,Cabang A,Cash
2024-11-28,Nasi Goreng,Makanan,18,25000,450000,Cabang B,Cash
2023-07-25,Ayam Geprek,Makanan,4,28000,112000,Cabang C,Cash
2024-12-18,Jus Alpukat,Minuman,18,15000,270000,Cabang B,E-Wallet
2024-10-07,Kopi Susu,Minuman,16,12000,192000,Cabang B,QRIS
2023-09-11,Susu Coklat,Minuman,24,14000,336000,Cabang B,Cash
2023-02-05,Ayam Geprek,Makanan,31,28000,868000,Cabang A,Cash
2023-12-10,Ayam Geprek,Makanan,5,28000,140000,Cabang A,Cash
2024-07-08,Mie Ayam,Makanan,299,20000,5980000,Cabang B,Cash
2023-03-19,Roti Bakar,Snack,18,18000,324000,Cabang C,QRIS
2023-08-24,Susu Coklat,Minuman,37,14000,518000,Cabang A,Cash
2024-06-02,Pisang Goreng,Snack,5,10000,50000,Cabang A,QRIS
2024-09-01,Jus Alpukat,Minuman,14,15000,210000,Cabang B,E-Wallet
2023-08-27,Es Teh Manis,Minuman,34,8000,272000,Cabang C,Cash
2024-03-07,Pisang Goreng,Snack,48,10000,480000,Cabang C,Cash
2024-12-25,Nasi Uduk,Makanan,14,22000,308000,Cabang C,Transfer
2024-02-06,Kopi Susu,Minuman,41,12000,492000,Cabang B,QRIS
2023-10-23,Ayam Geprek,Makanan,9,28000,252000,Cabang C,Cash
2024-08-28,Roti Bakar,Snack,21,18000,378000,Cabang B,Cash
2023-07-31,Jus Alpukat,Minuman,13,15000,195000,Cabang A,QRIS
2024-07-13,Nasi Uduk,Makanan,45,22000,990000,Cabang C,QRIS
2023-07-14,Susu Coklat,Minuman,26,14000,364000,Cabang C,Cash
2024-02-25,Jus Alpukat,Minuman,8,15000,120000,Cabang A,Cash
2024-11-19,Pisang Goreng,Snack,16,10000,160000,Cabang C,Cash
2023-10-19,Pisang Goreng,Snack,8,10000,80000,Cabang B,Cash
2024-03-20,Kopi Susu,Minuman,22,12000,264000,Cabang C,Cash
2024-01-16,Kopi Susu,Minuman,9,12000,108000,Cabang A,Cash
2023-05-28,Kentang Goreng,Snack,17,12000,204000,Cabang C,Cash
2023-10-14,Jus Alpukat,Minuman,49,15000,735000,Cabang B,QRIS
2023-11-19,Kentang Goreng,Snack,42,12000,504000,Cabang C,Cash
2024-06-01,Jus Alpukat,Minuman,17,15000,255000,Cabang B,QRIS
2023-01-03,Es Teh Manis,Minuman,45,8000,360000,Cabang B,Cash
2024-12-15,Es Teh Manis,Minuman,7,8000,56000,Cabang B,Cash
2024-01-27,Susu Coklat,Minuman,9,14000,126000,Cabang A,Cash
2023-04-07,Susu Coklat,Minuman,28,14000,392000,Cabang C,Transfer
2023-12-26,Mie Ayam,Makanan,9,20000,180000,Cabang A,Cash
2023-04-10,Jus Alpukat,Minuman,27,15000,405000,Cabang C,Cash
2024-08-10,Jus Alpukat,Minuman,43,15000,645000,Cabang B,QRIS
2024-07-24,Es Teh Manis,Minuman,20,8000,160000,Cabang C,Cash
2023-11-26,Pisang Goreng,Snack,13,10000,130000,Cabang B,Cash
2023-10-12,Kopi Susu,Minuman,30,12000,360000,Cabang B,Cash
2023-03-30,Es Teh Manis,Minuman,19,8000,152000,Cabang C,E-Wallet
2023-11-23,Susu Coklat,Minuman,31,14000,434000,Cabang C,E-Wallet
2023-02-12,Es Teh Manis,Minuman,22,8000,176000,Cabang C,QRIS
2024-08-21,Pisang Goreng,Snack,19,10000,190000,Cabang A,E-Wallet
2024-11-16,Es Teh Manis,Minuman,19,8000,152000,Cabang A,Cash
2024-07-22,Jus Alpukat,Minuman,18,15000,270000,Cabang B,Cash
2023-05-21,Nasi Goreng,Makanan,13,25000,325000,Cabang C,QRIS
2024-12-07,Susu Coklat,Minuman,28,14000,392000,Cabang B,QRIS
2023-02-03,Kopi Susu,Minuman,30,12000,360000,Cabang A,Cash
2023-07-18,Ayam Geprek,Makanan,46,28000,1288000,Cabang C,Cash
2024-05-15,Es Teh Manis,Minuman,37,8000,296000,Cabang B,Cash
2024-08-11,Susu Coklat,Minuman,13,14000,182000,Cabang A,QRIS
2024-02-17,Nasi Uduk,Makanan,46,22000,1012000,Cabang A,Cash
2023-10-15,Pisang Goreng,Snack,37,10000,370000,Cabang C,Cash
2024-11-28,Mie Ayam,Makanan,43,20000,860000,Cabang C,Cash
2024-10-17,Susu Coklat,Minuman,37,14000,518000,Cabang A,Cash
2023-04-08,Nasi Uduk,Makanan,32,22000,704000,Cabang B,E-Wallet
2024-12-17,Kentang Goreng,Snack,23,12000,276000,Cabang A,Cash
2023-02-18,Kentang Goreng,Snack,9,12000,108000,Cabang A,Cash
2024-06-13,Kentang Goreng,Snack,21,12000,252000,Cabang B,Cash
2023-06-13,Es Teh Manis,Minuman,46,8000,368000,Cabang B,Cash
2024-12-06,Nasi Goreng,Makanan,9,25000,225000,Cabang B,Cash
2023-06-26,Es Teh Manis,Minuman,47,8000,376000,Cabang A,Cash
2024-09-27,Pisang Goreng,Snack,40,10000,400000,Cabang C,Cash
2023-04-24,Es Teh Manis,Minuman,11,8000,88000,Cabang A,Cash
2023-06-19,Pisang Goreng,Snack,35,10000,350000,Cabang B,Cash
2024-03-11,Jus Alpukat,Minuman,25,15000,375000,Cabang C,QRIS
2023-02-27,Es Teh Manis,Minuman,44,8000,352000,Cabang B,Cash
2023-02-25,Jus Alpukat,Minuman,333,15000,4995000,Cabang B,Cash
2024-01-30,Nasi Uduk,Makanan,14,22000,308000,Cabang C,Cash
2023-04-12,Kopi Susu,Minuman,12,12000,144000,Cabang C,QRIS
2024-05-05,Jus Alpukat,Minuman,21,15000,315000,Cabang B,Cash
2024-07-30,Nasi Goreng,Makanan,32,25000,800000,Cabang A,QRIS
2023-12-10,Jus Alpukat,Minuman,46,15000,690000,Cabang A,Cash
2023-11-11,Susu Coklat,Minuman,41,14000,574000,Cabang C,QRIS
2024-08-04,Es Teh Manis,Minuman,5,8000,40000,Cabang A,Cash
2023-10-16,Susu Coklat,Minuman,31,14000,434000,Cabang C,E-Wallet
2023-05-03,Ayam Geprek,Makanan,18,28000,504000,Cabang B,Cash
2024-11-28,Jus Alpukat,Minuman,35,15000,525000,Cabang C,QRIS
2023-09-25,Nasi Uduk,Makanan,44,22000,968000,Cabang A,Transfer
2023-05-27,Roti Bakar,Snack,10,18000,180000,Cabang C,Cash
2024-01-15,Roti Bakar,Snack,306,18000,5508000,Cabang C,Cash
2023-07-25,Nasi Goreng,Makanan,13,25000,325000,Cabang C,QRIS
2023-02-08,Jus Alpukat,Minuman,28,15000,420000,Cabang C,Cash
2023-05-06,Mie Ayam,Makanan,36,20000,720000,Cabang B,Transfer
2024-05-28,Nasi Goreng,Makanan,37,25000,925000,Cabang C,QRIS
2023-06-18,Kopi Susu,Minuman,34,12000,408000,Cabang A,Cash
2024-05-26,Nasi Uduk,Makanan,3,22000,66000,Cabang A,Cash
2024-06-03,Ayam Geprek,Makanan,40,28000,1120000,Cabang C,QRIS
2024-10-06,Nasi Goreng,Makanan,33,25000,825000,Cabang A,Cash
2023-11-24,Jus Alpukat,Minuman,29,15000,435000,Cabang B,QRIS
2024-11-21,Roti Bakar,Snack,18,18000,324000,Cabang B,Cash
2023-03-31,Nasi Uduk,Makanan,5,22000,110000,Cabang C,Cash
2024-10-02,Es Teh Manis,Minuman,42,8000,336000,Cabang A,QRIS
2023-04-25,Nasi Goreng,Makanan,213,25000,5325000,Cabang B,QRIS
2023-02-03,Susu Coklat,Minuman,37,14000,518000,Cabang C,Cash
2024-03-03,Pisang Goreng,Snack,45,10000,450000,Cabang C,Transfer
2023-12-04,Ayam Geprek,Makanan,32,28000,896000,Cabang B,Cash
2024-12-16,Es Teh Manis,Minuman,45,8000,360000,Cabang B,Cash
2024-02-18,Mie Ayam,Makanan,13,20000,260000,Cabang B,Cash
2024-04-29,Nasi Uduk,Makanan,4,22000,88000,Cabang A,Cash
2023-09-03,Nasi Goreng,Makanan,11,25000,275000,Cabang B,QRIS
2023-02-11,Kentang Goreng,Snack,32,12000,384000,Cabang B,Transfer
2024-02-28,Nasi Uduk,Makanan,13,22000,286000,Cabang B,Cash
2024-01-12,Nasi Uduk,Makanan,15,22000,330000,Cabang B,QRIS
2024-03-18,Kopi Susu,Minuman,1,12000,12000,Cabang B,Cash
2023-02-12,Es Teh Manis,Minuman,21,8000,168000,Cabang B,Cash
2023-04-10,Nasi Goreng,Makanan,13,25000,325000,Cabang A,QRIS
2024-10-06,Mie Ayam,Makanan,30,20000,600000,Cabang A,QRIS
2024-10-11,Kopi Susu,Minuman,8,12000,96000,Cabang C,QRIS
2024-06-04,Ayam Geprek,Makanan,24,28000,672000,Cabang B,E-Wallet
2023-02-12,Jus Alpukat,Minuman,12,15000,180000,Cabang B,Cash
2024-03-30,Nasi Uduk,Makanan,9,22000,198000,Cabang C,Cash
2023-08-18,Es Teh Manis,Minuman,23,8000,184000,Cabang C,Cash
2024-09-11,Kopi Susu,Minuman,33,12000,396000,Cabang B,Cash
2024-03-23,Kentang Goreng,Snack,48,12000,576000,Cabang A,Cash
2023-02-12,Es Teh Manis,Minuman,14,8000,112000,Cabang C,QRIS
2023-12-09,Susu Coklat,Minuman,325,14000,4550000,Cabang A,Cash
2023-02-27,Es Teh Manis,Minuman,13,8000,104000,Cabang C,Cash
2024-03-22,Kopi Susu,Minuman,36,12000,432000,Cabang C,Cash
2023-08-11,Ayam Geprek,Makanan,17,28000,476000,Cabang C,Cash
2023-06-02,Kentang Goreng,Snack,6,12000,72000,Cabang C,Cash
2024-06-13,Es Teh Manis,Minuman,7,8000,56000,Cabang A,QRIS
2024-08-23,Jus Alpukat,Minuman,17,15000,255000,Cabang C,Cash
2023-06-24,Nasi Uduk,Makanan,44,22000,968000,Cabang B,Cash
2024-06-02,Jus Alpukat,Minuman,2,15000,30000,Cabang B,QRIS
2023-09-03,Ayam Geprek,Makanan,33,28000,924000,Cabang C,Cash
2024-01-27,Ayam Geprek,Makanan,31,28000,868000,Cabang A,Cash
2023-08-26,Kopi Susu,Minuman,45,12000,540000,Cabang A,Cash
2023-06-11,Pisang Goreng,Snack,39,10000,390000,Cabang B,QRIS
2023-09-21,Kopi Susu,Minuman,34,12000,408000,Cabang B,Cash
2024-01-28,Es Teh Manis,Minuman,34,8000,272000,Cabang A,Cash
2023-03-18,Nasi Uduk,Makanan,43,22000,946000,Cabang B,Cash
2024-08-18,Ayam Geprek,Makanan,41,28000,1148000,Cabang B,QRIS
2023-12-03,Susu Coklat,Minuman,7,14000,98000,Cabang A,Cash
2023-06-11,Susu Coklat,Minuman,36,14000,504000,Cabang A,Cash
2024-10-27,Susu Coklat,Minuman,24,14000,336000,Cabang A,Cash
2024-01-23,Es Teh Manis,Minuman,29,8000,232000,Cabang B,Cash
2023-02-08,Susu Coklat,Minuman,7,14000,98000,Cabang B,Cash
2023-07-07,Roti Bakar,Snack,374,18000,6732000,Cabang C,Cash
2023-02-18,Nasi Uduk,Makanan,2,22000,44000,Cabang C,Cash
2023-05-23,Kentang Goreng,Snack,40,12000,480000,Cabang A,E-Wallet
2023-10-23,Jus Alpukat,Minuman,20,15000,300000,Cabang C,Cash
2023-04-10,Es Teh Manis,Minuman,46,8000,368000,Cabang B,Transfer
2023-06-01,Es Teh Manis,Minuman,10,8000,80000,Cabang B,Cash
2024-06-07,Es Teh Manis,Minuman,46,8000,368000,Cabang C,E-Wallet
2023-08-05,Susu Coklat,Minuman,23,14000,322000,Cabang C,Cash
2024-05-31,Kentang Goreng,Snack,2,12000,24000,Cabang B,QRIS
2023-02-06,Susu Coklat,Minuman,43,14000,602000,Cabang A,E-Wallet
2023-12-08,Es Teh Manis,Minuman,21,8000,168000,Cabang C,Cash
2024-04-29,Jus Alpukat,Minuman,21,15000,315000,Cabang A,Cash
2023-07-22,Nasi Goreng,Makanan,39,25000,975000,Cabang B,Cash
2023-03-09,Nasi Goreng,Makanan,31,25000,775000,Cabang B,QRIS
2024-04-20,Jus Alpukat,Minuman,324,15000,4860000,Cabang B,Cash
2024-02-22,Jus Alpukat,Minuman,47,15000,705000,Cabang A,E-Wallet
2023-09-02,Es Teh Manis,Minuman,34,8000,272000,Cabang A,QRIS
2023-09-06,Nasi Uduk,Makanan,18,22000,396000,Cabang C,E-Wallet
2023-12-25,Es Teh Manis,Minuman,8,8000,64000,Cabang C,E-Wallet
2023-11-21,Susu Coklat,Minuman,33,14000,462000,Cabang C,QRIS
2024-03-28,Jus Alpukat,Minuman,8,15000,120000,Cabang B,Cash
2024-01-11,Roti Bakar,Snack,43,18000,774000,Cabang A,Cash
2024-08-31,Pisang Goreng,Snack,4,10000,40000,Cabang B,QRIS
2023-04-15,Susu Coklat,Minuman,22,14000,308000,Cabang B,QRIS
2023-04-25,Pisang Goreng,Snack,417,10000,4170000,Cabang C,Cash
2024-08-13,Pisang Goreng,Snack,1,10000,10000,Cabang A,Cash
2023-08-13,Kentang Goreng,Snack,234,12000,2808000,Cabang B,Cash
2023-11-13,Kentang Goreng,Snack,47,12000,564000,Cabang B,Cash
2023-07-29,Mie Ayam,Makanan,11,20000,220000,Cabang B,QRIS
2023-05-06,Ayam Geprek,Makanan,49,28000,1372000,Cabang A,Cash
2024-05-07,Es Teh Manis,Minuman,48,8000,384000,Cabang C,Transfer
2024-01-14,Kopi Susu,Minuman,31,12000,372000,Cabang B,Cash
2024-10-29,Ayam Geprek,Makanan,29,28000,812000,Cabang B,Cash
2023-12-03,Kopi Susu,Minuman,23,12000,276000,Cabang C,Transfer
2023-08-23,Nasi Uduk,Makanan,21,22000,462000,Cabang C,QRIS
2023-02-08,Mie Ayam,Makanan,43,20000,860000,Cabang B,QRIS
2023-06-21,Es Teh Manis,Minuman,44,8000,352000,Cabang C,Cash
2023-09-05,Nasi Uduk,Makanan,41,22000,902000,Cabang C,Cash
2023-04-01,Susu Coklat,Minuman,49,14000,686000,Cabang B,QRIS
2023-12-08,Kopi Susu,Minuman,46,12000,552000,Cabang C,Cash
2024-10-14,Es Teh Manis,Minuman,28,8000,224000,Cabang A,QRIS
2023-01-02,Kentang Goreng,Snack,36,12000,432000,Cabang B,Cash
2023-08-05,Es Teh Manis,Minuman,47,8000,376000,Cabang C,QRIS
2024-06-06,Jus Alpukat,Minuman,5,15000,75000,Cabang B,Cash
2024-04-05,Es Teh Manis,Minuman,22,8000,176000,Cabang B,Cash
2023-10-05,Es Teh Manis,Minuman,13,8000,104000,Cabang A,E-Wallet
2024-04-19,Susu Coklat,Minuman,10,14000,140000,Cabang C,Cash
2024-09-24,Roti Bakar,Snack,7,18000,126000,Cabang B,E-Wallet
2023-08-27,Pisang Goreng,Snack,36,10000,360000,Cabang C,Cash
2023-06-09,Kopi Susu,Minuman,40,12000,480000,Cabang C,Cash
2023-08-20,Nasi Goreng,Makanan,302,25000,7550000,Cabang C,QRIS
2024-03-03,Jus Alpukat,Minuman,2,15000,30000,Cabang B,Transfer
2023-04-09,Kentang Goreng,Snack,2,12000,24000,Cabang A,Cash
2024-09-23,Pisang Goreng,Snack,26,10000,260000,Cabang A,QRIS
2024-12-24,Ayam Geprek,Makanan,45,28000,1260000,Cabang C,Cash
2024-07-26,Ayam Geprek,Makanan,48,28000,1344000,Cabang C,Cash
2023-01-26,Es Teh Manis,Minuman,39,8000,312000,Cabang A,QRIS
2023-07-16,Nasi Uduk,Makanan,23,22000,506000,Cabang A,QRIS
2024-04-23,Kopi Susu,Minuman,5,12000,60000,Cabang C,QRIS
2023-07-30,Nasi Uduk,Makanan,12,22000,264000,Cabang C,E-Wallet
2023-11-02,Roti Bakar,Snack,15,18000,270000,Cabang A,Transfer
2023-10-30,Mie Ayam,Makanan,39,20000,780000,Cabang C,Cash
2024-06-23,Nasi Goreng,Makanan,6,25000,150000,Cabang B,Cash
2024-12-03,Susu Coklat,Minuman,22,14000,308000,Cabang C,Cash
2023-07-23,Kopi Susu,Minuman,32,12000,384000,Cabang C,Transfer
2023-04-23,Jus Alpukat,Minuman,32,15000,480000,Cabang B,Cash
2024-01-20,Nasi Goreng,Makanan,3,25000,75000,Cabang A,Cash
2023-10-12,Susu Coklat,Minuman,31,14000,434000,Cabang B,Cash
2023-09-01,Jus Alpukat,Minuman,8,15000,120000,Cabang A,Cash
2024-04-07,Ayam Geprek,Makanan,13,28000,364000,Cabang C,QRIS
2024-02-12,Roti Bakar,Snack,441,18000,7938000,Cabang A,Cash
2023-03-31,Nasi Uduk,Makanan,30,22000,660000,Cabang B,Cash
2023-05-13,Nasi Uduk,Makanan,22,22000,484000,Cabang C,Cash
2023-04-09,Susu Coklat,Minuman,19,14000,266000,Cabang C,Cash
2024-10-19,Mie Ayam,Makanan,18,20000,360000,Cabang C,Cash
2023-09-16,Kentang Goreng,Snack,20,12000,240000,Cabang B,QRIS
2023-08-04,Susu Coklat,Minuman,41,14000,574000,Cabang A,Cash
2023-06-13,Kentang Goreng,Snack,20,12000,240000,Cabang C,Cash
2024-05-25,Es Teh Manis,Minuman,9,8000,72000,Cabang C,Cash
2023-11-20,Roti Bakar,Snack,3,18000,54000,Cabang B,Cash
2023-01-30,Jus Alpukat,Minuman,26,15000,390000,Cabang C,Cash
2023-03-26,Es Teh Manis,Minuman,6,8000,48000,Cabang B,QRIS
2023-05-07,Nasi Uduk,Makanan,228,22000,5016000,Cabang B,Cash
2023-01-31,Nasi Goreng,Makanan,40,25000,1000000,Cabang C,Cash
2024-04-27,Es Teh Manis,Minuman,14,8000,112000,Cabang A,Cash
2023-09-19,Mie Ayam,Makanan,29,20000,580000,Cabang C,Cash
2023-03-05,Es Teh Manis,Minuman,8,8000,64000,Cabang C,Cash
2024-07-05,Nasi Goreng,Makanan,39,25000,975000,Cabang B,Cash
2024-05-23,Pisang Goreng,Snack,47,10000,470000,Cabang B,Cash
2024-05-20,Mie Ayam,Makanan,20,20000,400000,Cabang B,Cash
2024-12-15,Susu Coklat,Minuman,18,14000,252000,Cabang C,Cash
2024-03-14,Nasi Goreng,Makanan,45,25000,1125000,Cabang B,Cash
2024-09-25,Nasi Goreng,Makanan,3,25000,75000,Cabang A,Transfer
2023-06-12,Kopi Susu,Minuman,45,12000,540000,Cabang C,Cash
2023-04-30,Kentang Goreng,Snack,282,12000,3384000,Cabang B,Cash
2024-12-30,Mie Ayam,Makanan,1,20000,20000,Cabang C,Transfer
2023-11-04,Susu Coklat,Minuman,27,14000,378000,Cabang B,Cash
2024-09-12,Jus Alpukat,Minuman,4,15000,60000,Cabang C,Cash
2023-04-28,Nasi Uduk,Makanan,27,22000,594000,Cabang A,Cash
2024-01-12,Ayam Geprek,Makanan,35,28000,980000,Cabang B,QRIS
2024-06-27,Pisang Goreng,Snack,30,10000,300000,Cabang B,Cash
2023-07-04,Pisang Goreng,Snack,45,10000,450000,Cabang B,Transfer
2024-05-08,Roti Bakar,Snack,43,18000,774000,Cabang C,Cash
2023-10-31,Kopi Susu,Minuman,14,12000,168000,Cabang C,E-Wallet
2023-08-23,Susu Coklat,Minuman,46,14000,644000,Cabang A,Cash
2024-12-22,Susu Coklat,Minuman,13,14000,182000,Cabang B,Cash
2023-10-24,Nasi Goreng,Makanan,14,25000,350000,Cabang B,QRIS
2023-02-16,Ayam Geprek,Makanan,7,28000,196000,Cabang C,Cash
2024-12-11,Nasi Goreng,Makanan,17,25000,425000,Cabang C,QRIS
2023-07-23,Roti Bakar,Snack,15,18000,270000,Cabang B,Cash
2023-08-25,Pisang Goreng,Snack,1,10000,10000,Cabang B,Cash
2023-03-29,Roti Bakar,Snack,23,18000,414000,Cabang A,Cash
2024-06-26,Es Teh Manis,Minuman,7,8000,56000,Cabang C,QRIS
2024-11-10,Jus Alpukat,Minuman,30,15000,450000,Cabang B,QRIS
2023-04-07,Nasi Uduk,Makanan,19,22000,418000,Cabang B,Cash
2023-09-11,Nasi Uduk,Makanan,12,22000,264000,Cabang A,Cash
2023-01-01,Nasi Goreng,Makanan,470,25000,11750000,Cabang B,QRIS
2024-08-04,Roti Bakar,Snack,17,18000,306000,Cabang A,Cash
2023-06-13,Es Teh Manis,Minuman,303,8000,2424000,Cabang A,Cash
2023-01-09,Nasi Uduk,Makanan,42,22000,924000,Cabang B,Cash
2023-03-11,Jus Alpukat,Minuman,2,15000,30000,Cabang C,Cash
2023-07-17,Jus Alpukat,Minuman,27,15000,405000,Cabang B,QRIS
2023-01-22,Susu Coklat,Minuman,49,14000,686000,Cabang A,Cash
2024-02-01,Kentang Goreng,Snack,5,12000,60000,Cabang B,Cash
2023-10-16,Kopi Susu,Minuman,12,12000,144000,Cabang B,Cash
2023-04-03,Roti Bakar,Snack,43,18000,774000,Cabang B,Cash
2023-03-14,Es Teh Manis,Minuman,6,8000,48000,Cabang C,Cash
2023-04-23,Roti Bakar,Snack,49,18000,882000,Cabang A,Cash
2024-03-28,Kopi Susu,Minuman,23,12000,276000,Cabang C,Cash
2023-07-28,Jus Alpukat,Minuman,24,15000,360000,Cabang B,Cash
2023-10-08,Jus Alpukat,Minuman,33,15000,495000,Cabang B,Cash
2023-02-12,Nasi Goreng,Makanan,42,25000,1050000,Cabang B,Cash
2024-09-10,Es Teh Manis,Minuman,25,8000,200000,Cabang C,Cash
2023-01-13,Jus Alpukat,Minuman,3,15000,45000,Cabang A,Cash
2024-12-21,Susu Coklat,Minuman,39,14000,546000,Cabang B,E-Wallet
2024-12-05,Ayam Geprek,Makanan,48,28000,1344000,Cabang C,Cash
2024-09-08,Susu Coklat,Minuman,47,14000,658000,Cabang C,Cash
2024-11-05,Mie Ayam,Makanan,14,20000,280000,Cabang B,QRIS
2023-07-23,Es Teh Manis,Minuman,18,8000,144000,Cabang A,Cash
2023-12-27,Es Teh Manis,Minuman,20,8000,160000,Cabang A,E-Wallet
2024-11-05,Kentang Goreng,Snack,11,12000,132000,Cabang A,Cash
2024-08-21,Es Teh Manis,Minuman,47,8000,376000,Cabang B,Cash
2024-03-01,Es Teh Manis,Minuman,41,8000,328000,Cabang B,Cash
2024-07-25,Kopi Susu,Minuman,40,12000,480000,Cabang A,E-Wallet
2023-01-11,Ayam Geprek,Makanan,33,28000,924000,Cabang C,Cash
2023-09-10,Es Teh Manis,Minuman,13,8000,104000,Cabang C,Cash
2024-03-03,Susu Coklat,Minuman,43,14000,602000,Cabang C,Cash
2024-03-20,Mie Ayam,Makanan,19,20000,380000,Cabang C,QRIS
2023-07-22,Mie Ayam,Makanan,11,20000,220000,Cabang B,QRIS
2024-02-23,Kopi Susu,Minuman,35,12000,420000,Cabang A,Cash
2024-07-16,Jus Alpukat,Minuman,49,15000,735000,Cabang B,QRIS
2023-10-25,Jus Alpukat,Minuman,30,15000,450000,Cabang B,E-Wallet
2023-04-22,Pisang Goreng,Snack,23,10000,230000,Cabang B,QRIS
2024-12-28,Es Teh Manis,Minuman,27,8000,216000,Cabang B,Transfer
2024-04-29,Jus Alpukat,Minuman,31,15000,465000,Cabang B,Cash
2024-10-31,Ayam Geprek,Makanan,36,28000,1008000,Cabang A,QRIS
2023-06-23,Kopi Susu,Minuman,16,12000,192000,Cabang C,Transfer
2024-09-10,Es Teh Manis,Minuman,35,8000,280000,Cabang A,Cash
2024-04-03,Kentang Goreng,Snack,3,12000,36000,Cabang A,Cash
2023-10-03,Jus Alpukat,Minuman,45,15000,675000,Cabang A,Cash
2023-12-20,Kopi Susu,Minuman,36,12000,432000,Cabang C,Cash
2023-10-15,Jus Alpukat,Minuman,25,15000,375000,Cabang A,Cash
2023-12-09,Nasi Uduk,Makanan,26,22000,572000,Cabang A,Cash
2024-04-07,Susu Coklat,Minuman,8,14000,112000,Cabang B,Cash
2024-08-28,Nasi Uduk,Makanan,45,22000,990000,Cabang B,E-Wallet
2023-06-01,Pisang Goreng,Snack,23,10000,230000,Cabang C,Transfer
2024-10-24,Kentang Goreng,Snack,29,12000,348000,Cabang B,Cash
2024-01-16,Es Teh Manis,Minuman,13,8000,104000,Cabang B,Cash
2024-06-30,Jus Alpukat,Minuman,45,15000,675000,Cabang A,Cash
2024-02-02,Ayam Geprek,Makanan,17,28000,476000,Cabang A,Cash
2024-10-22,Kopi Susu,Minuman,15,12000,180000,Cabang C,Cash
2023-10-01,Kentang Goreng,Snack,49,12000,588000,Cabang C,Cash
2023-02-05,Susu Coklat,Minuman,47,14000,658000,Cabang A,QRIS
2023-01-23,Mie Ayam,Makanan,16,20000,320000,Cabang B,QRIS
2024-03-08,Jus Alpukat,Minuman,30,15000,450000,Cabang A,Cash
2024-11-03,Nasi Uduk,Makanan,40,22000,880000,Cabang A,Cash
2024-09-15,Jus Alpukat,Minuman,24,15000,360000,Cabang A,QRIS
2023-12-26,Kopi Susu,Minuman,46,12000,552000,Cabang C,Cash
2023-12-16,Es Teh Manis,Minuman,46,8000,368000,Cabang A,QRIS
2023-05-14,Kopi Susu,Minuman,40,12000,480000,Cabang C,Cash
2024-08-28,Roti Bakar,Snack,466,18000,8388000,Cabang A,Cash
2024-12-31,Jus Alpukat,Minuman,43,15000,645000,Cabang C,Cash
2024-04-12,Kopi Susu,Minuman,45,12000,540000,Cabang C,Transfer
2023-10-28,Susu Coklat,Minuman,20,14000,280000,Cabang B,Cash
2023-11-21,Nasi Goreng,Makanan,16,25000,400000,Cabang C,Cash
2023-03-18,Pisang Goreng,Snack,34,10000,340000,Cabang B,Cash
2023-03-28,Kentang Goreng,Snack,44,12000,528000,Cabang C,Cash
2023-12-21,Nasi Goreng,Makanan,17,25000,425000,Cabang C,Cash
2024-11-17,Kopi Susu,Minuman,32,12000,384000,Cabang C,Cash
2023-12-08,Kopi Susu,Minuman,44,12000,528000,Cabang C,QRIS
2023-06-16,Kentang Goreng,Snack,38,12000,456000,Cabang A,Cash
2023-11-11,Susu Coklat,Minuman,24,14000,336000,Cabang A,Transfer
2023-08-19,Susu Coklat,Minuman,38,14000,532000,Cabang B,Cash
2024-09-13,Jus Alpukat,Minuman,22,15000,330000,Cabang B,Cash
2023-04-16,Susu Coklat,Minuman,21,14000,294000,Cabang A,E-Wallet
2023-12-31,Mie Ayam,Makanan,33,20000,660000,Cabang C,QRIS
2024-02-02,Nasi Uduk,Makanan,45,22000,990000,Cabang A,Cash
2024-07-03,Nasi Goreng,Makanan,47,25000,1175000,Cabang C,Cash
2023-09-16,Nasi Uduk,Makanan,36,22000,792000,Cabang C,QRIS
2023-03-17,Es Teh Manis,Minuman,35,8000,280000,Cabang B,Cash
2024-03-17,Es Teh Manis,Minuman,45,8000,360000,Cabang A,Cash
2023-06-18,Susu Coklat,Minuman,38,14000,532000,Cabang C,Cash
2024-06-22,Mie Ayam,Makanan,23,20000,460000,Cabang B,QRIS
2023-08-10,Susu Coklat,Minuman,254,14000,3556000,Cabang B,Cash
2023-04-25,Susu Coklat,Minuman,18,14000,252000,Cabang B,E-Wallet
2024-03-07,Kopi Susu,Minuman,31,12000,372000,Cabang B,E-Wallet
2024-06-04,Kopi Susu,Minuman,7,12000,84000,Cabang A,Cash
2023-11-19,Mie Ayam,Makanan,432,20000,8640000,Cabang A,Cash
2023-09-23,Jus Alpukat,Minuman,19,15000,285000,Cabang C,QRIS
2024-05-29,Ayam Geprek,Makanan,18,28000,504000,Cabang A,Cash
2023-04-17,Roti Bakar,Snack,26,18000,468000,Cabang C,Cash
2024-04-11,Kopi Susu,Minuman,10,12000,120000,Cabang B,QRIS
2023-12-15,Ayam Geprek,Makanan,47,28000,1316000,Cabang C,Cash
2023-05-30,Roti Bakar,Snack,44,18000,792000,Cabang B,Transfer
2023-06-13,Es Teh Manis,Minuman,5,8000,40000,Cabang B,Cash
2024-05-31,Jus Alpukat,Minuman,46,15000,690000,Cabang B,QRIS
2023-05-22,Jus Alpukat,Minuman,30,15000,450000,Cabang C,Cash
2023-09-14,Kopi Susu,Minuman,30,12000,360000,Cabang B,Cash
2023-08-06,Roti Bakar,Snack,49,18000,882000,Cabang B,Cash
2023-12-26,Susu Coklat,Minuman,25,14000,350000,Cabang C,Cash
2024-08-30,Susu Coklat,Minuman,40,14000,560000,Cabang C,QRIS
2024-11-10,Nasi Uduk,Makanan,32,22000,704000,Cabang A,Cash
2024-05-17,Jus Alpukat,Minuman,8,15000,120000,Cabang C,Cash
2024-05-15,Kopi Susu,Minuman,23,12000,276000,Cabang B,Cash
2024-11-30,Nasi Uduk,Makanan,34,22000,748000,Cabang B,Cash
2024-02-06,Pisang Goreng,Snack,38,10000,380000,Cabang A,Cash
2023-12-08,Susu Coklat,Minuman,32,14000,448000,Cabang B,Transfer
2024-07-02,Nasi Uduk,Makanan,36,22000,792000,Cabang B,Cash
2023-07-11,Es Teh Manis,Minuman,27,8000,216000,Cabang C,Cash
2023-03-25,Nasi Goreng,Makanan,26,25000,650000,Cabang C,Cash
2023-04-02,Roti Bakar,Snack,20,18000,360000,Cabang B,QRIS
2023-05-20,Ayam Geprek,Makanan,3,28000,84000,Cabang B,Transfer
2023-06-19,Pisang Goreng,Snack,18,10000,180000,Cabang C,Cash
2024-04-29,Nasi Uduk,Makanan,31,22000,682000,Cabang C,Cash
2023-06-04,Es Teh Manis,Minuman,12,8000,96000,Cabang A,Cash
2024-04-12,Roti Bakar,Snack,22,18000,396000,Cabang A,QRIS
2024-12-07,Mie Ayam,Makanan,42,20000,840000,Cabang A,Cash
2023-11-16,Jus Alpukat,Minuman,49,15000,735000,Cabang A,Transfer
2024-03-20,Nasi Goreng,Makanan,209,25000,5225000,Cabang A,QRIS
2024-05-13,Susu Coklat,Minuman,35,14000,490000,Cabang A,Cash
2024-04-21,Es Teh Manis,Minuman,6,8000,48000,Cabang B,Cash
2023-09-20,Susu Coklat,Minuman,21,14000,294000,Cabang C,E-Wallet
2024-06-11,Roti Bakar,Snack,29,18000,522000,Cabang B,Transfer
2023-11-16,Susu Coklat,Minuman,443,14000,6202000,Cabang C,Cash
2023-01-15,Kopi Susu,Minuman,37,12000,444000,Cabang C,Cash
2023-11-08,Kopi Susu,Minuman,48,12000,576000,Cabang A,Cash
2023-03-30,Pisang Goreng,Snack,3,10000,30000,Cabang C,QRIS
2024-01-12,Nasi Uduk,Makanan,43,22000,946000,Cabang C,Cash
2024-06-21,Kentang Goreng,Snack,6,12000,72000,Cabang A,Cash
2024-10-14,Kopi Susu,Minuman,1,12000,12000,Cabang B,Cash
2024-07-07,Kopi Susu,Minuman,25,12000,300000,Cabang C,Cash
2024-10-01,Roti Bakar,Snack,49,18000,882000,Cabang B,Cash
2023-06-24,Kopi Susu,Minuman,8,12000,96000,Cabang C,Cash
2023-10-29,Kopi Susu,Minuman,27,12000,324000,Cabang B,E-Wallet
2023-05-27,Susu Coklat,Minuman,45,14000,630000,Cabang C,Cash
2024-04-08,Mie Ayam,Makanan,16,20000,320000,Cabang A,Cash
2024-08-24,Roti Bakar,Snack,38,18000,684000,Cabang B,Cash
